trial,diagnostic_steps,recovery_task,observation_noise,process_noise,slip_correlation,max_predicted_diagnostic_disturbance,damage,policy,estimate,param_error,posterior_entropy,posterior_confidence,action_energy,diagnostic_disturbance,max_diagnostic_disturbance,cumulative_diagnostic_disturbance,recovery_distance,nominal_recovery_distance,recovery_gain,seed
0,24,straight_goal,0.01,0.003,0.0,0.12,left_gain_loss,null_probe,g0.60_1.00_s0.02,0.0200,0.7545,0.7672,12.8550,0.0881,0.1148,1.4909,0.0190,0.1202,0.1012,7
0,24,straight_goal,0.01,0.003,0.0,0.12,left_gain_loss,unpaired_null,g0.60_1.00_s0.02,0.0200,0.9800,0.6087,12.8550,0.0999,0.1932,2.9420,0.0260,0.0402,0.0142,8
0,24,straight_goal,0.01,0.003,0.0,0.12,left_gain_loss,random_probe,g0.60_1.00_s0.10,0.1000,1.1536,0.5341,8.1740,0.6287,0.7075,10.0203,0.1012,0.0153,-0.0860,9
0,24,straight_goal,0.01,0.003,0.0,0.12,left_gain_loss,task_greedy,g0.60_1.00_s0.20,0.2000,1.9228,0.2527,12.4197,1.3115,1.2936,16.5686,0.0240,0.0176,-0.0064,10
0,24,straight_goal,0.01,0.003,0.0,0.12,left_gain_loss,fisher_grid,g0.60_1.00_s0.02,0.0200,0.4087,0.9086,16.2000,0.4058,0.3956,4.2599,0.0237,0.0093,-0.0144,11
0,24,straight_goal,0.01,0.003,0.0,0.12,left_gain_loss,constrained_fisher,g0.60_1.00_s0.02,0.0200,0.7746,0.6610,18.2250,0.1173,0.1264,1.9278,0.0614,0.0591,-0.0024,12
0,24,straight_goal,0.01,0.003,0.0,0.12,right_gain_loss,null_probe,g1.00_0.75_s0.02,0.1300,1.3102,0.5134,12.8550,0.0549,0.1114,1.3525,0.0928,0.0357,-0.0570,13
0,24,straight_goal,0.01,0.003,0.0,0.12,right_gain_loss,unpaired_null,g1.00_0.60_s0.02,0.0200,1.1945,0.6134,12.8550,0.0146,0.2890,3.5530,0.0286,0.0288,0.0002,14
0,24,straight_goal,0.01,0.003,0.0,0.12,right_gain_loss,random_probe,g0.90_0.60_s0.10,0.2000,1.7179,0.2954,7.1374,0.2082,0.3278,4.6096,0.0236,0.0273,0.0037,15
0,24,straight_goal,0.01,0.003,0.0,0.12,right_gain_loss,task_greedy,g1.00_0.75_s0.02,0.1300,1.7282,0.2631,12.4511,1.3120,1.3069,16.7234,0.0168,0.0236,0.0068,16
0,24,straight_goal,0.01,0.003,0.0,0.12,right_gain_loss,fisher_grid,g1.00_0.60_s0.02,0.0200,0.8384,0.5653,16.2000,0.3713,0.3598,3.7750,0.0269,0.0144,-0.0125,17
0,24,straight_goal,0.01,0.003,0.0,0.12,right_gain_loss,constrained_fisher,g1.00_0.60_s0.02,0.0200,0.1967,0.9604,19.1363,0.0661,0.1026,1.4145,0.0235,0.0054,-0.0181,18
0,24,straight_goal,0.01,0.003,0.0,0.12,symmetric_low_power,null_probe,g0.75_0.75_s0.02,0.0600,0.6549,0.7854,12.8550,0.0282,0.0651,0.8320,0.0428,0.1016,0.0587,19
0,24,straight_goal,0.01,0.003,0.0,0.12,symmetric_low_power,unpaired_null,g0.75_0.75_s0.02,0.0600,2.0489,0.2681,12.8550,0.0441,0.2054,2.4255,0.0641,0.0586,-0.0055,20
0,24,straight_goal,0.01,0.003,0.0,0.12,symmetric_low_power,random_probe,g0.75_0.90_s0.10,0.2900,2.5817,0.2168,5.5917,0.3380,0.3795,5.4731,0.0428,0.0478,0.0050,21
0,24,straight_goal,0.01,0.003,0.0,0.12,symmetric_low_power,task_greedy,g0.75_0.75_s0.20,0.2400,1.3022,0.3215,11.7613,1.2087,1.2088,15.1882,0.0411,0.0528,0.0117,22
0,24,straight_goal,0.01,0.003,0.0,0.12,symmetric_low_power,fisher_grid,g0.75_0.75_s0.02,0.0600,0.3504,0.9277,16.2000,0.2410,0.2487,2.4712,0.0380,0.0565,0.0185,23
0,24,straight_goal,0.01,0.003,0.0,0.12,symmetric_low_power,constrained_fisher,g0.75_0.75_s0.10,0.1400,0.3899,0.9035,19.4400,0.0499,0.0741,0.9187,0.0700,0.0326,-0.0374,24
0,24,straight_goal,0.01,0.003,0.0,0.12,high_slip,null_probe,g1.00_0.90_s0.20,0.1000,1.6734,0.3498,12.8550,0.1160,0.1866,2.2504,0.1232,0.1299,0.0068,25
0,24,straight_goal,0.01,0.003,0.0,0.12,high_slip,unpaired_null,g1.00_1.00_s0.20,0.0000,1.1022,0.5068,12.8550,0.1057,0.3129,3.9147,0.0678,0.0678,0.0000,26
0,24,straight_goal,0.01,0.003,0.0,0.12,high_slip,random_probe,g1.00_1.00_s0.20,0.0000,0.9204,0.7343,6.3056,0.0971,0.3435,4.9713,0.0553,0.0553,0.0000,27
0,24,straight_goal,0.01,0.003,0.0,0.12,high_slip,task_greedy,g1.00_1.00_s0.02,0.1800,2.1387,0.2154,11.7614,1.7018,1.7071,21.2678,0.1907,0.1907,0.0000,28
0,24,straight_goal,0.01,0.003,0.0,0.12,high_slip,fisher_grid,g1.00_1.00_s0.20,0.0000,0.3100,0.9329,16.2000,0.4410,0.4337,4.6554,0.1221,0.1221,0.0000,29
0,24,straight_goal,0.01,0.003,0.0,0.12,high_slip,constrained_fisher,g1.00_1.00_s0.20,0.0000,1.4688,0.4426,6.0750,0.1336,0.1362,2.9461,0.0796,0.0796,0.0000,30
1,24,straight_goal,0.01,0.003,0.0,0.12,left_gain_loss,null_probe,g0.60_1.00_s0.02,0.0200,0.9747,0.6655,12.8550,0.0188,0.1011,1.2554,0.0356,0.0661,0.0305,1031
1,24,straight_goal,0.01,0.003,0.0,0.12,left_gain_loss,unpaired_null,g0.60_1.00_s0.02,0.0200,0.5968,0.8403,12.8550,0.0791,0.2062,2.9718,0.0905,0.0125,-0.0780,1032
1,24,straight_goal,0.01,0.003,0.0,0.12,left_gain_loss,random_probe,g0.60_1.00_s0.02,0.0200,1.3438,0.5144,6.3234,0.1606,0.2934,4.5357,0.0155,0.0398,0.0243,1033
1,24,straight_goal,0.01,0.003,0.0,0.12,left_gain_loss,task_greedy,g0.60_1.00_s0.20,0.2000,1.8032,0.2067,12.4443,1.2740,1.2827,16.3755,0.0588,0.0378,-0.0210,1034
1,24,straight_goal,0.01,0.003,0.0,0.12,left_gain_loss,fisher_grid,g0.60_1.00_s0.10,0.1000,0.9025,0.5754,16.2000,0.3513,0.3433,3.5680,0.0216,0.0298,0.0082,1035
1,24,straight_goal,0.01,0.003,0.0,0.12,left_gain_loss,constrained_fisher,g0.60_1.00_s0.02,0.0200,0.4223,0.8691,15.8963,0.1235,0.1194,2.1604,0.0036,0.1382,0.1346,1036
1,24,straight_goal,0.01,0.003,0.0,0.12,right_gain_loss,null_probe,g1.00_0.60_s0.02,0.0200,1.1446,0.5611,12.8550,0.0069,0.1000,1.1657,0.0745,0.0330,-0.0416,1037
1,24,straight_goal,0.01,0.003,0.0,0.12,right_gain_loss,unpaired_null,g1.00_0.60_s0.02,0.0200,1.0597,0.5933,12.8550,0.0353,0.2914,3.6165,0.0214,0.1388,0.1174,1038
1,24,straight_goal,0.01,0.003,0.0,0.12,right_gain_loss,random_probe,g1.00_0.60_s0.02,0.0200,1.4262,0.4540,5.7230,0.2411,0.2424,3.5138,0.0598,0.0997,0.0398,1039
1,24,straight_goal,0.01,0.003,0.0,0.12,right_gain_loss,task_greedy,g1.00_0.60_s0.02,0.0200,1.6714,0.2743,12.4438,1.3141,1.3129,16.7901,0.0166,0.0236,0.0070,1040
1,24,straight_goal,0.01,0.003,0.0,0.12,right_gain_loss,fisher_grid,g1.00_0.60_s0.02,0.0200,0.8122,0.7017,16.2000,0.3559,0.3381,3.3717,0.0951,0.1347,0.0396,1041
1,24,straight_goal,0.01,0.003,0.0,0.12,right_gain_loss,constrained_fisher,g1.00_0.60_s0.02,0.0200,0.2955,0.9421,18.1238,0.1155,0.1241,1.9533,0.0140,0.0509,0.0369,1042
1,24,straight_goal,0.01,0.003,0.0,0.12,symmetric_low_power,null_probe,g0.75_0.75_s0.02,0.0600,0.7848,0.6925,12.8550,0.0224,0.0809,0.9318,0.0501,0.0829,0.0329,1043
1,24,straight_goal,0.01,0.003,0.0,0.12,symmetric_low_power,unpaired_null,g0.75_0.75_s0.02,0.0600,1.0638,0.4646,12.8550,0.0269,0.2028,2.3898,0.0615,0.0497,-0.0117,1044
1,24,straight_goal,0.01,0.003,0.0,0.12,symmetric_low_power,random_probe,g0.75_0.75_s0.02,0.0600,2.0930,0.2826,5.7112,0.2506,0.3073,2.2409,0.0264,0.0486,0.0222,1045
1,24,straight_goal,0.01,0.003,0.0,0.12,symmetric_low_power,task_greedy,g0.75_0.75_s0.20,0.2400,1.2790,0.3241,11.7614,1.2411,1.2248,15.4483,0.0421,0.0830,0.0409,1046
1,24,straight_goal,0.01,0.003,0.0,0.12,symmetric_low_power,fisher_grid,g0.60_0.75_s0.10,0.2300,1.5032,0.3610,16.2000,0.2506,0.2541,2.7298,0.0466,0.0181,-0.0285,1047
1,24,straight_goal,0.01,0.003,0.0,0.12,symmetric_low_power,constrained_fisher,g0.75_0.75_s0.10,0.1400,0.5720,0.8518,19.4400,0.0383,0.0927,1.3027,0.0337,0.0990,0.0652,1048
1,24,straight_goal,0.01,0.003,0.0,0.12,high_slip,null_probe,g1.00_1.00_s0.20,0.0000,1.1880,0.4726,12.8550,0.1044,0.1887,2.8350,0.0286,0.0286,0.0000,1049
1,24,straight_goal,0.01,0.003,0.0,0.12,high_slip,unpaired_null,g1.00_1.00_s0.20,0.0000,1.3737,0.4244,12.8550,0.0583,0.3088,3.9220,0.1881,0.1881,0.0000,1050
1,24,straight_goal,0.01,0.003,0.0,0.12,high_slip,random_probe,g0.90_1.00_s0.20,0.1000,2.2665,0.1630,5.4553,0.2490,0.3960,4.5459,0.1041,0.1265,0.0224,1051
1,24,straight_goal,0.01,0.003,0.0,0.12,high_slip,task_greedy,g1.00_1.00_s0.20,0.0000,1.5325,0.2948,11.7615,1.6918,1.6947,21.2426,0.0525,0.0525,0.0000,1052
1,24,straight_goal,0.01,0.003,0.0,0.12,high_slip,fisher_grid,g1.00_1.00_s0.20,0.0000,0.1316,0.9760,16.2000,0.4157,0.4035,4.8533,0.1809,0.1809,0.0000,1053
1,24,straight_goal,0.01,0.003,0.0,0.12,high_slip,constrained_fisher,g1.00_1.00_s0.20,0.0000,0.1489,0.9735,15.9975,0.1119,0.1491,2.4540,0.2428,0.2428,0.0000,1054
2,24,straight_goal,0.01,0.003,0.0,0.12,left_gain_loss,null_probe,g0.60_1.00_s0.10,0.1000,1.7709,0.4449,12.8550,0.0743,0.1105,1.2547,0.0353,0.0690,0.0338,2055
2,24,straight_goal,0.01,0.003,0.0,0.12,left_gain_loss,unpaired_null,g0.60_1.00_s0.10,0.1000,1.8397,0.3753,12.8550,0.0699,0.1654,2.2387,0.0184,0.0221,0.0037,2056
2,24,straight_goal,0.01,0.003,0.0,0.12,left_gain_loss,random_probe,g0.60_0.90_s0.02,0.1200,1.6239,0.4106,6.1284,0.1264,0.3968,5.0342,0.0112,0.1490,0.1378,2057
2,24,straight_goal,0.01,0.003,0.0,0.12,left_gain_loss,task_greedy,g0.60_0.90_s0.20,0.3000,1.8922,0.1799,12.4262,1.2668,1.2837,16.4958,0.0164,0.0258,0.0094,2058
2,24,straight_goal,0.01,0.003,0.0,0.12,left_gain_loss,fisher_grid,g0.60_1.00_s0.02,0.0200,0.4281,0.8980,16.2000,0.3485,0.3455,3.5359,0.0239,0.0228,-0.0011,2059
2,24,straight_goal,0.01,0.003,0.0,0.12,left_gain_loss,constrained_fisher,g0.60_1.00_s0.02,0.0200,0.2962,0.9207,19.4400,0.0319,0.1108,1.4636,0.0613,0.0130,-0.0483,2060
2,24,straight_goal,0.01,0.003,0.0,0.12,right_gain_loss,null_probe,g1.00_0.60_s0.02,0.0200,0.5773,0.8443,12.8550,0.0820,0.1230,1.5241,0.0175,0.0508,0.0333,2061
2,24,straight_goal,0.01,0.003,0.0,0.12,right_gain_loss,unpaired_null,g1.00_0.60_s0.02,0.0200,0.6881,0.8145,12.8550,0.0694,0.2956,3.6114,0.0159,0.0264,0.0104,2062
2,24,straight_goal,0.01,0.003,0.0,0.12,right_gain_loss,random_probe,g1.00_0.60_s0.02,0.0200,1.1293,0.6713,6.3621,0.3391,0.3506,4.8783,0.0281,0.1830,0.1549,2063
2,24,straight_goal,0.01,0.003,0.0,0.12,right_gain_loss,task_greedy,g1.00_0.60_s0.10,0.1000,1.7503,0.2188,12.4496,1.2638,1.2753,16.3408,0.0115,0.0239,0.0124,2064
2,24,straight_goal,0.01,0.003,0.0,0.12,right_gain_loss,fisher_grid,g1.00_0.60_s0.02,0.0200,1.1042,0.5447,16.2000,0.3810,0.3626,3.7459,0.0162,0.0312,0.0150,2065
2,24,straight_goal,0.01,0.003,0.0,0.12,right_gain_loss,constrained_fisher,g1.00_0.60_s0.02,0.0200,0.2104,0.9544,17.3138,0.0942,0.1112,1.8404,0.0655,0.0211,-0.0444,2066
2,24,straight_goal,0.01,0.003,0.0,0.12,symmetric_low_power,null_probe,g0.75_0.75_s0.02,0.0600,0.9697,0.6974,12.8550,0.0266,0.0675,0.8626,0.0271,0.0856,0.0585,2067
2,24,straight_goal,0.01,0.003,0.0,0.12,symmetric_low_power,unpaired_null,g0.75_0.75_s0.02,0.0600,0.5423,0.8423,12.8550,0.0285,0.2044,2.3370,0.0144,0.0513,0.0369,2068
2,24,straight_goal,0.01,0.003,0.0,0.12,symmetric_low_power,random_probe,g0.60_0.60_s0.02,0.2400,1.8281,0.2657,6.2682,0.1904,0.2568,3.6341,0.0636,0.0542,-0.0094,2069
2,24,straight_goal,0.01,0.003,0.0,0.12,symmetric_low_power,task_greedy,g0.75_0.75_s0.02,0.0600,1.9022,0.2478,11.7613,1.2371,1.2342,15.4782,0.0733,0.1160,0.0427,2070
2,24,straight_goal,0.01,0.003,0.0,0.12,symmetric_low_power,fisher_grid,g0.75_0.75_s0.02,0.0600,1.4258,0.4145,16.2000,0.2467,0.2591,2.8066,0.0653,0.0638,-0.0015,2071
2,24,straight_goal,0.01,0.003,0.0,0.12,symmetric_low_power,constrained_fisher,g0.75_0.75_s0.02,0.0600,0.1965,0.9624,19.4400,0.0167,0.0882,1.1356,0.0460,0.0437,-0.0022,2072
2,24,straight_goal,0.01,0.003,0.0,0.12,high_slip,null_probe,g1.00_1.00_s0.20,0.0000,0.1528,0.9690,12.8550,0.0976,0.2256,2.6778,0.0328,0.0328,0.0000,2073
2,24,straight_goal,0.01,0.003,0.0,0.12,high_slip,unpaired_null,g1.00_1.00_s0.10,0.1000,1.6124,0.3728,12.8550,0.0472,0.3044,3.9318,0.0996,0.0996,0.0000,2074
2,24,straight_goal,0.01,0.003,0.0,0.12,high_slip,random_probe,g0.90_0.90_s0.20,0.2000,1.4970,0.3887,6.9899,0.3658,0.4821,8.2035,0.1395,0.1289,-0.0106,2075
2,24,straight_goal,0.01,0.003,0.0,0.12,high_slip,task_greedy,g0.90_0.90_s0.20,0.2000,2.3559,0.1176,11.7618,1.6538,1.6453,20.7003,0.1763,0.2155,0.0393,2076
2,24,straight_goal,0.01,0.003,0.0,0.12,high_slip,fisher_grid,g1.00_1.00_s0.20,0.0000,0.9880,0.6958,16.2000,0.4069,0.3933,4.3064,0.0774,0.0774,0.0000,2077
2,24,straight_goal,0.01,0.003,0.0,0.12,high_slip,constrained_fisher,g1.00_1.00_s0.20,0.0000,0.7147,0.5983,18.8325,0.0943,0.1482,2.3587,0.2377,0.2377,0.0000,2078
3,24,straight_goal,0.01,0.003,0.0,0.12,left_gain_loss,null_probe,g0.60_1.00_s0.02,0.0200,1.4481,0.4407,12.8550,0.0581,0.1066,1.5356,0.0537,0.0657,0.0119,3079
3,24,straight_goal,0.01,0.003,0.0,0.12,left_gain_loss,unpaired_null,g0.60_1.00_s0.10,0.1000,1.3164,0.4854,12.8550,0.0317,0.1751,2.3144,0.0745,0.0271,-0.0474,3080
3,24,straight_goal,0.01,0.003,0.0,0.12,left_gain_loss,random_probe,g0.60_1.00_s0.02,0.0200,1.5684,0.4457,6.6211,0.1257,0.2965,3.4987,0.0122,0.0330,0.0208,3081
3,24,straight_goal,0.01,0.003,0.0,0.12,left_gain_loss,task_greedy,g0.60_1.00_s0.02,0.0200,1.6536,0.2785,12.4442,1.2843,1.2852,16.4006,0.0511,0.0251,-0.0260,3082
3,24,straight_goal,0.01,0.003,0.0,0.12,left_gain_loss,fisher_grid,g0.60_1.00_s0.02,0.0200,0.4142,0.8906,16.2000,0.3640,0.3540,3.8370,0.0035,0.0186,0.0151,3083
3,24,straight_goal,0.01,0.003,0.0,0.12,left_gain_loss,constrained_fisher,g0.60_1.00_s0.02,0.0200,0.2243,0.9556,17.8200,0.1339,0.1205,2.0499,0.0211,0.0282,0.0071,3084
3,24,straight_goal,0.01,0.003,0.0,0.12,right_gain_loss,null_probe,g1.00_0.60_s0.02,0.0200,0.8462,0.7434,12.8550,0.0652,0.0866,1.0780,0.0151,0.1614,0.1462,3085
3,24,straight_goal,0.01,0.003,0.0,0.12,right_gain_loss,unpaired_null,g1.00_0.60_s0.10,0.1000,1.2453,0.5808,12.8550,0.0731,0.2697,3.3232,0.0209,0.0249,0.0041,3086
3,24,straight_goal,0.01,0.003,0.0,0.12,right_gain_loss,random_probe,g1.00_0.60_s0.10,0.1000,1.7807,0.2878,6.6560,0.2506,0.2451,2.4163,0.0129,0.1595,0.1466,3087
3,24,straight_goal,0.01,0.003,0.0,0.12,right_gain_loss,task_greedy,g1.00_0.60_s0.02,0.0200,1.7265,0.2415,12.4185,1.3043,1.2778,16.3731,0.0183,0.0191,0.0008,3088
3,24,straight_goal,0.01,0.003,0.0,0.12,right_gain_loss,fisher_grid,g1.00_0.60_s0.02,0.0200,1.2295,0.5615,16.2000,0.3697,0.3643,3.3803,0.0763,0.0152,-0.0611,3089
3,24,straight_goal,0.01,0.003,0.0,0.12,right_gain_loss,constrained_fisher,g1.00_0.60_s0.02,0.0200,0.4323,0.8948,19.4400,0.0062,0.0999,1.2267,0.0359,0.1318,0.0959,3090
3,24,straight_goal,0.01,0.003,0.0,0.12,symmetric_low_power,null_probe,g0.75_0.75_s0.02,0.0600,0.6002,0.8173,12.8550,0.0441,0.0779,0.9748,0.0358,0.0926,0.0569,3091
3,24,straight_goal,0.01,0.003,0.0,0.12,symmetric_low_power,unpaired_null,g0.75_0.75_s0.02,0.0600,0.7730,0.7091,12.8550,0.0386,0.2039,2.4704,0.0410,0.0684,0.0273,3092
3,24,straight_goal,0.01,0.003,0.0,0.12,symmetric_low_power,random_probe,g0.75_0.60_s0.10,0.2300,2.4492,0.1642,4.8133,0.1959,0.2225,2.9752,0.0385,0.1051,0.0666,3093
3,24,straight_goal,0.01,0.003,0.0,0.12,symmetric_low_power,task_greedy,g0.60_0.60_s0.02,0.2400,1.7248,0.2714,11.7616,1.2366,1.2123,14.9958,0.0199,0.0817,0.0618,3094
3,24,straight_goal,0.01,0.003,0.0,0.12,symmetric_low_power,fisher_grid,g0.75_0.75_s0.02,0.0600,0.2853,0.9303,16.2000,0.2457,0.2438,2.6788,0.0429,0.0574,0.0145,3095
3,24,straight_goal,0.01,0.003,0.0,0.12,symmetric_low_power,constrained_fisher,g0.75_0.75_s0.02,0.0600,0.8703,0.5114,19.1363,0.0302,0.0974,1.2181,0.0696,0.0849,0.0153,3096
3,24,straight_goal,0.01,0.003,0.0,0.12,high_slip,null_probe,g1.00_1.00_s0.10,0.1000,1.8311,0.4269,12.8550,0.0707,0.1171,1.5688,0.0881,0.0881,0.0000,3097
3,24,straight_goal,0.01,0.003,0.0,0.12,high_slip,unpaired_null,g0.90_0.90_s0.20,0.2000,1.3576,0.3498,12.8550,0.1415,0.3168,3.9852,0.0440,0.0311,-0.0130,3098
3,24,straight_goal,0.01,0.003,0.0,0.12,high_slip,random_probe,g1.00_1.00_s0.20,0.0000,1.8636,0.3190,5.8059,0.2549,0.2523,3.2513,0.1639,0.1639,0.0000,3099
3,24,straight_goal,0.01,0.003,0.0,0.12,high_slip,task_greedy,g1.00_1.00_s0.20,0.0000,2.3642,0.1516,11.7629,1.7338,1.7143,21.4131,0.1775,0.1775,0.0000,3100
3,24,straight_goal,0.01,0.003,0.0,0.12,high_slip,fisher_grid,g1.00_1.00_s0.20,0.0000,0.4888,0.8439,16.2000,0.3454,0.3560,4.0913,0.0619,0.0619,0.0000,3101
3,24,straight_goal,0.01,0.003,0.0,0.12,high_slip,constrained_fisher,g1.00_1.00_s0.20,0.0000,0.1219,0.9758,16.6050,0.1166,0.1555,2.3572,0.1117,0.1117,0.0000,3102
4,24,straight_goal,0.01,0.003,0.0,0.12,left_gain_loss,null_probe,g0.60_1.00_s0.02,0.0200,1.1219,0.6222,12.8550,0.0556,0.0931,1.2442,0.0170,0.0266,0.0096,4103
4,24,straight_goal,0.01,0.003,0.0,0.12,left_gain_loss,unpaired_null,g0.60_1.00_s0.02,0.0200,0.9350,0.5570,12.8550,0.0261,0.1924,2.6359,0.0383,0.1554,0.1170,4104
4,24,straight_goal,0.01,0.003,0.0,0.12,left_gain_loss,random_probe,g0.60_1.00_s0.02,0.0200,1.7173,0.4016,6.9739,0.2377,0.2448,3.1488,0.0144,0.0217,0.0072,4105
4,24,straight_goal,0.01,0.003,0.0,0.12,left_gain_loss,task_greedy,g0.60_1.00_s0.02,0.0200,1.5234,0.2969,12.4323,1.3061,1.3006,16.4082,0.0185,0.0168,-0.0017,4106
4,24,straight_goal,0.01,0.003,0.0,0.12,left_gain_loss,fisher_grid,g0.60_1.00_s0.02,0.0200,0.2935,0.9360,16.2000,0.3190,0.3256,3.3709,0.0133,0.0244,0.0111,4107
4,24,straight_goal,0.01,0.003,0.0,0.12,left_gain_loss,constrained_fisher,g0.60_1.00_s0.02,0.0200,0.4851,0.8865,17.9213,0.0854,0.1150,1.9616,0.0211,0.1801,0.1591,4108
4,24,straight_goal,0.01,0.003,0.0,0.12,right_gain_loss,null_probe,g1.00_0.60_s0.02,0.0200,1.2040,0.5508,12.8550,0.0544,0.1247,1.4938,0.0252,0.0232,-0.0020,4109
4,24,straight_goal,0.01,0.003,0.0,0.12,right_gain_loss,unpaired_null,g1.00_0.60_s0.10,0.1000,1.1501,0.5836,12.8550,0.0407,0.2788,3.4574,0.0778,0.0238,-0.0540,4110
4,24,straight_goal,0.01,0.003,0.0,0.12,right_gain_loss,random_probe,g1.00_0.75_s0.02,0.1300,1.5553,0.2913,6.9955,0.2220,0.3676,5.1409,0.0165,0.0927,0.0762,4111
4,24,straight_goal,0.01,0.003,0.0,0.12,right_gain_loss,task_greedy,g1.00_0.60_s0.02,0.0200,1.8120,0.1779,12.4400,1.3102,1.3004,16.3837,0.0050,0.0158,0.0108,4112
4,24,straight_goal,0.01,0.003,0.0,0.12,right_gain_loss,fisher_grid,g1.00_0.60_s0.10,0.1000,0.8744,0.5396,16.2000,0.3793,0.3867,3.9161,0.0552,0.0410,-0.0142,4113
4,24,straight_goal,0.01,0.003,0.0,0.12,right_gain_loss,constrained_fisher,g1.00_0.60_s0.02,0.0200,0.2195,0.9570,19.1363,0.0868,0.1059,1.8451,0.0877,0.0103,-0.0774,4114
4,24,straight_goal,0.01,0.003,0.0,0.12,symmetric_low_power,null_probe,g0.75_0.75_s0.02,0.0600,1.1042,0.5605,12.8550,0.0265,0.0756,1.0267,0.0284,0.0653,0.0369,4115
4,24,straight_goal,0.01,0.003,0.0,0.12,symmetric_low_power,unpaired_null,g0.75_0.75_s0.02,0.0600,1.0272,0.6416,12.8550,0.0733,0.2089,2.5873,0.0454,0.0533,0.0079,4116
4,24,straight_goal,0.01,0.003,0.0,0.12,symmetric_low_power,random_probe,g0.75_0.75_s0.02,0.0600,1.5635,0.4623,7.1536,0.1624,0.1515,1.7754,0.0308,0.0689,0.0381,4117
4,24,straight_goal,0.01,0.003,0.0,0.12,symmetric_low_power,task_greedy,g0.75_0.75_s0.02,0.0600,2.0257,0.2215,11.7610,1.2202,1.2129,15.1695,0.0317,0.0931,0.0615,4118
4,24,straight_goal,0.01,0.003,0.0,0.12,symmetric_low_power,fisher_grid,g0.75_0.75_s0.02,0.0600,0.3206,0.9277,16.2000,0.2416,0.2495,2.6325,0.0200,0.0432,0.0232,4119
4,24,straight_goal,0.01,0.003,0.0,0.12,symmetric_low_power,constrained_fisher,g0.75_0.75_s0.02,0.0600,0.7680,0.7430,19.1363,0.0578,0.0952,1.3480,0.0356,0.0366,0.0010,4120
4,24,straight_goal,0.01,0.003,0.0,0.12,high_slip,null_probe,g1.00_1.00_s0.20,0.0000,1.7682,0.3324,12.8550,0.0639,0.1702,2.0143,0.0453,0.0453,0.0000,4121
4,24,straight_goal,0.01,0.003,0.0,0.12,high_slip,unpaired_null,g1.00_1.00_s0.10,0.1000,1.3809,0.4690,12.8550,0.0488,0.2999,3.8101,0.0349,0.0349,0.0000,4122
4,24,straight_goal,0.01,0.003,0.0,0.12,high_slip,random_probe,g1.00_1.00_s0.20,0.0000,0.8324,0.6656,7.0326,0.7077,0.7158,7.7871,0.1048,0.1048,0.0000,4123
4,24,straight_goal,0.01,0.003,0.0,0.12,high_slip,task_greedy,g0.90_0.90_s0.20,0.2000,1.8869,0.2681,11.7616,1.7061,1.6741,20.9496,0.1476,0.0952,-0.0524,4124
4,24,straight_goal,0.01,0.003,0.0,0.12,high_slip,fisher_grid,g1.00_1.00_s0.20,0.0000,0.2135,0.9465,16.2000,0.3786,0.3725,5.2401,0.1426,0.1426,0.0000,4125
4,24,straight_goal,0.01,0.003,0.0,0.12,high_slip,constrained_fisher,g1.00_1.00_s0.20,0.0000,1.1201,0.5909,6.0750,0.1148,0.1252,2.7652,0.0449,0.0449,0.0000,4126
5,24,straight_goal,0.01,0.003,0.0,0.12,left_gain_loss,null_probe,g0.60_1.00_s0.02,0.0200,0.8696,0.6915,12.8550,0.0714,0.1009,1.3104,0.0295,0.0299,0.0004,5127
5,24,straight_goal,0.01,0.003,0.0,0.12,left_gain_loss,unpaired_null,g0.60_1.00_s0.02,0.0200,0.9523,0.6844,12.8550,0.0642,0.1891,2.6198,0.1035,0.0358,-0.0677,5128
5,24,straight_goal,0.01,0.003,0.0,0.12,left_gain_loss,random_probe,g0.60_1.00_s0.02,0.0200,1.0819,0.6121,6.7624,0.4613,0.6096,8.5933,0.0095,0.0231,0.0136,5129
5,24,straight_goal,0.01,0.003,0.0,0.12,left_gain_loss,task_greedy,g0.60_1.00_s0.20,0.2000,1.7514,0.2308,12.4423,1.2749,1.2826,16.2156,0.0238,0.0759,0.0520,5130
5,24,straight_goal,0.01,0.003,0.0,0.12,left_gain_loss,fisher_grid,g0.60_0.90_s0.10,0.2000,1.3778,0.4386,16.2000,0.3778,0.3764,4.0938,0.0061,0.0120,0.0059,5131
5,24,straight_goal,0.01,0.003,0.0,0.12,left_gain_loss,constrained_fisher,g0.60_1.00_s0.10,0.1000,0.4373,0.8900,18.5288,0.0853,0.1114,1.7524,0.0321,0.0379,0.0057,5132
5,24,straight_goal,0.01,0.003,0.0,0.12,right_gain_loss,null_probe,g1.00_0.60_s0.10,0.1000,1.3064,0.5225,12.8550,0.0301,0.0870,1.0820,0.0862,0.0658,-0.0204,5133
5,24,straight_goal,0.01,0.003,0.0,0.12,right_gain_loss,unpaired_null,g1.00_0.75_s0.02,0.1300,1.2888,0.5162,12.8550,0.0411,0.2725,3.4835,0.1473,0.0158,-0.1315,5134
5,24,straight_goal,0.01,0.003,0.0,0.12,right_gain_loss,random_probe,g1.00_0.60_s0.02,0.0200,1.3915,0.5752,6.7190,0.3370,0.3220,3.1964,0.0475,0.0295,-0.0180,5135
5,24,straight_goal,0.01,0.003,0.0,0.12,right_gain_loss,task_greedy,g1.00_0.60_s0.02,0.0200,1.9618,0.2299,12.4645,1.2858,1.2903,16.3847,0.0439,0.0225,-0.0214,5136
5,24,straight_goal,0.01,0.003,0.0,0.12,right_gain_loss,fisher_grid,g1.00_0.60_s0.02,0.0200,0.6988,0.7313,16.2000,0.3596,0.3633,3.4677,0.0260,0.0365,0.0106,5137
5,24,straight_goal,0.01,0.003,0.0,0.12,right_gain_loss,constrained_fisher,g1.00_0.60_s0.02,0.0200,0.3726,0.9028,17.1113,0.1347,0.1259,2.1112,0.0207,0.0270,0.0063,5138
5,24,straight_goal,0.01,0.003,0.0,0.12,symmetric_low_power,null_probe,g0.75_0.75_s0.10,0.1400,1.1751,0.4962,12.8550,0.0157,0.0813,1.0306,0.0343,0.0936,0.0593,5139
5,24,straight_goal,0.01,0.003,0.0,0.12,symmetric_low_power,unpaired_null,g0.75_0.75_s0.02,0.0600,1.1322,0.6752,12.8550,0.0432,0.1941,2.3002,0.0425,0.1046,0.0621,5140
5,24,straight_goal,0.01,0.003,0.0,0.12,symmetric_low_power,random_probe,g0.75_0.75_s0.02,0.0600,1.6514,0.5048,6.4607,0.2206,0.2471,3.6573,0.0255,0.0584,0.0329,5141
5,24,straight_goal,0.01,0.003,0.0,0.12,symmetric_low_power,task_greedy,g0.75_0.75_s0.02,0.0600,2.1895,0.1422,11.7610,1.2057,1.1890,14.8523,0.0350,0.1036,0.0686,5142
5,24,straight_goal,0.01,0.003,0.0,0.12,symmetric_low_power,fisher_grid,g0.75_0.75_s0.02,0.0600,0.6274,0.8229,16.2000,0.2892,0.2763,2.8687,0.0535,0.0724,0.0189,5143
5,24,straight_goal,0.01,0.003,0.0,0.12,symmetric_low_power,constrained_fisher,g0.75_0.75_s0.02,0.0600,0.7632,0.6369,19.4400,0.0144,0.0741,0.9419,0.0539,0.0521,-0.0018,5144
5,24,straight_goal,0.01,0.003,0.0,0.12,high_slip,null_probe,g0.90_0.90_s0.20,0.2000,1.9534,0.2232,12.8550,0.1429,0.1784,1.9794,0.1509,0.0274,-0.1234,5145
5,24,straight_goal,0.01,0.003,0.0,0.12,high_slip,unpaired_null,g1.00_1.00_s0.20,0.0000,0.9726,0.7053,12.8550,0.1252,0.3418,4.8414,0.0791,0.0791,0.0000,5146
5,24,straight_goal,0.01,0.003,0.0,0.12,high_slip,random_probe,g1.00_0.90_s0.20,0.1000,1.1913,0.5837,6.1865,0.2219,0.3886,5.4526,0.0386,0.0315,-0.0072,5147
5,24,straight_goal,0.01,0.003,0.0,0.12,high_slip,task_greedy,g0.90_0.90_s0.02,0.3800,2.2292,0.1943,11.7615,1.6830,1.6731,21.0276,0.0770,0.1267,0.0497,5148
5,24,straight_goal,0.01,0.003,0.0,0.12,high_slip,fisher_grid,g1.00_1.00_s0.20,0.0000,0.3038,0.9317,16.2000,0.4047,0.4043,4.8148,0.0784,0.0784,0.0000,5149
5,24,straight_goal,0.01,0.003,0.0,0.12,high_slip,constrained_fisher,g1.00_1.00_s0.20,0.0000,0.9095,0.5817,6.0750,0.1175,0.1609,3.1636,0.1512,0.1512,0.0000,5150
6,24,straight_goal,0.01,0.003,0.0,0.12,left_gain_loss,null_probe,g0.60_1.00_s0.02,0.0200,0.9472,0.6709,12.8550,0.0727,0.1178,1.6162,0.0313,0.0463,0.0150,6151
6,24,straight_goal,0.01,0.003,0.0,0.12,left_gain_loss,unpaired_null,g0.60_1.00_s0.02,0.0200,1.4517,0.4162,12.8550,0.0561,0.2141,2.9802,0.0509,0.0133,-0.0375,6152
6,24,straight_goal,0.01,0.003,0.0,0.12,left_gain_loss,random_probe,g0.60_1.00_s0.02,0.0200,1.3695,0.4338,6.8135,0.3041,0.3365,4.8809,0.0394,0.1589,0.1195,6153
6,24,straight_goal,0.01,0.003,0.0,0.12,left_gain_loss,task_greedy,g0.60_1.00_s0.02,0.0200,1.7512,0.2304,12.4642,1.2912,1.2739,16.2446,0.0253,0.0175,-0.0078,6154
6,24,straight_goal,0.01,0.003,0.0,0.12,left_gain_loss,fisher_grid,g0.60_1.00_s0.02,0.0200,0.9252,0.6945,16.2000,0.3699,0.3645,3.7707,0.0572,0.1874,0.1302,6155
6,24,straight_goal,0.01,0.003,0.0,0.12,left_gain_loss,constrained_fisher,g0.60_1.00_s0.02,0.0200,0.3694,0.9197,18.5288,0.0835,0.1068,1.8282,0.0253,0.0156,-0.0097,6156
6,24,straight_goal,0.01,0.003,0.0,0.12,right_gain_loss,null_probe,g1.00_0.60_s0.02,0.0200,1.0022,0.6909,12.8550,0.0075,0.0955,1.0841,0.0972,0.0118,-0.0854,6157
6,24,straight_goal,0.01,0.003,0.0,0.12,right_gain_loss,unpaired_null,g1.00_0.60_s0.02,0.0200,1.0539,0.6386,12.8550,0.0608,0.3212,4.2510,0.0291,0.0512,0.0220,6158
6,24,straight_goal,0.01,0.003,0.0,0.12,right_gain_loss,random_probe,g1.00_0.60_s0.02,0.0200,1.5058,0.4824,8.9881,0.4673,0.4775,5.8981,0.0163,0.1812,0.1650,6159
6,24,straight_goal,0.01,0.003,0.0,0.12,right_gain_loss,task_greedy,g1.00_0.60_s0.02,0.0200,1.8115,0.2220,12.4157,1.2583,1.2685,16.1719,0.0342,0.0371,0.0028,6160
6,24,straight_goal,0.01,0.003,0.0,0.12,right_gain_loss,fisher_grid,g1.00_0.60_s0.02,0.0200,0.6811,0.8104,16.2000,0.3473,0.3843,3.9470,0.0541,0.0243,-0.0298,6161
6,24,straight_goal,0.01,0.003,0.0,0.12,right_gain_loss,constrained_fisher,g1.00_0.60_s0.02,0.0200,0.0620,0.9896,16.5038,0.0742,0.1120,1.8430,0.0211,0.0585,0.0374,6162
6,24,straight_goal,0.01,0.003,0.0,0.12,symmetric_low_power,null_probe,g0.75_0.75_s0.02,0.0600,0.9675,0.6631,12.8550,0.0178,0.0665,0.8356,0.0343,0.0768,0.0426,6163
6,24,straight_goal,0.01,0.003,0.0,0.12,symmetric_low_power,unpaired_null,g0.75_0.75_s0.02,0.0600,0.8789,0.6194,12.8550,0.0296,0.2138,2.5975,0.0397,0.0998,0.0602,6164
6,24,straight_goal,0.01,0.003,0.0,0.12,symmetric_low_power,random_probe,g0.75_0.60_s0.02,0.1500,1.9419,0.3055,5.8378,0.2445,0.2647,2.4836,0.0424,0.0478,0.0054,6165
6,24,straight_goal,0.01,0.003,0.0,0.12,symmetric_low_power,task_greedy,g0.90_0.90_s0.02,0.3600,1.9117,0.2649,11.7613,1.1937,1.2228,15.1878,0.0531,0.0696,0.0165,6166
6,24,straight_goal,0.01,0.003,0.0,0.12,symmetric_low_power,fisher_grid,g0.75_0.75_s0.10,0.1400,1.0927,0.6490,16.2000,0.2434,0.2562,2.6599,0.0553,0.0692,0.0138,6167
6,24,straight_goal,0.01,0.003,0.0,0.12,symmetric_low_power,constrained_fisher,g0.75_0.75_s0.02,0.0600,0.2825,0.9436,19.4400,0.0552,0.0820,1.1349,0.0469,0.0684,0.0216,6168
6,24,straight_goal,0.01,0.003,0.0,0.12,high_slip,null_probe,g1.00_1.00_s0.20,0.0000,0.2113,0.9583,12.8550,0.0457,0.1340,1.6246,0.1225,0.1225,0.0000,6169
6,24,straight_goal,0.01,0.003,0.0,0.12,high_slip,unpaired_null,g0.90_0.90_s0.20,0.2000,1.5448,0.4749,12.8550,0.0629,0.2925,3.9943,0.0223,0.0306,0.0083,6170
6,24,straight_goal,0.01,0.003,0.0,0.12,high_slip,random_probe,g1.00_1.00_s0.20,0.0000,0.6976,0.7866,7.3187,0.5209,0.5131,6.0728,0.0909,0.0909,0.0000,6171
6,24,straight_goal,0.01,0.003,0.0,0.12,high_slip,task_greedy,g1.00_1.00_s0.02,0.1800,1.2456,0.3248,11.7625,1.6924,1.6927,21.0333,0.0355,0.0355,0.0000,6172
6,24,straight_goal,0.01,0.003,0.0,0.12,high_slip,fisher_grid,g1.00_1.00_s0.10,0.1000,0.8498,0.6751,16.2000,0.4124,0.4257,6.3412,0.0331,0.0331,0.0000,6173
6,24,straight_goal,0.01,0.003,0.0,0.12,high_slip,constrained_fisher,g1.00_1.00_s0.10,0.1000,1.6827,0.3982,15.9975,0.0794,0.1535,2.4668,0.0735,0.0735,0.0000,6174
7,24,straight_goal,0.01,0.003,0.0,0.12,left_gain_loss,null_probe,g0.60_1.00_s0.02,0.0200,0.9499,0.7066,12.8550,0.0427,0.1244,1.5276,0.0637,0.2186,0.1549,7175
7,24,straight_goal,0.01,0.003,0.0,0.12,left_gain_loss,unpaired_null,g0.60_0.90_s0.02,0.1200,1.0677,0.5698,12.8550,0.0775,0.1878,2.7404,0.0827,0.0910,0.0083,7176
7,24,straight_goal,0.01,0.003,0.0,0.12,left_gain_loss,random_probe,g0.60_1.00_s0.02,0.0200,1.0928,0.6666,7.5668,0.2856,0.3342,4.0261,0.0229,0.0230,0.0001,7177
7,24,straight_goal,0.01,0.003,0.0,0.12,left_gain_loss,task_greedy,g0.60_1.00_s0.02,0.0200,1.6887,0.2482,12.4370,1.2791,1.2910,16.3702,0.0158,0.0247,0.0089,7178
7,24,straight_goal,0.01,0.003,0.0,0.12,left_gain_loss,fisher_grid,g0.60_1.00_s0.02,0.0200,0.5064,0.8317,16.2000,0.3326,0.3592,3.8938,0.0442,0.0249,-0.0194,7179
7,24,straight_goal,0.01,0.003,0.0,0.12,left_gain_loss,constrained_fisher,g0.60_1.00_s0.02,0.0200,0.7810,0.6703,15.2888,0.1247,0.1230,2.1178,0.0334,0.1816,0.1482,7180
7,24,straight_goal,0.01,0.003,0.0,0.12,right_gain_loss,null_probe,g1.00_0.60_s0.10,0.1000,1.1457,0.4586,12.8550,0.0479,0.1130,1.5496,0.0160,0.0148,-0.0012,7181
7,24,straight_goal,0.01,0.003,0.0,0.12,right_gain_loss,unpaired_null,g1.00_0.60_s0.02,0.0200,0.7494,0.7726,12.8550,0.0556,0.2949,3.6962,0.0251,0.0761,0.0510,7182
7,24,straight_goal,0.01,0.003,0.0,0.12,right_gain_loss,random_probe,g1.00_0.60_s0.02,0.0200,1.8258,0.3702,6.0663,0.2533,0.2509,2.5314,0.0360,0.0370,0.0010,7183
7,24,straight_goal,0.01,0.003,0.0,0.12,right_gain_loss,task_greedy,g1.00_0.60_s0.02,0.0200,1.5867,0.2900,12.4520,1.2816,1.2721,16.2501,0.0223,0.0134,-0.0089,7184
7,24,straight_goal,0.01,0.003,0.0,0.12,right_gain_loss,fisher_grid,g1.00_0.60_s0.02,0.0200,0.5439,0.8489,16.2000,0.3520,0.3625,3.6332,0.0336,0.0181,-0.0155,7185
7,24,straight_goal,0.01,0.003,0.0,0.12,right_gain_loss,constrained_fisher,g1.00_0.60_s0.02,0.0200,0.2325,0.9446,19.1363,0.0509,0.1162,1.5562,0.0651,0.0177,-0.0474,7186
7,24,straight_goal,0.01,0.003,0.0,0.12,symmetric_low_power,null_probe,g0.75_0.75_s0.02,0.0600,0.8251,0.6804,12.8550,0.0235,0.0703,0.8069,0.0249,0.0817,0.0569,7187
7,24,straight_goal,0.01,0.003,0.0,0.12,symmetric_low_power,unpaired_null,g0.75_0.75_s0.10,0.1400,1.0737,0.4877,12.8550,0.0439,0.2157,2.7515,0.0426,0.0873,0.0447,7188
7,24,straight_goal,0.01,0.003,0.0,0.12,symmetric_low_power,random_probe,g0.75_0.75_s0.02,0.0600,1.8578,0.3118,7.5570,0.0690,0.2363,3.8415,0.0143,0.1038,0.0895,7189
7,24,straight_goal,0.01,0.003,0.0,0.12,symmetric_low_power,task_greedy,g0.75_0.75_s0.20,0.2400,1.3599,0.3174,11.7621,1.2143,1.2277,15.3573,0.0266,0.0676,0.0410,7190
7,24,straight_goal,0.01,0.003,0.0,0.12,symmetric_low_power,fisher_grid,g0.75_0.75_s0.02,0.0600,0.9755,0.5590,16.2000,0.2438,0.2499,2.5633,0.0171,0.0747,0.0575,7191
7,24,straight_goal,0.01,0.003,0.0,0.12,symmetric_low_power,constrained_fisher,g0.75_0.75_s0.02,0.0600,0.6843,0.7254,19.4400,0.0258,0.0770,1.0213,0.0313,0.0697,0.0384,7192
7,24,straight_goal,0.01,0.003,0.0,0.12,high_slip,null_probe,g1.00_1.00_s0.20,0.0000,1.6918,0.3974,12.8550,0.0551,0.1246,1.5769,0.1295,0.1295,0.0000,7193
7,24,straight_goal,0.01,0.003,0.0,0.12,high_slip,unpaired_null,g1.00_1.00_s0.10,0.1000,1.1021,0.6920,12.8550,0.1175,0.3190,4.2533,0.0161,0.0161,0.0000,7194
7,24,straight_goal,0.01,0.003,0.0,0.12,high_slip,random_probe,g1.00_1.00_s0.20,0.0000,1.4595,0.3743,7.2397,0.3815,0.3801,4.3268,0.1571,0.1571,0.0000,7195
7,24,straight_goal,0.01,0.003,0.0,0.12,high_slip,task_greedy,g1.00_1.00_s0.02,0.1800,1.8300,0.2589,11.7612,1.7124,1.7105,21.2572,0.1325,0.1325,0.0000,7196
7,24,straight_goal,0.01,0.003,0.0,0.12,high_slip,fisher_grid,g1.00_1.00_s0.20,0.0000,0.5696,0.8445,16.2000,0.3946,0.3793,4.0391,0.0615,0.0615,0.0000,7197
7,24,straight_goal,0.01,0.003,0.0,0.12,high_slip,constrained_fisher,g1.00_1.00_s0.20,0.0000,0.8049,0.6378,19.4400,0.0802,0.1201,2.2026,0.1758,0.1758,0.0000,7198
8,24,straight_goal,0.01,0.003,0.0,0.12,left_gain_loss,null_probe,g0.60_1.00_s0.02,0.0200,1.2754,0.5589,12.8550,0.0536,0.1018,1.2354,0.0369,0.0300,-0.0069,8199
8,24,straight_goal,0.01,0.003,0.0,0.12,left_gain_loss,unpaired_null,g0.60_1.00_s0.02,0.0200,0.7376,0.7525,12.8550,0.0727,0.1818,2.6619,0.0361,0.0261,-0.0100,8200
8,24,straight_goal,0.01,0.003,0.0,0.12,left_gain_loss,random_probe,g0.60_1.00_s0.10,0.1000,2.1805,0.2301,6.5489,0.0759,0.2272,2.6132,0.0533,0.0435,-0.0098,8201
8,24,straight_goal,0.01,0.003,0.0,0.12,left_gain_loss,task_greedy,g0.60_1.00_s0.02,0.0200,1.8582,0.2504,12.4320,1.2555,1.2731,16.1926,0.0758,0.0446,-0.0312,8202
8,24,straight_goal,0.01,0.003,0.0,0.12,left_gain_loss,fisher_grid,g0.60_1.00_s0.02,0.0200,0.6046,0.8365,16.2000,0.3742,0.3618,3.7853,0.0304,0.0747,0.0443,8203
8,24,straight_goal,0.01,0.003,0.0,0.12,left_gain_loss,constrained_fisher,g0.60_1.00_s0.02,0.0200,0.0428,0.9937,17.9213,0.0999,0.1128,1.8794,0.0521,0.0205,-0.0315,8204
8,24,straight_goal,0.01,0.003,0.0,0.12,right_gain_loss,null_probe,g1.00_0.60_s0.02,0.0200,1.1899,0.5091,12.8550,0.0315,0.1023,1.1083,0.0304,0.0658,0.0355,8205
8,24,straight_goal,0.01,0.003,0.0,0.12,right_gain_loss,unpaired_null,g1.00_0.60_s0.02,0.0200,1.0915,0.6240,12.8550,0.0652,0.2785,3.5666,0.0071,0.1738,0.1667,8206
8,24,straight_goal,0.01,0.003,0.0,0.12,right_gain_loss,random_probe,g1.00_0.60_s0.02,0.0200,1.7677,0.3962,5.6826,0.3802,0.3960,5.2079,0.0913,0.1779,0.0866,8207
8,24,straight_goal,0.01,0.003,0.0,0.12,right_gain_loss,task_greedy,g1.00_0.60_s0.02,0.0200,1.7648,0.2628,12.4587,1.3104,1.2856,16.3171,0.0452,0.0091,-0.0360,8208
8,24,straight_goal,0.01,0.003,0.0,0.12,right_gain_loss,fisher_grid,g1.00_0.60_s0.02,0.0200,1.0147,0.5759,16.2000,0.3357,0.3494,3.4042,0.0154,0.0150,-0.0005,8209
8,24,straight_goal,0.01,0.003,0.0,0.12,right_gain_loss,constrained_fisher,g1.00_0.60_s0.02,0.0200,0.7123,0.7752,18.2250,0.1081,0.1185,1.9686,0.0272,0.1030,0.0758,8210
8,24,straight_goal,0.01,0.003,0.0,0.12,symmetric_low_power,null_probe,g0.75_0.75_s0.02,0.0600,1.0732,0.5885,12.8550,0.0669,0.0897,1.0513,0.0556,0.0632,0.0076,8211
8,24,straight_goal,0.01,0.003,0.0,0.12,symmetric_low_power,unpaired_null,g0.75_0.75_s0.02,0.0600,0.7862,0.7253,12.8550,0.0149,0.2091,2.5306,0.0210,0.0321,0.0111,8212
8,24,straight_goal,0.01,0.003,0.0,0.12,symmetric_low_power,random_probe,g0.75_0.60_s0.02,0.1500,1.5508,0.4812,7.0178,0.0795,0.1253,1.7715,0.0402,0.0586,0.0183,8213
8,24,straight_goal,0.01,0.003,0.0,0.12,symmetric_low_power,task_greedy,g0.75_0.75_s0.02,0.0600,1.2579,0.3255,11.7613,1.1914,1.2119,15.0199,0.0277,0.0608,0.0331,8214
8,24,straight_goal,0.01,0.003,0.0,0.12,symmetric_low_power,fisher_grid,g0.75_0.75_s0.02,0.0600,0.8422,0.6880,16.2000,0.2545,0.2553,2.7515,0.0659,0.0655,-0.0004,8215
8,24,straight_goal,0.01,0.003,0.0,0.12,symmetric_low_power,constrained_fisher,g0.75_0.75_s0.02,0.0600,1.1211,0.5839,19.1363,0.0713,0.0960,1.2535,0.0506,0.0516,0.0010,8216
8,24,straight_goal,0.01,0.003,0.0,0.12,high_slip,null_probe,g1.00_1.00_s0.20,0.0000,1.0191,0.4987,12.8550,0.0782,0.1481,1.8544,0.1036,0.1036,0.0000,8217
8,24,straight_goal,0.01,0.003,0.0,0.12,high_slip,unpaired_null,g1.00_1.00_s0.20,0.0000,1.3214,0.4468,12.8550,0.0115,0.3016,3.7834,0.2294,0.2294,0.0000,8218
8,24,straight_goal,0.01,0.003,0.0,0.12,high_slip,random_probe,g1.00_1.00_s0.20,0.0000,1.0333,0.6547,5.8670,0.2104,0.2817,4.3063,0.1531,0.1531,0.0000,8219
8,24,straight_goal,0.01,0.003,0.0,0.12,high_slip,task_greedy,g1.00_1.00_s0.20,0.0000,1.4949,0.2960,11.7614,1.7053,1.6835,21.2552,0.1240,0.1240,0.0000,8220
8,24,straight_goal,0.01,0.003,0.0,0.12,high_slip,fisher_grid,g1.00_1.00_s0.20,0.0000,0.2465,0.9467,16.2000,0.3652,0.3800,4.4238,0.1215,0.1215,0.0000,8221
8,24,straight_goal,0.01,0.003,0.0,0.12,high_slip,constrained_fisher,g1.00_1.00_s0.20,0.0000,0.7064,0.8140,17.6175,0.1443,0.1477,2.5001,0.1522,0.1522,0.0000,8222
9,24,straight_goal,0.01,0.003,0.0,0.12,left_gain_loss,null_probe,g0.60_1.00_s0.02,0.0200,0.9799,0.5760,12.8550,0.0650,0.1047,1.1790,0.0267,0.0259,-0.0007,9223
9,24,straight_goal,0.01,0.003,0.0,0.12,left_gain_loss,unpaired_null,g0.60_1.00_s0.10,0.1000,1.2463,0.5006,12.8550,0.0542,0.1908,2.7025,0.0145,0.0045,-0.0101,9224
9,24,straight_goal,0.01,0.003,0.0,0.12,left_gain_loss,random_probe,g0.60_1.00_s0.02,0.0200,1.3227,0.5863,6.2478,0.1985,0.2096,2.2932,0.0309,0.0637,0.0328,9225
9,24,straight_goal,0.01,0.003,0.0,0.12,left_gain_loss,task_greedy,g0.60_1.00_s0.02,0.0200,1.5083,0.2985,12.4305,1.2755,1.2695,16.1825,0.0245,0.0597,0.0352,9226
9,24,straight_goal,0.01,0.003,0.0,0.12,left_gain_loss,fisher_grid,g0.60_1.00_s0.02,0.0200,1.2475,0.5743,16.2000,0.3596,0.3491,3.5611,0.0232,0.0191,-0.0041,9227
9,24,straight_goal,0.01,0.003,0.0,0.12,left_gain_loss,constrained_fisher,g0.60_1.00_s0.02,0.0200,0.3800,0.8929,16.7063,0.1135,0.1140,1.9713,0.0391,0.0416,0.0025,9228
9,24,straight_goal,0.01,0.003,0.0,0.12,right_gain_loss,null_probe,g0.90_0.60_s0.02,0.1200,1.4129,0.3697,12.8550,0.0204,0.1058,1.3250,0.0338,0.0580,0.0242,9229
9,24,straight_goal,0.01,0.003,0.0,0.12,right_gain_loss,unpaired_null,g1.00_0.60_s0.02,0.0200,0.8081,0.7338,12.8550,0.0575,0.2860,3.7050,0.1296,0.1920,0.0624,9230
9,24,straight_goal,0.01,0.003,0.0,0.12,right_gain_loss,random_probe,g1.00_0.60_s0.02,0.0200,1.3639,0.5644,7.5486,0.2383,0.3425,6.0274,0.0231,0.0168,-0.0064,9231
9,24,straight_goal,0.01,0.003,0.0,0.12,right_gain_loss,task_greedy,g1.00_0.60_s0.02,0.0200,1.8358,0.2013,12.4262,1.2981,1.2933,16.4415,0.0175,0.0113,-0.0061,9232
9,24,straight_goal,0.01,0.003,0.0,0.12,right_gain_loss,fisher_grid,g1.00_0.60_s0.10,0.1000,0.8297,0.7365,16.2000,0.3926,0.3704,3.5735,0.0267,0.0141,-0.0127,9233
9,24,straight_goal,0.01,0.003,0.0,0.12,right_gain_loss,constrained_fisher,g1.00_0.60_s0.02,0.0200,0.1409,0.9761,17.3138,0.0768,0.1139,1.8769,0.0348,0.0327,-0.0021,9234
9,24,straight_goal,0.01,0.003,0.0,0.12,symmetric_low_power,null_probe,g0.75_0.75_s0.02,0.0600,1.1486,0.5997,12.8550,0.0190,0.0786,0.9457,0.0239,0.0613,0.0374,9235
9,24,straight_goal,0.01,0.003,0.0,0.12,symmetric_low_power,unpaired_null,g0.75_0.75_s0.02,0.0600,1.5150,0.4618,12.8550,0.0421,0.2119,2.6059,0.0278,0.0505,0.0226,9236
9,24,straight_goal,0.01,0.003,0.0,0.12,symmetric_low_power,random_probe,g0.75_0.75_s0.02,0.0600,2.1262,0.3444,6.7356,0.1927,0.1807,2.2856,0.0471,0.0788,0.0317,9237
9,24,straight_goal,0.01,0.003,0.0,0.12,symmetric_low_power,task_greedy,g0.75_0.75_s0.20,0.2400,1.7467,0.2741,11.7606,1.1863,1.2160,15.1972,0.0351,0.0640,0.0289,9238
9,24,straight_goal,0.01,0.003,0.0,0.12,symmetric_low_power,fisher_grid,g0.75_0.75_s0.10,0.1400,0.8238,0.6073,16.2000,0.3141,0.2853,3.0365,0.0680,0.0260,-0.0420,9239
9,24,straight_goal,0.01,0.003,0.0,0.12,symmetric_low_power,constrained_fisher,g0.75_0.60_s0.02,0.1500,0.9373,0.6687,19.4400,0.0698,0.0929,1.1839,0.0094,0.0886,0.0792,9240
9,24,straight_goal,0.01,0.003,0.0,0.12,high_slip,null_probe,g1.00_1.00_s0.20,0.0000,0.5561,0.8695,12.8550,0.0581,0.1981,2.7197,0.0765,0.0765,0.0000,9241
9,24,straight_goal,0.01,0.003,0.0,0.12,high_slip,unpaired_null,g1.00_1.00_s0.20,0.0000,0.8640,0.7010,12.8550,0.0583,0.2810,3.3979,0.0291,0.0291,0.0000,9242
9,24,straight_goal,0.01,0.003,0.0,0.12,high_slip,random_probe,g1.00_1.00_s0.20,0.0000,0.6731,0.7399,7.2591,0.3685,0.4925,6.1329,0.1768,0.1768,0.0000,9243
9,24,straight_goal,0.01,0.003,0.0,0.12,high_slip,task_greedy,g1.00_1.00_s0.02,0.1800,2.3571,0.1537,11.7618,1.7054,1.6737,20.9636,0.2492,0.2492,0.0000,9244
9,24,straight_goal,0.01,0.003,0.0,0.12,high_slip,fisher_grid,g1.00_1.00_s0.20,0.0000,0.6363,0.8034,16.2000,0.3911,0.3805,5.2553,0.0812,0.0812,0.0000,9245
9,24,straight_goal,0.01,0.003,0.0,0.12,high_slip,constrained_fisher,g1.00_1.00_s0.20,0.0000,1.3768,0.4397,18.8325,0.1129,0.1540,2.3879,0.1009,0.1009,0.0000,9246
10,24,straight_goal,0.01,0.003,0.0,0.12,left_gain_loss,null_probe,g0.60_1.00_s0.02,0.0200,0.6268,0.8235,12.8550,0.0617,0.1017,1.2231,0.1343,0.0561,-0.0782,10247
10,24,straight_goal,0.01,0.003,0.0,0.12,left_gain_loss,unpaired_null,g0.60_1.00_s0.02,0.0200,1.3977,0.4344,12.8550,0.0738,0.1723,2.5860,0.0221,0.0268,0.0047,10248
10,24,straight_goal,0.01,0.003,0.0,0.12,left_gain_loss,random_probe,g0.60_0.90_s0.02,0.1200,2.0133,0.2849,5.4820,0.2120,0.2413,3.3638,0.0333,0.0424,0.0090,10249
10,24,straight_goal,0.01,0.003,0.0,0.12,left_gain_loss,task_greedy,g0.60_1.00_s0.02,0.0200,1.8173,0.1744,12.4166,1.2998,1.3014,16.8189,0.0238,0.0214,-0.0024,10250
10,24,straight_goal,0.01,0.003,0.0,0.12,left_gain_loss,fisher_grid,g0.60_1.00_s0.02,0.0200,1.3864,0.5219,16.2000,0.3458,0.3475,3.7233,0.0721,0.0842,0.0121,10251
10,24,straight_goal,0.01,0.003,0.0,0.12,left_gain_loss,constrained_fisher,g0.60_1.00_s0.02,0.0200,0.2200,0.9486,19.1363,0.0685,0.0999,1.4848,0.0761,0.0101,-0.0660,10252
10,24,straight_goal,0.01,0.003,0.0,0.12,right_gain_loss,null_probe,g1.00_0.60_s0.02,0.0200,0.9641,0.6524,12.8550,0.0435,0.0990,1.2940,0.0249,0.0371,0.0122,10253
10,24,straight_goal,0.01,0.003,0.0,0.12,right_gain_loss,unpaired_null,g1.00_0.60_s0.02,0.0200,1.2041,0.5596,12.8550,0.0391,0.2799,3.3986,0.0274,0.0074,-0.0201,10254
10,24,straight_goal,0.01,0.003,0.0,0.12,right_gain_loss,random_probe,g1.00_0.75_s0.02,0.1300,2.1815,0.1971,6.0125,0.0822,0.2029,2.3890,0.1487,0.0250,-0.1237,10255
10,24,straight_goal,0.01,0.003,0.0,0.12,right_gain_loss,task_greedy,g1.00_0.60_s0.02,0.0200,1.7150,0.2448,12.4463,1.2541,1.2490,15.8773,0.0522,0.0164,-0.0359,10256
10,24,straight_goal,0.01,0.003,0.0,0.12,right_gain_loss,fisher_grid,g1.00_0.60_s0.02,0.0200,1.0123,0.6566,16.2000,0.3740,0.3659,3.6344,0.0739,0.0346,-0.0393,10257
10,24,straight_goal,0.01,0.003,0.0,0.12,right_gain_loss,constrained_fisher,g1.00_0.60_s0.02,0.0200,0.0453,0.9925,18.8325,0.0760,0.1030,1.7040,0.0314,0.0240,-0.0073,10258
10,24,straight_goal,0.01,0.003,0.0,0.12,symmetric_low_power,null_probe,g0.75_0.75_s0.02,0.0600,0.9555,0.7038,12.8550,0.0217,0.0779,0.9503,0.0525,0.0364,-0.0161,10259
10,24,straight_goal,0.01,0.003,0.0,0.12,symmetric_low_power,unpaired_null,g0.75_0.75_s0.02,0.0600,0.8215,0.7418,12.8550,0.0137,0.2173,2.6643,0.0330,0.0773,0.0443,10260
10,24,straight_goal,0.01,0.003,0.0,0.12,symmetric_low_power,random_probe,g0.75_0.75_s0.02,0.0600,2.2050,0.2524,8.3866,0.2773,0.3174,3.7000,0.0504,0.0564,0.0059,10261
10,24,straight_goal,0.01,0.003,0.0,0.12,symmetric_low_power,task_greedy,g0.75_0.75_s0.02,0.0600,1.6194,0.2912,11.7610,1.2032,1.2148,15.1655,0.0516,0.0544,0.0028,10262
10,24,straight_goal,0.01,0.003,0.0,0.12,symmetric_low_power,fisher_grid,g0.75_0.75_s0.10,0.1400,0.8612,0.5400,16.2000,0.2847,0.2623,2.8430,0.0447,0.0628,0.0181,10263
10,24,straight_goal,0.01,0.003,0.0,0.12,symmetric_low_power,constrained_fisher,g0.75_0.75_s0.02,0.0600,0.2091,0.9544,19.4400,0.0090,0.0751,0.9530,0.0581,0.0732,0.0151,10264
10,24,straight_goal,0.01,0.003,0.0,0.12,high_slip,null_probe,g1.00_1.00_s0.20,0.0000,1.0335,0.6581,12.8550,0.0381,0.1337,1.8820,0.0853,0.0853,0.0000,10265
10,24,straight_goal,0.01,0.003,0.0,0.12,high_slip,unpaired_null,g1.00_1.00_s0.20,0.0000,0.1118,0.9797,12.8550,0.2693,0.3923,5.7320,0.0839,0.0839,0.0000,10266
10,24,straight_goal,0.01,0.003,0.0,0.12,high_slip,random_probe,g1.00_1.00_s0.20,0.0000,1.4221,0.5119,6.4174,0.2312,0.4383,5.6722,0.1032,0.1032,0.0000,10267
10,24,straight_goal,0.01,0.003,0.0,0.12,high_slip,task_greedy,g1.00_1.00_s0.02,0.1800,1.2879,0.3207,11.7618,1.6991,1.6983,21.2740,0.0409,0.0409,0.0000,10268
10,24,straight_goal,0.01,0.003,0.0,0.12,high_slip,fisher_grid,g1.00_1.00_s0.20,0.0000,0.1113,0.9776,16.2000,0.3371,0.3948,6.1528,0.1010,0.1010,0.0000,10269
10,24,straight_goal,0.01,0.003,0.0,0.12,high_slip,constrained_fisher,g1.00_1.00_s0.20,0.0000,0.2977,0.9359,16.6050,0.1411,0.1728,2.5515,0.1481,0.1481,0.0000,10270
11,24,straight_goal,0.01,0.003,0.0,0.12,left_gain_loss,null_probe,g0.60_1.00_s0.02,0.0200,1.1354,0.6449,12.8550,0.0546,0.1000,1.2805,0.0450,0.0454,0.0004,11271
11,24,straight_goal,0.01,0.003,0.0,0.12,left_gain_loss,unpaired_null,g0.60_1.00_s0.02,0.0200,1.1012,0.5356,12.8550,0.0283,0.1774,2.2994,0.0122,0.1056,0.0934,11272
11,24,straight_goal,0.01,0.003,0.0,0.12,left_gain_loss,random_probe,g0.60_1.00_s0.02,0.0200,1.3678,0.5675,6.5579,0.1700,0.1871,2.2341,0.0375,0.0303,-0.0073,11273
11,24,straight_goal,0.01,0.003,0.0,0.12,left_gain_loss,task_greedy,g0.60_1.00_s0.02,0.0200,1.6964,0.2574,12.4571,1.2823,1.2890,16.2307,0.0132,0.0212,0.0079,11274
11,24,straight_goal,0.01,0.003,0.0,0.12,left_gain_loss,fisher_grid,g0.60_1.00_s0.02,0.0200,0.6986,0.7033,16.2000,0.3347,0.3303,3.4346,0.0129,0.0440,0.0311,11275
11,24,straight_goal,0.01,0.003,0.0,0.12,left_gain_loss,constrained_fisher,g0.60_1.00_s0.02,0.0200,0.9527,0.6013,18.5288,0.0678,0.1115,1.7663,0.0202,0.0259,0.0057,11276
11,24,straight_goal,0.01,0.003,0.0,0.12,right_gain_loss,null_probe,g1.00_0.60_s0.02,0.0200,0.7702,0.6624,12.8550,0.0528,0.1139,1.4034,0.0161,0.0883,0.0722,11277
11,24,straight_goal,0.01,0.003,0.0,0.12,right_gain_loss,unpaired_null,g1.00_0.60_s0.02,0.0200,0.9698,0.6132,12.8550,0.0261,0.2907,3.5654,0.0241,0.0569,0.0328,11278
11,24,straight_goal,0.01,0.003,0.0,0.12,right_gain_loss,random_probe,g1.00_0.60_s0.02,0.0200,1.6741,0.4324,5.0974,0.1218,0.1579,2.0771,0.0313,0.0305,-0.0008,11279
11,24,straight_goal,0.01,0.003,0.0,0.12,right_gain_loss,task_greedy,g1.00_0.60_s0.02,0.0200,1.7336,0.2466,12.4308,1.2796,1.2531,16.0623,0.0255,0.0157,-0.0098,11280
11,24,straight_goal,0.01,0.003,0.0,0.12,right_gain_loss,fisher_grid,g1.00_0.60_s0.02,0.0200,0.1520,0.9698,16.2000,0.3615,0.3545,3.4631,0.1158,0.0203,-0.0955,11281
11,24,straight_goal,0.01,0.003,0.0,0.12,right_gain_loss,constrained_fisher,g1.00_0.60_s0.02,0.0200,0.0420,0.9938,19.1363,0.0452,0.1162,1.6144,0.0717,0.0319,-0.0398,11282
11,24,straight_goal,0.01,0.003,0.0,0.12,symmetric_low_power,null_probe,g0.75_0.75_s0.02,0.0600,1.2128,0.6207,12.8550,0.0607,0.1027,1.3075,0.0442,0.0747,0.0305,11283
11,24,straight_goal,0.01,0.003,0.0,0.12,symmetric_low_power,unpaired_null,g0.75_0.75_s0.02,0.0600,0.9424,0.6731,12.8550,0.0292,0.2107,2.4768,0.0436,0.0949,0.0513,11284
11,24,straight_goal,0.01,0.003,0.0,0.12,symmetric_low_power,random_probe,g0.75_0.60_s0.02,0.1500,1.7242,0.3486,6.6577,0.3657,0.3572,4.5062,0.0201,0.0755,0.0554,11285
11,24,straight_goal,0.01,0.003,0.0,0.12,symmetric_low_power,task_greedy,g0.75_0.75_s0.02,0.0600,2.1002,0.1980,11.7614,1.2105,1.2206,15.1045,0.0343,0.0665,0.0322,11286
11,24,straight_goal,0.01,0.003,0.0,0.12,symmetric_low_power,fisher_grid,g0.75_0.75_s0.02,0.0600,1.8728,0.3215,16.2000,0.2366,0.2276,2.4665,0.0251,0.0790,0.0538,11287
11,24,straight_goal,0.01,0.003,0.0,0.12,symmetric_low_power,constrained_fisher,g0.75_0.75_s0.02,0.0600,0.2366,0.9529,19.4400,0.0558,0.0956,1.1421,0.0509,0.0944,0.0435,11288
11,24,straight_goal,0.01,0.003,0.0,0.12,high_slip,null_probe,g0.90_1.00_s0.20,0.1000,0.9690,0.5498,12.8550,0.1457,0.1781,2.6091,0.2234,0.2374,0.0140,11289
11,24,straight_goal,0.01,0.003,0.0,0.12,high_slip,unpaired_null,g1.00_1.00_s0.20,0.0000,1.3530,0.5775,12.8550,0.0322,0.3054,3.7166,0.2384,0.2384,0.0000,11290
11,24,straight_goal,0.01,0.003,0.0,0.12,high_slip,random_probe,g1.00_1.00_s0.20,0.0000,0.9926,0.6778,6.1833,0.1885,0.3137,5.1395,0.0243,0.0243,0.0000,11291
11,24,straight_goal,0.01,0.003,0.0,0.12,high_slip,task_greedy,g1.00_1.00_s0.20,0.0000,1.7852,0.2704,11.7630,1.7010,1.6913,20.9942,0.1088,0.1088,0.0000,11292
11,24,straight_goal,0.01,0.003,0.0,0.12,high_slip,fisher_grid,g1.00_1.00_s0.20,0.0000,1.2527,0.4147,16.2000,0.4918,0.4840,5.9296,0.0754,0.0754,0.0000,11293
11,24,straight_goal,0.01,0.003,0.0,0.12,high_slip,constrained_fisher,g1.00_1.00_s0.20,0.0000,0.1975,0.9597,17.9213,0.0922,0.1669,2.1309,0.0654,0.0654,0.0000,11294
12,24,straight_goal,0.01,0.003,0.0,0.12,left_gain_loss,null_probe,g0.60_1.00_s0.02,0.0200,0.9697,0.6942,12.8550,0.0241,0.1082,1.1523,0.0540,0.0043,-0.0497,12295
12,24,straight_goal,0.01,0.003,0.0,0.12,left_gain_loss,unpaired_null,g0.60_1.00_s0.02,0.0200,1.2601,0.5299,12.8550,0.0878,0.1807,2.5418,0.0112,0.0087,-0.0025,12296
12,24,straight_goal,0.01,0.003,0.0,0.12,left_gain_loss,random_probe,g0.60_1.00_s0.02,0.0200,0.9440,0.7060,7.8193,0.6384,0.6905,9.3937,0.0233,0.0225,-0.0007,12297
12,24,straight_goal,0.01,0.003,0.0,0.12,left_gain_loss,task_greedy,g0.60_1.00_s0.20,0.2000,1.5666,0.2931,12.4339,1.2937,1.2927,16.4893,0.0344,0.0360,0.0016,12298
12,24,straight_goal,0.01,0.003,0.0,0.12,left_gain_loss,fisher_grid,g0.60_1.00_s0.02,0.0200,0.6809,0.7911,16.2000,0.3783,0.3779,4.0606,0.1013,0.0364,-0.0649,12299
12,24,straight_goal,0.01,0.003,0.0,0.12,left_gain_loss,constrained_fisher,g0.60_1.00_s0.02,0.0200,0.2334,0.9546,18.5288,0.0894,0.1111,1.7990,0.0203,0.0245,0.0042,12300
12,24,straight_goal,0.01,0.003,0.0,0.12,right_gain_loss,null_probe,g1.00_0.60_s0.10,0.1000,1.4231,0.5605,12.8550,0.0720,0.1084,1.4239,0.0156,0.0479,0.0324,12301
12,24,straight_goal,0.01,0.003,0.0,0.12,right_gain_loss,unpaired_null,g0.90_0.60_s0.02,0.1200,1.8203,0.2573,12.8550,0.0071,0.2735,3.2444,0.0926,0.0366,-0.0560,12302
12,24,straight_goal,0.01,0.003,0.0,0.12,right_gain_loss,random_probe,g1.00_0.60_s0.02,0.0200,1.3852,0.4772,5.1361,0.2770,0.3152,5.5220,0.0776,0.1531,0.0755,12303
12,24,straight_goal,0.01,0.003,0.0,0.12,right_gain_loss,task_greedy,g1.00_0.60_s0.20,0.2000,1.6379,0.2837,12.4331,1.2681,1.2663,16.1622,0.0152,0.1680,0.1528,12304
12,24,straight_goal,0.01,0.003,0.0,0.12,right_gain_loss,fisher_grid,g1.00_0.60_s0.02,0.0200,1.1068,0.6558,16.2000,0.3602,0.3389,3.2111,0.0323,0.0553,0.0230,12305
12,24,straight_goal,0.01,0.003,0.0,0.12,right_gain_loss,constrained_fisher,g1.00_0.60_s0.02,0.0200,0.6082,0.8338,16.9088,0.1406,0.1195,1.9304,0.0748,0.0185,-0.0562,12306
12,24,straight_goal,0.01,0.003,0.0,0.12,symmetric_low_power,null_probe,g0.75_0.75_s0.02,0.0600,0.8187,0.6988,12.8550,0.0199,0.0957,1.2204,0.0509,0.0429,-0.0080,12307
12,24,straight_goal,0.01,0.003,0.0,0.12,symmetric_low_power,unpaired_null,g0.75_0.75_s0.02,0.0600,1.2127,0.6340,12.8550,0.0383,0.1912,2.3728,0.0370,0.0658,0.0288,12308
12,24,straight_goal,0.01,0.003,0.0,0.12,symmetric_low_power,random_probe,g0.75_0.75_s0.02,0.0600,1.8149,0.3370,7.1305,0.2323,0.3329,4.0335,0.0416,0.0817,0.0401,12309
12,24,straight_goal,0.01,0.003,0.0,0.12,symmetric_low_power,task_greedy,g0.75_0.75_s0.20,0.2400,1.5573,0.2966,11.7607,1.2532,1.2211,15.1656,0.0335,0.0794,0.0459,12310
12,24,straight_goal,0.01,0.003,0.0,0.12,symmetric_low_power,fisher_grid,g0.75_0.75_s0.02,0.0600,1.2629,0.4678,16.2000,0.2343,0.2549,2.7163,0.0530,0.0961,0.0431,12311
12,24,straight_goal,0.01,0.003,0.0,0.12,symmetric_low_power,constrained_fisher,g0.75_0.75_s0.02,0.0600,0.4418,0.8820,19.4400,0.0252,0.0844,1.1371,0.0333,0.0631,0.0298,12312
12,24,straight_goal,0.01,0.003,0.0,0.12,high_slip,null_probe,g1.00_1.00_s0.20,0.0000,0.4934,0.8647,12.8550,0.0732,0.1835,2.3048,0.1809,0.1809,0.0000,12313
12,24,straight_goal,0.01,0.003,0.0,0.12,high_slip,unpaired_null,g1.00_1.00_s0.20,0.0000,0.3704,0.9096,12.8550,0.1790,0.3100,4.1280,0.2053,0.2053,0.0000,12314
12,24,straight_goal,0.01,0.003,0.0,0.12,high_slip,random_probe,g1.00_1.00_s0.10,0.1000,1.9231,0.3990,5.2765,0.0623,0.2798,4.3602,0.2294,0.2294,0.0000,12315
12,24,straight_goal,0.01,0.003,0.0,0.12,high_slip,task_greedy,g1.00_1.00_s0.02,0.1800,2.0666,0.2246,11.7614,1.6764,1.6715,21.0925,0.1610,0.1610,0.0000,12316
12,24,straight_goal,0.01,0.003,0.0,0.12,high_slip,fisher_grid,g1.00_1.00_s0.20,0.0000,0.9010,0.5223,16.2000,0.3958,0.3894,4.7229,0.1389,0.1389,0.0000,12317
12,24,straight_goal,0.01,0.003,0.0,0.12,high_slip,constrained_fisher,g1.00_1.00_s0.20,0.0000,0.5292,0.8695,18.4275,0.0579,0.1469,2.0214,0.1446,0.1446,0.0000,12318
13,24,straight_goal,0.01,0.003,0.0,0.12,left_gain_loss,null_probe,g0.60_1.00_s0.02,0.0200,1.1383,0.5937,12.8550,0.0452,0.1111,1.5778,0.0213,0.0194,-0.0019,13319
13,24,straight_goal,0.01,0.003,0.0,0.12,left_gain_loss,unpaired_null,g0.60_1.00_s0.02,0.0200,1.1646,0.6139,12.8550,0.0644,0.1981,2.7630,0.0308,0.0286,-0.0022,13320
13,24,straight_goal,0.01,0.003,0.0,0.12,left_gain_loss,random_probe,g0.60_0.90_s0.02,0.1200,1.9883,0.2267,5.9035,0.1696,0.1888,2.1217,0.0189,0.1468,0.1279,13321
13,24,straight_goal,0.01,0.003,0.0,0.12,left_gain_loss,task_greedy,g0.60_1.00_s0.20,0.2000,1.5702,0.3052,12.4325,1.2795,1.2645,16.0377,0.0210,0.0199,-0.0012,13322
13,24,straight_goal,0.01,0.003,0.0,0.12,left_gain_loss,fisher_grid,g0.60_1.00_s0.02,0.0200,0.6910,0.8250,16.2000,0.3089,0.3401,3.3761,0.0660,0.0393,-0.0267,13323
13,24,straight_goal,0.01,0.003,0.0,0.12,left_gain_loss,constrained_fisher,g0.60_1.00_s0.02,0.0200,0.8965,0.7406,19.1363,0.0840,0.1046,1.4547,0.1267,0.0127,-0.1141,13324
13,24,straight_goal,0.01,0.003,0.0,0.12,right_gain_loss,null_probe,g1.00_0.75_s0.02,0.1300,1.1970,0.5177,12.8550,0.0631,0.1040,1.3853,0.0190,0.0785,0.0595,13325
13,24,straight_goal,0.01,0.003,0.0,0.12,right_gain_loss,unpaired_null,g1.00_0.60_s0.02,0.0200,1.1306,0.5808,12.8550,0.0226,0.2724,3.2215,0.0999,0.0198,-0.0801,13326
13,24,straight_goal,0.01,0.003,0.0,0.12,right_gain_loss,random_probe,g0.90_0.60_s0.10,0.2000,1.9298,0.2060,5.2257,0.2605,0.2563,3.9656,0.0719,0.0578,-0.0140,13327
13,24,straight_goal,0.01,0.003,0.0,0.12,right_gain_loss,task_greedy,g0.90_0.60_s0.02,0.1200,1.7533,0.2583,12.4565,1.2522,1.2652,16.1875,0.0284,0.0876,0.0592,13328
13,24,straight_goal,0.01,0.003,0.0,0.12,right_gain_loss,fisher_grid,g1.00_0.60_s0.02,0.0200,0.6239,0.8038,16.2000,0.3398,0.3584,3.5779,0.0252,0.0234,-0.0018,13329
13,24,straight_goal,0.01,0.003,0.0,0.12,right_gain_loss,constrained_fisher,g1.00_0.60_s0.02,0.0200,0.9621,0.4756,18.8325,0.1260,0.1120,1.7535,0.0798,0.0521,-0.0277,13330
13,24,straight_goal,0.01,0.003,0.0,0.12,symmetric_low_power,null_probe,g0.75_0.75_s0.02,0.0600,1.2013,0.6561,12.8550,0.0326,0.0807,0.9850,0.0314,0.0856,0.0542,13331
13,24,straight_goal,0.01,0.003,0.0,0.12,symmetric_low_power,unpaired_null,g0.75_0.75_s0.02,0.0600,1.1199,0.6272,12.8550,0.0271,0.2021,2.3773,0.0366,0.1082,0.0716,13332
13,24,straight_goal,0.01,0.003,0.0,0.12,symmetric_low_power,random_probe,g0.75_0.60_s0.10,0.2300,2.4002,0.1776,4.7766,0.1199,0.1511,1.9635,0.0100,0.0550,0.0450,13333
13,24,straight_goal,0.01,0.003,0.0,0.12,symmetric_low_power,task_greedy,g0.75_0.75_s0.20,0.2400,1.3648,0.3166,11.7612,1.2152,1.2229,15.2935,0.0571,0.0750,0.0179,13334
13,24,straight_goal,0.01,0.003,0.0,0.12,symmetric_low_power,fisher_grid,g0.75_0.75_s0.02,0.0600,1.2508,0.6142,16.2000,0.2382,0.2503,2.6265,0.0643,0.0632,-0.0011,13335
13,24,straight_goal,0.01,0.003,0.0,0.12,symmetric_low_power,constrained_fisher,g0.75_0.75_s0.02,0.0600,0.4074,0.8897,19.4400,0.0035,0.0745,0.9641,0.0447,0.0714,0.0267,13336
13,24,straight_goal,0.01,0.003,0.0,0.12,high_slip,null_probe,g1.00_0.90_s0.20,0.1000,1.4349,0.5219,12.8550,0.2704,0.2833,4.0278,0.1193,0.0481,-0.0713,13337
13,24,straight_goal,0.01,0.003,0.0,0.12,high_slip,unpaired_null,g1.00_1.00_s0.20,0.0000,0.8378,0.7123,12.8550,0.0219,0.3364,4.1280,0.1939,0.1939,0.0000,13338
13,24,straight_goal,0.01,0.003,0.0,0.12,high_slip,random_probe,g1.00_1.00_s0.10,0.1000,1.6609,0.4629,5.6115,0.3837,0.3942,4.8373,0.0500,0.0500,0.0000,13339
13,24,straight_goal,0.01,0.003,0.0,0.12,high_slip,task_greedy,g1.00_1.00_s0.02,0.1800,1.6816,0.2798,11.7613,1.6766,1.6751,20.9005,0.0617,0.0617,0.0000,13340
13,24,straight_goal,0.01,0.003,0.0,0.12,high_slip,fisher_grid,g1.00_1.00_s0.20,0.0000,0.6659,0.7837,16.2000,0.4268,0.4365,5.9828,0.0975,0.0975,0.0000,13341
13,24,straight_goal,0.01,0.003,0.0,0.12,high_slip,constrained_fisher,g1.00_1.00_s0.20,0.0000,0.9077,0.5757,6.8850,0.1379,0.1851,3.1387,0.1023,0.1023,0.0000,13342
14,24,straight_goal,0.01,0.003,0.0,0.12,left_gain_loss,null_probe,g0.60_1.00_s0.02,0.0200,1.2575,0.4549,12.8550,0.0494,0.1086,1.4211,0.0128,0.0385,0.0257,14343
14,24,straight_goal,0.01,0.003,0.0,0.12,left_gain_loss,unpaired_null,g0.60_1.00_s0.10,0.1000,1.5904,0.4069,12.8550,0.0405,0.1948,2.6111,0.0085,0.0326,0.0241,14344
14,24,straight_goal,0.01,0.003,0.0,0.12,left_gain_loss,random_probe,g0.60_1.00_s0.10,0.1000,1.6323,0.4289,6.2820,0.3141,0.3324,4.9638,0.0103,0.0144,0.0042,14345
14,24,straight_goal,0.01,0.003,0.0,0.12,left_gain_loss,task_greedy,g0.60_1.00_s0.02,0.0200,1.7956,0.1965,12.4238,1.2931,1.2950,16.4431,0.0063,0.0192,0.0129,14346
14,24,straight_goal,0.01,0.003,0.0,0.12,left_gain_loss,fisher_grid,g0.60_1.00_s0.02,0.0200,0.3049,0.9318,16.2000,0.3610,0.3468,3.7059,0.0125,0.0129,0.0004,14347
14,24,straight_goal,0.01,0.003,0.0,0.12,left_gain_loss,constrained_fisher,g0.60_1.00_s0.02,0.0200,1.2495,0.4864,18.5288,0.1160,0.1137,1.8977,0.0217,0.1273,0.1055,14348
14,24,straight_goal,0.01,0.003,0.0,0.12,right_gain_loss,null_probe,g1.00_0.60_s0.02,0.0200,0.6386,0.8412,12.8550,0.0587,0.1147,1.4836,0.0349,0.0357,0.0008,14349
14,24,straight_goal,0.01,0.003,0.0,0.12,right_gain_loss,unpaired_null,g1.00_0.60_s0.02,0.0200,0.9856,0.4730,12.8550,0.0262,0.2917,3.7044,0.0503,0.0293,-0.0210,14350
14,24,straight_goal,0.01,0.003,0.0,0.12,right_gain_loss,random_probe,g1.00_0.60_s0.02,0.0200,1.5349,0.3656,5.6202,0.3166,0.3380,5.5206,0.0157,0.0193,0.0036,14351
14,24,straight_goal,0.01,0.003,0.0,0.12,right_gain_loss,task_greedy,g1.00_0.75_s0.20,0.3100,1.7941,0.2604,12.4430,1.2879,1.2751,16.2890,0.0033,0.0144,0.0110,14352
14,24,straight_goal,0.01,0.003,0.0,0.12,right_gain_loss,fisher_grid,g1.00_0.60_s0.02,0.0200,0.8915,0.5995,16.2000,0.4010,0.3769,3.7324,0.0163,0.0114,-0.0049,14353
14,24,straight_goal,0.01,0.003,0.0,0.12,right_gain_loss,constrained_fisher,g1.00_0.60_s0.02,0.0200,0.3297,0.9223,17.9213,0.0935,0.1131,1.8676,0.0134,0.0172,0.0039,14354
14,24,straight_goal,0.01,0.003,0.0,0.12,symmetric_low_power,null_probe,g0.75_0.75_s0.02,0.0600,1.0460,0.4442,12.8550,0.0586,0.0857,1.0581,0.0359,0.0491,0.0132,14355
14,24,straight_goal,0.01,0.003,0.0,0.12,symmetric_low_power,unpaired_null,g0.75_0.75_s0.02,0.0600,1.1284,0.5709,12.8550,0.0219,0.2038,2.4337,0.0559,0.0614,0.0055,14356
14,24,straight_goal,0.01,0.003,0.0,0.12,symmetric_low_power,random_probe,g0.75_0.75_s0.10,0.1400,2.0657,0.2970,7.0318,0.0728,0.1281,1.4088,0.0604,0.0430,-0.0173,14357
14,24,straight_goal,0.01,0.003,0.0,0.12,symmetric_low_power,task_greedy,g0.75_0.75_s0.02,0.0600,1.7422,0.2749,11.7608,1.1886,1.2003,15.0484,0.0318,0.0889,0.0571,14358
14,24,straight_goal,0.01,0.003,0.0,0.12,symmetric_low_power,fisher_grid,g0.75_0.75_s0.02,0.0600,1.2966,0.4778,16.2000,0.2746,0.2763,2.9112,0.0309,0.1012,0.0703,14359
14,24,straight_goal,0.01,0.003,0.0,0.12,symmetric_low_power,constrained_fisher,g0.75_0.75_s0.02,0.0600,0.6303,0.8151,19.4400,0.0416,0.0917,1.2351,0.0224,0.0704,0.0480,14360
14,24,straight_goal,0.01,0.003,0.0,0.12,high_slip,null_probe,g1.00_1.00_s0.20,0.0000,0.6803,0.8214,12.8550,0.0429,0.1414,1.7132,0.1583,0.1583,0.0000,14361
14,24,straight_goal,0.01,0.003,0.0,0.12,high_slip,unpaired_null,g1.00_1.00_s0.20,0.0000,1.5532,0.3802,12.8550,0.1156,0.3118,4.2253,0.0213,0.0213,0.0000,14362
14,24,straight_goal,0.01,0.003,0.0,0.12,high_slip,random_probe,g0.90_1.00_s0.20,0.1000,1.3848,0.4016,6.5063,0.5900,0.6059,8.2760,0.1106,0.0624,-0.0482,14363
14,24,straight_goal,0.01,0.003,0.0,0.12,high_slip,task_greedy,g1.00_1.00_s0.02,0.1800,2.3288,0.1594,11.7613,1.7014,1.6981,21.3021,0.0242,0.0242,0.0000,14364
14,24,straight_goal,0.01,0.003,0.0,0.12,high_slip,fisher_grid,g1.00_1.00_s0.20,0.0000,0.5603,0.8180,16.2000,0.4437,0.4173,4.7834,0.0373,0.0373,0.0000,14365
14,24,straight_goal,0.01,0.003,0.0,0.12,high_slip,constrained_fisher,g1.00_1.00_s0.20,0.0000,0.2448,0.9462,17.0100,0.1121,0.1568,2.4878,0.0209,0.0209,0.0000,14366
15,24,straight_goal,0.01,0.003,0.0,0.12,left_gain_loss,null_probe,g0.60_1.00_s0.02,0.0200,0.7261,0.7793,12.8550,0.0364,0.0979,1.1936,0.0209,0.0217,0.0009,15367
15,24,straight_goal,0.01,0.003,0.0,0.12,left_gain_loss,unpaired_null,g0.60_1.00_s0.02,0.0200,1.4542,0.3873,12.8550,0.0887,0.1923,2.6921,0.0379,0.0835,0.0456,15368
15,24,straight_goal,0.01,0.003,0.0,0.12,left_gain_loss,random_probe,g0.60_1.00_s0.02,0.0200,1.3599,0.4858,7.4188,0.0288,0.1960,3.2445,0.0247,0.0443,0.0196,15369
15,24,straight_goal,0.01,0.003,0.0,0.12,left_gain_loss,task_greedy,g0.60_1.00_s0.02,0.0200,1.6969,0.2435,12.4425,1.3005,1.2853,16.2828,0.0208,0.0268,0.0061,15370
15,24,straight_goal,0.01,0.003,0.0,0.12,left_gain_loss,fisher_grid,g0.60_1.00_s0.02,0.0200,0.4552,0.8796,16.2000,0.3667,0.3616,3.6583,0.0311,0.1012,0.0701,15371
15,24,straight_goal,0.01,0.003,0.0,0.12,left_gain_loss,constrained_fisher,g0.60_1.00_s0.02,0.0200,1.1711,0.4917,16.8075,0.1204,0.1066,1.9400,0.0448,0.0251,-0.0197,15372
15,24,straight_goal,0.01,0.003,0.0,0.12,right_gain_loss,null_probe,g1.00_0.60_s0.02,0.0200,1.2412,0.5685,12.8550,0.0496,0.1083,1.3467,0.0596,0.0304,-0.0292,15373
15,24,straight_goal,0.01,0.003,0.0,0.12,right_gain_loss,unpaired_null,g1.00_0.60_s0.10,0.1000,1.4778,0.5097,12.8550,0.0436,0.2740,3.4791,0.0221,0.0142,-0.0079,15374
15,24,straight_goal,0.01,0.003,0.0,0.12,right_gain_loss,random_probe,g1.00_0.60_s0.02,0.0200,1.6525,0.4164,5.4269,0.1970,0.2746,3.4489,0.0419,0.0575,0.0156,15375
15,24,straight_goal,0.01,0.003,0.0,0.12,right_gain_loss,task_greedy,g1.00_0.60_s0.20,0.2000,1.6828,0.2459,12.4397,1.3103,1.2955,16.4851,0.0220,0.1535,0.1315,15376
15,24,straight_goal,0.01,0.003,0.0,0.12,right_gain_loss,fisher_grid,g1.00_0.60_s0.02,0.0200,0.6060,0.8174,16.2000,0.3703,0.3568,3.5608,0.0754,0.0328,-0.0426,15377
15,24,straight_goal,0.01,0.003,0.0,0.12,right_gain_loss,constrained_fisher,g1.00_0.60_s0.02,0.0200,0.5521,0.8266,18.8325,0.0951,0.1114,1.5963,0.0256,0.0884,0.0628,15378
15,24,straight_goal,0.01,0.003,0.0,0.12,symmetric_low_power,null_probe,g0.75_0.75_s0.02,0.0600,1.2105,0.6017,12.8550,0.0270,0.0725,0.8379,0.0174,0.0442,0.0268,15379
15,24,straight_goal,0.01,0.003,0.0,0.12,symmetric_low_power,unpaired_null,g0.75_0.75_s0.10,0.1400,1.5912,0.4695,12.8550,0.0280,0.1897,2.1891,0.0351,0.0723,0.0372,15380
15,24,straight_goal,0.01,0.003,0.0,0.12,symmetric_low_power,random_probe,g0.75_0.75_s0.02,0.0600,1.9589,0.3440,6.5935,0.0788,0.1092,1.6260,0.0302,0.0800,0.0499,15381
15,24,straight_goal,0.01,0.003,0.0,0.12,symmetric_low_power,task_greedy,g0.75_0.75_s0.20,0.2400,1.4355,0.3107,11.7609,1.2024,1.2077,14.9229,0.0380,0.0628,0.0248,15382
15,24,straight_goal,0.01,0.003,0.0,0.12,symmetric_low_power,fisher_grid,g0.75_0.75_s0.02,0.0600,0.3019,0.9308,16.2000,0.2626,0.2937,3.2115,0.0251,0.0746,0.0495,15383
15,24,straight_goal,0.01,0.003,0.0,0.12,symmetric_low_power,constrained_fisher,g0.75_0.75_s0.02,0.0600,0.5575,0.8630,19.4400,0.0322,0.0862,1.0504,0.0149,0.1003,0.0854,15384
15,24,straight_goal,0.01,0.003,0.0,0.12,high_slip,null_probe,g1.00_1.00_s0.20,0.0000,0.8996,0.6717,12.8550,0.0986,0.1718,2.3013,0.1140,0.1140,0.0000,15385
15,24,straight_goal,0.01,0.003,0.0,0.12,high_slip,unpaired_null,g1.00_1.00_s0.20,0.0000,1.0748,0.6412,12.8550,0.0706,0.2768,3.3807,0.1164,0.1164,0.0000,15386
15,24,straight_goal,0.01,0.003,0.0,0.12,high_slip,random_probe,g1.00_1.00_s0.20,0.0000,0.8130,0.7502,6.6419,0.3673,0.3607,5.8051,0.0932,0.0932,0.0000,15387
15,24,straight_goal,0.01,0.003,0.0,0.12,high_slip,task_greedy,g1.00_1.00_s0.20,0.0000,1.7156,0.2789,11.7613,1.6799,1.6657,20.7771,0.1458,0.1458,0.0000,15388
15,24,straight_goal,0.01,0.003,0.0,0.12,high_slip,fisher_grid,g1.00_1.00_s0.20,0.0000,0.4766,0.8767,16.2000,0.4053,0.4075,4.4831,0.0400,0.0400,0.0000,15389
15,24,straight_goal,0.01,0.003,0.0,0.12,high_slip,constrained_fisher,g1.00_1.00_s0.20,0.0000,0.4666,0.8818,14.1750,0.1210,0.1411,2.4516,0.0370,0.0370,0.0000,15390
16,24,straight_goal,0.01,0.003,0.0,0.12,left_gain_loss,null_probe,g0.60_1.00_s0.02,0.0200,1.4366,0.3675,12.8550,0.0709,0.1096,1.3027,0.0242,0.0200,-0.0042,16391
16,24,straight_goal,0.01,0.003,0.0,0.12,left_gain_loss,unpaired_null,g0.60_1.00_s0.02,0.0200,1.2116,0.6246,12.8550,0.0459,0.1885,2.7984,0.0218,0.0109,-0.0109,16392
16,24,straight_goal,0.01,0.003,0.0,0.12,left_gain_loss,random_probe,g0.60_1.00_s0.02,0.0200,1.6470,0.4645,5.8860,0.0193,0.2391,2.6398,0.0404,0.0508,0.0104,16393
16,24,straight_goal,0.01,0.003,0.0,0.12,left_gain_loss,task_greedy,g0.60_1.00_s0.02,0.0200,1.7933,0.2036,12.4319,1.3162,1.2930,16.4794,0.0181,0.1326,0.1145,16394
16,24,straight_goal,0.01,0.003,0.0,0.12,left_gain_loss,fisher_grid,g0.60_1.00_s0.02,0.0200,0.6946,0.8113,16.2000,0.4163,0.3866,4.0675,0.0278,0.0315,0.0037,16395
16,24,straight_goal,0.01,0.003,0.0,0.12,left_gain_loss,constrained_fisher,g0.60_1.00_s0.02,0.0200,0.6583,0.6542,17.3138,0.1255,0.1111,1.8399,0.0467,0.0573,0.0105,16396
16,24,straight_goal,0.01,0.003,0.0,0.12,right_gain_loss,null_probe,g1.00_0.60_s0.02,0.0200,1.4687,0.4318,12.8550,0.0473,0.1154,1.5573,0.0232,0.0298,0.0066,16397
16,24,straight_goal,0.01,0.003,0.0,0.12,right_gain_loss,unpaired_null,g1.00_0.60_s0.02,0.0200,0.7553,0.7967,12.8550,0.0303,0.3034,3.8134,0.0227,0.0068,-0.0160,16398
16,24,straight_goal,0.01,0.003,0.0,0.12,right_gain_loss,random_probe,g1.00_0.60_s0.10,0.1000,1.5656,0.4709,7.3070,0.1632,0.1902,3.2488,0.0620,0.1711,0.1090,16399
16,24,straight_goal,0.01,0.003,0.0,0.12,right_gain_loss,task_greedy,g1.00_0.60_s0.02,0.0200,1.7917,0.2008,12.4314,1.3210,1.2873,16.3249,0.0292,0.0224,-0.0068,16400
16,24,straight_goal,0.01,0.003,0.0,0.12,right_gain_loss,fisher_grid,g1.00_0.60_s0.02,0.0200,0.3320,0.9224,16.2000,0.3773,0.3549,3.2973,0.0226,0.0281,0.0056,16401
16,24,straight_goal,0.01,0.003,0.0,0.12,right_gain_loss,constrained_fisher,g1.00_0.60_s0.02,0.0200,0.0837,0.9868,19.1363,0.0833,0.1010,1.3559,0.0135,0.0553,0.0418,16402
16,24,straight_goal,0.01,0.003,0.0,0.12,symmetric_low_power,null_probe,g0.60_0.60_s0.20,0.4200,2.0851,0.2510,12.8550,0.0190,0.0784,1.0255,0.0349,0.0583,0.0233,16403
16,24,straight_goal,0.01,0.003,0.0,0.12,symmetric_low_power,unpaired_null,g0.75_0.75_s0.02,0.0600,0.8013,0.7057,12.8550,0.0092,0.2062,2.4179,0.0398,0.0386,-0.0012,16404
16,24,straight_goal,0.01,0.003,0.0,0.12,symmetric_low_power,random_probe,g0.75_0.75_s0.02,0.0600,1.3532,0.5916,7.3689,0.1215,0.1831,2.5843,0.0392,0.0570,0.0178,16405
16,24,straight_goal,0.01,0.003,0.0,0.12,symmetric_low_power,task_greedy,g0.75_0.75_s0.20,0.2400,1.4184,0.3103,11.7616,1.2291,1.2255,15.5305,0.0824,0.0408,-0.0416,16406
16,24,straight_goal,0.01,0.003,0.0,0.12,symmetric_low_power,fisher_grid,g0.75_0.75_s0.02,0.0600,0.4688,0.8921,16.2000,0.2609,0.2663,2.7956,0.0472,0.0375,-0.0098,16407
16,24,straight_goal,0.01,0.003,0.0,0.12,symmetric_low_power,constrained_fisher,g0.75_0.75_s0.02,0.0600,0.3507,0.9237,19.1363,0.0756,0.0973,1.4643,0.0238,0.1005,0.0768,16408
16,24,straight_goal,0.01,0.003,0.0,0.12,high_slip,null_probe,g1.00_1.00_s0.10,0.1000,1.2940,0.4536,12.8550,0.0431,0.1092,1.4515,0.1337,0.1337,0.0000,16409
16,24,straight_goal,0.01,0.003,0.0,0.12,high_slip,unpaired_null,g1.00_1.00_s0.20,0.0000,0.4060,0.8919,12.8550,0.0971,0.2850,3.5502,0.1163,0.1163,0.0000,16410
16,24,straight_goal,0.01,0.003,0.0,0.12,high_slip,random_probe,g0.90_1.00_s0.20,0.1000,1.3952,0.4828,6.7533,0.5259,0.5345,7.0188,0.1393,0.0991,-0.0402,16411
16,24,straight_goal,0.01,0.003,0.0,0.12,high_slip,task_greedy,g1.00_1.00_s0.02,0.1800,2.1332,0.1640,11.7609,1.6850,1.6713,20.8816,0.1754,0.1754,0.0000,16412
16,24,straight_goal,0.01,0.003,0.0,0.12,high_slip,fisher_grid,g1.00_1.00_s0.20,0.0000,0.3092,0.9269,16.2000,0.4042,0.4004,4.4728,0.1901,0.1901,0.0000,16413
16,24,straight_goal,0.01,0.003,0.0,0.12,high_slip,constrained_fisher,g1.00_1.00_s0.20,0.0000,1.5204,0.4388,8.1000,0.1463,0.1536,3.2109,0.1617,0.1617,0.0000,16414
17,24,straight_goal,0.01,0.003,0.0,0.12,left_gain_loss,null_probe,g0.60_1.00_s0.02,0.0200,1.4874,0.3830,12.8550,0.0675,0.1086,1.3935,0.0644,0.0236,-0.0408,17415
17,24,straight_goal,0.01,0.003,0.0,0.12,left_gain_loss,unpaired_null,g0.60_1.00_s0.02,0.0200,0.5798,0.8423,12.8550,0.0904,0.1767,2.5616,0.0093,0.0182,0.0089,17416
17,24,straight_goal,0.01,0.003,0.0,0.12,left_gain_loss,random_probe,g0.60_1.00_s0.02,0.0200,0.9570,0.6979,6.3020,0.1339,0.2940,3.3871,0.0286,0.0417,0.0131,17417
17,24,straight_goal,0.01,0.003,0.0,0.12,left_gain_loss,task_greedy,g0.60_1.00_s0.02,0.0200,1.7498,0.2292,12.4343,1.2620,1.2683,16.1116,0.0236,0.1501,0.1265,17418
17,24,straight_goal,0.01,0.003,0.0,0.12,left_gain_loss,fisher_grid,g0.60_1.00_s0.02,0.0200,0.2971,0.9284,16.2000,0.3975,0.3758,3.9024,0.0596,0.0464,-0.0132,17419
17,24,straight_goal,0.01,0.003,0.0,0.12,left_gain_loss,constrained_fisher,g0.60_1.00_s0.02,0.0200,1.6695,0.3119,18.2250,0.1287,0.1113,1.7820,0.0283,0.0234,-0.0048,17420
17,24,straight_goal,0.01,0.003,0.0,0.12,right_gain_loss,null_probe,g1.00_0.60_s0.02,0.0200,1.2700,0.5232,12.8550,0.0398,0.0795,1.0422,0.0190,0.0391,0.0201,17421
17,24,straight_goal,0.01,0.003,0.0,0.12,right_gain_loss,unpaired_null,g1.00_0.60_s0.02,0.0200,1.2859,0.5227,12.8550,0.0477,0.2775,3.3983,0.0272,0.0266,-0.0006,17422
17,24,straight_goal,0.01,0.003,0.0,0.12,right_gain_loss,random_probe,g0.90_0.60_s0.02,0.1200,1.8712,0.3531,5.7362,0.2954,0.4027,4.9360,0.0165,0.0287,0.0122,17423
17,24,straight_goal,0.01,0.003,0.0,0.12,right_gain_loss,task_greedy,g1.00_0.60_s0.02,0.0200,1.5287,0.2975,12.4290,1.2850,1.2868,16.4201,0.0310,0.0040,-0.0270,17424
17,24,straight_goal,0.01,0.003,0.0,0.12,right_gain_loss,fisher_grid,g1.00_0.60_s0.02,0.0200,0.7917,0.7565,16.2000,0.3555,0.3653,3.6760,0.0947,0.0166,-0.0781,17425
17,24,straight_goal,0.01,0.003,0.0,0.12,right_gain_loss,constrained_fisher,g1.00_0.60_s0.02,0.0200,0.2920,0.9283,19.1363,0.1069,0.1041,1.5385,0.0177,0.0122,-0.0055,17426
17,24,straight_goal,0.01,0.003,0.0,0.12,symmetric_low_power,null_probe,g0.75_0.75_s0.02,0.0600,2.0086,0.3359,12.8550,0.0245,0.0746,1.0190,0.0166,0.0750,0.0584,17427
17,24,straight_goal,0.01,0.003,0.0,0.12,symmetric_low_power,unpaired_null,g0.75_0.75_s0.10,0.1400,1.6650,0.4095,12.8550,0.0487,0.2249,2.7297,0.0526,0.0723,0.0196,17428
17,24,straight_goal,0.01,0.003,0.0,0.12,symmetric_low_power,random_probe,g0.75_0.75_s0.02,0.0600,1.5672,0.4745,6.8847,0.3828,0.4117,4.9038,0.0113,0.0545,0.0432,17429
17,24,straight_goal,0.01,0.003,0.0,0.12,symmetric_low_power,task_greedy,g0.75_0.75_s0.20,0.2400,1.5919,0.2958,11.7609,1.2116,1.2047,15.0567,0.0234,0.0796,0.0562,17430
17,24,straight_goal,0.01,0.003,0.0,0.12,symmetric_low_power,fisher_grid,g0.75_0.75_s0.02,0.0600,0.8220,0.7419,16.2000,0.2759,0.2859,3.0959,0.0430,0.0699,0.0269,17431
17,24,straight_goal,0.01,0.003,0.0,0.12,symmetric_low_power,constrained_fisher,g0.75_0.60_s0.02,0.1500,1.0385,0.5908,19.4400,0.0081,0.0778,1.0344,0.0266,0.0516,0.0250,17432
17,24,straight_goal,0.01,0.003,0.0,0.12,high_slip,null_probe,g1.00_1.00_s0.20,0.0000,1.2785,0.4978,12.8550,0.1020,0.1335,1.7036,0.0380,0.0380,0.0000,17433
17,24,straight_goal,0.01,0.003,0.0,0.12,high_slip,unpaired_null,g1.00_1.00_s0.20,0.0000,0.1450,0.9743,12.8550,0.0672,0.2649,3.3258,0.0249,0.0249,0.0000,17434
17,24,straight_goal,0.01,0.003,0.0,0.12,high_slip,random_probe,g1.00_1.00_s0.20,0.0000,0.7955,0.7139,6.8301,0.1819,0.2061,2.7014,0.0872,0.0872,0.0000,17435
17,24,straight_goal,0.01,0.003,0.0,0.12,high_slip,task_greedy,g1.00_1.00_s0.20,0.0000,2.0787,0.2215,11.7613,1.6325,1.6522,20.8264,0.0923,0.0923,0.0000,17436
17,24,straight_goal,0.01,0.003,0.0,0.12,high_slip,fisher_grid,g1.00_1.00_s0.20,0.0000,0.7610,0.7554,16.2000,0.3602,0.3406,4.5407,0.0530,0.0530,0.0000,17437
17,24,straight_goal,0.01,0.003,0.0,0.12,high_slip,constrained_fisher,g1.00_1.00_s0.20,0.0000,0.7239,0.8082,6.0750,0.1968,0.1825,3.8374,0.1482,0.1482,0.0000,17438
18,24,straight_goal,0.01,0.003,0.0,0.12,left_gain_loss,null_probe,g0.60_1.00_s0.02,0.0200,0.8436,0.7675,12.8550,0.0467,0.0938,1.0315,0.0334,0.0363,0.0029,18439
18,24,straight_goal,0.01,0.003,0.0,0.12,left_gain_loss,unpaired_null,g0.60_1.00_s0.02,0.0200,1.0846,0.5700,12.8550,0.0267,0.1935,2.6060,0.0428,0.0168,-0.0260,18440
18,24,straight_goal,0.01,0.003,0.0,0.12,left_gain_loss,random_probe,g0.60_1.00_s0.02,0.0200,0.7517,0.7808,8.4470,0.5842,0.5900,7.8340,0.0334,0.0363,0.0029,18441
18,24,straight_goal,0.01,0.003,0.0,0.12,left_gain_loss,task_greedy,g0.60_1.00_s0.20,0.2000,1.6363,0.3290,12.4628,1.3221,1.3073,16.7714,0.0265,0.1753,0.1488,18442
18,24,straight_goal,0.01,0.003,0.0,0.12,left_gain_loss,fisher_grid,g0.60_1.00_s0.02,0.0200,0.4629,0.8665,16.2000,0.3766,0.3728,3.9339,0.0160,0.0150,-0.0010,18443
18,24,straight_goal,0.01,0.003,0.0,0.12,left_gain_loss,constrained_fisher,g0.60_1.00_s0.02,0.0200,0.3152,0.9322,19.4400,0.0464,0.0969,1.3373,0.0256,0.0162,-0.0094,18444
18,24,straight_goal,0.01,0.003,0.0,0.12,right_gain_loss,null_probe,g1.00_0.60_s0.02,0.0200,0.9890,0.6985,12.8550,0.0616,0.0964,1.1742,0.0248,0.0115,-0.0133,18445
18,24,straight_goal,0.01,0.003,0.0,0.12,right_gain_loss,unpaired_null,g1.00_0.60_s0.02,0.0200,0.7830,0.7878,12.8550,0.0578,0.3155,4.0262,0.0249,0.0248,-0.0002,18446
18,24,straight_goal,0.01,0.003,0.0,0.12,right_gain_loss,random_probe,g1.00_0.75_s0.02,0.1300,1.4045,0.4407,7.0238,0.1485,0.2799,3.9087,0.0208,0.0169,-0.0039,18447
18,24,straight_goal,0.01,0.003,0.0,0.12,right_gain_loss,task_greedy,g0.90_0.60_s0.20,0.3000,1.7846,0.2349,12.4577,1.2656,1.2763,16.3251,0.0644,0.1030,0.0387,18448
18,24,straight_goal,0.01,0.003,0.0,0.12,right_gain_loss,fisher_grid,g1.00_0.60_s0.02,0.0200,0.6518,0.8134,16.2000,0.3538,0.3759,3.5616,0.0145,0.0792,0.0646,18449
18,24,straight_goal,0.01,0.003,0.0,0.12,right_gain_loss,constrained_fisher,g1.00_0.60_s0.02,0.0200,0.0607,0.9907,19.4400,0.0507,0.0997,1.2616,0.0294,0.0070,-0.0224,18450
18,24,straight_goal,0.01,0.003,0.0,0.12,symmetric_low_power,null_probe,g0.75_0.75_s0.02,0.0600,1.8983,0.3855,12.8550,0.0149,0.0691,0.8125,0.0319,0.0603,0.0283,18451
18,24,straight_goal,0.01,0.003,0.0,0.12,symmetric_low_power,unpaired_null,g0.75_0.75_s0.10,0.1400,1.1265,0.4814,12.8550,0.0191,0.1992,2.4138,0.0574,0.0323,-0.0251,18452
18,24,straight_goal,0.01,0.003,0.0,0.12,symmetric_low_power,random_probe,g0.75_0.75_s0.02,0.0600,1.5898,0.4113,5.7999,0.2558,0.2341,2.7699,0.0470,0.0850,0.0380,18453
18,24,straight_goal,0.01,0.003,0.0,0.12,symmetric_low_power,task_greedy,g0.75_0.75_s0.20,0.2400,1.8349,0.2641,11.7613,1.2442,1.2299,15.4688,0.0422,0.0542,0.0119,18454
18,24,straight_goal,0.01,0.003,0.0,0.12,symmetric_low_power,fisher_grid,g0.75_0.75_s0.02,0.0600,0.7742,0.6541,16.2000,0.2783,0.2694,2.8268,0.0163,0.0647,0.0484,18455
18,24,straight_goal,0.01,0.003,0.0,0.12,symmetric_low_power,constrained_fisher,g0.75_0.75_s0.02,0.0600,0.1685,0.9656,19.4400,0.0160,0.0830,1.0127,0.0537,0.0495,-0.0042,18456
18,24,straight_goal,0.01,0.003,0.0,0.12,high_slip,null_probe,g1.00_1.00_s0.20,0.0000,0.5791,0.8445,12.8550,0.2260,0.2609,2.8470,0.1021,0.1021,0.0000,18457
18,24,straight_goal,0.01,0.003,0.0,0.12,high_slip,unpaired_null,g1.00_1.00_s0.10,0.1000,1.5567,0.4221,12.8550,0.1279,0.2839,3.5178,0.2004,0.2004,0.0000,18458
18,24,straight_goal,0.01,0.003,0.0,0.12,high_slip,random_probe,g1.00_1.00_s0.20,0.0000,1.1213,0.6378,5.7596,0.3400,0.3770,5.3070,0.2237,0.2237,0.0000,18459
18,24,straight_goal,0.01,0.003,0.0,0.12,high_slip,task_greedy,g1.00_1.00_s0.02,0.1800,1.6464,0.2869,11.7618,1.6536,1.6667,20.7860,0.0895,0.0895,0.0000,18460
18,24,straight_goal,0.01,0.003,0.0,0.12,high_slip,fisher_grid,g1.00_1.00_s0.20,0.0000,0.3270,0.9274,16.2000,0.4247,0.4096,4.9535,0.0328,0.0328,0.0000,18461
18,24,straight_goal,0.01,0.003,0.0,0.12,high_slip,constrained_fisher,g1.00_1.00_s0.20,0.0000,1.2221,0.6041,6.0750,0.1382,0.1391,2.9951,0.0770,0.0770,0.0000,18462
19,24,straight_goal,0.01,0.003,0.0,0.12,left_gain_loss,null_probe,g0.60_1.00_s0.02,0.0200,1.5770,0.4414,12.8550,0.0309,0.0864,0.9835,0.0417,0.0688,0.0271,19463
19,24,straight_goal,0.01,0.003,0.0,0.12,left_gain_loss,unpaired_null,g0.60_0.90_s0.02,0.1200,1.3535,0.4298,12.8550,0.0800,0.1660,2.1191,0.0125,0.0182,0.0057,19464
19,24,straight_goal,0.01,0.003,0.0,0.12,left_gain_loss,random_probe,g0.60_1.00_s0.10,0.1000,1.6566,0.3998,5.9694,0.1936,0.2022,2.9401,0.0186,0.0298,0.0112,19465
19,24,straight_goal,0.01,0.003,0.0,0.12,left_gain_loss,task_greedy,g0.60_0.90_s0.02,0.1200,1.7977,0.2168,12.4292,1.3023,1.3011,16.4229,0.0569,0.0207,-0.0361,19466
19,24,straight_goal,0.01,0.003,0.0,0.12,left_gain_loss,fisher_grid,g0.60_1.00_s0.02,0.0200,1.1269,0.5423,16.2000,0.3750,0.3611,3.6950,0.0190,0.0119,-0.0071,19467
19,24,straight_goal,0.01,0.003,0.0,0.12,left_gain_loss,constrained_fisher,g0.60_1.00_s0.10,0.1000,0.7558,0.8125,14.3775,0.0957,0.1193,2.1380,0.0315,0.0369,0.0055,19468
19,24,straight_goal,0.01,0.003,0.0,0.12,right_gain_loss,null_probe,g1.00_0.60_s0.02,0.0200,0.9468,0.7127,12.8550,0.0916,0.1277,1.6512,0.0161,0.0181,0.0020,19469
19,24,straight_goal,0.01,0.003,0.0,0.12,right_gain_loss,unpaired_null,g1.00_0.60_s0.10,0.1000,0.9443,0.5216,12.8550,0.0650,0.3023,3.9958,0.0199,0.0271,0.0073,19470
19,24,straight_goal,0.01,0.003,0.0,0.12,right_gain_loss,random_probe,g1.00_0.60_s0.10,0.1000,2.4742,0.1651,4.2756,0.2487,0.2684,4.0210,0.0422,0.1716,0.1294,19471
19,24,straight_goal,0.01,0.003,0.0,0.12,right_gain_loss,task_greedy,g1.00_0.60_s0.02,0.0200,1.7257,0.2418,12.4422,1.2941,1.2780,16.3381,0.0879,0.0901,0.0022,19472
19,24,straight_goal,0.01,0.003,0.0,0.12,right_gain_loss,fisher_grid,g1.00_0.60_s0.02,0.0200,0.6199,0.8282,16.2000,0.3395,0.3633,3.6422,0.0149,0.0281,0.0132,19473
19,24,straight_goal,0.01,0.003,0.0,0.12,right_gain_loss,constrained_fisher,g1.00_0.60_s0.02,0.0200,0.2756,0.9471,19.4400,0.0383,0.0898,1.1769,0.0510,0.0509,-0.0001,19474
19,24,straight_goal,0.01,0.003,0.0,0.12,symmetric_low_power,null_probe,g0.75_0.75_s0.10,0.1400,1.8948,0.3844,12.8550,0.0293,0.0801,0.9902,0.0295,0.0675,0.0380,19475
19,24,straight_goal,0.01,0.003,0.0,0.12,symmetric_low_power,unpaired_null,g0.75_0.75_s0.02,0.0600,1.8235,0.3189,12.8550,0.0278,0.2039,2.4788,0.0509,0.0799,0.0290,19476
19,24,straight_goal,0.01,0.003,0.0,0.12,symmetric_low_power,random_probe,g0.75_0.75_s0.02,0.0600,2.2396,0.2450,6.3746,0.4678,0.4487,5.0056,0.0366,0.0485,0.0119,19477
19,24,straight_goal,0.01,0.003,0.0,0.12,symmetric_low_power,task_greedy,g0.75_0.75_s0.02,0.0600,1.3592,0.3165,11.7608,1.2427,1.2300,15.3284,0.0162,0.0485,0.0323,19478
19,24,straight_goal,0.01,0.003,0.0,0.12,symmetric_low_power,fisher_grid,g0.75_0.75_s0.02,0.0600,0.7878,0.7113,16.2000,0.2569,0.2664,2.8564,0.0247,0.0452,0.0206,19479
19,24,straight_goal,0.01,0.003,0.0,0.12,symmetric_low_power,constrained_fisher,g0.75_0.75_s0.02,0.0600,0.8935,0.6690,19.4400,0.0369,0.0866,1.0759,0.0521,0.0785,0.0264,19480
19,24,straight_goal,0.01,0.003,0.0,0.12,high_slip,null_probe,g1.00_1.00_s0.10,0.1000,1.8124,0.3153,12.8550,0.1055,0.1873,2.2837,0.2210,0.2210,0.0000,19481
19,24,straight_goal,0.01,0.003,0.0,0.12,high_slip,unpaired_null,g1.00_1.00_s0.20,0.0000,0.6778,0.8320,12.8550,0.0173,0.2766,3.2861,0.2631,0.2631,0.0000,19482
19,24,straight_goal,0.01,0.003,0.0,0.12,high_slip,random_probe,g1.00_1.00_s0.20,0.0000,0.9324,0.7232,6.8996,0.3475,0.3459,5.1536,0.0275,0.0275,0.0000,19483
19,24,straight_goal,0.01,0.003,0.0,0.12,high_slip,task_greedy,g1.00_1.00_s0.02,0.1800,1.4653,0.3051,11.7612,1.6636,1.6707,20.8814,0.1368,0.1368,0.0000,19484
19,24,straight_goal,0.01,0.003,0.0,0.12,high_slip,fisher_grid,g1.00_1.00_s0.20,0.0000,0.3157,0.9124,16.2000,0.2999,0.2989,3.9525,0.1597,0.1597,0.0000,19485
19,24,straight_goal,0.01,0.003,0.0,0.12,high_slip,constrained_fisher,g1.00_0.90_s0.20,0.1000,1.1546,0.4882,7.8975,0.1355,0.1955,2.8632,0.0577,0.0467,-0.0110,19486
20,24,straight_goal,0.01,0.003,0.0,0.12,left_gain_loss,null_probe,g0.60_1.00_s0.02,0.0200,1.1155,0.6125,12.8550,0.0546,0.0864,1.2074,0.0368,0.0431,0.0063,20487
20,24,straight_goal,0.01,0.003,0.0,0.12,left_gain_loss,unpaired_null,g0.60_1.00_s0.10,0.1000,1.3227,0.5343,12.8550,0.0665,0.2098,2.8641,0.0433,0.0496,0.0063,20488
20,24,straight_goal,0.01,0.003,0.0,0.12,left_gain_loss,random_probe,g0.60_1.00_s0.02,0.0200,1.5315,0.3990,6.2384,0.1535,0.1597,1.6016,0.0165,0.0274,0.0109,20489
20,24,straight_goal,0.01,0.003,0.0,0.12,left_gain_loss,task_greedy,g0.60_0.90_s0.02,0.1200,1.7814,0.2326,12.4385,1.2761,1.2966,16.5750,0.0286,0.1889,0.1603,20490
20,24,straight_goal,0.01,0.003,0.0,0.12,left_gain_loss,fisher_grid,g0.60_1.00_s0.02,0.0200,0.9327,0.5372,16.2000,0.3253,0.3457,3.6469,0.0386,0.0344,-0.0041,20491
20,24,straight_goal,0.01,0.003,0.0,0.12,left_gain_loss,constrained_fisher,g0.60_1.00_s0.02,0.0200,0.6068,0.8288,18.1238,0.0976,0.1069,1.8191,0.0211,0.0223,0.0013,20492
20,24,straight_goal,0.01,0.003,0.0,0.12,right_gain_loss,null_probe,g1.00_0.60_s0.02,0.0200,0.9045,0.7126,12.8550,0.0130,0.0910,1.0291,0.0354,0.0293,-0.0061,20493
20,24,straight_goal,0.01,0.003,0.0,0.12,right_gain_loss,unpaired_null,g1.00_0.75_s0.10,0.2100,1.5812,0.3991,12.8550,0.0151,0.3029,3.8253,0.0134,0.0208,0.0074,20494
20,24,straight_goal,0.01,0.003,0.0,0.12,right_gain_loss,random_probe,g1.00_0.60_s0.02,0.0200,1.9380,0.2772,6.0999,0.4656,0.4702,6.0351,0.0449,0.0195,-0.0254,20495
20,24,straight_goal,0.01,0.003,0.0,0.12,right_gain_loss,task_greedy,g1.00_0.60_s0.02,0.0200,1.6659,0.2750,12.4545,1.2998,1.2691,16.0992,0.0746,0.1365,0.0619,20496
20,24,straight_goal,0.01,0.003,0.0,0.12,right_gain_loss,fisher_grid,g1.00_0.60_s0.02,0.0200,0.6530,0.7447,16.2000,0.3359,0.3483,3.4646,0.0221,0.0258,0.0037,20497
20,24,straight_goal,0.01,0.003,0.0,0.12,right_gain_loss,constrained_fisher,g1.00_0.60_s0.02,0.0200,0.3567,0.9091,17.6175,0.1095,0.1200,1.8995,0.0120,0.0154,0.0034,20498
20,24,straight_goal,0.01,0.003,0.0,0.12,symmetric_low_power,null_probe,g0.75_0.75_s0.02,0.0600,2.0249,0.2808,12.8550,0.0203,0.0753,0.9842,0.0604,0.0424,-0.0180,20499
20,24,straight_goal,0.01,0.003,0.0,0.12,symmetric_low_power,unpaired_null,g0.75_0.75_s0.02,0.0600,0.9764,0.5137,12.8550,0.0323,0.2089,2.4467,0.0439,0.0789,0.0350,20500
20,24,straight_goal,0.01,0.003,0.0,0.12,symmetric_low_power,random_probe,g0.60_0.75_s0.02,0.1500,1.8770,0.3887,6.0810,0.1810,0.2177,3.8157,0.0166,0.0599,0.0433,20501
20,24,straight_goal,0.01,0.003,0.0,0.12,symmetric_low_power,task_greedy,g0.75_0.75_s0.02,0.0600,1.2638,0.3248,11.7611,1.2543,1.2283,15.4866,0.0311,0.0659,0.0347,20502
20,24,straight_goal,0.01,0.003,0.0,0.12,symmetric_low_power,fisher_grid,g0.75_0.75_s0.02,0.0600,0.7538,0.7461,16.2000,0.2291,0.2519,2.6530,0.0234,0.1040,0.0806,20503
20,24,straight_goal,0.01,0.003,0.0,0.12,symmetric_low_power,constrained_fisher,g0.75_0.75_s0.02,0.0600,0.2928,0.9353,19.4400,0.0169,0.0902,1.1166,0.0483,0.0344,-0.0139,20504
20,24,straight_goal,0.01,0.003,0.0,0.12,high_slip,null_probe,g1.00_1.00_s0.10,0.1000,1.0909,0.6041,12.8550,0.1307,0.1858,2.3269,0.1278,0.1278,0.0000,20505
20,24,straight_goal,0.01,0.003,0.0,0.12,high_slip,unpaired_null,g1.00_1.00_s0.20,0.0000,0.5081,0.8454,12.8550,0.0599,0.3126,3.8403,0.0723,0.0723,0.0000,20506
20,24,straight_goal,0.01,0.003,0.0,0.12,high_slip,random_probe,g1.00_1.00_s0.20,0.0000,0.8945,0.7044,6.8933,0.1614,0.3603,4.4982,0.1084,0.1084,0.0000,20507
20,24,straight_goal,0.01,0.003,0.0,0.12,high_slip,task_greedy,g0.90_0.90_s0.02,0.3800,2.0819,0.2292,11.7610,1.6268,1.6584,20.8291,0.0821,0.0874,0.0053,20508
20,24,straight_goal,0.01,0.003,0.0,0.12,high_slip,fisher_grid,g1.00_1.00_s0.20,0.0000,0.2115,0.9599,16.2000,0.3779,0.3840,4.7599,0.1615,0.1615,0.0000,20509
20,24,straight_goal,0.01,0.003,0.0,0.12,high_slip,constrained_fisher,g1.00_1.00_s0.20,0.0000,0.6078,0.7593,18.8325,0.1011,0.1446,2.6428,0.0595,0.0595,0.0000,20510
21,24,straight_goal,0.01,0.003,0.0,0.12,left_gain_loss,null_probe,g0.60_1.00_s0.02,0.0200,0.8251,0.7617,12.8550,0.0676,0.1033,1.3349,0.0167,0.2163,0.1996,21511
21,24,straight_goal,0.01,0.003,0.0,0.12,left_gain_loss,unpaired_null,g0.60_1.00_s0.02,0.0200,0.9680,0.4940,12.8550,0.0596,0.1859,2.6586,0.0072,0.0203,0.0131,21512
21,24,straight_goal,0.01,0.003,0.0,0.12,left_gain_loss,random_probe,g0.60_1.00_s0.02,0.0200,1.4813,0.4882,6.4852,0.0981,0.2184,1.9772,0.0652,0.0238,-0.0414,21513
21,24,straight_goal,0.01,0.003,0.0,0.12,left_gain_loss,task_greedy,g0.60_0.90_s0.20,0.3000,1.7954,0.2189,12.4126,1.2653,1.2796,16.1230,0.0265,0.0175,-0.0090,21514
21,24,straight_goal,0.01,0.003,0.0,0.12,left_gain_loss,fisher_grid,g0.60_1.00_s0.02,0.0200,0.3752,0.9165,16.2000,0.3712,0.3604,3.7306,0.0766,0.0499,-0.0267,21515
21,24,straight_goal,0.01,0.003,0.0,0.12,left_gain_loss,constrained_fisher,g0.60_1.00_s0.02,0.0200,0.9060,0.6659,19.1363,0.0809,0.1221,1.4980,0.0131,0.1731,0.1600,21516
21,24,straight_goal,0.01,0.003,0.0,0.12,right_gain_loss,null_probe,g1.00_0.60_s0.02,0.0200,1.1832,0.5564,12.8550,0.0635,0.1060,1.5083,0.0245,0.0226,-0.0019,21517
21,24,straight_goal,0.01,0.003,0.0,0.12,right_gain_loss,unpaired_null,g1.00_0.60_s0.02,0.0200,0.8232,0.7659,12.8550,0.0478,0.2840,3.5161,0.0480,0.1520,0.1040,21518
21,24,straight_goal,0.01,0.003,0.0,0.12,right_gain_loss,random_probe,g1.00_0.60_s0.02,0.0200,1.8340,0.3418,5.3660,0.2824,0.2783,4.0164,0.0321,0.0291,-0.0030,21519
21,24,straight_goal,0.01,0.003,0.0,0.12,right_gain_loss,task_greedy,g1.00_0.60_s0.02,0.0200,1.7285,0.2587,12.4347,1.2729,1.2768,16.2578,0.0135,0.1506,0.1372,21520
21,24,straight_goal,0.01,0.003,0.0,0.12,right_gain_loss,fisher_grid,g1.00_0.60_s0.02,0.0200,0.7488,0.7348,16.2000,0.3822,0.3941,3.8348,0.0208,0.0824,0.0616,21521
21,24,straight_goal,0.01,0.003,0.0,0.12,right_gain_loss,constrained_fisher,g1.00_0.60_s0.02,0.0200,0.2936,0.9272,19.4400,0.0504,0.1085,1.5721,0.0109,0.0236,0.0126,21522
21,24,straight_goal,0.01,0.003,0.0,0.12,symmetric_low_power,null_probe,g0.75_0.75_s0.02,0.0600,1.7111,0.3388,12.8550,0.0161,0.0843,1.0322,0.0362,0.1203,0.0841,21523
21,24,straight_goal,0.01,0.003,0.0,0.12,symmetric_low_power,unpaired_null,g0.75_0.75_s0.10,0.1400,1.2359,0.4458,12.8550,0.0293,0.1953,2.2321,0.0297,0.0457,0.0160,21524
21,24,straight_goal,0.01,0.003,0.0,0.12,symmetric_low_power,random_probe,g0.75_0.75_s0.02,0.0600,1.8504,0.3745,7.3113,0.2083,0.3011,4.5497,0.0547,0.0945,0.0398,21525
21,24,straight_goal,0.01,0.003,0.0,0.12,symmetric_low_power,task_greedy,g0.60_0.60_s0.02,0.2400,1.6242,0.2893,11.7613,1.2217,1.2131,15.2727,0.0073,0.0502,0.0429,21526
21,24,straight_goal,0.01,0.003,0.0,0.12,symmetric_low_power,fisher_grid,g0.75_0.75_s0.02,0.0600,0.5651,0.8539,16.2000,0.2528,0.2722,2.9317,0.0622,0.0718,0.0097,21527
21,24,straight_goal,0.01,0.003,0.0,0.12,symmetric_low_power,constrained_fisher,g0.75_0.75_s0.02,0.0600,0.3830,0.9093,19.4400,0.0345,0.0724,0.9008,0.0652,0.0657,0.0005,21528
21,24,straight_goal,0.01,0.003,0.0,0.12,high_slip,null_probe,g1.00_1.00_s0.20,0.0000,0.7096,0.8067,12.8550,0.0984,0.1722,2.0696,0.0135,0.0135,0.0000,21529
21,24,straight_goal,0.01,0.003,0.0,0.12,high_slip,unpaired_null,g1.00_1.00_s0.20,0.0000,0.8936,0.5988,12.8550,0.0858,0.2838,3.5196,0.0760,0.0760,0.0000,21530
21,24,straight_goal,0.01,0.003,0.0,0.12,high_slip,random_probe,g1.00_0.90_s0.20,0.1000,1.4664,0.4863,5.9236,0.3569,0.4096,4.7357,0.1202,0.1164,-0.0038,21531
21,24,straight_goal,0.01,0.003,0.0,0.12,high_slip,task_greedy,g1.00_1.00_s0.02,0.1800,1.2086,0.3273,11.7618,1.6478,1.6621,20.7576,0.2489,0.2489,0.0000,21532
21,24,straight_goal,0.01,0.003,0.0,0.12,high_slip,fisher_grid,g1.00_1.00_s0.20,0.0000,0.2205,0.9537,16.2000,0.5371,0.5338,6.1824,0.2227,0.2227,0.0000,21533
21,24,straight_goal,0.01,0.003,0.0,0.12,high_slip,constrained_fisher,g1.00_1.00_s0.20,0.0000,0.1549,0.9661,15.3900,0.1192,0.1419,2.6018,0.1103,0.1103,0.0000,21534
22,24,straight_goal,0.01,0.003,0.0,0.12,left_gain_loss,null_probe,g0.60_1.00_s0.10,0.1000,1.2040,0.5732,12.8550,0.0744,0.1062,1.3836,0.0194,0.0033,-0.0161,22535
22,24,straight_goal,0.01,0.003,0.0,0.12,left_gain_loss,unpaired_null,g0.60_1.00_s0.02,0.0200,0.9323,0.7411,12.8550,0.0706,0.1861,2.7136,0.0229,0.0230,0.0001,22536
22,24,straight_goal,0.01,0.003,0.0,0.12,left_gain_loss,random_probe,g0.60_0.90_s0.02,0.1200,1.5104,0.4188,6.9436,0.1489,0.2236,2.9687,0.0112,0.0711,0.0599,22537
22,24,straight_goal,0.01,0.003,0.0,0.12,left_gain_loss,task_greedy,g0.60_1.00_s0.02,0.0200,1.7998,0.2153,12.4278,1.3234,1.3110,16.7108,0.0247,0.0186,-0.0061,22538
22,24,straight_goal,0.01,0.003,0.0,0.12,left_gain_loss,fisher_grid,g0.60_1.00_s0.02,0.0200,0.8620,0.6581,16.2000,0.3070,0.3099,3.1994,0.0226,0.0542,0.0316,22539
22,24,straight_goal,0.01,0.003,0.0,0.12,left_gain_loss,constrained_fisher,g0.60_1.00_s0.02,0.0200,0.1419,0.9699,19.4400,0.0057,0.1040,1.2445,0.0694,0.0258,-0.0436,22540
22,24,straight_goal,0.01,0.003,0.0,0.12,right_gain_loss,null_probe,g1.00_0.60_s0.02,0.0200,0.7762,0.7697,12.8550,0.0574,0.0990,1.3547,0.0264,0.0577,0.0313,22541
22,24,straight_goal,0.01,0.003,0.0,0.12,right_gain_loss,unpaired_null,g1.00_0.60_s0.02,0.0200,1.3998,0.5412,12.8550,0.0569,0.3063,3.9853,0.0079,0.0076,-0.0003,22542
22,24,straight_goal,0.01,0.003,0.0,0.12,right_gain_loss,random_probe,g1.00_0.60_s0.02,0.0200,0.9006,0.6778,5.6432,0.1922,0.3830,4.2198,0.0891,0.0330,-0.0561,22543
22,24,straight_goal,0.01,0.003,0.0,0.12,right_gain_loss,task_greedy,g1.00_0.60_s0.20,0.2000,1.5871,0.2978,12.4250,1.3049,1.3023,16.5890,0.0171,0.0374,0.0203,22544
22,24,straight_goal,0.01,0.003,0.0,0.12,right_gain_loss,fisher_grid,g1.00_0.60_s0.02,0.0200,1.0355,0.5571,16.2000,0.3856,0.3565,3.5640,0.0191,0.0073,-0.0118,22545
22,24,straight_goal,0.01,0.003,0.0,0.12,right_gain_loss,constrained_fisher,g1.00_0.60_s0.02,0.0200,0.1415,0.9759,18.8325,0.1030,0.1106,1.8311,0.0650,0.0263,-0.0387,22546
22,24,straight_goal,0.01,0.003,0.0,0.12,symmetric_low_power,null_probe,g0.75_0.75_s0.02,0.0600,2.0377,0.2390,12.8550,0.0065,0.0767,1.0446,0.0468,0.0785,0.0316,22547
22,24,straight_goal,0.01,0.003,0.0,0.12,symmetric_low_power,unpaired_null,g0.75_0.75_s0.10,0.1400,1.1659,0.5293,12.8550,0.0322,0.2151,2.5805,0.0491,0.0931,0.0440,22548
22,24,straight_goal,0.01,0.003,0.0,0.12,symmetric_low_power,random_probe,g0.75_0.75_s0.02,0.0600,1.7802,0.4338,6.3280,0.3406,0.3365,5.4786,0.0268,0.0453,0.0185,22549
22,24,straight_goal,0.01,0.003,0.0,0.12,symmetric_low_power,task_greedy,g0.75_0.75_s0.02,0.0600,2.0047,0.2271,11.7613,1.2254,1.2253,15.4754,0.0326,0.0439,0.0113,22550
22,24,straight_goal,0.01,0.003,0.0,0.12,symmetric_low_power,fisher_grid,g0.75_0.75_s0.02,0.0600,0.4901,0.8345,16.2000,0.2745,0.2679,2.9930,0.0346,0.0340,-0.0006,22551
22,24,straight_goal,0.01,0.003,0.0,0.12,symmetric_low_power,constrained_fisher,g0.75_0.75_s0.02,0.0600,0.5897,0.8468,19.4400,0.0265,0.0884,1.1301,0.0634,0.0618,-0.0016,22552
22,24,straight_goal,0.01,0.003,0.0,0.12,high_slip,null_probe,g1.00_1.00_s0.20,0.0000,0.5955,0.8543,12.8550,0.1304,0.2354,2.3574,0.0923,0.0923,0.0000,22553
22,24,straight_goal,0.01,0.003,0.0,0.12,high_slip,unpaired_null,g1.00_1.00_s0.20,0.0000,0.3217,0.9250,12.8550,0.0632,0.3181,3.8042,0.1654,0.1654,0.0000,22554
22,24,straight_goal,0.01,0.003,0.0,0.12,high_slip,random_probe,g1.00_1.00_s0.20,0.0000,0.7239,0.8053,6.6520,0.5101,0.4989,6.8906,0.0504,0.0504,0.0000,22555
22,24,straight_goal,0.01,0.003,0.0,0.12,high_slip,task_greedy,g1.00_1.00_s0.20,0.0000,1.7883,0.2704,11.7625,1.7154,1.6906,20.9632,0.0700,0.0700,0.0000,22556
22,24,straight_goal,0.01,0.003,0.0,0.12,high_slip,fisher_grid,g1.00_1.00_s0.20,0.0000,0.0774,0.9874,16.2000,0.4642,0.4892,5.6101,0.1210,0.1210,0.0000,22557
22,24,straight_goal,0.01,0.003,0.0,0.12,high_slip,constrained_fisher,g1.00_1.00_s0.20,0.0000,1.5345,0.3734,6.0750,0.1363,0.1448,3.0261,0.0399,0.0399,0.0000,22558
23,24,straight_goal,0.01,0.003,0.0,0.12,left_gain_loss,null_probe,g0.60_1.00_s0.02,0.0200,1.4472,0.3637,12.8550,0.0330,0.1080,1.3483,0.0301,0.0253,-0.0049,23559
23,24,straight_goal,0.01,0.003,0.0,0.12,left_gain_loss,unpaired_null,g0.60_1.00_s0.02,0.0200,1.1932,0.4804,12.8550,0.0839,0.1811,2.5632,0.0285,0.0312,0.0028,23560
23,24,straight_goal,0.01,0.003,0.0,0.12,left_gain_loss,random_probe,g0.60_1.00_s0.10,0.1000,2.0143,0.2808,5.4442,0.2217,0.2777,4.1706,0.1005,0.0314,-0.0691,23561
23,24,straight_goal,0.01,0.003,0.0,0.12,left_gain_loss,task_greedy,g0.60_1.00_s0.02,0.0200,1.7111,0.2460,12.4316,1.2554,1.2693,16.1044,0.0234,0.0460,0.0226,23562
23,24,straight_goal,0.01,0.003,0.0,0.12,left_gain_loss,fisher_grid,g0.60_1.00_s0.02,0.0200,0.4569,0.8894,16.2000,0.3762,0.3689,3.8292,0.0596,0.0450,-0.0146,23563
23,24,straight_goal,0.01,0.003,0.0,0.12,left_gain_loss,constrained_fisher,g0.60_1.00_s0.02,0.0200,1.7268,0.3786,14.3775,0.1249,0.1169,1.9697,0.0585,0.0273,-0.0312,23564
23,24,straight_goal,0.01,0.003,0.0,0.12,right_gain_loss,null_probe,g1.00_0.60_s0.02,0.0200,0.8527,0.7325,12.8550,0.0536,0.1189,1.5432,0.0122,0.0286,0.0164,23565
23,24,straight_goal,0.01,0.003,0.0,0.12,right_gain_loss,unpaired_null,g1.00_0.60_s0.02,0.0200,0.8124,0.7267,12.8550,0.0486,0.2690,3.2695,0.0321,0.0179,-0.0142,23566
23,24,straight_goal,0.01,0.003,0.0,0.12,right_gain_loss,random_probe,g1.00_0.60_s0.10,0.1000,1.6665,0.4290,6.3376,0.2006,0.3680,3.9633,0.0292,0.0775,0.0484,23567
23,24,straight_goal,0.01,0.003,0.0,0.12,right_gain_loss,task_greedy,g1.00_0.60_s0.02,0.0200,1.5356,0.2847,12.4610,1.2617,1.2803,16.4502,0.0227,0.0135,-0.0092,23568
23,24,straight_goal,0.01,0.003,0.0,0.12,right_gain_loss,fisher_grid,g1.00_0.60_s0.02,0.0200,0.5349,0.8359,16.2000,0.3575,0.3602,3.5803,0.0756,0.0050,-0.0705,23569
23,24,straight_goal,0.01,0.003,0.0,0.12,right_gain_loss,constrained_fisher,g1.00_0.60_s0.02,0.0200,0.1160,0.9810,17.7188,0.1262,0.1164,1.6758,0.0311,0.0221,-0.0090,23570
23,24,straight_goal,0.01,0.003,0.0,0.12,symmetric_low_power,null_probe,g0.75_0.75_s0.02,0.0600,1.9694,0.2787,12.8550,0.0675,0.0921,1.3085,0.0361,0.0704,0.0342,23571
23,24,straight_goal,0.01,0.003,0.0,0.12,symmetric_low_power,unpaired_null,g0.75_0.75_s0.02,0.0600,1.0037,0.6621,12.8550,0.0644,0.2369,3.0796,0.0216,0.0867,0.0651,23572
23,24,straight_goal,0.01,0.003,0.0,0.12,symmetric_low_power,random_probe,g0.75_0.75_s0.10,0.1400,1.7451,0.3622,6.8655,0.4210,0.4192,4.3189,0.0323,0.0707,0.0384,23573
23,24,straight_goal,0.01,0.003,0.0,0.12,symmetric_low_power,task_greedy,g0.75_0.75_s0.02,0.0600,1.9448,0.2418,11.7619,1.2258,1.2198,15.2455,0.0347,0.0460,0.0113,23574
23,24,straight_goal,0.01,0.003,0.0,0.12,symmetric_low_power,fisher_grid,g0.75_0.75_s0.02,0.0600,1.0539,0.5896,16.2000,0.2752,0.2763,2.8988,0.0583,0.0703,0.0120,23575
23,24,straight_goal,0.01,0.003,0.0,0.12,symmetric_low_power,constrained_fisher,g0.75_0.60_s0.10,0.2300,1.1345,0.5585,19.4400,0.0252,0.0768,0.9447,0.0558,0.0450,-0.0109,23576
23,24,straight_goal,0.01,0.003,0.0,0.12,high_slip,null_probe,g1.00_1.00_s0.20,0.0000,0.7442,0.7317,12.8550,0.0562,0.1718,2.1885,0.1059,0.1059,0.0000,23577
23,24,straight_goal,0.01,0.003,0.0,0.12,high_slip,unpaired_null,g1.00_1.00_s0.20,0.0000,0.7161,0.5978,12.8550,0.0609,0.3171,4.1610,0.1441,0.1441,0.0000,23578
23,24,straight_goal,0.01,0.003,0.0,0.12,high_slip,random_probe,g1.00_1.00_s0.10,0.1000,2.0873,0.2500,6.9025,0.3165,0.3884,5.0987,0.0333,0.0333,0.0000,23579
23,24,straight_goal,0.01,0.003,0.0,0.12,high_slip,task_greedy,g1.00_1.00_s0.02,0.1800,1.9728,0.2428,11.7611,1.7019,1.6903,21.1887,0.0972,0.0972,0.0000,23580
23,24,straight_goal,0.01,0.003,0.0,0.12,high_slip,fisher_grid,g1.00_1.00_s0.20,0.0000,0.6933,0.6443,16.2000,0.3207,0.3379,4.0440,0.0354,0.0354,0.0000,23581
23,24,straight_goal,0.01,0.003,0.0,0.12,high_slip,constrained_fisher,g1.00_1.00_s0.20,0.0000,0.7448,0.6505,7.4925,0.1232,0.1681,3.0654,0.0515,0.0515,0.0000,23582
24,24,straight_goal,0.01,0.003,0.0,0.12,left_gain_loss,null_probe,g0.60_1.00_s0.02,0.0200,1.1930,0.5422,12.8550,0.0485,0.1050,1.3908,0.0204,0.0216,0.0012,24583
24,24,straight_goal,0.01,0.003,0.0,0.12,left_gain_loss,unpaired_null,g0.60_0.90_s0.10,0.2000,1.5352,0.3636,12.8550,0.0398,0.1912,2.6889,0.0725,0.0102,-0.0624,24584
24,24,straight_goal,0.01,0.003,0.0,0.12,left_gain_loss,random_probe,g0.75_1.00_s0.02,0.1300,1.6166,0.4058,6.9668,0.2520,0.2687,4.1963,0.0218,0.1884,0.1666,24585
24,24,straight_goal,0.01,0.003,0.0,0.12,left_gain_loss,task_greedy,g0.60_1.00_s0.02,0.0200,1.6202,0.2976,12.4196,1.2949,1.2723,16.1113,0.0234,0.0557,0.0323,24586
24,24,straight_goal,0.01,0.003,0.0,0.12,left_gain_loss,fisher_grid,g0.60_1.00_s0.02,0.0200,1.1809,0.6260,16.2000,0.3626,0.3594,3.8770,0.0178,0.1772,0.1594,24587
24,24,straight_goal,0.01,0.003,0.0,0.12,left_gain_loss,constrained_fisher,g0.60_1.00_s0.02,0.0200,0.2000,0.9528,18.8325,0.0960,0.1202,1.7036,0.0281,0.0142,-0.0139,24588
24,24,straight_goal,0.01,0.003,0.0,0.12,right_gain_loss,null_probe,g1.00_0.60_s0.02,0.0200,0.9229,0.6434,12.8550,0.0774,0.1178,1.4640,0.0736,0.1078,0.0341,24589
24,24,straight_goal,0.01,0.003,0.0,0.12,right_gain_loss,unpaired_null,g1.00_0.60_s0.02,0.0200,1.0720,0.5931,12.8550,0.0321,0.2854,3.4805,0.1022,0.0132,-0.0890,24590
24,24,straight_goal,0.01,0.003,0.0,0.12,right_gain_loss,random_probe,g1.00_0.60_s0.02,0.0200,1.8366,0.2217,6.5934,0.1784,0.1754,2.1977,0.0817,0.1375,0.0558,24591
24,24,straight_goal,0.01,0.003,0.0,0.12,right_gain_loss,task_greedy,g1.00_0.60_s0.20,0.2000,1.5600,0.2956,12.4294,1.3125,1.3051,16.6522,0.0188,0.0117,-0.0071,24592
24,24,straight_goal,0.01,0.003,0.0,0.12,right_gain_loss,fisher_grid,g1.00_0.60_s0.02,0.0200,0.7140,0.7772,16.2000,0.3496,0.3582,3.3530,0.0324,0.0429,0.0105,24593
24,24,straight_goal,0.01,0.003,0.0,0.12,right_gain_loss,constrained_fisher,g1.00_0.60_s0.02,0.0200,0.4360,0.8947,18.8325,0.1154,0.1167,1.7420,0.0174,0.0242,0.0068,24594
24,24,straight_goal,0.01,0.003,0.0,0.12,symmetric_low_power,null_probe,g0.75_0.75_s0.10,0.1400,1.5168,0.4367,12.8550,0.0398,0.1033,1.2242,0.0684,0.0675,-0.0009,24595
24,24,straight_goal,0.01,0.003,0.0,0.12,symmetric_low_power,unpaired_null,g0.75_0.75_s0.10,0.1400,1.0956,0.5471,12.8550,0.0359,0.2118,2.5708,0.0527,0.0621,0.0093,24596
24,24,straight_goal,0.01,0.003,0.0,0.12,symmetric_low_power,random_probe,g0.75_0.75_s0.10,0.1400,2.5311,0.2039,5.1897,0.3334,0.3396,4.5518,0.0255,0.0596,0.0342,24597
24,24,straight_goal,0.01,0.003,0.0,0.12,symmetric_low_power,task_greedy,g0.75_0.75_s0.02,0.0600,1.2928,0.3225,11.7614,1.2150,1.2216,15.2663,0.0453,0.0596,0.0143,24598
24,24,straight_goal,0.01,0.003,0.0,0.12,symmetric_low_power,fisher_grid,g0.75_0.75_s0.02,0.0600,0.2426,0.9420,16.2000,0.2728,0.2651,2.8283,0.0442,0.0407,-0.0035,24599
24,24,straight_goal,0.01,0.003,0.0,0.12,symmetric_low_power,constrained_fisher,g0.75_0.75_s0.02,0.0600,0.7167,0.7070,19.4400,0.0249,0.0785,0.9830,0.0145,0.1019,0.0874,24600
24,24,straight_goal,0.01,0.003,0.0,0.12,high_slip,null_probe,g1.00_1.00_s0.02,0.1800,1.9208,0.2709,12.8550,0.1462,0.1806,2.6176,0.1405,0.1405,0.0000,24601
24,24,straight_goal,0.01,0.003,0.0,0.12,high_slip,unpaired_null,g1.00_1.00_s0.20,0.0000,0.0947,0.9845,12.8550,0.0384,0.2795,3.3941,0.1954,0.1954,0.0000,24602
24,24,straight_goal,0.01,0.003,0.0,0.12,high_slip,random_probe,g1.00_1.00_s0.20,0.0000,1.2157,0.5013,6.3410,0.3743,0.3953,5.5177,0.0728,0.0728,0.0000,24603
24,24,straight_goal,0.01,0.003,0.0,0.12,high_slip,task_greedy,g0.90_0.90_s0.20,0.2000,2.2483,0.1895,11.7614,1.6591,1.6875,21.0654,0.0911,0.0960,0.0049,24604
24,24,straight_goal,0.01,0.003,0.0,0.12,high_slip,fisher_grid,g1.00_1.00_s0.20,0.0000,0.5120,0.8660,16.2000,0.4638,0.4692,4.6284,0.1158,0.1158,0.0000,24605
24,24,straight_goal,0.01,0.003,0.0,0.12,high_slip,constrained_fisher,g1.00_1.00_s0.20,0.0000,0.7870,0.6915,19.4400,0.0769,0.1623,2.1244,0.1406,0.1406,0.0000,24606
25,24,straight_goal,0.01,0.003,0.0,0.12,left_gain_loss,null_probe,g0.60_1.00_s0.02,0.0200,1.2255,0.5750,12.8550,0.0418,0.0903,1.1115,0.0238,0.0291,0.0053,25607
25,24,straight_goal,0.01,0.003,0.0,0.12,left_gain_loss,unpaired_null,g0.60_1.00_s0.02,0.0200,1.1059,0.5153,12.8550,0.0269,0.1664,2.3027,0.0081,0.0114,0.0034,25608
25,24,straight_goal,0.01,0.003,0.0,0.12,left_gain_loss,random_probe,g0.60_1.00_s0.02,0.0200,1.1309,0.6410,6.9568,0.0635,0.2145,2.5191,0.0152,0.0160,0.0008,25609
25,24,straight_goal,0.01,0.003,0.0,0.12,left_gain_loss,task_greedy,g0.60_1.00_s0.02,0.0200,1.6132,0.2741,12.4447,1.3021,1.2895,16.4306,0.0243,0.0238,-0.0005,25610
25,24,straight_goal,0.01,0.003,0.0,0.12,left_gain_loss,fisher_grid,g0.60_1.00_s0.10,0.1000,0.5889,0.8588,16.2000,0.3174,0.3267,3.4387,0.0327,0.0336,0.0010,25611
25,24,straight_goal,0.01,0.003,0.0,0.12,left_gain_loss,constrained_fisher,g0.75_0.90_s0.02,0.2300,0.6616,0.8270,18.8325,0.1107,0.1079,1.7444,0.0411,0.0231,-0.0180,25612
25,24,straight_goal,0.01,0.003,0.0,0.12,right_gain_loss,null_probe,g1.00_0.60_s0.02,0.0200,1.2303,0.5735,12.8550,0.0654,0.1234,1.5707,0.0163,0.0185,0.0022,25613
25,24,straight_goal,0.01,0.003,0.0,0.12,right_gain_loss,unpaired_null,g1.00_0.60_s0.10,0.1000,1.5921,0.4123,12.8550,0.0829,0.2982,3.9307,0.0269,0.0114,-0.0155,25614
25,24,straight_goal,0.01,0.003,0.0,0.12,right_gain_loss,random_probe,g1.00_0.60_s0.02,0.0200,1.8536,0.3129,5.3295,0.1157,0.2737,2.7379,0.0888,0.0188,-0.0701,25615
25,24,straight_goal,0.01,0.003,0.0,0.12,right_gain_loss,task_greedy,g0.90_0.60_s0.02,0.1200,1.7793,0.2318,12.4231,1.2770,1.2818,16.3513,0.0181,0.0116,-0.0065,25616
25,24,straight_goal,0.01,0.003,0.0,0.12,right_gain_loss,fisher_grid,g1.00_0.60_s0.02,0.0200,0.2069,0.9552,16.2000,0.3791,0.3701,3.5321,0.0305,0.0208,-0.0097,25617
25,24,straight_goal,0.01,0.003,0.0,0.12,right_gain_loss,constrained_fisher,g1.00_0.60_s0.02,0.0200,0.2294,0.9509,18.5288,0.0961,0.1160,1.7345,0.0585,0.0324,-0.0261,25618
25,24,straight_goal,0.01,0.003,0.0,0.12,symmetric_low_power,null_probe,g0.75_0.75_s0.10,0.1400,1.7415,0.2742,12.8550,0.0243,0.0772,0.9786,0.0294,0.0913,0.0618,25619
25,24,straight_goal,0.01,0.003,0.0,0.12,symmetric_low_power,unpaired_null,g0.75_0.75_s0.02,0.0600,1.3772,0.4958,12.8550,0.0255,0.2155,2.5868,0.0356,0.0996,0.0640,25620
25,24,straight_goal,0.01,0.003,0.0,0.12,symmetric_low_power,random_probe,g0.75_0.75_s0.10,0.1400,2.2054,0.2398,5.3300,0.2855,0.3528,5.8802,0.0555,0.0435,-0.0120,25621
25,24,straight_goal,0.01,0.003,0.0,0.12,symmetric_low_power,task_greedy,g0.75_0.75_s0.02,0.0600,1.9275,0.2432,11.7611,1.1814,1.1948,15.0831,0.0114,0.0451,0.0337,25622
25,24,straight_goal,0.01,0.003,0.0,0.12,symmetric_low_power,fisher_grid,g0.75_0.75_s0.02,0.0600,0.4203,0.8811,16.2000,0.2443,0.2627,2.7130,0.0504,0.0806,0.0302,25623
25,24,straight_goal,0.01,0.003,0.0,0.12,symmetric_low_power,constrained_fisher,g0.75_0.75_s0.02,0.0600,0.2885,0.9390,19.4400,0.0110,0.0705,0.9036,0.0303,0.0946,0.0643,25624
25,24,straight_goal,0.01,0.003,0.0,0.12,high_slip,null_probe,g1.00_1.00_s0.20,0.0000,0.4649,0.8848,12.8550,0.1238,0.1582,2.0818,0.0970,0.0970,0.0000,25625
25,24,straight_goal,0.01,0.003,0.0,0.12,high_slip,unpaired_null,g1.00_1.00_s0.10,0.1000,1.2538,0.4957,12.8550,0.1388,0.3110,4.6097,0.0216,0.0216,0.0000,25626
25,24,straight_goal,0.01,0.003,0.0,0.12,high_slip,random_probe,g1.00_1.00_s0.20,0.0000,0.7826,0.7269,5.1097,0.1375,0.2372,3.6882,0.0812,0.0812,0.0000,25627
25,24,straight_goal,0.01,0.003,0.0,0.12,high_slip,task_greedy,g1.00_1.00_s0.20,0.0000,1.7926,0.2655,11.7614,1.6772,1.6632,20.9893,0.1443,0.1443,0.0000,25628
25,24,straight_goal,0.01,0.003,0.0,0.12,high_slip,fisher_grid,g1.00_1.00_s0.20,0.0000,1.0360,0.6650,16.2000,0.3481,0.3565,4.3754,0.2588,0.2588,0.0000,25629
25,24,straight_goal,0.01,0.003,0.0,0.12,high_slip,constrained_fisher,g1.00_1.00_s0.10,0.1000,0.9319,0.5358,18.8325,0.0725,0.1379,2.3572,0.1121,0.1121,0.0000,25630
26,24,straight_goal,0.01,0.003,0.0,0.12,left_gain_loss,null_probe,g0.60_1.00_s0.02,0.0200,1.7194,0.3873,12.8550,0.0577,0.0993,1.2210,0.0273,0.0459,0.0186,26631
26,24,straight_goal,0.01,0.003,0.0,0.12,left_gain_loss,unpaired_null,g0.60_1.00_s0.10,0.1000,1.8705,0.3336,12.8550,0.0362,0.1858,2.5900,0.0217,0.0776,0.0559,26632
26,24,straight_goal,0.01,0.003,0.0,0.12,left_gain_loss,random_probe,g0.60_1.00_s0.10,0.1000,1.9414,0.2840,6.6762,0.0646,0.1935,2.5691,0.0327,0.1486,0.1158,26633
26,24,straight_goal,0.01,0.003,0.0,0.12,left_gain_loss,task_greedy,g0.60_1.00_s0.02,0.0200,1.8127,0.2548,12.4285,1.3002,1.2935,16.4496,0.0621,0.0550,-0.0071,26634
26,24,straight_goal,0.01,0.003,0.0,0.12,left_gain_loss,fisher_grid,g0.60_1.00_s0.10,0.1000,0.9459,0.6911,16.2000,0.3515,0.3582,3.9122,0.0425,0.0480,0.0055,26635
26,24,straight_goal,0.01,0.003,0.0,0.12,left_gain_loss,constrained_fisher,g0.60_1.00_s0.02,0.0200,0.6650,0.8421,18.8325,0.1030,0.1015,1.7903,0.0349,0.0357,0.0008,26636
26,24,straight_goal,0.01,0.003,0.0,0.12,right_gain_loss,null_probe,g1.00_0.60_s0.02,0.0200,1.1763,0.4596,12.8550,0.0247,0.0988,1.3074,0.0238,0.0203,-0.0035,26637
26,24,straight_goal,0.01,0.003,0.0,0.12,right_gain_loss,unpaired_null,g1.00_0.60_s0.02,0.0200,1.2630,0.5077,12.8550,0.0343,0.2815,3.5125,0.0146,0.0157,0.0011,26638
26,24,straight_goal,0.01,0.003,0.0,0.12,right_gain_loss,random_probe,g1.00_0.60_s0.02,0.0200,1.3986,0.5040,5.6501,0.1705,0.2006,2.8551,0.0182,0.0162,-0.0020,26639
26,24,straight_goal,0.01,0.003,0.0,0.12,right_gain_loss,task_greedy,g0.90_0.60_s0.02,0.1200,1.8185,0.1721,12.4363,1.3109,1.2846,16.4177,0.0295,0.2139,0.1844,26640
26,24,straight_goal,0.01,0.003,0.0,0.12,right_gain_loss,fisher_grid,g1.00_0.60_s0.02,0.0200,0.7161,0.7931,16.2000,0.3774,0.3591,3.5446,0.0302,0.0587,0.0285,26641
26,24,straight_goal,0.01,0.003,0.0,0.12,right_gain_loss,constrained_fisher,g1.00_0.60_s0.10,0.1000,0.8504,0.7100,17.9213,0.0931,0.1127,1.8451,0.0499,0.0190,-0.0309,26642
26,24,straight_goal,0.01,0.003,0.0,0.12,symmetric_low_power,null_probe,g0.75_0.75_s0.02,0.0600,1.5394,0.5376,12.8550,0.0655,0.0788,1.1043,0.0515,0.0314,-0.0201,26643
26,24,straight_goal,0.01,0.003,0.0,0.12,symmetric_low_power,unpaired_null,g0.75_0.75_s0.02,0.0600,1.5129,0.3890,12.8550,0.0120,0.2078,2.5276,0.0634,0.0456,-0.0178,26644
26,24,straight_goal,0.01,0.003,0.0,0.12,symmetric_low_power,random_probe,g0.75_0.75_s0.02,0.0600,1.3911,0.5797,7.5838,0.1568,0.1832,2.5841,0.0571,0.0703,0.0132,26645
26,24,straight_goal,0.01,0.003,0.0,0.12,symmetric_low_power,task_greedy,g0.60_0.60_s0.20,0.4200,1.4590,0.3062,11.7611,1.2292,1.2196,15.4077,0.0219,0.0323,0.0104,26646
26,24,straight_goal,0.01,0.003,0.0,0.12,symmetric_low_power,fisher_grid,g0.75_0.75_s0.02,0.0600,1.1709,0.4365,16.2000,0.2600,0.2725,2.9797,0.0474,0.0799,0.0326,26647
26,24,straight_goal,0.01,0.003,0.0,0.12,symmetric_low_power,constrained_fisher,g0.75_0.75_s0.02,0.0600,0.2732,0.9419,19.1363,0.0565,0.0905,1.2408,0.0316,0.0626,0.0309,26648
26,24,straight_goal,0.01,0.003,0.0,0.12,high_slip,null_probe,g0.90_1.00_s0.20,0.1000,1.7565,0.3226,12.8550,0.2234,0.2651,3.2610,0.0375,0.1710,0.1335,26649
26,24,straight_goal,0.01,0.003,0.0,0.12,high_slip,unpaired_null,g1.00_1.00_s0.20,0.0000,0.2985,0.9370,12.8550,0.0997,0.3308,4.2563,0.1420,0.1420,0.0000,26650
26,24,straight_goal,0.01,0.003,0.0,0.12,high_slip,random_probe,g1.00_1.00_s0.20,0.0000,1.3522,0.4337,5.3646,0.1764,0.2156,3.3778,0.0609,0.0609,0.0000,26651
26,24,straight_goal,0.01,0.003,0.0,0.12,high_slip,task_greedy,g1.00_1.00_s0.02,0.1800,1.3685,0.3145,11.7623,1.6929,1.7007,21.3866,0.1442,0.1442,0.0000,26652
26,24,straight_goal,0.01,0.003,0.0,0.12,high_slip,fisher_grid,g1.00_1.00_s0.20,0.0000,0.5098,0.8702,16.2000,0.3852,0.3630,4.1792,0.1737,0.1737,0.0000,26653
26,24,straight_goal,0.01,0.003,0.0,0.12,high_slip,constrained_fisher,g0.90_1.00_s0.20,0.1000,1.2383,0.4389,10.1250,0.1267,0.1906,3.0757,0.0151,0.0613,0.0462,26654
27,24,straight_goal,0.01,0.003,0.0,0.12,left_gain_loss,null_probe,g0.60_1.00_s0.02,0.0200,0.7062,0.7843,12.8550,0.0395,0.1046,1.1585,0.0286,0.0220,-0.0066,27655
27,24,straight_goal,0.01,0.003,0.0,0.12,left_gain_loss,unpaired_null,g0.60_1.00_s0.02,0.0200,1.5226,0.3356,12.8550,0.0513,0.1949,2.7865,0.0414,0.0186,-0.0228,27656
27,24,straight_goal,0.01,0.003,0.0,0.12,left_gain_loss,random_probe,g0.60_1.00_s0.02,0.0200,1.0757,0.4612,6.9929,0.0832,0.1662,1.8058,0.0365,0.0277,-0.0088,27657
27,24,straight_goal,0.01,0.003,0.0,0.12,left_gain_loss,task_greedy,g0.60_1.00_s0.20,0.2000,1.8002,0.2020,12.4159,1.2532,1.2809,16.3710,0.0656,0.0777,0.0121,27658
27,24,straight_goal,0.01,0.003,0.0,0.12,left_gain_loss,fisher_grid,g0.60_1.00_s0.10,0.1000,0.5908,0.8519,16.2000,0.3468,0.3490,3.6235,0.0388,0.0346,-0.0042,27659
27,24,straight_goal,0.01,0.003,0.0,0.12,left_gain_loss,constrained_fisher,g0.60_1.00_s0.02,0.0200,0.4325,0.9026,19.1363,0.0632,0.1050,1.4682,0.0278,0.0161,-0.0116,27660
27,24,straight_goal,0.01,0.003,0.0,0.12,right_gain_loss,null_probe,g1.00_0.60_s0.02,0.0200,1.2247,0.5822,12.8550,0.0794,0.1093,1.3887,0.0123,0.0245,0.0123,27661
27,24,straight_goal,0.01,0.003,0.0,0.12,right_gain_loss,unpaired_null,g0.90_0.60_s0.02,0.1200,1.2118,0.4102,12.8550,0.0483,0.2822,3.5497,0.0547,0.1121,0.0574,27662
27,24,straight_goal,0.01,0.003,0.0,0.12,right_gain_loss,random_probe,g1.00_0.60_s0.02,0.0200,1.1788,0.6533,5.4308,0.1570,0.1731,1.8089,0.1162,0.0462,-0.0700,27663
27,24,straight_goal,0.01,0.003,0.0,0.12,right_gain_loss,task_greedy,g1.00_0.60_s0.02,0.0200,1.8004,0.1929,12.4306,1.2819,1.3010,16.4569,0.0481,0.0266,-0.0216,27664
27,24,straight_goal,0.01,0.003,0.0,0.12,right_gain_loss,fisher_grid,g1.00_0.60_s0.02,0.0200,0.1742,0.9679,16.2000,0.3610,0.3400,3.2539,0.0656,0.0662,0.0007,27665
27,24,straight_goal,0.01,0.003,0.0,0.12,right_gain_loss,constrained_fisher,g1.00_0.60_s0.02,0.0200,1.1731,0.4181,17.2125,0.0846,0.1143,2.1236,0.0240,0.0092,-0.0148,27666
27,24,straight_goal,0.01,0.003,0.0,0.12,symmetric_low_power,null_probe,g0.75_0.60_s0.02,0.1500,1.8086,0.3531,12.8550,0.0306,0.0675,0.8225,0.0157,0.0805,0.0648,27667
27,24,straight_goal,0.01,0.003,0.0,0.12,symmetric_low_power,unpaired_null,g0.75_0.75_s0.02,0.0600,1.1234,0.6504,12.8550,0.0514,0.2123,2.5829,0.0317,0.0835,0.0519,27668
27,24,straight_goal,0.01,0.003,0.0,0.12,symmetric_low_power,random_probe,g0.75_0.75_s0.02,0.0600,2.0328,0.2792,7.1056,0.0522,0.2050,2.7493,0.0134,0.0601,0.0467,27669
27,24,straight_goal,0.01,0.003,0.0,0.12,symmetric_low_power,task_greedy,g0.75_0.75_s0.20,0.2400,1.5930,0.2911,11.7616,1.2275,1.2048,15.2682,0.0202,0.0344,0.0142,27670
27,24,straight_goal,0.01,0.003,0.0,0.12,symmetric_low_power,fisher_grid,g0.75_0.75_s0.02,0.0600,1.1146,0.5421,16.2000,0.2604,0.2598,2.7495,0.0314,0.0378,0.0064,27671
27,24,straight_goal,0.01,0.003,0.0,0.12,symmetric_low_power,constrained_fisher,g0.75_0.75_s0.02,0.0600,0.7609,0.7667,19.4400,0.0358,0.0951,1.1749,0.0227,0.0696,0.0469,27672
27,24,straight_goal,0.01,0.003,0.0,0.12,high_slip,null_probe,g1.00_1.00_s0.20,0.0000,0.9083,0.7112,12.8550,0.1472,0.1787,2.6770,0.1304,0.1304,0.0000,27673
27,24,straight_goal,0.01,0.003,0.0,0.12,high_slip,unpaired_null,g1.00_1.00_s0.20,0.0000,0.8113,0.6846,12.8550,0.0089,0.2806,3.3588,0.1193,0.1193,0.0000,27674
27,24,straight_goal,0.01,0.003,0.0,0.12,high_slip,random_probe,g1.00_1.00_s0.10,0.1000,1.7912,0.2896,5.9575,0.4411,0.4387,8.0165,0.0901,0.0901,0.0000,27675
27,24,straight_goal,0.01,0.003,0.0,0.12,high_slip,task_greedy,g1.00_1.00_s0.02,0.1800,1.1604,0.3302,11.7607,1.7242,1.7113,21.3709,0.0415,0.0415,0.0000,27676
27,24,straight_goal,0.01,0.003,0.0,0.12,high_slip,fisher_grid,g1.00_1.00_s0.20,0.0000,0.6401,0.7649,16.2000,0.4115,0.3991,4.8445,0.0161,0.0161,0.0000,27677
27,24,straight_goal,0.01,0.003,0.0,0.12,high_slip,constrained_fisher,g1.00_1.00_s0.20,0.0000,0.4022,0.9114,11.5425,0.1205,0.1557,2.7340,0.1731,0.1731,0.0000,27678
28,24,straight_goal,0.01,0.003,0.0,0.12,left_gain_loss,null_probe,g0.60_1.00_s0.02,0.0200,1.6882,0.4027,12.8550,0.0496,0.1192,1.3491,0.0225,0.0201,-0.0024,28679
28,24,straight_goal,0.01,0.003,0.0,0.12,left_gain_loss,unpaired_null,g0.60_1.00_s0.02,0.0200,0.8060,0.7625,12.8550,0.1097,0.1912,2.7857,0.0315,0.0610,0.0295,28680
28,24,straight_goal,0.01,0.003,0.0,0.12,left_gain_loss,random_probe,g0.60_1.00_s0.02,0.0200,2.0284,0.3082,4.5827,0.1041,0.1730,2.2952,0.0130,0.0081,-0.0048,28681
28,24,straight_goal,0.01,0.003,0.0,0.12,left_gain_loss,task_greedy,g0.60_1.00_s0.02,0.0200,1.4519,0.3085,12.4451,1.2700,1.2805,16.3598,0.0395,0.0978,0.0583,28682
28,24,straight_goal,0.01,0.003,0.0,0.12,left_gain_loss,fisher_grid,g0.60_1.00_s0.02,0.0200,0.5092,0.8723,16.2000,0.3558,0.3771,4.0121,0.0109,0.0166,0.0057,28683
28,24,straight_goal,0.01,0.003,0.0,0.12,left_gain_loss,constrained_fisher,g0.60_1.00_s0.02,0.0200,0.3253,0.9207,18.8325,0.0884,0.1088,1.5526,0.0149,0.0245,0.0097,28684
28,24,straight_goal,0.01,0.003,0.0,0.12,right_gain_loss,null_probe,g1.00_0.60_s0.02,0.0200,1.8584,0.3294,12.8550,0.0563,0.1065,1.3284,0.0335,0.0368,0.0033,28685
28,24,straight_goal,0.01,0.003,0.0,0.12,right_gain_loss,unpaired_null,g1.00_0.60_s0.10,0.1000,1.2857,0.5340,12.8550,0.0645,0.2717,3.4672,0.0406,0.0425,0.0019,28686
28,24,straight_goal,0.01,0.003,0.0,0.12,right_gain_loss,random_probe,g1.00_0.60_s0.02,0.0200,1.2421,0.5608,6.6789,0.4958,0.5058,5.2873,0.0163,0.0166,0.0002,28687
28,24,straight_goal,0.01,0.003,0.0,0.12,right_gain_loss,task_greedy,g1.00_0.60_s0.20,0.2000,1.8431,0.1936,12.4367,1.2633,1.2780,16.2404,0.0169,0.0275,0.0106,28688
28,24,straight_goal,0.01,0.003,0.0,0.12,right_gain_loss,fisher_grid,g1.00_0.60_s0.02,0.0200,0.6951,0.8009,16.2000,0.3508,0.3779,3.6393,0.0157,0.0178,0.0021,28689
28,24,straight_goal,0.01,0.003,0.0,0.12,right_gain_loss,constrained_fisher,g1.00_0.60_s0.02,0.0200,0.7043,0.6121,19.4400,0.0429,0.1009,1.3086,0.0945,0.1558,0.0613,28690
28,24,straight_goal,0.01,0.003,0.0,0.12,symmetric_low_power,null_probe,g0.75_0.75_s0.02,0.0600,1.3048,0.6073,12.8550,0.0325,0.0773,1.0296,0.0347,0.0566,0.0220,28691
28,24,straight_goal,0.01,0.003,0.0,0.12,symmetric_low_power,unpaired_null,g0.75_0.75_s0.10,0.1400,1.2521,0.5001,12.8550,0.0066,0.2098,2.5046,0.0610,0.0742,0.0132,28692
28,24,straight_goal,0.01,0.003,0.0,0.12,symmetric_low_power,random_probe,g0.75_0.75_s0.02,0.0600,1.5925,0.4940,7.1133,0.0597,0.1512,2.4228,0.0559,0.0984,0.0426,28693
28,24,straight_goal,0.01,0.003,0.0,0.12,symmetric_low_power,task_greedy,g0.75_0.75_s0.02,0.0600,1.4571,0.3084,11.7613,1.2223,1.2066,15.1602,0.0280,0.0221,-0.0059,28694
28,24,straight_goal,0.01,0.003,0.0,0.12,symmetric_low_power,fisher_grid,g0.75_0.75_s0.02,0.0600,1.0032,0.7269,16.2000,0.2781,0.2575,2.7356,0.0157,0.0750,0.0594,28695
28,24,straight_goal,0.01,0.003,0.0,0.12,symmetric_low_power,constrained_fisher,g0.75_0.75_s0.02,0.0600,0.8582,0.6957,19.1363,0.0501,0.0931,1.3242,0.0429,0.0881,0.0452,28696
28,24,straight_goal,0.01,0.003,0.0,0.12,high_slip,null_probe,g1.00_0.90_s0.10,0.2000,1.7980,0.3299,12.8550,0.1354,0.2350,3.2275,0.1812,0.0847,-0.0965,28697
28,24,straight_goal,0.01,0.003,0.0,0.12,high_slip,unpaired_null,g1.00_1.00_s0.20,0.0000,0.5403,0.8603,12.8550,0.0429,0.3085,4.2502,0.1167,0.1167,0.0000,28698
28,24,straight_goal,0.01,0.003,0.0,0.12,high_slip,random_probe,g1.00_1.00_s0.20,0.0000,1.5178,0.4414,6.9571,0.2606,0.2132,2.8896,0.2170,0.2170,0.0000,28699
28,24,straight_goal,0.01,0.003,0.0,0.12,high_slip,task_greedy,g1.00_1.00_s0.02,0.1800,1.2586,0.3237,11.7611,1.6618,1.6778,20.9389,0.0337,0.0337,0.0000,28700
28,24,straight_goal,0.01,0.003,0.0,0.12,high_slip,fisher_grid,g1.00_1.00_s0.20,0.0000,0.3464,0.9145,16.2000,0.4036,0.4143,4.1341,0.2392,0.2392,0.0000,28701
28,24,straight_goal,0.01,0.003,0.0,0.12,high_slip,constrained_fisher,g1.00_1.00_s0.20,0.0000,0.7123,0.7849,6.0750,0.1143,0.1555,3.3673,0.0140,0.0140,0.0000,28702
29,24,straight_goal,0.01,0.003,0.0,0.12,left_gain_loss,null_probe,g0.60_1.00_s0.02,0.0200,0.9589,0.6912,12.8550,0.0487,0.1030,1.2518,0.0083,0.0184,0.0101,29703
29,24,straight_goal,0.01,0.003,0.0,0.12,left_gain_loss,unpaired_null,g0.60_1.00_s0.02,0.0200,1.1218,0.6443,12.8550,0.0834,0.1791,2.4250,0.0131,0.0137,0.0006,29704
29,24,straight_goal,0.01,0.003,0.0,0.12,left_gain_loss,random_probe,g0.60_1.00_s0.10,0.1000,1.7471,0.3343,6.1877,0.2594,0.3578,5.3197,0.0295,0.0152,-0.0143,29705
29,24,straight_goal,0.01,0.003,0.0,0.12,left_gain_loss,task_greedy,g0.60_1.00_s0.02,0.0200,1.7409,0.2471,12.4607,1.3111,1.2977,16.5020,0.0314,0.0274,-0.0040,29706
29,24,straight_goal,0.01,0.003,0.0,0.12,left_gain_loss,fisher_grid,g0.60_1.00_s0.02,0.0200,0.9006,0.6237,16.2000,0.3385,0.3459,3.7505,0.0099,0.0189,0.0090,29707
29,24,straight_goal,0.01,0.003,0.0,0.12,left_gain_loss,constrained_fisher,g0.60_1.00_s0.02,0.0200,0.3204,0.9373,18.1238,0.0914,0.1096,1.7125,0.0067,0.0981,0.0914,29708
29,24,straight_goal,0.01,0.003,0.0,0.12,right_gain_loss,null_probe,g1.00_0.60_s0.02,0.0200,1.2008,0.5719,12.8550,0.0741,0.0869,1.2628,0.0859,0.0207,-0.0651,29709
29,24,straight_goal,0.01,0.003,0.0,0.12,right_gain_loss,unpaired_null,g1.00_0.60_s0.02,0.0200,1.0312,0.6764,12.8550,0.0645,0.2893,3.6501,0.0230,0.0213,-0.0017,29710
29,24,straight_goal,0.01,0.003,0.0,0.12,right_gain_loss,random_probe,g1.00_0.60_s0.10,0.1000,1.8449,0.4165,5.5841,0.0675,0.1992,2.4272,0.0506,0.0174,-0.0332,29711
29,24,straight_goal,0.01,0.003,0.0,0.12,right_gain_loss,task_greedy,g1.00_0.60_s0.20,0.2000,1.7757,0.2187,12.4378,1.2822,1.2792,16.4978,0.0165,0.1494,0.1329,29712
29,24,straight_goal,0.01,0.003,0.0,0.12,right_gain_loss,fisher_grid,g1.00_0.60_s0.02,0.0200,0.2773,0.9438,16.2000,0.3827,0.3752,3.7745,0.0165,0.0260,0.0095,29713
29,24,straight_goal,0.01,0.003,0.0,0.12,right_gain_loss,constrained_fisher,g1.00_0.60_s0.02,0.0200,0.9042,0.7046,16.7063,0.0927,0.1144,2.0002,0.0140,0.0207,0.0067,29714
29,24,straight_goal,0.01,0.003,0.0,0.12,symmetric_low_power,null_probe,g0.75_0.75_s0.02,0.0600,1.2890,0.5540,12.8550,0.0241,0.0656,0.8163,0.0369,0.0844,0.0476,29715
29,24,straight_goal,0.01,0.003,0.0,0.12,symmetric_low_power,unpaired_null,g0.75_0.75_s0.02,0.0600,0.6800,0.8182,12.8550,0.0175,0.2199,2.7198,0.0764,0.0608,-0.0156,29716
29,24,straight_goal,0.01,0.003,0.0,0.12,symmetric_low_power,random_probe,g0.75_0.75_s0.02,0.0600,1.7083,0.4205,7.8153,0.2231,0.2790,3.2854,0.0459,0.0682,0.0223,29717
29,24,straight_goal,0.01,0.003,0.0,0.12,symmetric_low_power,task_greedy,g0.75_0.75_s0.20,0.2400,1.8679,0.2520,11.7611,1.1862,1.2036,15.0544,0.0298,0.0805,0.0507,29718
29,24,straight_goal,0.01,0.003,0.0,0.12,symmetric_low_power,fisher_grid,g0.75_0.75_s0.02,0.0600,1.0331,0.5232,16.2000,0.2574,0.2645,2.7553,0.0469,0.0785,0.0316,29719
29,24,straight_goal,0.01,0.003,0.0,0.12,symmetric_low_power,constrained_fisher,g0.60_0.75_s0.02,0.1500,0.8250,0.4977,19.4400,0.0403,0.0802,1.1073,0.0521,0.0555,0.0033,29720
29,24,straight_goal,0.01,0.003,0.0,0.12,high_slip,null_probe,g1.00_1.00_s0.20,0.0000,1.4508,0.5247,12.8550,0.0712,0.1345,1.7083,0.0723,0.0723,0.0000,29721
29,24,straight_goal,0.01,0.003,0.0,0.12,high_slip,unpaired_null,g1.00_1.00_s0.20,0.0000,1.6818,0.3790,12.8550,0.0419,0.3038,3.9172,0.0585,0.0585,0.0000,29722
29,24,straight_goal,0.01,0.003,0.0,0.12,high_slip,random_probe,g1.00_1.00_s0.20,0.0000,0.7048,0.7262,6.3585,0.4397,0.4270,5.3255,0.0735,0.0735,0.0000,29723
29,24,straight_goal,0.01,0.003,0.0,0.12,high_slip,task_greedy,g1.00_1.00_s0.20,0.0000,1.9491,0.2504,11.7621,1.6777,1.6855,21.1270,0.0850,0.0850,0.0000,29724
29,24,straight_goal,0.01,0.003,0.0,0.12,high_slip,fisher_grid,g1.00_1.00_s0.20,0.0000,0.1739,0.9628,16.2000,0.4984,0.5201,7.0346,0.2014,0.2014,0.0000,29725
29,24,straight_goal,0.01,0.003,0.0,0.12,high_slip,constrained_fisher,g1.00_1.00_s0.20,0.0000,0.6958,0.8201,6.0750,0.1616,0.1528,3.3035,0.1024,0.1024,0.0000,29726
30,24,straight_goal,0.01,0.003,0.0,0.12,left_gain_loss,null_probe,g0.60_1.00_s0.02,0.0200,1.3326,0.5503,12.8550,0.0472,0.0965,1.2662,0.0282,0.0385,0.0103,30727
30,24,straight_goal,0.01,0.003,0.0,0.12,left_gain_loss,unpaired_null,g0.60_1.00_s0.02,0.0200,0.8095,0.7300,12.8550,0.0811,0.1711,2.5694,0.0526,0.1559,0.1033,30728
30,24,straight_goal,0.01,0.003,0.0,0.12,left_gain_loss,random_probe,g0.60_0.90_s0.10,0.2000,1.9964,0.2651,6.3808,0.0795,0.1665,2.3342,0.0680,0.0244,-0.0436,30729
30,24,straight_goal,0.01,0.003,0.0,0.12,left_gain_loss,task_greedy,g0.60_1.00_s0.02,0.0200,1.7175,0.2369,12.4529,1.2703,1.2761,16.3235,0.0223,0.0241,0.0018,30730
30,24,straight_goal,0.01,0.003,0.0,0.12,left_gain_loss,fisher_grid,g0.60_1.00_s0.02,0.0200,0.9070,0.6029,16.2000,0.3434,0.3454,3.5052,0.0356,0.0358,0.0002,30731
30,24,straight_goal,0.01,0.003,0.0,0.12,left_gain_loss,constrained_fisher,g0.75_0.90_s0.02,0.2300,0.8973,0.7540,16.9088,0.1211,0.1275,1.9494,0.1323,0.1558,0.0235,30732
30,24,straight_goal,0.01,0.003,0.0,0.12,right_gain_loss,null_probe,g1.00_0.60_s0.10,0.1000,1.7680,0.3282,12.8550,0.0309,0.1162,1.1894,0.0214,0.1662,0.1448,30733
30,24,straight_goal,0.01,0.003,0.0,0.12,right_gain_loss,unpaired_null,g1.00_0.60_s0.02,0.0200,0.9567,0.6782,12.8550,0.0735,0.3082,3.7036,0.0702,0.1439,0.0737,30734
30,24,straight_goal,0.01,0.003,0.0,0.12,right_gain_loss,random_probe,g1.00_0.75_s0.02,0.1300,1.6146,0.3822,6.8404,0.2723,0.2936,4.8642,0.0285,0.0442,0.0156,30735
30,24,straight_goal,0.01,0.003,0.0,0.12,right_gain_loss,task_greedy,g1.00_0.60_s0.02,0.0200,1.7315,0.2296,12.4486,1.2860,1.2582,16.1302,0.0144,0.0217,0.0073,30736
30,24,straight_goal,0.01,0.003,0.0,0.12,right_gain_loss,fisher_grid,g1.00_0.60_s0.02,0.0200,0.3725,0.9188,16.2000,0.3455,0.3559,3.5385,0.0352,0.0471,0.0118,30737
30,24,straight_goal,0.01,0.003,0.0,0.12,right_gain_loss,constrained_fisher,g1.00_0.60_s0.02,0.0200,0.0424,0.9937,19.1363,0.0507,0.1037,1.2562,0.0127,0.1348,0.1220,30738
30,24,straight_goal,0.01,0.003,0.0,0.12,symmetric_low_power,null_probe,g0.75_0.75_s0.10,0.1400,1.4981,0.4833,12.8550,0.0237,0.0681,0.8129,0.0473,0.0801,0.0328,30739
30,24,straight_goal,0.01,0.003,0.0,0.12,symmetric_low_power,unpaired_null,g0.75_0.75_s0.02,0.0600,2.1704,0.2241,12.8550,0.0357,0.2193,2.6836,0.0386,0.0619,0.0233,30740
30,24,straight_goal,0.01,0.003,0.0,0.12,symmetric_low_power,random_probe,g0.90_0.75_s0.02,0.2100,2.1964,0.2837,4.8308,0.2348,0.2776,4.3587,0.0491,0.0683,0.0193,30741
30,24,straight_goal,0.01,0.003,0.0,0.12,symmetric_low_power,task_greedy,g0.75_0.75_s0.20,0.2400,1.3500,0.3182,11.7611,1.2101,1.2034,15.1182,0.0508,0.0508,-0.0000,30742
30,24,straight_goal,0.01,0.003,0.0,0.12,symmetric_low_power,fisher_grid,g0.75_0.60_s0.02,0.1500,1.0259,0.6603,16.2000,0.2661,0.2465,2.6847,0.0180,0.0668,0.0488,30743
30,24,straight_goal,0.01,0.003,0.0,0.12,symmetric_low_power,constrained_fisher,g0.75_0.75_s0.02,0.0600,0.4993,0.8744,19.4400,0.0360,0.0850,1.0012,0.0528,0.0503,-0.0026,30744
30,24,straight_goal,0.01,0.003,0.0,0.12,high_slip,null_probe,g1.00_1.00_s0.20,0.0000,0.6630,0.8105,12.8550,0.1350,0.1460,1.8400,0.0111,0.0111,0.0000,30745
30,24,straight_goal,0.01,0.003,0.0,0.12,high_slip,unpaired_null,g1.00_1.00_s0.20,0.0000,0.6896,0.7857,12.8550,0.1300,0.2966,3.9704,0.1186,0.1186,0.0000,30746
30,24,straight_goal,0.01,0.003,0.0,0.12,high_slip,random_probe,g1.00_1.00_s0.20,0.0000,1.4833,0.4189,5.7195,0.1740,0.2135,3.2297,0.3179,0.3179,0.0000,30747
30,24,straight_goal,0.01,0.003,0.0,0.12,high_slip,task_greedy,g1.00_1.00_s0.20,0.0000,2.0018,0.2369,11.7621,1.6786,1.6767,20.9771,0.0671,0.0671,0.0000,30748
30,24,straight_goal,0.01,0.003,0.0,0.12,high_slip,fisher_grid,g1.00_1.00_s0.20,0.0000,0.5203,0.8525,16.2000,0.3681,0.3729,5.0998,0.0443,0.0443,0.0000,30749
30,24,straight_goal,0.01,0.003,0.0,0.12,high_slip,constrained_fisher,g1.00_0.90_s0.10,0.2000,1.6414,0.3457,14.9850,0.1228,0.1504,2.5528,0.0175,0.0257,0.0081,30750
31,24,straight_goal,0.01,0.003,0.0,0.12,left_gain_loss,null_probe,g0.60_1.00_s0.10,0.1000,1.1620,0.4850,12.8550,0.0793,0.1184,1.4796,0.0140,0.0369,0.0229,31751
31,24,straight_goal,0.01,0.003,0.0,0.12,left_gain_loss,unpaired_null,g0.60_1.00_s0.02,0.0200,0.8818,0.7293,12.8550,0.0798,0.1786,2.5094,0.0279,0.0544,0.0265,31752
31,24,straight_goal,0.01,0.003,0.0,0.12,left_gain_loss,random_probe,g0.60_1.00_s0.02,0.0200,1.6517,0.3790,5.7441,0.2807,0.2650,3.0367,0.0212,0.0254,0.0041,31753
31,24,straight_goal,0.01,0.003,0.0,0.12,left_gain_loss,task_greedy,g0.60_1.00_s0.20,0.2000,1.5498,0.3173,12.4366,1.2987,1.2726,16.2506,0.0132,0.0165,0.0033,31754
31,24,straight_goal,0.01,0.003,0.0,0.12,left_gain_loss,fisher_grid,g0.60_1.00_s0.02,0.0200,0.5073,0.8811,16.2000,0.3806,0.3678,3.9248,0.0413,0.0799,0.0386,31755
31,24,straight_goal,0.01,0.003,0.0,0.12,left_gain_loss,constrained_fisher,g0.60_1.00_s0.02,0.0200,0.8410,0.6019,16.7063,0.1003,0.1269,1.9635,0.0232,0.1209,0.0976,31756
31,24,straight_goal,0.01,0.003,0.0,0.12,right_gain_loss,null_probe,g1.00_0.60_s0.10,0.1000,1.1931,0.4350,12.8550,0.0402,0.1203,1.3937,0.0237,0.0316,0.0080,31757
31,24,straight_goal,0.01,0.003,0.0,0.12,right_gain_loss,unpaired_null,g1.00_0.60_s0.02,0.0200,0.9711,0.6717,12.8550,0.0643,0.2936,3.6850,0.0219,0.0321,0.0102,31758
31,24,straight_goal,0.01,0.003,0.0,0.12,right_gain_loss,random_probe,g1.00_0.60_s0.10,0.1000,1.7785,0.3077,6.5208,0.1110,0.1950,2.5995,0.0320,0.0279,-0.0041,31759
31,24,straight_goal,0.01,0.003,0.0,0.12,right_gain_loss,task_greedy,g1.00_0.60_s0.02,0.0200,1.7514,0.2584,12.4055,1.2911,1.2934,16.6290,0.0195,0.0835,0.0640,31760
31,24,straight_goal,0.01,0.003,0.0,0.12,right_gain_loss,fisher_grid,g1.00_0.75_s0.02,0.1300,1.3403,0.4669,16.2000,0.3486,0.3530,3.4122,0.1295,0.0248,-0.1047,31761
31,24,straight_goal,0.01,0.003,0.0,0.12,right_gain_loss,constrained_fisher,g1.00_0.60_s0.02,0.0200,0.1510,0.9693,18.8325,0.0930,0.0969,1.7215,0.0261,0.0453,0.0192,31762
31,24,straight_goal,0.01,0.003,0.0,0.12,symmetric_low_power,null_probe,g0.60_0.60_s0.02,0.2400,1.8281,0.2973,12.8550,0.0191,0.0674,0.8072,0.0336,0.0614,0.0279,31763
31,24,straight_goal,0.01,0.003,0.0,0.12,symmetric_low_power,unpaired_null,g0.75_0.75_s0.02,0.0600,1.4584,0.4754,12.8550,0.0340,0.1994,2.2678,0.0282,0.0590,0.0308,31764
31,24,straight_goal,0.01,0.003,0.0,0.12,symmetric_low_power,random_probe,g0.60_0.60_s0.10,0.3200,2.3263,0.1805,7.1113,0.2943,0.2926,4.6099,0.0178,0.0469,0.0291,31765
31,24,straight_goal,0.01,0.003,0.0,0.12,symmetric_low_power,task_greedy,g0.75_0.75_s0.02,0.0600,1.4814,0.3060,11.7608,1.2125,1.2133,15.1883,0.0399,0.0546,0.0148,31766
31,24,straight_goal,0.01,0.003,0.0,0.12,symmetric_low_power,fisher_grid,g0.75_0.75_s0.10,0.1400,1.0811,0.7164,16.2000,0.2345,0.2615,2.7822,0.0409,0.0582,0.0173,31767
31,24,straight_goal,0.01,0.003,0.0,0.12,symmetric_low_power,constrained_fisher,g0.75_0.75_s0.02,0.0600,0.4491,0.8814,19.1363,0.0521,0.1011,1.4263,0.0286,0.0842,0.0556,31768
31,24,straight_goal,0.01,0.003,0.0,0.12,high_slip,null_probe,g1.00_1.00_s0.10,0.1000,1.6309,0.5083,12.8550,0.1579,0.1803,2.0929,0.0439,0.0439,0.0000,31769
31,24,straight_goal,0.01,0.003,0.0,0.12,high_slip,unpaired_null,g1.00_1.00_s0.20,0.0000,0.8602,0.6702,12.8550,0.0262,0.2832,3.3456,0.1381,0.1381,0.0000,31770
31,24,straight_goal,0.01,0.003,0.0,0.12,high_slip,random_probe,g1.00_1.00_s0.20,0.0000,1.3723,0.5507,7.0366,0.5140,0.5349,8.8826,0.1384,0.1384,0.0000,31771
31,24,straight_goal,0.01,0.003,0.0,0.12,high_slip,task_greedy,g1.00_1.00_s0.20,0.0000,1.4004,0.3176,11.7629,1.6925,1.7050,21.2386,0.1369,0.1369,0.0000,31772
31,24,straight_goal,0.01,0.003,0.0,0.12,high_slip,fisher_grid,g1.00_1.00_s0.20,0.0000,0.7902,0.7297,16.2000,0.4625,0.4561,5.6635,0.0443,0.0443,0.0000,31773
31,24,straight_goal,0.01,0.003,0.0,0.12,high_slip,constrained_fisher,g1.00_1.00_s0.20,0.0000,1.2238,0.4797,7.2900,0.1540,0.1863,3.3906,0.0466,0.0466,0.0000,31774
32,24,straight_goal,0.01,0.003,0.0,0.12,left_gain_loss,null_probe,g0.60_1.00_s0.02,0.0200,1.2750,0.4684,12.8550,0.0680,0.0955,1.2789,0.0233,0.0188,-0.0044,32775
32,24,straight_goal,0.01,0.003,0.0,0.12,left_gain_loss,unpaired_null,g0.60_1.00_s0.02,0.0200,1.7723,0.3596,12.8550,0.0377,0.1917,2.5544,0.0201,0.0174,-0.0027,32776
32,24,straight_goal,0.01,0.003,0.0,0.12,left_gain_loss,random_probe,g0.60_1.00_s0.02,0.0200,1.5217,0.4859,5.7663,0.2487,0.2254,3.0759,0.0199,0.0316,0.0117,32777
32,24,straight_goal,0.01,0.003,0.0,0.12,left_gain_loss,task_greedy,g0.60_1.00_s0.20,0.2000,1.6307,0.2661,12.4454,1.2834,1.2612,15.9693,0.0539,0.0241,-0.0299,32778
32,24,straight_goal,0.01,0.003,0.0,0.12,left_gain_loss,fisher_grid,g0.60_1.00_s0.02,0.0200,0.8706,0.6655,16.2000,0.3278,0.3346,3.4359,0.0137,0.1174,0.1037,32779
32,24,straight_goal,0.01,0.003,0.0,0.12,left_gain_loss,constrained_fisher,g0.60_1.00_s0.02,0.0200,0.7616,0.7674,18.5288,0.0883,0.1100,1.8711,0.0573,0.0222,-0.0351,32780
32,24,straight_goal,0.01,0.003,0.0,0.12,right_gain_loss,null_probe,g1.00_0.60_s0.02,0.0200,1.2927,0.4928,12.8550,0.0430,0.0891,1.2327,0.0199,0.0131,-0.0068,32781
32,24,straight_goal,0.01,0.003,0.0,0.12,right_gain_loss,unpaired_null,g0.90_0.60_s0.02,0.1200,1.3499,0.4082,12.8550,0.0586,0.3182,4.1617,0.0094,0.0082,-0.0012,32782
32,24,straight_goal,0.01,0.003,0.0,0.12,right_gain_loss,random_probe,g1.00_0.60_s0.02,0.0200,1.2590,0.5156,6.5690,0.1757,0.1685,2.5491,0.0207,0.0238,0.0031,32783
32,24,straight_goal,0.01,0.003,0.0,0.12,right_gain_loss,task_greedy,g0.90_0.60_s0.20,0.3000,1.8109,0.1860,12.4086,1.2721,1.2796,16.3050,0.0030,0.0168,0.0137,32784
32,24,straight_goal,0.01,0.003,0.0,0.12,right_gain_loss,fisher_grid,g1.00_0.60_s0.02,0.0200,0.3681,0.9000,16.2000,0.3679,0.3591,3.4334,0.0194,0.0203,0.0009,32785
32,24,straight_goal,0.01,0.003,0.0,0.12,right_gain_loss,constrained_fisher,g1.00_0.60_s0.02,0.0200,0.3359,0.9152,17.9213,0.1087,0.1043,1.7459,0.0187,0.0375,0.0188,32786
32,24,straight_goal,0.01,0.003,0.0,0.12,symmetric_low_power,null_probe,g0.75_0.75_s0.10,0.1400,1.3759,0.5574,12.8550,0.0285,0.0722,0.8722,0.0681,0.0723,0.0042,32787
32,24,straight_goal,0.01,0.003,0.0,0.12,symmetric_low_power,unpaired_null,g0.75_0.75_s0.02,0.0600,1.0946,0.6354,12.8550,0.0092,0.2048,2.4395,0.0669,0.0546,-0.0123,32788
32,24,straight_goal,0.01,0.003,0.0,0.12,symmetric_low_power,random_probe,g0.75_0.75_s0.02,0.0600,1.2781,0.6419,8.0794,0.1740,0.2045,2.4613,0.0301,0.0764,0.0463,32789
32,24,straight_goal,0.01,0.003,0.0,0.12,symmetric_low_power,task_greedy,g0.75_0.75_s0.02,0.0600,1.2728,0.3245,11.7621,1.2037,1.2122,15.2778,0.0331,0.0710,0.0379,32790
32,24,straight_goal,0.01,0.003,0.0,0.12,symmetric_low_power,fisher_grid,g0.75_0.75_s0.02,0.0600,0.7066,0.6693,16.2000,0.2726,0.2701,2.9682,0.0564,0.0384,-0.0180,32791
32,24,straight_goal,0.01,0.003,0.0,0.12,symmetric_low_power,constrained_fisher,g0.75_0.75_s0.02,0.0600,0.6032,0.8357,19.4400,0.0278,0.0931,1.1771,0.0387,0.0704,0.0317,32792
32,24,straight_goal,0.01,0.003,0.0,0.12,high_slip,null_probe,g1.00_1.00_s0.20,0.0000,0.3537,0.9240,12.8550,0.0961,0.1487,1.8543,0.2094,0.2094,0.0000,32793
32,24,straight_goal,0.01,0.003,0.0,0.12,high_slip,unpaired_null,g1.00_1.00_s0.20,0.0000,1.3873,0.5187,12.8550,0.0366,0.2912,3.8883,0.0471,0.0471,0.0000,32794
32,24,straight_goal,0.01,0.003,0.0,0.12,high_slip,random_probe,g0.90_1.00_s0.20,0.1000,1.4770,0.3324,5.4664,0.0238,0.2955,3.9854,0.1865,0.1217,-0.0648,32795
32,24,straight_goal,0.01,0.003,0.0,0.12,high_slip,task_greedy,g1.00_1.00_s0.02,0.1800,1.8540,0.2608,11.7616,1.6726,1.6917,21.1554,0.1703,0.1703,0.0000,32796
32,24,straight_goal,0.01,0.003,0.0,0.12,high_slip,fisher_grid,g1.00_1.00_s0.20,0.0000,0.1613,0.9712,16.2000,0.4667,0.4852,5.4988,0.1279,0.1279,0.0000,32797
32,24,straight_goal,0.01,0.003,0.0,0.12,high_slip,constrained_fisher,g1.00_1.00_s0.10,0.1000,1.6109,0.4500,18.2250,0.0976,0.1523,2.3786,0.0918,0.0918,0.0000,32798
33,24,straight_goal,0.01,0.003,0.0,0.12,left_gain_loss,null_probe,g0.60_1.00_s0.02,0.0200,0.9813,0.6946,12.8550,0.0692,0.1086,1.6471,0.0746,0.0304,-0.0441,33799
33,24,straight_goal,0.01,0.003,0.0,0.12,left_gain_loss,unpaired_null,g0.60_1.00_s0.10,0.1000,1.1340,0.4756,12.8550,0.0460,0.1884,2.5481,0.0206,0.1756,0.1550,33800
33,24,straight_goal,0.01,0.003,0.0,0.12,left_gain_loss,random_probe,g0.60_1.00_s0.02,0.0200,0.8882,0.7179,7.4363,0.4042,0.4134,4.9504,0.0317,0.1551,0.1235,33801
33,24,straight_goal,0.01,0.003,0.0,0.12,left_gain_loss,task_greedy,g0.60_1.00_s0.02,0.0200,1.5539,0.2842,12.4139,1.2972,1.2843,16.3763,0.0452,0.0185,-0.0267,33802
33,24,straight_goal,0.01,0.003,0.0,0.12,left_gain_loss,fisher_grid,g0.60_1.00_s0.02,0.0200,0.4117,0.9039,16.2000,0.3391,0.3390,3.3913,0.0495,0.0092,-0.0403,33803
33,24,straight_goal,0.01,0.003,0.0,0.12,left_gain_loss,constrained_fisher,g0.60_1.00_s0.02,0.0200,0.7355,0.7996,17.5163,0.0925,0.1125,2.0611,0.0152,0.0125,-0.0027,33804
33,24,straight_goal,0.01,0.003,0.0,0.12,right_gain_loss,null_probe,g1.00_0.60_s0.02,0.0200,1.1302,0.6032,12.8550,0.0546,0.0925,1.1764,0.0246,0.0108,-0.0137,33805
33,24,straight_goal,0.01,0.003,0.0,0.12,right_gain_loss,unpaired_null,g1.00_0.60_s0.02,0.0200,1.3291,0.4136,12.8550,0.0607,0.2722,3.2943,0.0217,0.0241,0.0025,33806
33,24,straight_goal,0.01,0.003,0.0,0.12,right_gain_loss,random_probe,g1.00_0.60_s0.10,0.1000,1.8813,0.2630,5.6407,0.1501,0.2006,2.5766,0.0637,0.1263,0.0626,33807
33,24,straight_goal,0.01,0.003,0.0,0.12,right_gain_loss,task_greedy,g1.00_0.75_s0.20,0.3100,1.6800,0.2791,12.4152,1.3160,1.3061,16.5977,0.0432,0.0120,-0.0312,33808
33,24,straight_goal,0.01,0.003,0.0,0.12,right_gain_loss,fisher_grid,g1.00_0.60_s0.10,0.1000,1.2193,0.5798,16.2000,0.3766,0.3791,3.6574,0.0542,0.0108,-0.0434,33809
33,24,straight_goal,0.01,0.003,0.0,0.12,right_gain_loss,constrained_fisher,g1.00_0.60_s0.02,0.0200,0.1754,0.9681,18.1238,0.1027,0.1146,1.8635,0.0283,0.0355,0.0072,33810
33,24,straight_goal,0.01,0.003,0.0,0.12,symmetric_low_power,null_probe,g0.75_0.75_s0.02,0.0600,1.4230,0.5635,12.8550,0.0427,0.1005,1.3256,0.0603,0.1030,0.0427,33811
33,24,straight_goal,0.01,0.003,0.0,0.12,symmetric_low_power,unpaired_null,g0.75_0.75_s0.10,0.1400,1.0493,0.4886,12.8550,0.0189,0.2026,2.4088,0.0295,0.0708,0.0412,33812
33,24,straight_goal,0.01,0.003,0.0,0.12,symmetric_low_power,random_probe,g0.75_0.75_s0.10,0.1400,2.0187,0.4012,6.1383,0.4409,0.4922,5.5095,0.0598,0.0864,0.0267,33813
33,24,straight_goal,0.01,0.003,0.0,0.12,symmetric_low_power,task_greedy,g0.75_0.75_s0.20,0.2400,2.2258,0.1395,11.7608,1.1870,1.2060,15.0137,0.0400,0.0700,0.0300,33814
33,24,straight_goal,0.01,0.003,0.0,0.12,symmetric_low_power,fisher_grid,g0.75_0.75_s0.02,0.0600,0.7912,0.7622,16.2000,0.2679,0.2548,2.7902,0.0220,0.0618,0.0397,33815
33,24,straight_goal,0.01,0.003,0.0,0.12,symmetric_low_power,constrained_fisher,g0.75_0.75_s0.02,0.0600,0.1966,0.9602,19.4400,0.0212,0.0778,0.9815,0.0589,0.0142,-0.0447,33816
33,24,straight_goal,0.01,0.003,0.0,0.12,high_slip,null_probe,g1.00_1.00_s0.20,0.0000,0.9686,0.7293,12.8550,0.1376,0.1904,2.7010,0.0537,0.0537,0.0000,33817
33,24,straight_goal,0.01,0.003,0.0,0.12,high_slip,unpaired_null,g1.00_1.00_s0.20,0.0000,0.9795,0.6583,12.8550,0.0801,0.3318,4.2238,0.2366,0.2366,0.0000,33818
33,24,straight_goal,0.01,0.003,0.0,0.12,high_slip,random_probe,g1.00_1.00_s0.20,0.0000,1.5039,0.2720,5.9041,0.2598,0.2646,3.3291,0.1464,0.1464,0.0000,33819
33,24,straight_goal,0.01,0.003,0.0,0.12,high_slip,task_greedy,g1.00_1.00_s0.20,0.0000,1.5266,0.2986,11.7613,1.6816,1.6922,21.1569,0.1058,0.1058,0.0000,33820
33,24,straight_goal,0.01,0.003,0.0,0.12,high_slip,fisher_grid,g1.00_0.90_s0.20,0.1000,0.8559,0.5202,16.2000,0.3112,0.3050,3.3987,0.1047,0.1601,0.0554,33821
33,24,straight_goal,0.01,0.003,0.0,0.12,high_slip,constrained_fisher,g0.90_1.00_s0.20,0.1000,0.7470,0.5377,14.7825,0.1015,0.1279,2.4157,0.0145,0.0096,-0.0049,33822
34,24,straight_goal,0.01,0.003,0.0,0.12,left_gain_loss,null_probe,g0.60_1.00_s0.10,0.1000,1.3615,0.4169,12.8550,0.0438,0.0966,1.2115,0.0043,0.0334,0.0292,34823
34,24,straight_goal,0.01,0.003,0.0,0.12,left_gain_loss,unpaired_null,g0.60_1.00_s0.02,0.0200,0.7627,0.7621,12.8550,0.0457,0.1999,2.6191,0.0921,0.1230,0.0310,34824
34,24,straight_goal,0.01,0.003,0.0,0.12,left_gain_loss,random_probe,g0.60_1.00_s0.10,0.1000,1.6554,0.4302,6.4584,0.5498,0.5457,6.2078,0.0233,0.1074,0.0841,34825
34,24,straight_goal,0.01,0.003,0.0,0.12,left_gain_loss,task_greedy,g0.60_1.00_s0.02,0.0200,1.5523,0.2964,12.4439,1.3091,1.3044,16.6599,0.0191,0.0172,-0.0018,34826
34,24,straight_goal,0.01,0.003,0.0,0.12,left_gain_loss,fisher_grid,g0.60_1.00_s0.02,0.0200,0.6662,0.7546,16.2000,0.3577,0.3608,3.8002,0.0605,0.0429,-0.0176,34827
34,24,straight_goal,0.01,0.003,0.0,0.12,left_gain_loss,constrained_fisher,g0.60_1.00_s0.02,0.0200,0.3689,0.8957,19.1363,0.0447,0.1075,1.6486,0.0219,0.0095,-0.0124,34828
34,24,straight_goal,0.01,0.003,0.0,0.12,right_gain_loss,null_probe,g1.00_0.60_s0.02,0.0200,0.8354,0.7392,12.8550,0.0817,0.1198,1.4500,0.0649,0.0338,-0.0311,34829
34,24,straight_goal,0.01,0.003,0.0,0.12,right_gain_loss,unpaired_null,g1.00_0.60_s0.02,0.0200,1.0320,0.6545,12.8550,0.0338,0.2757,3.3596,0.0261,0.0551,0.0290,34830
34,24,straight_goal,0.01,0.003,0.0,0.12,right_gain_loss,random_probe,g1.00_0.60_s0.10,0.1000,1.3667,0.5161,7.2114,0.1766,0.2086,2.3776,0.0108,0.2218,0.2110,34831
34,24,straight_goal,0.01,0.003,0.0,0.12,right_gain_loss,task_greedy,g1.00_0.60_s0.02,0.0200,1.8493,0.2121,12.3823,1.2954,1.2909,16.4220,0.0257,0.0081,-0.0176,34832
34,24,straight_goal,0.01,0.003,0.0,0.12,right_gain_loss,fisher_grid,g1.00_0.60_s0.02,0.0200,0.6136,0.7973,16.2000,0.3644,0.3649,3.4538,0.0561,0.0549,-0.0013,34833
34,24,straight_goal,0.01,0.003,0.0,0.12,right_gain_loss,constrained_fisher,g1.00_0.60_s0.02,0.0200,1.2741,0.5055,16.9088,0.1421,0.1247,1.9803,0.0720,0.0192,-0.0528,34834
34,24,straight_goal,0.01,0.003,0.0,0.12,symmetric_low_power,null_probe,g0.75_0.75_s0.02,0.0600,1.1054,0.6659,12.8550,0.0115,0.0729,0.8201,0.0379,0.0385,0.0006,34835
34,24,straight_goal,0.01,0.003,0.0,0.12,symmetric_low_power,unpaired_null,g0.75_0.75_s0.02,0.0600,0.9141,0.7169,12.8550,0.0238,0.2054,2.4632,0.0270,0.0576,0.0306,34836
34,24,straight_goal,0.01,0.003,0.0,0.12,symmetric_low_power,random_probe,g0.75_0.75_s0.02,0.0600,1.3894,0.5853,6.6876,0.1689,0.1924,2.9530,0.0413,0.0871,0.0458,34837
34,24,straight_goal,0.01,0.003,0.0,0.12,symmetric_low_power,task_greedy,g0.60_0.60_s0.20,0.4200,1.4677,0.3065,11.7613,1.2408,1.2155,15.0309,0.0217,0.0734,0.0517,34838
34,24,straight_goal,0.01,0.003,0.0,0.12,symmetric_low_power,fisher_grid,g0.75_0.75_s0.02,0.0600,0.6678,0.8064,16.2000,0.2507,0.2479,2.6278,0.0329,0.0878,0.0549,34839
34,24,straight_goal,0.01,0.003,0.0,0.12,symmetric_low_power,constrained_fisher,g0.75_0.75_s0.02,0.0600,0.7081,0.7742,19.4400,0.0222,0.0884,1.0539,0.0684,0.0335,-0.0348,34840
34,24,straight_goal,0.01,0.003,0.0,0.12,high_slip,null_probe,g1.00_1.00_s0.20,0.0000,0.6225,0.8425,12.8550,0.0646,0.1262,1.5376,0.0723,0.0723,0.0000,34841
34,24,straight_goal,0.01,0.003,0.0,0.12,high_slip,unpaired_null,g1.00_1.00_s0.20,0.0000,1.0906,0.6882,12.8550,0.0568,0.2889,3.6801,0.1355,0.1355,0.0000,34842
34,24,straight_goal,0.01,0.003,0.0,0.12,high_slip,random_probe,g1.00_1.00_s0.20,0.0000,1.5438,0.4691,6.4928,0.3388,0.3333,4.8166,0.1170,0.1170,0.0000,34843
34,24,straight_goal,0.01,0.003,0.0,0.12,high_slip,task_greedy,g1.00_1.00_s0.02,0.1800,1.5297,0.2994,11.7614,1.6975,1.6795,21.1064,0.0107,0.0107,0.0000,34844
34,24,straight_goal,0.01,0.003,0.0,0.12,high_slip,fisher_grid,g1.00_1.00_s0.20,0.0000,0.2866,0.9359,16.2000,0.3392,0.3219,4.2893,0.0822,0.0822,0.0000,34845
34,24,straight_goal,0.01,0.003,0.0,0.12,high_slip,constrained_fisher,g1.00_1.00_s0.20,0.0000,0.2757,0.9424,17.4150,0.1049,0.1602,2.3909,0.2520,0.2520,0.0000,34846
35,24,straight_goal,0.01,0.003,0.0,0.12,left_gain_loss,null_probe,g0.60_1.00_s0.02,0.0200,0.9109,0.7398,12.8550,0.0540,0.0943,1.2349,0.0843,0.0177,-0.0666,35847
35,24,straight_goal,0.01,0.003,0.0,0.12,left_gain_loss,unpaired_null,g0.60_1.00_s0.02,0.0200,0.6223,0.8287,12.8550,0.0451,0.1860,2.6262,0.0423,0.0366,-0.0057,35848
35,24,straight_goal,0.01,0.003,0.0,0.12,left_gain_loss,random_probe,g0.60_1.00_s0.02,0.0200,1.2896,0.5141,7.3148,0.2220,0.2665,3.4735,0.0233,0.0313,0.0080,35849
35,24,straight_goal,0.01,0.003,0.0,0.12,left_gain_loss,task_greedy,g0.60_1.00_s0.20,0.2000,1.8400,0.2842,12.4465,1.2603,1.2723,16.2170,0.0208,0.1355,0.1146,35850
35,24,straight_goal,0.01,0.003,0.0,0.12,left_gain_loss,fisher_grid,g0.60_1.00_s0.02,0.0200,0.3870,0.9101,16.2000,0.3454,0.3543,3.6506,0.0239,0.1494,0.1255,35851
35,24,straight_goal,0.01,0.003,0.0,0.12,left_gain_loss,constrained_fisher,g0.60_1.00_s0.02,0.0200,0.1826,0.9633,17.9213,0.0709,0.1180,1.7645,0.0496,0.1187,0.0691,35852
35,24,straight_goal,0.01,0.003,0.0,0.12,right_gain_loss,null_probe,g1.00_0.60_s0.02,0.0200,1.3008,0.5578,12.8550,0.0825,0.1246,1.3678,0.0430,0.0295,-0.0135,35853
35,24,straight_goal,0.01,0.003,0.0,0.12,right_gain_loss,unpaired_null,g1.00_0.60_s0.02,0.0200,1.4412,0.3504,12.8550,0.0836,0.2724,3.4163,0.0237,0.1159,0.0922,35854
35,24,straight_goal,0.01,0.003,0.0,0.12,right_gain_loss,random_probe,g1.00_0.60_s0.10,0.1000,1.2695,0.5722,7.6836,0.6102,0.6030,7.5727,0.0696,0.1608,0.0911,35855
35,24,straight_goal,0.01,0.003,0.0,0.12,right_gain_loss,task_greedy,g1.00_0.60_s0.20,0.2000,1.6742,0.3116,12.4270,1.2745,1.2573,15.9335,0.0413,0.0185,-0.0228,35856
35,24,straight_goal,0.01,0.003,0.0,0.12,right_gain_loss,fisher_grid,g1.00_0.60_s0.10,0.1000,0.8569,0.5359,16.2000,0.3525,0.3431,3.4058,0.0093,0.0235,0.0143,35857
35,24,straight_goal,0.01,0.003,0.0,0.12,right_gain_loss,constrained_fisher,g0.90_0.75_s0.02,0.2300,1.6650,0.3061,17.3138,0.0896,0.1148,1.9826,0.1072,0.0297,-0.0775,35858
35,24,straight_goal,0.01,0.003,0.0,0.12,symmetric_low_power,null_probe,g0.75_0.75_s0.10,0.1400,1.3241,0.5430,12.8550,0.0568,0.0967,1.3525,0.0159,0.0690,0.0531,35859
35,24,straight_goal,0.01,0.003,0.0,0.12,symmetric_low_power,unpaired_null,g0.75_0.75_s0.10,0.1400,1.5841,0.4582,12.8550,0.0139,0.2215,2.7649,0.0406,0.0492,0.0085,35860
35,24,straight_goal,0.01,0.003,0.0,0.12,symmetric_low_power,random_probe,g0.75_0.75_s0.02,0.0600,1.6203,0.4268,7.0061,0.1731,0.1841,2.3482,0.0450,0.0832,0.0382,35861
35,24,straight_goal,0.01,0.003,0.0,0.12,symmetric_low_power,task_greedy,g0.75_0.75_s0.02,0.0600,1.5253,0.3006,11.7609,1.1666,1.1762,14.5477,0.0227,0.0474,0.0248,35862
35,24,straight_goal,0.01,0.003,0.0,0.12,symmetric_low_power,fisher_grid,g0.75_0.75_s0.02,0.0600,0.6234,0.8396,16.2000,0.2951,0.3022,3.1918,0.0336,0.0950,0.0614,35863
35,24,straight_goal,0.01,0.003,0.0,0.12,symmetric_low_power,constrained_fisher,g0.75_0.60_s0.02,0.1500,1.0082,0.5491,19.4400,0.0141,0.0785,0.9886,0.0433,0.0443,0.0011,35864
35,24,straight_goal,0.01,0.003,0.0,0.12,high_slip,null_probe,g1.00_1.00_s0.20,0.0000,0.7067,0.7936,12.8550,0.1175,0.1894,2.7282,0.0376,0.0376,0.0000,35865
35,24,straight_goal,0.01,0.003,0.0,0.12,high_slip,unpaired_null,g1.00_1.00_s0.20,0.0000,0.7184,0.7918,12.8550,0.0646,0.2936,3.7146,0.0406,0.0406,0.0000,35866
35,24,straight_goal,0.01,0.003,0.0,0.12,high_slip,random_probe,g1.00_1.00_s0.20,0.0000,1.7890,0.3376,6.9779,0.1479,0.3126,4.4189,0.2018,0.2018,0.0000,35867
35,24,straight_goal,0.01,0.003,0.0,0.12,high_slip,task_greedy,g1.00_1.00_s0.02,0.1800,1.2785,0.3220,11.7616,1.6810,1.6720,20.8474,0.1223,0.1223,0.0000,35868
35,24,straight_goal,0.01,0.003,0.0,0.12,high_slip,fisher_grid,g1.00_1.00_s0.20,0.0000,0.2549,0.9478,16.2000,0.3020,0.3213,3.3381,0.0302,0.0302,0.0000,35869
35,24,straight_goal,0.01,0.003,0.0,0.12,high_slip,constrained_fisher,g1.00_1.00_s0.20,0.0000,0.2979,0.9404,16.4025,0.1126,0.1749,2.6165,0.0876,0.0876,0.0000,35870
36,24,straight_goal,0.01,0.003,0.0,0.12,left_gain_loss,null_probe,g0.60_1.00_s0.02,0.0200,0.9896,0.6590,12.8550,0.0531,0.0969,1.2554,0.0251,0.0190,-0.0060,36871
36,24,straight_goal,0.01,0.003,0.0,0.12,left_gain_loss,unpaired_null,g0.60_1.00_s0.02,0.0200,0.9483,0.6205,12.8550,0.0926,0.1888,2.7600,0.0204,0.0044,-0.0160,36872
36,24,straight_goal,0.01,0.003,0.0,0.12,left_gain_loss,random_probe,g0.60_1.00_s0.02,0.0200,1.2465,0.5790,6.9205,0.3589,0.3869,4.7753,0.0688,0.0227,-0.0461,36873
36,24,straight_goal,0.01,0.003,0.0,0.12,left_gain_loss,task_greedy,g0.60_1.00_s0.20,0.2000,1.7089,0.2555,12.4553,1.2710,1.2761,16.3383,0.0089,0.0267,0.0177,36874
36,24,straight_goal,0.01,0.003,0.0,0.12,left_gain_loss,fisher_grid,g0.60_1.00_s0.02,0.0200,1.1641,0.4847,16.2000,0.3447,0.3735,4.0143,0.0269,0.2041,0.1773,36875
36,24,straight_goal,0.01,0.003,0.0,0.12,left_gain_loss,constrained_fisher,g0.60_1.00_s0.02,0.0200,0.1230,0.9758,19.1363,0.0716,0.0953,1.4065,0.0282,0.0603,0.0321,36876
36,24,straight_goal,0.01,0.003,0.0,0.12,right_gain_loss,null_probe,g1.00_0.60_s0.10,0.1000,1.5207,0.3891,12.8550,0.0615,0.1227,1.6471,0.0294,0.0233,-0.0061,36877
36,24,straight_goal,0.01,0.003,0.0,0.12,right_gain_loss,unpaired_null,g1.00_0.60_s0.02,0.0200,0.9475,0.6518,12.8550,0.0827,0.2876,3.7118,0.0727,0.0290,-0.0436,36878
36,24,straight_goal,0.01,0.003,0.0,0.12,right_gain_loss,random_probe,g1.00_0.60_s0.10,0.1000,1.8136,0.3351,8.0311,0.1758,0.2011,2.7618,0.0040,0.1159,0.1118,36879
36,24,straight_goal,0.01,0.003,0.0,0.12,right_gain_loss,task_greedy,g1.00_0.60_s0.20,0.2000,1.6410,0.2914,12.4620,1.3061,1.3007,16.6149,0.0115,0.0178,0.0063,36880
36,24,straight_goal,0.01,0.003,0.0,0.12,right_gain_loss,fisher_grid,g1.00_0.60_s0.02,0.0200,0.5754,0.7989,16.2000,0.3490,0.3453,3.3474,0.0166,0.0162,-0.0004,36881
36,24,straight_goal,0.01,0.003,0.0,0.12,right_gain_loss,constrained_fisher,g1.00_0.60_s0.02,0.0200,0.7189,0.8162,19.1363,0.0823,0.1080,1.5019,0.0204,0.0404,0.0200,36882
36,24,straight_goal,0.01,0.003,0.0,0.12,symmetric_low_power,null_probe,g0.75_0.75_s0.10,0.1400,1.2139,0.4908,12.8550,0.0191,0.0888,1.0556,0.0579,0.0216,-0.0363,36883
36,24,straight_goal,0.01,0.003,0.0,0.12,symmetric_low_power,unpaired_null,g0.75_0.75_s0.02,0.0600,1.0921,0.5407,12.8550,0.0199,0.1991,2.3073,0.0364,0.0833,0.0469,36884
36,24,straight_goal,0.01,0.003,0.0,0.12,symmetric_low_power,random_probe,g0.60_0.75_s0.02,0.1500,1.8646,0.4048,5.3666,0.1964,0.2341,3.3289,0.0121,0.0484,0.0363,36885
36,24,straight_goal,0.01,0.003,0.0,0.12,symmetric_low_power,task_greedy,g0.75_0.75_s0.02,0.0600,1.5609,0.2977,11.7613,1.2243,1.2276,15.3489,0.0420,0.0520,0.0100,36886
36,24,straight_goal,0.01,0.003,0.0,0.12,symmetric_low_power,fisher_grid,g0.75_0.75_s0.02,0.0600,0.3638,0.9169,16.2000,0.2732,0.2794,3.1936,0.0290,0.0924,0.0635,36887
36,24,straight_goal,0.01,0.003,0.0,0.12,symmetric_low_power,constrained_fisher,g0.75_0.75_s0.02,0.0600,0.4980,0.8792,19.4400,0.0543,0.0940,1.3165,0.0408,0.0546,0.0138,36888
36,24,straight_goal,0.01,0.003,0.0,0.12,high_slip,null_probe,g1.00_1.00_s0.20,0.0000,0.8716,0.6170,12.8550,0.0844,0.1217,1.7507,0.1139,0.1139,0.0000,36889
36,24,straight_goal,0.01,0.003,0.0,0.12,high_slip,unpaired_null,g1.00_1.00_s0.20,0.0000,0.7987,0.7326,12.8550,0.2248,0.3410,5.0840,0.0117,0.0117,0.0000,36890
36,24,straight_goal,0.01,0.003,0.0,0.12,high_slip,random_probe,g1.00_1.00_s0.20,0.0000,0.7283,0.7236,7.3410,0.4027,0.4040,4.8654,0.1403,0.1403,0.0000,36891
36,24,straight_goal,0.01,0.003,0.0,0.12,high_slip,task_greedy,g1.00_1.00_s0.02,0.1800,1.7141,0.2723,11.7615,1.6772,1.6720,20.8959,0.1104,0.1104,0.0000,36892
36,24,straight_goal,0.01,0.003,0.0,0.12,high_slip,fisher_grid,g1.00_1.00_s0.20,0.0000,0.1136,0.9813,16.2000,0.3785,0.3829,4.6189,0.0383,0.0383,0.0000,36893
36,24,straight_goal,0.01,0.003,0.0,0.12,high_slip,constrained_fisher,g1.00_1.00_s0.20,0.0000,0.5248,0.8636,18.8325,0.1174,0.1313,2.6000,0.1912,0.1912,0.0000,36894
37,24,straight_goal,0.01,0.003,0.0,0.12,left_gain_loss,null_probe,g0.60_1.00_s0.02,0.0200,0.7983,0.7208,12.8550,0.0693,0.1104,1.3913,0.0326,0.0245,-0.0081,37895
37,24,straight_goal,0.01,0.003,0.0,0.12,left_gain_loss,unpaired_null,g0.60_1.00_s0.10,0.1000,1.0881,0.4983,12.8550,0.0700,0.1927,2.7814,0.0175,0.0225,0.0050,37896
37,24,straight_goal,0.01,0.003,0.0,0.12,left_gain_loss,random_probe,g0.60_1.00_s0.02,0.0200,1.1725,0.6326,6.6469,0.1620,0.2343,2.6764,0.0313,0.2061,0.1748,37897
37,24,straight_goal,0.01,0.003,0.0,0.12,left_gain_loss,task_greedy,g0.60_1.00_s0.02,0.0200,1.8120,0.2015,12.4884,1.2811,1.2671,15.9390,0.0343,0.0350,0.0007,37898
37,24,straight_goal,0.01,0.003,0.0,0.12,left_gain_loss,fisher_grid,g0.60_0.90_s0.02,0.1200,0.9724,0.5039,16.2000,0.3488,0.3639,3.7110,0.0590,0.0183,-0.0407,37899
37,24,straight_goal,0.01,0.003,0.0,0.12,left_gain_loss,constrained_fisher,g0.60_1.00_s0.02,0.0200,0.5536,0.8626,16.8075,0.0921,0.1108,1.9667,0.0074,0.0112,0.0038,37900
37,24,straight_goal,0.01,0.003,0.0,0.12,right_gain_loss,null_probe,g1.00_0.60_s0.02,0.0200,1.3307,0.4407,12.8550,0.0619,0.1238,1.4978,0.0544,0.0163,-0.0381,37901
37,24,straight_goal,0.01,0.003,0.0,0.12,right_gain_loss,unpaired_null,g1.00_0.60_s0.02,0.0200,0.6763,0.7912,12.8550,0.0547,0.2784,3.3764,0.0869,0.0257,-0.0612,37902
37,24,straight_goal,0.01,0.003,0.0,0.12,right_gain_loss,random_probe,g1.00_0.60_s0.10,0.1000,2.2256,0.2386,4.0132,0.0599,0.1440,1.7199,0.0160,0.0336,0.0176,37903
37,24,straight_goal,0.01,0.003,0.0,0.12,right_gain_loss,task_greedy,g1.00_0.60_s0.02,0.0200,1.7557,0.2273,12.4601,1.2946,1.2846,16.4116,0.0266,0.0217,-0.0049,37904
37,24,straight_goal,0.01,0.003,0.0,0.12,right_gain_loss,fisher_grid,g1.00_0.60_s0.02,0.0200,0.5670,0.8473,16.2000,0.3536,0.3496,3.4281,0.0160,0.0636,0.0476,37905
37,24,straight_goal,0.01,0.003,0.0,0.12,right_gain_loss,constrained_fisher,g1.00_0.60_s0.02,0.0200,0.1892,0.9602,19.4400,0.0385,0.1109,1.5632,0.0228,0.0581,0.0353,37906
37,24,straight_goal,0.01,0.003,0.0,0.12,symmetric_low_power,null_probe,g0.75_0.75_s0.02,0.0600,0.8113,0.6921,12.8550,0.0270,0.0835,1.0994,0.0341,0.0541,0.0200,37907
37,24,straight_goal,0.01,0.003,0.0,0.12,symmetric_low_power,unpaired_null,g0.75_0.75_s0.02,0.0600,1.0285,0.5194,12.8550,0.0131,0.1963,2.2831,0.0257,0.0410,0.0153,37908
37,24,straight_goal,0.01,0.003,0.0,0.12,symmetric_low_power,random_probe,g0.75_0.75_s0.02,0.0600,1.5449,0.5657,6.5956,0.1842,0.2744,4.0273,0.0183,0.0900,0.0717,37909
37,24,straight_goal,0.01,0.003,0.0,0.12,symmetric_low_power,task_greedy,g0.75_0.75_s0.20,0.2400,2.0152,0.2250,11.7616,1.2158,1.2053,15.0362,0.0340,0.0673,0.0332,37910
37,24,straight_goal,0.01,0.003,0.0,0.12,symmetric_low_power,fisher_grid,g0.75_0.75_s0.02,0.0600,0.8356,0.7435,16.2000,0.2393,0.2360,2.5040,0.0389,0.0422,0.0034,37911
37,24,straight_goal,0.01,0.003,0.0,0.12,symmetric_low_power,constrained_fisher,g0.75_0.75_s0.02,0.0600,0.3428,0.9018,19.1363,0.0757,0.0924,1.3059,0.0365,0.0981,0.0616,37912
37,24,straight_goal,0.01,0.003,0.0,0.12,high_slip,null_probe,g1.00_1.00_s0.20,0.0000,0.1460,0.9733,12.8550,0.0436,0.1270,1.7329,0.0656,0.0656,0.0000,37913
37,24,straight_goal,0.01,0.003,0.0,0.12,high_slip,unpaired_null,g1.00_1.00_s0.20,0.0000,0.3069,0.9360,12.8550,0.0152,0.3045,3.9899,0.0845,0.0845,0.0000,37914
37,24,straight_goal,0.01,0.003,0.0,0.12,high_slip,random_probe,g1.00_1.00_s0.20,0.0000,1.2004,0.4337,5.5413,0.3247,0.4026,5.8293,0.0943,0.0943,0.0000,37915
37,24,straight_goal,0.01,0.003,0.0,0.12,high_slip,task_greedy,g1.00_1.00_s0.20,0.0000,1.3962,0.3120,11.7619,1.6793,1.6803,21.1401,0.2635,0.2635,0.0000,37916
37,24,straight_goal,0.01,0.003,0.0,0.12,high_slip,fisher_grid,g1.00_1.00_s0.20,0.0000,0.0970,0.9835,16.2000,0.4157,0.4441,4.7774,0.1283,0.1283,0.0000,37917
37,24,straight_goal,0.01,0.003,0.0,0.12,high_slip,constrained_fisher,g1.00_1.00_s0.20,0.0000,0.9499,0.5551,19.4400,0.0868,0.1350,2.2242,0.1119,0.1119,0.0000,37918
38,24,straight_goal,0.01,0.003,0.0,0.12,left_gain_loss,null_probe,g0.75_1.00_s0.02,0.1300,1.5462,0.3457,12.8550,0.0616,0.1280,1.7250,0.0192,0.0193,0.0000,38919
38,24,straight_goal,0.01,0.003,0.0,0.12,left_gain_loss,unpaired_null,g0.60_0.90_s0.02,0.1200,1.5272,0.3829,12.8550,0.0419,0.1888,2.6030,0.0722,0.0790,0.0068,38920
38,24,straight_goal,0.01,0.003,0.0,0.12,left_gain_loss,random_probe,g0.60_1.00_s0.10,0.1000,1.8196,0.2947,6.5872,0.2319,0.2522,4.2111,0.0981,0.0183,-0.0798,38921
38,24,straight_goal,0.01,0.003,0.0,0.12,left_gain_loss,task_greedy,g0.60_1.00_s0.10,0.1000,1.7072,0.2456,12.4408,1.2727,1.2727,16.2228,0.0056,0.0105,0.0049,38922
38,24,straight_goal,0.01,0.003,0.0,0.12,left_gain_loss,fisher_grid,g0.60_1.00_s0.02,0.0200,0.6585,0.7789,16.2000,0.3751,0.3753,3.7822,0.0327,0.0189,-0.0137,38923
38,24,straight_goal,0.01,0.003,0.0,0.12,left_gain_loss,constrained_fisher,g0.60_1.00_s0.10,0.1000,0.6485,0.7516,15.7950,0.1329,0.1222,2.1999,0.1180,0.0405,-0.0775,38924
38,24,straight_goal,0.01,0.003,0.0,0.12,right_gain_loss,null_probe,g1.00_0.60_s0.02,0.0200,1.4902,0.3365,12.8550,0.0672,0.1215,1.5108,0.0304,0.0172,-0.0132,38925
38,24,straight_goal,0.01,0.003,0.0,0.12,right_gain_loss,unpaired_null,g1.00_0.60_s0.02,0.0200,1.1852,0.6034,12.8550,0.0691,0.2898,3.7225,0.0487,0.0233,-0.0254,38926
38,24,straight_goal,0.01,0.003,0.0,0.12,right_gain_loss,random_probe,g0.90_0.60_s0.02,0.1200,1.6981,0.2674,6.3864,0.0564,0.1423,2.1077,0.0628,0.1596,0.0969,38927
38,24,straight_goal,0.01,0.003,0.0,0.12,right_gain_loss,task_greedy,g1.00_0.60_s0.02,0.0200,1.6253,0.2826,12.4617,1.3047,1.2966,16.3498,0.0201,0.0165,-0.0036,38928
38,24,straight_goal,0.01,0.003,0.0,0.12,right_gain_loss,fisher_grid,g1.00_0.60_s0.02,0.0200,0.5470,0.8445,16.2000,0.3587,0.3492,3.3310,0.0293,0.0471,0.0178,38929
38,24,straight_goal,0.01,0.003,0.0,0.12,right_gain_loss,constrained_fisher,g1.00_0.60_s0.02,0.0200,0.8367,0.7741,19.1363,0.1098,0.1072,1.7421,0.0836,0.0103,-0.0733,38930
38,24,straight_goal,0.01,0.003,0.0,0.12,symmetric_low_power,null_probe,g0.75_0.75_s0.02,0.0600,1.3468,0.5675,12.8550,0.0143,0.0859,0.9798,0.0208,0.0817,0.0609,38931
38,24,straight_goal,0.01,0.003,0.0,0.12,symmetric_low_power,unpaired_null,g0.75_0.75_s0.02,0.0600,1.3207,0.4896,12.8550,0.0472,0.2001,2.3295,0.0326,0.0723,0.0397,38932
38,24,straight_goal,0.01,0.003,0.0,0.12,symmetric_low_power,random_probe,g0.60_0.75_s0.02,0.1500,1.6119,0.3972,7.8730,0.3430,0.3583,4.5225,0.0633,0.1001,0.0368,38933
38,24,straight_goal,0.01,0.003,0.0,0.12,symmetric_low_power,task_greedy,g0.75_0.75_s0.20,0.2400,1.2684,0.3244,11.7610,1.2163,1.2184,15.3179,0.0395,0.0720,0.0325,38934
38,24,straight_goal,0.01,0.003,0.0,0.12,symmetric_low_power,fisher_grid,g0.75_0.75_s0.02,0.0600,0.4823,0.8619,16.2000,0.2574,0.2741,2.9973,0.0419,0.0569,0.0150,38935
38,24,straight_goal,0.01,0.003,0.0,0.12,symmetric_low_power,constrained_fisher,g0.75_0.75_s0.10,0.1400,0.7201,0.6303,19.4400,0.0234,0.0861,1.0731,0.0231,0.0803,0.0571,38936
38,24,straight_goal,0.01,0.003,0.0,0.12,high_slip,null_probe,g1.00_1.00_s0.20,0.0000,0.7626,0.6308,12.8550,0.0807,0.1614,2.0925,0.0808,0.0808,0.0000,38937
38,24,straight_goal,0.01,0.003,0.0,0.12,high_slip,unpaired_null,g1.00_1.00_s0.20,0.0000,0.9874,0.6232,12.8550,0.1404,0.3020,4.3470,0.1170,0.1170,0.0000,38938
38,24,straight_goal,0.01,0.003,0.0,0.12,high_slip,random_probe,g1.00_1.00_s0.20,0.0000,0.6742,0.8114,6.0713,0.1836,0.2303,3.6909,0.0669,0.0669,0.0000,38939
38,24,straight_goal,0.01,0.003,0.0,0.12,high_slip,task_greedy,g1.00_1.00_s0.02,0.1800,1.5863,0.2945,11.7622,1.6765,1.6713,21.0076,0.0773,0.0773,0.0000,38940
38,24,straight_goal,0.01,0.003,0.0,0.12,high_slip,fisher_grid,g1.00_1.00_s0.20,0.0000,0.4410,0.8760,16.2000,0.3842,0.3938,4.7444,0.1881,0.1881,0.0000,38941
38,24,straight_goal,0.01,0.003,0.0,0.12,high_slip,constrained_fisher,g1.00_1.00_s0.20,0.0000,0.8725,0.7481,6.0750,0.1447,0.1684,3.4328,0.0651,0.0651,0.0000,38942
39,24,straight_goal,0.01,0.003,0.0,0.12,left_gain_loss,null_probe,g0.60_1.00_s0.02,0.0200,1.1426,0.5839,12.8550,0.0457,0.1121,1.5727,0.0237,0.0285,0.0048,39943
39,24,straight_goal,0.01,0.003,0.0,0.12,left_gain_loss,unpaired_null,g0.60_1.00_s0.02,0.0200,1.3283,0.5112,12.8550,0.0767,0.1742,2.3674,0.0317,0.0097,-0.0221,39944
39,24,straight_goal,0.01,0.003,0.0,0.12,left_gain_loss,random_probe,g0.60_1.00_s0.02,0.0200,0.6153,0.8152,8.5991,0.4646,0.4386,5.4185,0.0321,0.0149,-0.0172,39945
39,24,straight_goal,0.01,0.003,0.0,0.12,left_gain_loss,task_greedy,g0.75_1.00_s0.02,0.1300,2.1089,0.1874,12.4568,1.2987,1.2905,16.4835,0.0313,0.0096,-0.0217,39946
39,24,straight_goal,0.01,0.003,0.0,0.12,left_gain_loss,fisher_grid,g0.60_1.00_s0.02,0.0200,0.6945,0.6922,16.2000,0.3333,0.3545,3.6240,0.0288,0.0219,-0.0069,39947
39,24,straight_goal,0.01,0.003,0.0,0.12,left_gain_loss,constrained_fisher,g0.60_1.00_s0.02,0.0200,0.0935,0.9820,19.1363,0.0601,0.1189,1.4832,0.0942,0.1733,0.0791,39948
39,24,straight_goal,0.01,0.003,0.0,0.12,right_gain_loss,null_probe,g1.00_0.60_s0.02,0.0200,1.0943,0.5872,12.8550,0.0815,0.0990,1.3047,0.0574,0.0602,0.0027,39949
39,24,straight_goal,0.01,0.003,0.0,0.12,right_gain_loss,unpaired_null,g1.00_0.60_s0.02,0.0200,1.1701,0.4983,12.8550,0.0669,0.2871,3.5672,0.0101,0.0257,0.0156,39950
39,24,straight_goal,0.01,0.003,0.0,0.12,right_gain_loss,random_probe,g1.00_0.60_s0.10,0.1000,1.8788,0.2526,5.9055,0.3072,0.3216,5.3142,0.0421,0.0174,-0.0246,39951
39,24,straight_goal,0.01,0.003,0.0,0.12,right_gain_loss,task_greedy,g1.00_0.60_s0.02,0.0200,1.9457,0.2380,12.3901,1.2926,1.2831,16.3792,0.0171,0.0144,-0.0026,39952
39,24,straight_goal,0.01,0.003,0.0,0.12,right_gain_loss,fisher_grid,g1.00_0.60_s0.02,0.0200,0.6832,0.7299,16.2000,0.3229,0.3315,3.1282,0.0196,0.0396,0.0200,39953
39,24,straight_goal,0.01,0.003,0.0,0.12,right_gain_loss,constrained_fisher,g1.00_0.60_s0.02,0.0200,0.0476,0.9925,17.3138,0.0941,0.1065,1.7833,0.0387,0.0567,0.0180,39954
39,24,straight_goal,0.01,0.003,0.0,0.12,symmetric_low_power,null_probe,g0.75_0.75_s0.02,0.0600,0.8747,0.6270,12.8550,0.0216,0.0721,0.9170,0.0517,0.0998,0.0481,39955
39,24,straight_goal,0.01,0.003,0.0,0.12,symmetric_low_power,unpaired_null,g0.75_0.75_s0.10,0.1400,1.2500,0.4620,12.8550,0.0149,0.2041,2.3960,0.0268,0.0472,0.0204,39956
39,24,straight_goal,0.01,0.003,0.0,0.12,symmetric_low_power,random_probe,g0.75_0.75_s0.10,0.1400,2.2310,0.2929,6.1724,0.1842,0.1949,2.9923,0.0231,0.0989,0.0757,39957
39,24,straight_goal,0.01,0.003,0.0,0.12,symmetric_low_power,task_greedy,g0.75_0.75_s0.02,0.0600,2.1472,0.1791,11.7612,1.2067,1.2209,15.2529,0.0834,0.0202,-0.0632,39958
39,24,straight_goal,0.01,0.003,0.0,0.12,symmetric_low_power,fisher_grid,g0.75_0.75_s0.10,0.1400,1.0120,0.7129,16.2000,0.2650,0.2512,2.6588,0.0233,0.0564,0.0331,39959
39,24,straight_goal,0.01,0.003,0.0,0.12,symmetric_low_power,constrained_fisher,g0.75_0.75_s0.02,0.0600,0.7729,0.7068,19.4400,0.0262,0.0842,0.9804,0.0630,0.0348,-0.0282,39960
39,24,straight_goal,0.01,0.003,0.0,0.12,high_slip,null_probe,g1.00_1.00_s0.20,0.0000,1.0284,0.6333,12.8550,0.1567,0.1593,2.2212,0.1156,0.1156,0.0000,39961
39,24,straight_goal,0.01,0.003,0.0,0.12,high_slip,unpaired_null,g1.00_1.00_s0.20,0.0000,1.7203,0.3007,12.8550,0.0922,0.2972,3.9280,0.1209,0.1209,0.0000,39962
39,24,straight_goal,0.01,0.003,0.0,0.12,high_slip,random_probe,g1.00_1.00_s0.20,0.0000,0.7631,0.7318,6.3683,0.4150,0.4470,7.4817,0.0912,0.0912,0.0000,39963
39,24,straight_goal,0.01,0.003,0.0,0.12,high_slip,task_greedy,g0.90_0.90_s0.20,0.2000,2.3975,0.1224,11.7617,1.6776,1.6739,21.0082,0.1513,0.1491,-0.0022,39964
39,24,straight_goal,0.01,0.003,0.0,0.12,high_slip,fisher_grid,g1.00_1.00_s0.20,0.0000,0.1566,0.9704,16.2000,0.3852,0.3894,4.3412,0.0411,0.0411,0.0000,39965
39,24,straight_goal,0.01,0.003,0.0,0.12,high_slip,constrained_fisher,g1.00_1.00_s0.20,0.0000,0.7375,0.7117,18.8325,0.1203,0.1462,2.1622,0.1319,0.1319,0.0000,39966
