trial,diagnostic_steps,recovery_task,observation_noise,process_noise,slip_correlation,max_predicted_diagnostic_disturbance,damage,policy,estimate,param_error,posterior_entropy,posterior_confidence,action_energy,diagnostic_disturbance,max_diagnostic_disturbance,cumulative_diagnostic_disturbance,recovery_distance,nominal_recovery_distance,recovery_gain,seed
0,8,square_waypoints,0.01,0.003,0.0,0.12,left_gain_loss,null_probe,g0.60_1.00_s0.10,0.1000,2.2488,0.2077,4.2850,0.0408,0.0970,0.3435,0.0940,0.0199,-0.0741,11003
0,8,square_waypoints,0.01,0.003,0.0,0.12,left_gain_loss,unpaired_null,g0.60_1.00_s0.10,0.1000,1.8115,0.3244,4.2850,0.0324,0.1718,0.7917,0.0546,0.0768,0.0222,11004
0,8,square_waypoints,0.01,0.003,0.0,0.12,left_gain_loss,random_probe,g0.60_0.90_s0.02,0.1200,3.1001,0.1051,1.6327,0.0900,0.1118,0.4816,0.0864,0.0263,-0.0601,11005
0,8,square_waypoints,0.01,0.003,0.0,0.12,left_gain_loss,task_greedy,g0.60_0.90_s0.20,0.3000,2.1620,0.1745,4.0958,0.4430,0.4468,2.0824,0.0417,0.1242,0.0826,11006
0,8,square_waypoints,0.01,0.003,0.0,0.12,left_gain_loss,fisher_grid,g0.60_1.00_s0.10,0.1000,1.8741,0.3054,5.6700,0.1075,0.1057,0.6291,0.1182,0.1500,0.0318,11007
0,8,square_waypoints,0.01,0.003,0.0,0.12,left_gain_loss,constrained_fisher,g0.75_0.90_s0.10,0.3100,2.2071,0.2835,6.4800,0.0522,0.1123,0.5192,0.0743,0.0657,-0.0086,11008
0,8,square_waypoints,0.01,0.003,0.0,0.12,right_gain_loss,null_probe,g1.00_0.75_s0.10,0.2100,2.4801,0.1868,4.2850,0.0100,0.0904,0.3601,0.0157,0.0220,0.0063,11009
0,8,square_waypoints,0.01,0.003,0.0,0.12,right_gain_loss,unpaired_null,g1.00_0.60_s0.02,0.0200,2.2419,0.2079,4.2850,0.0291,0.2786,1.1387,0.0770,0.0610,-0.0160,11010
0,8,square_waypoints,0.01,0.003,0.0,0.12,right_gain_loss,random_probe,g1.00_0.60_s0.02,0.0200,2.5723,0.1596,2.1586,0.1840,0.1927,0.9300,0.0593,0.0182,-0.0411,11011
0,8,square_waypoints,0.01,0.003,0.0,0.12,right_gain_loss,task_greedy,g1.00_0.60_s0.20,0.2000,2.1674,0.1582,4.0937,0.4274,0.4362,2.0192,0.0161,0.0217,0.0056,11012
0,8,square_waypoints,0.01,0.003,0.0,0.12,right_gain_loss,fisher_grid,g1.00_0.60_s0.02,0.0200,1.8810,0.3091,5.6700,0.1075,0.1808,0.6748,0.0537,0.0287,-0.0250,11013
0,8,square_waypoints,0.01,0.003,0.0,0.12,right_gain_loss,constrained_fisher,g1.00_0.60_s0.02,0.0200,1.4407,0.4693,6.1763,0.0410,0.1108,0.5352,0.0291,0.0980,0.0690,11014
0,8,square_waypoints,0.01,0.003,0.0,0.12,symmetric_low_power,null_probe,g0.75_0.75_s0.10,0.1400,2.5673,0.2131,4.2850,0.0252,0.0740,0.2762,0.0520,0.0259,-0.0261,11015
0,8,square_waypoints,0.01,0.003,0.0,0.12,symmetric_low_power,unpaired_null,g0.75_0.75_s0.02,0.0600,2.5032,0.2014,4.2850,0.0164,0.2024,0.8196,0.0278,0.0936,0.0658,11016
0,8,square_waypoints,0.01,0.003,0.0,0.12,symmetric_low_power,random_probe,g0.75_0.75_s0.02,0.0600,2.9514,0.1654,2.2320,0.0825,0.1104,0.5131,0.0272,0.0629,0.0357,11017
0,8,square_waypoints,0.01,0.003,0.0,0.12,symmetric_low_power,task_greedy,g0.75_0.75_s0.20,0.2400,2.9204,0.1505,3.9203,0.3641,0.3905,1.7340,0.0153,0.1004,0.0851,11018
0,8,square_waypoints,0.01,0.003,0.0,0.12,symmetric_low_power,fisher_grid,g0.75_0.75_s0.02,0.0600,2.1367,0.3019,5.6700,0.0730,0.1334,0.4939,0.0476,0.0611,0.0135,11019
0,8,square_waypoints,0.01,0.003,0.0,0.12,symmetric_low_power,constrained_fisher,g0.75_0.75_s0.02,0.0600,1.3250,0.6455,6.4800,0.0336,0.0822,0.3595,0.0375,0.0876,0.0501,11020
0,8,square_waypoints,0.01,0.003,0.0,0.12,high_slip,null_probe,g0.90_0.90_s0.02,0.3800,2.6731,0.1850,4.2850,0.0508,0.0904,0.3867,0.0601,0.1320,0.0719,11021
0,8,square_waypoints,0.01,0.003,0.0,0.12,high_slip,unpaired_null,g0.90_1.00_s0.20,0.1000,2.0199,0.2701,4.2850,0.1140,0.2802,1.2908,0.0579,0.0767,0.0188,11022
0,8,square_waypoints,0.01,0.003,0.0,0.12,high_slip,random_probe,g1.00_1.00_s0.20,0.0000,2.0160,0.3231,2.0793,0.2735,0.2589,1.1058,0.1248,0.1248,0.0000,11023
0,8,square_waypoints,0.01,0.003,0.0,0.12,high_slip,task_greedy,g1.00_1.00_s0.02,0.1800,2.2213,0.1993,3.9202,0.5449,0.5552,2.4614,0.1387,0.1387,0.0000,11024
0,8,square_waypoints,0.01,0.003,0.0,0.12,high_slip,fisher_grid,g1.00_1.00_s0.20,0.0000,1.8724,0.2933,5.6700,0.2424,0.2501,1.1507,0.0314,0.0314,0.0000,11025
0,8,square_waypoints,0.01,0.003,0.0,0.12,high_slip,constrained_fisher,g1.00_1.00_s0.20,0.0000,1.1234,0.5891,5.2650,0.1292,0.1722,0.8170,0.0338,0.0338,0.0000,11026
1,8,square_waypoints,0.01,0.003,0.0,0.12,left_gain_loss,null_probe,g0.60_1.00_s0.02,0.0200,2.1149,0.2655,4.2850,0.0783,0.1143,0.5004,0.0514,0.0823,0.0309,12027
1,8,square_waypoints,0.01,0.003,0.0,0.12,left_gain_loss,unpaired_null,g0.60_1.00_s0.02,0.0200,2.1655,0.2503,4.2850,0.0321,0.1760,0.8014,0.0218,0.1403,0.1186,12028
1,8,square_waypoints,0.01,0.003,0.0,0.12,left_gain_loss,random_probe,g0.60_1.00_s0.10,0.1000,2.4765,0.1795,2.2436,0.1458,0.1785,0.7219,0.0196,0.1707,0.1511,12029
1,8,square_waypoints,0.01,0.003,0.0,0.12,left_gain_loss,task_greedy,g0.60_1.00_s0.02,0.0200,2.1902,0.1692,4.0974,0.4174,0.4305,1.9951,0.0417,0.0784,0.0367,12030
1,8,square_waypoints,0.01,0.003,0.0,0.12,left_gain_loss,fisher_grid,g0.60_1.00_s0.10,0.1000,1.5988,0.3942,5.6700,0.1208,0.1134,0.6088,0.0291,0.1215,0.0924,12031
1,8,square_waypoints,0.01,0.003,0.0,0.12,left_gain_loss,constrained_fisher,g0.60_1.00_s0.02,0.0200,1.0666,0.6498,6.4800,0.0362,0.0891,0.4053,0.0930,0.0386,-0.0544,12032
1,8,square_waypoints,0.01,0.003,0.0,0.12,right_gain_loss,null_probe,g1.00_0.60_s0.02,0.0200,1.8684,0.2529,4.2850,0.0544,0.0829,0.3085,0.0209,0.0174,-0.0035,12033
1,8,square_waypoints,0.01,0.003,0.0,0.12,right_gain_loss,unpaired_null,g0.90_0.60_s0.02,0.1200,2.0993,0.3056,4.2850,0.0181,0.2735,1.0900,0.0368,0.0410,0.0042,12034
1,8,square_waypoints,0.01,0.003,0.0,0.12,right_gain_loss,random_probe,g1.00_0.60_s0.02,0.0200,2.8124,0.1378,1.8999,0.1193,0.1288,0.7452,0.0362,0.0263,-0.0099,12035
1,8,square_waypoints,0.01,0.003,0.0,0.12,right_gain_loss,task_greedy,g1.00_0.60_s0.02,0.0200,2.1734,0.2010,4.0922,0.4633,0.4525,2.0848,0.1047,0.1556,0.0508,12036
1,8,square_waypoints,0.01,0.003,0.0,0.12,right_gain_loss,fisher_grid,g1.00_0.60_s0.02,0.0200,1.9037,0.3370,5.6700,0.0821,0.1777,0.6342,0.0228,0.1226,0.0998,12037
1,8,square_waypoints,0.01,0.003,0.0,0.12,right_gain_loss,constrained_fisher,g1.00_0.60_s0.02,0.0200,1.2539,0.6060,6.4800,0.0193,0.0923,0.3923,0.0436,0.0122,-0.0314,12038
1,8,square_waypoints,0.01,0.003,0.0,0.12,symmetric_low_power,null_probe,g0.75_0.75_s0.02,0.0600,2.4016,0.3112,4.2850,0.0097,0.0613,0.2594,0.0266,0.0763,0.0497,12039
1,8,square_waypoints,0.01,0.003,0.0,0.12,symmetric_low_power,unpaired_null,g0.75_0.75_s0.02,0.0600,2.4281,0.2684,4.2850,0.0321,0.2033,0.8250,0.0283,0.0439,0.0156,12040
1,8,square_waypoints,0.01,0.003,0.0,0.12,symmetric_low_power,random_probe,g0.75_0.75_s0.02,0.0600,3.2144,0.1032,2.1677,0.0833,0.1053,0.5715,0.0441,0.0644,0.0203,12041
1,8,square_waypoints,0.01,0.003,0.0,0.12,symmetric_low_power,task_greedy,g0.75_0.75_s0.02,0.0600,2.7614,0.1666,3.9202,0.4106,0.4060,1.8302,0.0183,0.0401,0.0218,12042
1,8,square_waypoints,0.01,0.003,0.0,0.12,symmetric_low_power,fisher_grid,g0.75_0.75_s0.02,0.0600,2.0178,0.3720,5.6700,0.0894,0.1353,0.4842,0.0389,0.0866,0.0476,12043
1,8,square_waypoints,0.01,0.003,0.0,0.12,symmetric_low_power,constrained_fisher,g0.75_0.75_s0.02,0.0600,1.5821,0.5714,6.4800,0.0299,0.0713,0.3293,0.0293,0.0654,0.0361,12044
1,8,square_waypoints,0.01,0.003,0.0,0.12,high_slip,null_probe,g1.00_0.90_s0.02,0.2800,2.1683,0.3193,4.2850,0.0208,0.1018,0.4276,0.1831,0.1600,-0.0230,12045
1,8,square_waypoints,0.01,0.003,0.0,0.12,high_slip,unpaired_null,g1.00_1.00_s0.20,0.0000,0.9027,0.6031,4.2850,0.0967,0.3016,1.4301,0.0695,0.0695,0.0000,12046
1,8,square_waypoints,0.01,0.003,0.0,0.12,high_slip,random_probe,g0.90_1.00_s0.20,0.1000,2.3048,0.1955,2.8260,0.2529,0.2477,1.5113,0.0523,0.0564,0.0040,12047
1,8,square_waypoints,0.01,0.003,0.0,0.12,high_slip,task_greedy,g1.00_1.00_s0.20,0.0000,2.3426,0.1691,3.9201,0.5771,0.5628,2.5108,0.1312,0.1312,0.0000,12048
1,8,square_waypoints,0.01,0.003,0.0,0.12,high_slip,fisher_grid,g0.90_1.00_s0.20,0.1000,1.8505,0.2560,5.6700,0.2376,0.2185,0.9482,0.0872,0.0738,-0.0134,12049
1,8,square_waypoints,0.01,0.003,0.0,0.12,high_slip,constrained_fisher,g1.00_0.90_s0.20,0.1000,1.3398,0.5409,6.1763,0.1053,0.1485,0.6576,0.1905,0.0838,-0.1066,12050
2,8,square_waypoints,0.01,0.003,0.0,0.12,left_gain_loss,null_probe,g0.75_1.00_s0.02,0.1300,2.3226,0.2074,4.2850,0.0154,0.1009,0.3871,0.0496,0.0209,-0.0287,13051
2,8,square_waypoints,0.01,0.003,0.0,0.12,left_gain_loss,unpaired_null,g0.60_1.00_s0.02,0.0200,1.8460,0.3400,4.2850,0.0211,0.1714,0.7972,0.0283,0.0369,0.0086,13052
2,8,square_waypoints,0.01,0.003,0.0,0.12,left_gain_loss,random_probe,g0.60_0.90_s0.10,0.2000,2.7339,0.1568,1.9202,0.0855,0.1136,0.6686,0.0126,0.0509,0.0383,13053
2,8,square_waypoints,0.01,0.003,0.0,0.12,left_gain_loss,task_greedy,g0.60_1.00_s0.20,0.2000,2.1676,0.1765,4.0927,0.4527,0.4527,2.0915,0.0900,0.0588,-0.0312,13054
2,8,square_waypoints,0.01,0.003,0.0,0.12,left_gain_loss,fisher_grid,g0.75_1.00_s0.02,0.1300,1.5657,0.3339,5.6700,0.0950,0.1222,0.6202,0.0562,0.0894,0.0332,13055
2,8,square_waypoints,0.01,0.003,0.0,0.12,left_gain_loss,constrained_fisher,g0.60_1.00_s0.02,0.0200,1.4009,0.5363,6.4800,0.0251,0.0908,0.3958,0.0168,0.0282,0.0113,13056
2,8,square_waypoints,0.01,0.003,0.0,0.12,right_gain_loss,null_probe,g1.00_0.60_s0.02,0.0200,2.3261,0.1934,4.2850,0.0100,0.0916,0.3521,0.0786,0.0136,-0.0650,13057
2,8,square_waypoints,0.01,0.003,0.0,0.12,right_gain_loss,unpaired_null,g1.00_0.60_s0.02,0.0200,1.7409,0.4365,4.2850,0.0323,0.2698,1.1047,0.0360,0.1353,0.0993,13058
2,8,square_waypoints,0.01,0.003,0.0,0.12,right_gain_loss,random_probe,g1.00_0.60_s0.02,0.0200,2.5282,0.1986,1.9421,0.1540,0.1634,0.8372,0.0932,0.1582,0.0650,13059
2,8,square_waypoints,0.01,0.003,0.0,0.12,right_gain_loss,task_greedy,g1.00_0.60_s0.02,0.0200,2.4045,0.1458,4.1180,0.4509,0.4484,2.0977,0.0377,0.0759,0.0382,13060
2,8,square_waypoints,0.01,0.003,0.0,0.12,right_gain_loss,fisher_grid,g0.90_0.60_s0.02,0.1200,1.8219,0.4633,5.6700,0.0684,0.1758,0.6184,0.0499,0.1606,0.1107,13061
2,8,square_waypoints,0.01,0.003,0.0,0.12,right_gain_loss,constrained_fisher,g1.00_0.60_s0.02,0.0200,1.2365,0.6305,6.4800,0.0189,0.0966,0.4421,0.0257,0.0292,0.0035,13062
2,8,square_waypoints,0.01,0.003,0.0,0.12,symmetric_low_power,null_probe,g0.60_0.75_s0.02,0.1500,2.4469,0.1966,4.2850,0.0146,0.0729,0.2848,0.0388,0.0741,0.0352,13063
2,8,square_waypoints,0.01,0.003,0.0,0.12,symmetric_low_power,unpaired_null,g0.60_0.75_s0.02,0.1500,2.4742,0.1962,4.2850,0.0122,0.1883,0.7522,0.0519,0.1111,0.0591,13064
2,8,square_waypoints,0.01,0.003,0.0,0.12,symmetric_low_power,random_probe,g0.75_0.75_s0.02,0.0600,2.8203,0.1912,2.3642,0.1122,0.1252,0.7223,0.0166,0.0458,0.0292,13065
2,8,square_waypoints,0.01,0.003,0.0,0.12,symmetric_low_power,task_greedy,g0.75_0.75_s0.20,0.2400,2.8393,0.1595,3.9204,0.4131,0.4124,1.8227,0.0310,0.0428,0.0117,13066
2,8,square_waypoints,0.01,0.003,0.0,0.12,symmetric_low_power,fisher_grid,g0.75_0.75_s0.02,0.0600,1.9537,0.4209,5.6700,0.1023,0.1325,0.4883,0.0492,0.0711,0.0218,13067
2,8,square_waypoints,0.01,0.003,0.0,0.12,symmetric_low_power,constrained_fisher,g0.75_0.75_s0.02,0.0600,1.6093,0.4388,6.4800,0.0209,0.0700,0.3226,0.0283,0.0418,0.0135,13068
2,8,square_waypoints,0.01,0.003,0.0,0.12,high_slip,null_probe,g1.00_1.00_s0.20,0.0000,1.4273,0.5432,4.2850,0.1259,0.1591,0.8451,0.0954,0.0954,0.0000,13069
2,8,square_waypoints,0.01,0.003,0.0,0.12,high_slip,unpaired_null,g1.00_1.00_s0.20,0.0000,1.0496,0.6394,4.2850,0.0162,0.2933,1.2248,0.0413,0.0413,0.0000,13070
2,8,square_waypoints,0.01,0.003,0.0,0.12,high_slip,random_probe,g0.90_1.00_s0.20,0.1000,2.3540,0.2528,2.2882,0.1976,0.2102,1.1594,0.0530,0.1119,0.0589,13071
2,8,square_waypoints,0.01,0.003,0.0,0.12,high_slip,task_greedy,g1.00_1.00_s0.02,0.1800,2.3089,0.1841,3.9204,0.5544,0.5554,2.5384,0.1467,0.1467,0.0000,13072
2,8,square_waypoints,0.01,0.003,0.0,0.12,high_slip,fisher_grid,g0.90_0.90_s0.20,0.2000,1.9384,0.3449,5.6700,0.1995,0.2055,1.1796,0.0224,0.0816,0.0591,13073
2,8,square_waypoints,0.01,0.003,0.0,0.12,high_slip,constrained_fisher,g1.00_1.00_s0.02,0.1800,2.1884,0.2586,6.4800,0.0316,0.1150,0.6604,0.2420,0.2420,0.0000,13074
3,8,square_waypoints,0.01,0.003,0.0,0.12,left_gain_loss,null_probe,g0.60_1.00_s0.20,0.2000,2.0645,0.2674,4.2850,0.0107,0.0883,0.3324,0.0645,0.0282,-0.0363,14075
3,8,square_waypoints,0.01,0.003,0.0,0.12,left_gain_loss,unpaired_null,g0.60_1.00_s0.02,0.0200,2.0147,0.2944,4.2850,0.0304,0.1802,0.8185,0.0219,0.0197,-0.0022,14076
3,8,square_waypoints,0.01,0.003,0.0,0.12,left_gain_loss,random_probe,g0.60_1.00_s0.10,0.1000,2.2682,0.2275,2.2132,0.0383,0.1018,0.5528,0.0851,0.1062,0.0211,14077
3,8,square_waypoints,0.01,0.003,0.0,0.12,left_gain_loss,task_greedy,g0.60_1.00_s0.02,0.0200,2.0590,0.1821,4.1016,0.4550,0.4512,2.1086,0.1030,0.0211,-0.0819,14078
3,8,square_waypoints,0.01,0.003,0.0,0.12,left_gain_loss,fisher_grid,g0.60_1.00_s0.02,0.0200,1.0382,0.6977,5.6700,0.1039,0.1104,0.6598,0.0719,0.1443,0.0724,14079
3,8,square_waypoints,0.01,0.003,0.0,0.12,left_gain_loss,constrained_fisher,g0.60_1.00_s0.02,0.0200,1.6376,0.4858,6.4800,0.0300,0.0958,0.4408,0.0152,0.0133,-0.0019,14080
3,8,square_waypoints,0.01,0.003,0.0,0.12,right_gain_loss,null_probe,g1.00_0.60_s0.02,0.0200,1.8011,0.3577,4.2850,0.0287,0.0908,0.3401,0.0201,0.1110,0.0909,14081
3,8,square_waypoints,0.01,0.003,0.0,0.12,right_gain_loss,unpaired_null,g1.00_0.60_s0.02,0.0200,1.5326,0.4590,4.2850,0.0270,0.2869,1.2059,0.0496,0.0644,0.0149,14082
3,8,square_waypoints,0.01,0.003,0.0,0.12,right_gain_loss,random_probe,g1.00_0.60_s0.02,0.0200,2.4483,0.1696,1.9093,0.1185,0.1513,0.7712,0.0103,0.0042,-0.0061,14083
3,8,square_waypoints,0.01,0.003,0.0,0.12,right_gain_loss,task_greedy,g1.00_0.60_s0.20,0.2000,2.2326,0.1643,4.1047,0.4276,0.4374,2.0371,0.0894,0.0270,-0.0625,14084
3,8,square_waypoints,0.01,0.003,0.0,0.12,right_gain_loss,fisher_grid,g1.00_0.60_s0.02,0.0200,1.5614,0.3929,5.6700,0.0954,0.1781,0.5901,0.0459,0.0063,-0.0396,14085
3,8,square_waypoints,0.01,0.003,0.0,0.12,right_gain_loss,constrained_fisher,g0.90_0.75_s0.02,0.2300,1.5204,0.3718,6.4800,0.0223,0.0946,0.4323,0.1094,0.1448,0.0354,14086
3,8,square_waypoints,0.01,0.003,0.0,0.12,symmetric_low_power,null_probe,g0.60_0.60_s0.10,0.3200,2.4782,0.1465,4.2850,0.0078,0.0685,0.3256,0.0253,0.0431,0.0178,14087
3,8,square_waypoints,0.01,0.003,0.0,0.12,symmetric_low_power,unpaired_null,g0.75_0.75_s0.02,0.0600,2.3894,0.3303,4.2850,0.0181,0.2046,0.8518,0.0507,0.0251,-0.0256,14088
3,8,square_waypoints,0.01,0.003,0.0,0.12,symmetric_low_power,random_probe,g0.60_0.75_s0.02,0.1500,3.1352,0.1057,1.7300,0.1618,0.1539,0.8291,0.0245,0.0986,0.0741,14089
3,8,square_waypoints,0.01,0.003,0.0,0.12,symmetric_low_power,task_greedy,g0.75_0.75_s0.20,0.2400,2.8447,0.1508,3.9208,0.4447,0.4229,1.9370,0.0675,0.0251,-0.0423,14090
3,8,square_waypoints,0.01,0.003,0.0,0.12,symmetric_low_power,fisher_grid,g0.75_0.75_s0.02,0.0600,2.0716,0.2933,5.6700,0.0962,0.1267,0.4711,0.0505,0.0429,-0.0076,14091
3,8,square_waypoints,0.01,0.003,0.0,0.12,symmetric_low_power,constrained_fisher,g0.75_0.75_s0.02,0.0600,1.7506,0.4796,6.4800,0.0056,0.0781,0.3248,0.0350,0.0306,-0.0044,14092
3,8,square_waypoints,0.01,0.003,0.0,0.12,high_slip,null_probe,g1.00_0.90_s0.20,0.1000,1.5624,0.4067,4.2850,0.0023,0.1286,0.5224,0.0457,0.0601,0.0145,14093
3,8,square_waypoints,0.01,0.003,0.0,0.12,high_slip,unpaired_null,g1.00_1.00_s0.10,0.1000,2.5692,0.1410,4.2850,0.0596,0.2863,1.1997,0.0134,0.0134,0.0000,14094
3,8,square_waypoints,0.01,0.003,0.0,0.12,high_slip,random_probe,g1.00_0.90_s0.20,0.1000,2.4779,0.2121,2.2997,0.2241,0.2241,1.1649,0.0677,0.0704,0.0027,14095
3,8,square_waypoints,0.01,0.003,0.0,0.12,high_slip,task_greedy,g1.00_1.00_s0.02,0.1800,2.5151,0.1347,3.9201,0.5561,0.5649,2.5364,0.1214,0.1214,0.0000,14096
3,8,square_waypoints,0.01,0.003,0.0,0.12,high_slip,fisher_grid,g1.00_1.00_s0.20,0.0000,1.5641,0.4482,5.6700,0.1606,0.1800,0.8069,0.2046,0.2046,0.0000,14097
3,8,square_waypoints,0.01,0.003,0.0,0.12,high_slip,constrained_fisher,g1.00_1.00_s0.20,0.0000,1.3511,0.5479,2.8350,0.1118,0.1363,1.0582,0.1051,0.1051,0.0000,14098
4,8,square_waypoints,0.01,0.003,0.0,0.12,left_gain_loss,null_probe,g0.60_1.00_s0.10,0.1000,2.1095,0.2407,4.2850,0.0287,0.1080,0.3786,0.0315,0.0227,-0.0088,15099
4,8,square_waypoints,0.01,0.003,0.0,0.12,left_gain_loss,unpaired_null,g0.60_1.00_s0.02,0.0200,1.7076,0.3439,4.2850,0.0385,0.1751,0.8004,0.0083,0.0223,0.0140,15100
4,8,square_waypoints,0.01,0.003,0.0,0.12,left_gain_loss,random_probe,g0.60_1.00_s0.20,0.2000,2.8235,0.1085,2.0920,0.3604,0.3330,1.7705,0.0278,0.0141,-0.0137,15101
4,8,square_waypoints,0.01,0.003,0.0,0.12,left_gain_loss,task_greedy,g0.60_1.00_s0.20,0.2000,2.3270,0.1634,4.0916,0.4196,0.4536,2.1405,0.0556,0.0456,-0.0100,15102
4,8,square_waypoints,0.01,0.003,0.0,0.12,left_gain_loss,fisher_grid,g0.60_1.00_s0.02,0.0200,1.5420,0.4151,5.6700,0.1098,0.1081,0.6005,0.0459,0.1264,0.0806,15103
4,8,square_waypoints,0.01,0.003,0.0,0.12,left_gain_loss,constrained_fisher,g0.60_1.00_s0.02,0.0200,1.4310,0.5297,6.4800,0.0231,0.0869,0.3828,0.0394,0.0340,-0.0055,15104
4,8,square_waypoints,0.01,0.003,0.0,0.12,right_gain_loss,null_probe,g1.00_0.60_s0.02,0.0200,2.1310,0.2816,4.2850,0.0337,0.0819,0.3493,0.0521,0.0888,0.0367,15105
4,8,square_waypoints,0.01,0.003,0.0,0.12,right_gain_loss,unpaired_null,g1.00_0.60_s0.02,0.0200,2.0911,0.2966,4.2850,0.0188,0.2850,1.1859,0.0425,0.1612,0.1187,15106
4,8,square_waypoints,0.01,0.003,0.0,0.12,right_gain_loss,random_probe,g0.90_0.60_s0.20,0.3000,2.9013,0.1261,1.2651,0.1601,0.1445,0.9335,0.0679,0.1556,0.0877,15107
4,8,square_waypoints,0.01,0.003,0.0,0.12,right_gain_loss,task_greedy,g1.00_0.60_s0.02,0.0200,2.3240,0.1703,4.0957,0.4194,0.4359,2.0355,0.0757,0.0203,-0.0555,15108
4,8,square_waypoints,0.01,0.003,0.0,0.12,right_gain_loss,fisher_grid,g1.00_0.60_s0.02,0.0200,1.7801,0.3349,5.6700,0.1215,0.1754,0.6341,0.0459,0.0196,-0.0262,15109
4,8,square_waypoints,0.01,0.003,0.0,0.12,right_gain_loss,constrained_fisher,g1.00_0.60_s0.02,0.0200,1.4466,0.5372,6.4800,0.0302,0.0950,0.4007,0.0134,0.0535,0.0401,15110
4,8,square_waypoints,0.01,0.003,0.0,0.12,symmetric_low_power,null_probe,g0.75_0.75_s0.02,0.0600,2.4716,0.2751,4.2850,0.0309,0.0656,0.2923,0.0174,0.0725,0.0551,15111
4,8,square_waypoints,0.01,0.003,0.0,0.12,symmetric_low_power,unpaired_null,g0.75_0.75_s0.02,0.0600,2.7129,0.1565,4.2850,0.0097,0.2034,0.8400,0.0258,0.0492,0.0235,15112
4,8,square_waypoints,0.01,0.003,0.0,0.12,symmetric_low_power,random_probe,g0.75_0.75_s0.02,0.0600,3.1235,0.1533,2.2925,0.1784,0.1948,0.9546,0.0383,0.1003,0.0620,15113
4,8,square_waypoints,0.01,0.003,0.0,0.12,symmetric_low_power,task_greedy,g0.75_0.75_s0.20,0.2400,2.9352,0.1378,3.9203,0.4092,0.4029,1.8511,0.0686,0.0663,-0.0023,15114
4,8,square_waypoints,0.01,0.003,0.0,0.12,symmetric_low_power,fisher_grid,g0.60_0.75_s0.10,0.2300,2.4048,0.1601,5.6700,0.0864,0.1256,0.4774,0.0447,0.0674,0.0227,15115
4,8,square_waypoints,0.01,0.003,0.0,0.12,symmetric_low_power,constrained_fisher,g0.75_0.60_s0.02,0.1500,1.5282,0.3776,6.4800,0.0154,0.0737,0.3126,0.0199,0.0453,0.0253,15116
4,8,square_waypoints,0.01,0.003,0.0,0.12,high_slip,null_probe,g1.00_1.00_s0.02,0.1800,1.8628,0.3936,4.2850,0.0721,0.0991,0.4268,0.1436,0.1436,0.0000,15117
4,8,square_waypoints,0.01,0.003,0.0,0.12,high_slip,unpaired_null,g1.00_1.00_s0.20,0.0000,2.0259,0.2670,4.2850,0.0455,0.2894,1.2624,0.1827,0.1827,0.0000,15118
4,8,square_waypoints,0.01,0.003,0.0,0.12,high_slip,random_probe,g1.00_1.00_s0.10,0.1000,2.8464,0.1182,2.0543,0.1317,0.1661,1.0039,0.0135,0.0135,0.0000,15119
4,8,square_waypoints,0.01,0.003,0.0,0.12,high_slip,task_greedy,g1.00_1.00_s0.02,0.1800,1.9128,0.2486,3.9203,0.5759,0.5746,2.6173,0.2004,0.2004,0.0000,15120
4,8,square_waypoints,0.01,0.003,0.0,0.12,high_slip,fisher_grid,g1.00_1.00_s0.20,0.0000,1.5579,0.4084,5.6700,0.2052,0.2086,1.1021,0.1841,0.1841,0.0000,15121
4,8,square_waypoints,0.01,0.003,0.0,0.12,high_slip,constrained_fisher,g1.00_0.90_s0.20,0.1000,1.7306,0.3080,5.8725,0.0972,0.1416,0.8834,0.0247,0.0407,0.0160,15122
5,8,square_waypoints,0.01,0.003,0.0,0.12,left_gain_loss,null_probe,g0.60_1.00_s0.02,0.0200,2.4431,0.1575,4.2850,0.0195,0.0933,0.3512,0.0414,0.0912,0.0498,16123
5,8,square_waypoints,0.01,0.003,0.0,0.12,left_gain_loss,unpaired_null,g0.60_1.00_s0.02,0.0200,1.7756,0.3070,4.2850,0.0267,0.1759,0.8229,0.1261,0.0750,-0.0511,16124
5,8,square_waypoints,0.01,0.003,0.0,0.12,left_gain_loss,random_probe,g0.75_0.90_s0.20,0.4100,2.9956,0.1454,1.7451,0.0776,0.0959,0.6014,0.0832,0.1972,0.1140,16125
5,8,square_waypoints,0.01,0.003,0.0,0.12,left_gain_loss,task_greedy,g0.60_0.90_s0.02,0.1200,2.1883,0.1644,4.0995,0.4281,0.4448,2.0385,0.0508,0.0266,-0.0242,16126
5,8,square_waypoints,0.01,0.003,0.0,0.12,left_gain_loss,fisher_grid,g0.60_0.90_s0.02,0.1200,1.6633,0.3330,5.6700,0.1296,0.1026,0.5861,0.0321,0.1481,0.1161,16127
5,8,square_waypoints,0.01,0.003,0.0,0.12,left_gain_loss,constrained_fisher,g0.60_1.00_s0.02,0.0200,1.0861,0.6329,6.4800,0.0172,0.0941,0.4341,0.0597,0.1324,0.0727,16128
5,8,square_waypoints,0.01,0.003,0.0,0.12,right_gain_loss,null_probe,g1.00_0.60_s0.10,0.1000,2.4672,0.1482,4.2850,0.0200,0.0860,0.2995,0.0422,0.1195,0.0774,16129
5,8,square_waypoints,0.01,0.003,0.0,0.12,right_gain_loss,unpaired_null,g0.90_0.60_s0.02,0.1200,1.9843,0.1814,4.2850,0.0368,0.2799,1.1704,0.0257,0.0176,-0.0081,16130
5,8,square_waypoints,0.01,0.003,0.0,0.12,right_gain_loss,random_probe,g1.00_0.75_s0.02,0.1300,2.5372,0.1872,2.4092,0.3688,0.3563,1.4803,0.0377,0.1714,0.1337,16131
5,8,square_waypoints,0.01,0.003,0.0,0.12,right_gain_loss,task_greedy,g1.00_0.60_s0.02,0.0200,2.4539,0.1291,4.0959,0.4277,0.4566,2.1297,0.0810,0.0217,-0.0594,16132
5,8,square_waypoints,0.01,0.003,0.0,0.12,right_gain_loss,fisher_grid,g1.00_0.60_s0.02,0.0200,1.9005,0.3682,5.6700,0.1643,0.1773,0.7015,0.0905,0.0168,-0.0737,16133
5,8,square_waypoints,0.01,0.003,0.0,0.12,right_gain_loss,constrained_fisher,g0.90_0.75_s0.02,0.2300,1.8196,0.3321,6.4800,0.0336,0.1068,0.4779,0.0864,0.0233,-0.0631,16134
5,8,square_waypoints,0.01,0.003,0.0,0.12,symmetric_low_power,null_probe,g0.75_0.90_s0.02,0.2100,2.5623,0.2648,4.2850,0.0207,0.0789,0.3166,0.0364,0.0391,0.0027,16135
5,8,square_waypoints,0.01,0.003,0.0,0.12,symmetric_low_power,unpaired_null,g0.75_0.60_s0.10,0.2300,2.3458,0.2360,4.2850,0.0423,0.1973,0.7826,0.0215,0.0557,0.0342,16136
5,8,square_waypoints,0.01,0.003,0.0,0.12,symmetric_low_power,random_probe,g0.60_0.90_s0.10,0.3800,3.1738,0.1083,1.9501,0.0802,0.1103,0.4600,0.0647,0.0492,-0.0155,16137
5,8,square_waypoints,0.01,0.003,0.0,0.12,symmetric_low_power,task_greedy,g0.90_0.90_s0.20,0.5400,3.0537,0.0847,3.9203,0.3844,0.3990,1.8054,0.0604,0.0449,-0.0155,16138
5,8,square_waypoints,0.01,0.003,0.0,0.12,symmetric_low_power,fisher_grid,g0.75_0.75_s0.02,0.0600,1.9727,0.4087,5.6700,0.0795,0.1323,0.5051,0.0110,0.0762,0.0652,16139
5,8,square_waypoints,0.01,0.003,0.0,0.12,symmetric_low_power,constrained_fisher,g0.75_0.75_s0.02,0.0600,1.3748,0.6033,6.4800,0.0344,0.0746,0.2936,0.0398,0.0597,0.0199,16140
5,8,square_waypoints,0.01,0.003,0.0,0.12,high_slip,null_probe,g1.00_1.00_s0.20,0.0000,1.1785,0.6003,4.2850,0.1350,0.1614,0.8341,0.1591,0.1591,0.0000,16141
5,8,square_waypoints,0.01,0.003,0.0,0.12,high_slip,unpaired_null,g0.90_1.00_s0.10,0.2000,2.4406,0.2223,4.2850,0.0637,0.2766,1.1735,0.0762,0.0634,-0.0127,16142
5,8,square_waypoints,0.01,0.003,0.0,0.12,high_slip,random_probe,g1.00_1.00_s0.20,0.0000,1.8682,0.3225,1.7953,0.2516,0.2598,1.5848,0.0532,0.0532,0.0000,16143
5,8,square_waypoints,0.01,0.003,0.0,0.12,high_slip,task_greedy,g1.00_1.00_s0.02,0.1800,2.6435,0.1091,3.9201,0.5618,0.5527,2.4784,0.1406,0.1406,0.0000,16144
5,8,square_waypoints,0.01,0.003,0.0,0.12,high_slip,fisher_grid,g1.00_0.90_s0.20,0.1000,1.8622,0.2687,5.6700,0.2069,0.2146,0.9746,0.1780,0.1574,-0.0205,16145
5,8,square_waypoints,0.01,0.003,0.0,0.12,high_slip,constrained_fisher,g1.00_1.00_s0.20,0.0000,1.3335,0.5443,6.4800,0.0802,0.1603,0.7720,0.1595,0.1595,0.0000,16146
6,8,square_waypoints,0.01,0.003,0.0,0.12,left_gain_loss,null_probe,g0.60_1.00_s0.10,0.1000,2.0617,0.2653,4.2850,0.0180,0.0891,0.3356,0.0811,0.0786,-0.0025,17147
6,8,square_waypoints,0.01,0.003,0.0,0.12,left_gain_loss,unpaired_null,g0.60_1.00_s0.02,0.0200,1.6731,0.4199,4.2850,0.0164,0.1789,0.8419,0.0283,0.0162,-0.0121,17148
6,8,square_waypoints,0.01,0.003,0.0,0.12,left_gain_loss,random_probe,g0.60_1.00_s0.02,0.0200,2.7302,0.1359,1.6977,0.1656,0.1464,0.5994,0.0137,0.1391,0.1254,17149
6,8,square_waypoints,0.01,0.003,0.0,0.12,left_gain_loss,task_greedy,g0.60_1.00_s0.20,0.2000,2.2817,0.1828,4.1032,0.4421,0.4477,2.0958,0.0224,0.1721,0.1497,17150
6,8,square_waypoints,0.01,0.003,0.0,0.12,left_gain_loss,fisher_grid,g0.60_1.00_s0.02,0.0200,1.4028,0.5578,5.6700,0.0817,0.1058,0.6060,0.0152,0.0136,-0.0015,17151
6,8,square_waypoints,0.01,0.003,0.0,0.12,left_gain_loss,constrained_fisher,g0.60_1.00_s0.02,0.0200,0.6918,0.8238,6.4800,0.0532,0.1046,0.4807,0.0274,0.0442,0.0167,17152
6,8,square_waypoints,0.01,0.003,0.0,0.12,right_gain_loss,null_probe,g1.00_0.60_s0.02,0.0200,2.1662,0.2620,4.2850,0.0285,0.0949,0.3797,0.0148,0.0172,0.0024,17153
6,8,square_waypoints,0.01,0.003,0.0,0.12,right_gain_loss,unpaired_null,g1.00_0.60_s0.02,0.0200,2.1220,0.2866,4.2850,0.0393,0.2818,1.1487,0.0037,0.0138,0.0101,17154
6,8,square_waypoints,0.01,0.003,0.0,0.12,right_gain_loss,random_probe,g1.00_0.60_s0.02,0.0200,2.6098,0.1850,1.9884,0.1927,0.2127,0.7513,0.0245,0.0444,0.0199,17155
6,8,square_waypoints,0.01,0.003,0.0,0.12,right_gain_loss,task_greedy,g1.00_0.60_s0.20,0.2000,2.4539,0.1748,4.1021,0.4475,0.4346,2.0071,0.0147,0.0120,-0.0027,17156
6,8,square_waypoints,0.01,0.003,0.0,0.12,right_gain_loss,fisher_grid,g1.00_0.60_s0.02,0.0200,1.7858,0.4206,5.6700,0.1002,0.1738,0.6333,0.0562,0.1139,0.0577,17157
6,8,square_waypoints,0.01,0.003,0.0,0.12,right_gain_loss,constrained_fisher,g1.00_0.60_s0.02,0.0200,1.3067,0.5744,6.4800,0.0216,0.0944,0.4474,0.0396,0.0750,0.0355,17158
6,8,square_waypoints,0.01,0.003,0.0,0.12,symmetric_low_power,null_probe,g0.75_0.75_s0.02,0.0600,2.3790,0.3181,4.2850,0.0278,0.0580,0.2578,0.0363,0.0665,0.0302,17159
6,8,square_waypoints,0.01,0.003,0.0,0.12,symmetric_low_power,unpaired_null,g0.75_0.75_s0.02,0.0600,2.6724,0.1433,4.2850,0.0163,0.2111,0.8693,0.0388,0.0761,0.0373,17160
6,8,square_waypoints,0.01,0.003,0.0,0.12,symmetric_low_power,random_probe,g0.90_0.75_s0.02,0.2100,3.1370,0.1469,2.4061,0.2091,0.2162,1.2642,0.0168,0.0618,0.0451,17161
6,8,square_waypoints,0.01,0.003,0.0,0.12,symmetric_low_power,task_greedy,g0.75_0.75_s0.02,0.0600,2.8828,0.1543,3.9202,0.3768,0.3979,1.8036,0.0571,0.0722,0.0151,17162
6,8,square_waypoints,0.01,0.003,0.0,0.12,symmetric_low_power,fisher_grid,g0.75_0.75_s0.02,0.0600,2.2503,0.2688,5.6700,0.0702,0.1226,0.4738,0.0349,0.0635,0.0286,17163
6,8,square_waypoints,0.01,0.003,0.0,0.12,symmetric_low_power,constrained_fisher,g0.75_0.75_s0.02,0.0600,1.3214,0.6510,6.4800,0.0196,0.0695,0.2971,0.0301,0.0320,0.0019,17164
6,8,square_waypoints,0.01,0.003,0.0,0.12,high_slip,null_probe,g1.00_0.90_s0.20,0.1000,1.5651,0.4826,4.2850,0.0621,0.1309,0.6582,0.1150,0.2081,0.0931,17165
6,8,square_waypoints,0.01,0.003,0.0,0.12,high_slip,unpaired_null,g1.00_1.00_s0.20,0.0000,2.1980,0.2371,4.2850,0.0283,0.2683,1.1038,0.2812,0.2812,0.0000,17166
6,8,square_waypoints,0.01,0.003,0.0,0.12,high_slip,random_probe,g1.00_1.00_s0.20,0.0000,1.5393,0.3849,2.2174,0.4187,0.4081,1.5448,0.2178,0.2178,0.0000,17167
6,8,square_waypoints,0.01,0.003,0.0,0.12,high_slip,task_greedy,g0.90_1.00_s0.20,0.1000,2.5988,0.1102,3.9202,0.5955,0.5798,2.5872,0.1466,0.1098,-0.0368,17168
6,8,square_waypoints,0.01,0.003,0.0,0.12,high_slip,fisher_grid,g1.00_1.00_s0.20,0.0000,1.0373,0.4686,5.6700,0.2973,0.2780,1.3447,0.0759,0.0759,0.0000,17169
6,8,square_waypoints,0.01,0.003,0.0,0.12,high_slip,constrained_fisher,g1.00_1.00_s0.20,0.0000,1.8780,0.3459,2.8350,0.1300,0.1620,0.9560,0.1584,0.1584,0.0000,17170
7,8,square_waypoints,0.01,0.003,0.0,0.12,left_gain_loss,null_probe,g0.60_1.00_s0.02,0.0200,1.8615,0.3219,4.2850,0.0244,0.0833,0.3177,0.0310,0.0264,-0.0046,18171
7,8,square_waypoints,0.01,0.003,0.0,0.12,left_gain_loss,unpaired_null,g0.75_1.00_s0.02,0.1300,2.0244,0.2966,4.2850,0.0470,0.1804,0.8417,0.0715,0.1111,0.0396,18172
7,8,square_waypoints,0.01,0.003,0.0,0.12,left_gain_loss,random_probe,g0.60_1.00_s0.02,0.0200,2.0807,0.2746,3.2310,0.1350,0.1444,0.7050,0.0924,0.0434,-0.0490,18173
7,8,square_waypoints,0.01,0.003,0.0,0.12,left_gain_loss,task_greedy,g0.60_0.90_s0.10,0.2000,2.1621,0.1651,4.1047,0.4533,0.4512,2.1025,0.1043,0.0803,-0.0240,18174
7,8,square_waypoints,0.01,0.003,0.0,0.12,left_gain_loss,fisher_grid,g0.60_1.00_s0.02,0.0200,1.4632,0.4012,5.6700,0.1071,0.1104,0.6290,0.0938,0.0255,-0.0683,18175
7,8,square_waypoints,0.01,0.003,0.0,0.12,left_gain_loss,constrained_fisher,g0.60_1.00_s0.02,0.0200,0.6640,0.8236,6.4800,0.0245,0.0923,0.3918,0.0885,0.0949,0.0063,18176
7,8,square_waypoints,0.01,0.003,0.0,0.12,right_gain_loss,null_probe,g1.00_0.75_s0.02,0.1300,2.1226,0.2399,4.2850,0.0272,0.0854,0.3442,0.0864,0.1510,0.0646,18177
7,8,square_waypoints,0.01,0.003,0.0,0.12,right_gain_loss,unpaired_null,g0.90_0.60_s0.02,0.1200,1.8066,0.2815,4.2850,0.0220,0.2731,1.1243,0.0747,0.0966,0.0219,18178
7,8,square_waypoints,0.01,0.003,0.0,0.12,right_gain_loss,random_probe,g1.00_0.60_s0.02,0.0200,2.0906,0.3355,1.9643,0.1857,0.2140,1.2461,0.0213,0.0100,-0.0113,18179
7,8,square_waypoints,0.01,0.003,0.0,0.12,right_gain_loss,task_greedy,g1.00_0.60_s0.20,0.2000,2.3027,0.1741,4.1057,0.4594,0.4546,2.0677,0.0998,0.0380,-0.0618,18180
7,8,square_waypoints,0.01,0.003,0.0,0.12,right_gain_loss,fisher_grid,g1.00_0.60_s0.02,0.0200,1.4793,0.5369,5.6700,0.0715,0.1703,0.6560,0.0284,0.1568,0.1283,18181
7,8,square_waypoints,0.01,0.003,0.0,0.12,right_gain_loss,constrained_fisher,g1.00_0.60_s0.02,0.0200,1.3002,0.5698,6.4800,0.0411,0.1039,0.4665,0.0376,0.0244,-0.0132,18182
7,8,square_waypoints,0.01,0.003,0.0,0.12,symmetric_low_power,null_probe,g0.75_0.75_s0.02,0.0600,2.5162,0.2527,4.2850,0.0048,0.0651,0.2797,0.0323,0.0765,0.0442,18183
7,8,square_waypoints,0.01,0.003,0.0,0.12,symmetric_low_power,unpaired_null,g0.75_0.75_s0.02,0.0600,2.5395,0.2797,4.2850,0.0245,0.2173,0.9226,0.0677,0.0834,0.0157,18184
7,8,square_waypoints,0.01,0.003,0.0,0.12,symmetric_low_power,random_probe,g0.75_0.75_s0.02,0.0600,3.2284,0.1272,1.8243,0.1238,0.1617,0.7625,0.0254,0.0526,0.0272,18185
7,8,square_waypoints,0.01,0.003,0.0,0.12,symmetric_low_power,task_greedy,g0.75_0.75_s0.02,0.0600,2.7895,0.1605,3.9204,0.4085,0.4059,1.8368,0.0239,0.0637,0.0398,18186
7,8,square_waypoints,0.01,0.003,0.0,0.12,symmetric_low_power,fisher_grid,g0.75_0.75_s0.10,0.1400,2.0457,0.4047,5.6700,0.0715,0.1277,0.4689,0.0318,0.0588,0.0270,18187
7,8,square_waypoints,0.01,0.003,0.0,0.12,symmetric_low_power,constrained_fisher,g0.60_0.90_s0.10,0.3800,1.9731,0.3067,6.4800,0.0312,0.0697,0.2922,0.0347,0.0213,-0.0134,18188
7,8,square_waypoints,0.01,0.003,0.0,0.12,high_slip,null_probe,g1.00_1.00_s0.10,0.1000,2.0687,0.2597,4.2850,0.0465,0.0832,0.3985,0.0896,0.0896,0.0000,18189
7,8,square_waypoints,0.01,0.003,0.0,0.12,high_slip,unpaired_null,g1.00_1.00_s0.10,0.1000,2.1955,0.2645,4.2850,0.0249,0.2707,1.1263,0.0664,0.0664,0.0000,18190
7,8,square_waypoints,0.01,0.003,0.0,0.12,high_slip,random_probe,g1.00_0.90_s0.20,0.1000,2.1467,0.2761,1.8692,0.2219,0.2342,1.4476,0.0811,0.1254,0.0443,18191
7,8,square_waypoints,0.01,0.003,0.0,0.12,high_slip,task_greedy,g1.00_1.00_s0.02,0.1800,2.3613,0.1737,3.9202,0.5820,0.5691,2.5569,0.1497,0.1497,0.0000,18192
7,8,square_waypoints,0.01,0.003,0.0,0.12,high_slip,fisher_grid,g0.90_1.00_s0.20,0.1000,1.7596,0.3035,5.6700,0.1609,0.1908,0.7790,0.0170,0.0190,0.0019,18193
7,8,square_waypoints,0.01,0.003,0.0,0.12,high_slip,constrained_fisher,g1.00_1.00_s0.20,0.0000,1.0944,0.6180,5.8725,0.1427,0.1635,0.7735,0.1383,0.1383,0.0000,18194
8,8,square_waypoints,0.01,0.003,0.0,0.12,left_gain_loss,null_probe,g0.75_1.00_s0.10,0.2100,2.3725,0.2274,4.2850,0.0203,0.0815,0.3391,0.0909,0.1630,0.0721,19195
8,8,square_waypoints,0.01,0.003,0.0,0.12,left_gain_loss,unpaired_null,g0.60_1.00_s0.02,0.0200,1.9773,0.3083,4.2850,0.0478,0.1749,0.7663,0.0595,0.0369,-0.0226,19196
8,8,square_waypoints,0.01,0.003,0.0,0.12,left_gain_loss,random_probe,g0.75_1.00_s0.02,0.1300,2.7978,0.1209,2.1113,0.1713,0.1722,0.9788,0.0824,0.0448,-0.0376,19197
8,8,square_waypoints,0.01,0.003,0.0,0.12,left_gain_loss,task_greedy,g0.60_1.00_s0.20,0.2000,2.0934,0.1728,4.1024,0.4308,0.4363,2.0880,0.0458,0.0936,0.0478,19198
8,8,square_waypoints,0.01,0.003,0.0,0.12,left_gain_loss,fisher_grid,g0.75_1.00_s0.02,0.1300,1.8797,0.3483,5.6700,0.0882,0.1048,0.6067,0.0230,0.0722,0.0492,19199
8,8,square_waypoints,0.01,0.003,0.0,0.12,left_gain_loss,constrained_fisher,g0.60_1.00_s0.02,0.0200,1.8252,0.3664,6.4800,0.0561,0.0946,0.4227,0.0465,0.0174,-0.0291,19200
8,8,square_waypoints,0.01,0.003,0.0,0.12,right_gain_loss,null_probe,g1.00_0.60_s0.02,0.0200,2.0187,0.3257,4.2850,0.0226,0.0811,0.3630,0.0064,0.0800,0.0736,19201
8,8,square_waypoints,0.01,0.003,0.0,0.12,right_gain_loss,unpaired_null,g1.00_0.60_s0.10,0.1000,2.3114,0.1950,4.2850,0.0290,0.2754,1.1244,0.0279,0.0439,0.0161,19202
8,8,square_waypoints,0.01,0.003,0.0,0.12,right_gain_loss,random_probe,g1.00_0.60_s0.02,0.0200,2.8648,0.1185,1.9355,0.3321,0.3366,1.7075,0.0144,0.1598,0.1454,19203
8,8,square_waypoints,0.01,0.003,0.0,0.12,right_gain_loss,task_greedy,g1.00_0.60_s0.20,0.2000,2.3863,0.1387,4.0815,0.4350,0.4411,2.0188,0.0688,0.0200,-0.0489,19204
8,8,square_waypoints,0.01,0.003,0.0,0.12,right_gain_loss,fisher_grid,g1.00_0.60_s0.02,0.0200,1.1895,0.6328,5.6700,0.0903,0.1679,0.6708,0.0082,0.0276,0.0194,19205
8,8,square_waypoints,0.01,0.003,0.0,0.12,right_gain_loss,constrained_fisher,g1.00_0.60_s0.02,0.0200,1.8986,0.2791,6.4800,0.0299,0.0941,0.4223,0.0903,0.1600,0.0697,19206
8,8,square_waypoints,0.01,0.003,0.0,0.12,symmetric_low_power,null_probe,g0.75_0.75_s0.02,0.0600,2.4363,0.2861,4.2850,0.0163,0.0567,0.2595,0.0525,0.0783,0.0257,19207
8,8,square_waypoints,0.01,0.003,0.0,0.12,symmetric_low_power,unpaired_null,g0.75_0.75_s0.02,0.0600,2.4634,0.2777,4.2850,0.0217,0.2091,0.8656,0.0208,0.0709,0.0501,19208
8,8,square_waypoints,0.01,0.003,0.0,0.12,symmetric_low_power,random_probe,g0.75_0.60_s0.02,0.1500,2.8845,0.1608,1.9536,0.1361,0.0951,0.5021,0.0832,0.0345,-0.0486,19209
8,8,square_waypoints,0.01,0.003,0.0,0.12,symmetric_low_power,task_greedy,g0.90_0.90_s0.02,0.3600,3.0568,0.1087,3.9202,0.4090,0.4183,1.8765,0.0701,0.0454,-0.0247,19210
8,8,square_waypoints,0.01,0.003,0.0,0.12,symmetric_low_power,fisher_grid,g0.75_0.75_s0.02,0.0600,1.8995,0.4462,5.6700,0.0720,0.1254,0.4783,0.0305,0.0409,0.0104,19211
8,8,square_waypoints,0.01,0.003,0.0,0.12,symmetric_low_power,constrained_fisher,g0.75_0.75_s0.02,0.0600,1.9283,0.3586,6.4800,0.0524,0.0853,0.3727,0.0501,0.0297,-0.0203,19212
8,8,square_waypoints,0.01,0.003,0.0,0.12,high_slip,null_probe,g1.00_1.00_s0.20,0.0000,1.6570,0.4250,4.2850,0.0889,0.1441,0.7460,0.1256,0.1256,0.0000,19213
8,8,square_waypoints,0.01,0.003,0.0,0.12,high_slip,unpaired_null,g1.00_1.00_s0.20,0.0000,2.2691,0.1895,4.2850,0.1046,0.2758,1.2185,0.1458,0.1458,0.0000,19214
8,8,square_waypoints,0.01,0.003,0.0,0.12,high_slip,random_probe,g1.00_0.90_s0.02,0.2800,2.7325,0.1676,1.9820,0.2485,0.2277,0.9586,0.0981,0.0315,-0.0665,19215
8,8,square_waypoints,0.01,0.003,0.0,0.12,high_slip,task_greedy,g1.00_0.90_s0.20,0.1000,2.7856,0.0926,3.9202,0.5463,0.5520,2.4668,0.0662,0.0612,-0.0050,19216
8,8,square_waypoints,0.01,0.003,0.0,0.12,high_slip,fisher_grid,g1.00_1.00_s0.10,0.1000,1.5940,0.3295,5.6700,0.1718,0.1759,0.8765,0.1401,0.1401,0.0000,19217
8,8,square_waypoints,0.01,0.003,0.0,0.12,high_slip,constrained_fisher,g1.00_1.00_s0.10,0.1000,1.5997,0.3438,6.1763,0.0347,0.1461,0.6922,0.1208,0.1208,0.0000,19218
9,8,square_waypoints,0.01,0.003,0.0,0.12,left_gain_loss,null_probe,g0.60_1.00_s0.20,0.2000,2.1796,0.2370,4.2850,0.0196,0.0862,0.3535,0.1043,0.0103,-0.0939,20219
9,8,square_waypoints,0.01,0.003,0.0,0.12,left_gain_loss,unpaired_null,g0.60_1.00_s0.02,0.0200,2.1857,0.2186,4.2850,0.0187,0.1800,0.8063,0.0378,0.0274,-0.0104,20220
9,8,square_waypoints,0.01,0.003,0.0,0.12,left_gain_loss,random_probe,g0.60_0.90_s0.02,0.1200,2.3322,0.1716,2.4534,0.2617,0.2868,1.2633,0.0242,0.0253,0.0011,20221
9,8,square_waypoints,0.01,0.003,0.0,0.12,left_gain_loss,task_greedy,g0.60_1.00_s0.02,0.0200,1.8856,0.2469,4.0938,0.4451,0.4418,2.0640,0.0775,0.1279,0.0505,20222
9,8,square_waypoints,0.01,0.003,0.0,0.12,left_gain_loss,fisher_grid,g0.60_0.90_s0.02,0.1200,1.6925,0.3078,5.6700,0.0992,0.1044,0.5848,0.0332,0.0313,-0.0019,20223
9,8,square_waypoints,0.01,0.003,0.0,0.12,left_gain_loss,constrained_fisher,g0.75_0.90_s0.02,0.2300,1.7321,0.3726,6.4800,0.0259,0.0994,0.4194,0.0800,0.0259,-0.0541,20224
9,8,square_waypoints,0.01,0.003,0.0,0.12,right_gain_loss,null_probe,g1.00_0.60_s0.02,0.0200,2.2646,0.2290,4.2850,0.0193,0.0887,0.3443,0.0253,0.0601,0.0348,20225
9,8,square_waypoints,0.01,0.003,0.0,0.12,right_gain_loss,unpaired_null,g0.90_0.60_s0.02,0.1200,2.3157,0.2210,4.2850,0.0208,0.2740,1.1302,0.0543,0.1636,0.1094,20226
9,8,square_waypoints,0.01,0.003,0.0,0.12,right_gain_loss,random_probe,g1.00_0.60_s0.02,0.0200,2.3546,0.2727,1.7634,0.1775,0.2490,1.1730,0.0181,0.1145,0.0964,20227
9,8,square_waypoints,0.01,0.003,0.0,0.12,right_gain_loss,task_greedy,g1.00_0.60_s0.02,0.0200,2.2125,0.1618,4.1144,0.4575,0.4471,2.1083,0.0367,0.1030,0.0663,20228
9,8,square_waypoints,0.01,0.003,0.0,0.12,right_gain_loss,fisher_grid,g0.90_0.60_s0.02,0.1200,1.7254,0.4219,5.6700,0.0952,0.1730,0.6676,0.0219,0.1651,0.1432,20229
9,8,square_waypoints,0.01,0.003,0.0,0.12,right_gain_loss,constrained_fisher,g1.00_0.60_s0.02,0.0200,1.5538,0.4876,6.4800,0.0239,0.0963,0.4368,0.0300,0.0463,0.0164,20230
9,8,square_waypoints,0.01,0.003,0.0,0.12,symmetric_low_power,null_probe,g0.60_0.60_s0.02,0.2400,2.1636,0.2392,4.2850,0.0354,0.0585,0.2733,0.0469,0.0693,0.0224,20231
9,8,square_waypoints,0.01,0.003,0.0,0.12,symmetric_low_power,unpaired_null,g0.75_0.75_s0.02,0.0600,2.4387,0.3127,4.2850,0.0346,0.2072,0.8590,0.0500,0.0586,0.0086,20232
9,8,square_waypoints,0.01,0.003,0.0,0.12,symmetric_low_power,random_probe,g0.60_0.60_s0.02,0.2400,2.4426,0.2069,1.6860,0.0522,0.1434,0.7854,0.0230,0.0225,-0.0005,20233
9,8,square_waypoints,0.01,0.003,0.0,0.12,symmetric_low_power,task_greedy,g0.75_0.75_s0.20,0.2400,2.7164,0.1353,3.9203,0.3721,0.3908,1.7828,0.0531,0.0299,-0.0232,20234
9,8,square_waypoints,0.01,0.003,0.0,0.12,symmetric_low_power,fisher_grid,g0.75_0.75_s0.02,0.0600,2.0039,0.3914,5.6700,0.0729,0.1281,0.5316,0.0464,0.0660,0.0197,20235
9,8,square_waypoints,0.01,0.003,0.0,0.12,symmetric_low_power,constrained_fisher,g0.75_0.60_s0.02,0.1500,1.5217,0.4142,6.4800,0.0250,0.0748,0.3274,0.0186,0.0479,0.0293,20236
9,8,square_waypoints,0.01,0.003,0.0,0.12,high_slip,null_probe,g1.00_1.00_s0.20,0.0000,2.2383,0.2111,4.2850,0.0669,0.1255,0.6105,0.1468,0.1468,0.0000,20237
9,8,square_waypoints,0.01,0.003,0.0,0.12,high_slip,unpaired_null,g1.00_1.00_s0.20,0.0000,1.4280,0.4950,4.2850,0.0939,0.3041,1.4319,0.2462,0.2462,0.0000,20238
9,8,square_waypoints,0.01,0.003,0.0,0.12,high_slip,random_probe,g0.90_1.00_s0.02,0.2800,2.9197,0.1288,2.3315,0.2965,0.2996,1.4902,0.0951,0.2719,0.1768,20239
9,8,square_waypoints,0.01,0.003,0.0,0.12,high_slip,task_greedy,g1.00_1.00_s0.02,0.1800,1.9174,0.2462,3.9202,0.5886,0.5755,2.6135,0.0952,0.0952,0.0000,20240
9,8,square_waypoints,0.01,0.003,0.0,0.12,high_slip,fisher_grid,g0.90_1.00_s0.10,0.2000,2.4518,0.1612,5.6700,0.1070,0.1785,0.7254,0.2103,0.1954,-0.0149,20241
9,8,square_waypoints,0.01,0.003,0.0,0.12,high_slip,constrained_fisher,g1.00_1.00_s0.20,0.0000,0.5608,0.8384,5.8725,0.0845,0.1527,0.7618,0.0355,0.0355,0.0000,20242
10,8,square_waypoints,0.01,0.003,0.0,0.12,left_gain_loss,null_probe,g0.60_1.00_s0.10,0.1000,1.7242,0.3360,4.2850,0.0258,0.0906,0.3569,0.0502,0.0460,-0.0042,21243
10,8,square_waypoints,0.01,0.003,0.0,0.12,left_gain_loss,unpaired_null,g0.60_1.00_s0.02,0.0200,2.0383,0.2949,4.2850,0.0272,0.1750,0.7905,0.0320,0.0200,-0.0120,21244
10,8,square_waypoints,0.01,0.003,0.0,0.12,left_gain_loss,random_probe,g0.75_0.90_s0.02,0.2300,3.3273,0.0949,1.4970,0.0972,0.1309,0.4817,0.1106,0.0591,-0.0515,21245
10,8,square_waypoints,0.01,0.003,0.0,0.12,left_gain_loss,task_greedy,g0.60_1.00_s0.20,0.2000,2.1697,0.1787,4.1020,0.4673,0.4479,2.1149,0.0733,0.1528,0.0795,21246
10,8,square_waypoints,0.01,0.003,0.0,0.12,left_gain_loss,fisher_grid,g0.60_1.00_s0.02,0.0200,1.8828,0.3556,5.6700,0.0701,0.1042,0.5473,0.0308,0.0453,0.0145,21247
10,8,square_waypoints,0.01,0.003,0.0,0.12,left_gain_loss,constrained_fisher,g0.60_1.00_s0.10,0.1000,1.5557,0.3703,6.4800,0.0036,0.1056,0.4485,0.0562,0.1584,0.1022,21248
10,8,square_waypoints,0.01,0.003,0.0,0.12,right_gain_loss,null_probe,g0.90_0.60_s0.02,0.1200,2.3793,0.1910,4.2850,0.0085,0.0835,0.3225,0.0819,0.0339,-0.0480,21249
10,8,square_waypoints,0.01,0.003,0.0,0.12,right_gain_loss,unpaired_null,g0.90_0.60_s0.02,0.1200,1.9565,0.2910,4.2850,0.0143,0.2743,1.1101,0.1232,0.0342,-0.0890,21250
10,8,square_waypoints,0.01,0.003,0.0,0.12,right_gain_loss,random_probe,g1.00_0.75_s0.02,0.1300,3.1240,0.0977,1.4615,0.2164,0.2051,0.7684,0.0324,0.0333,0.0009,21251
10,8,square_waypoints,0.01,0.003,0.0,0.12,right_gain_loss,task_greedy,g0.90_0.60_s0.20,0.3000,2.2192,0.1641,4.0978,0.4672,0.4521,2.1046,0.0273,0.1531,0.1258,21252
10,8,square_waypoints,0.01,0.003,0.0,0.12,right_gain_loss,fisher_grid,g1.00_0.75_s0.10,0.2100,2.1875,0.2165,5.6700,0.1097,0.1772,0.6760,0.1122,0.1026,-0.0095,21253
10,8,square_waypoints,0.01,0.003,0.0,0.12,right_gain_loss,constrained_fisher,g1.00_0.60_s0.02,0.0200,1.7513,0.3731,6.4800,0.0475,0.1050,0.4867,0.0415,0.1732,0.1318,21254
10,8,square_waypoints,0.01,0.003,0.0,0.12,symmetric_low_power,null_probe,g0.75_0.60_s0.20,0.3300,2.3986,0.1907,4.2850,0.0274,0.0698,0.2673,0.0427,0.0691,0.0264,21255
10,8,square_waypoints,0.01,0.003,0.0,0.12,symmetric_low_power,unpaired_null,g0.75_0.75_s0.10,0.1400,2.6042,0.1637,4.2850,0.0337,0.2139,0.9004,0.0254,0.0392,0.0138,21256
10,8,square_waypoints,0.01,0.003,0.0,0.12,symmetric_low_power,random_probe,g0.60_0.75_s0.02,0.1500,2.8095,0.1511,2.7502,0.0658,0.1001,0.5658,0.0398,0.0459,0.0061,21257
10,8,square_waypoints,0.01,0.003,0.0,0.12,symmetric_low_power,task_greedy,g0.75_0.75_s0.20,0.2400,2.6858,0.1277,3.9202,0.4193,0.4112,1.8877,0.0220,0.0439,0.0219,21258
10,8,square_waypoints,0.01,0.003,0.0,0.12,symmetric_low_power,fisher_grid,g0.75_0.75_s0.02,0.0600,1.7539,0.5132,5.6700,0.1048,0.1218,0.5031,0.0436,0.0521,0.0085,21259
10,8,square_waypoints,0.01,0.003,0.0,0.12,symmetric_low_power,constrained_fisher,g0.75_0.75_s0.02,0.0600,1.5560,0.3727,6.4800,0.0065,0.0719,0.3199,0.0196,0.0228,0.0032,21260
10,8,square_waypoints,0.01,0.003,0.0,0.12,high_slip,null_probe,g1.00_1.00_s0.20,0.0000,1.3377,0.4728,4.2850,0.1021,0.1838,0.8463,0.0537,0.0537,0.0000,21261
10,8,square_waypoints,0.01,0.003,0.0,0.12,high_slip,unpaired_null,g1.00_1.00_s0.20,0.0000,1.7206,0.4288,4.2850,0.0810,0.3003,1.3820,0.1653,0.1653,0.0000,21262
10,8,square_waypoints,0.01,0.003,0.0,0.12,high_slip,random_probe,g1.00_1.00_s0.20,0.0000,2.1353,0.2890,1.8999,0.0458,0.1453,0.8323,0.1152,0.1152,0.0000,21263
10,8,square_waypoints,0.01,0.003,0.0,0.12,high_slip,task_greedy,g0.90_0.90_s0.02,0.3800,2.7788,0.0949,3.9202,0.5742,0.5498,2.4782,0.0831,0.1861,0.1030,21264
10,8,square_waypoints,0.01,0.003,0.0,0.12,high_slip,fisher_grid,g1.00_1.00_s0.20,0.0000,1.3597,0.5691,5.6700,0.1230,0.1709,0.7614,0.0885,0.0885,0.0000,21265
10,8,square_waypoints,0.01,0.003,0.0,0.12,high_slip,constrained_fisher,g1.00_0.90_s0.20,0.1000,1.6041,0.3541,4.8600,0.1333,0.1700,0.8427,0.1211,0.1621,0.0411,21266
11,8,square_waypoints,0.01,0.003,0.0,0.12,left_gain_loss,null_probe,g0.60_0.90_s0.02,0.1200,2.4932,0.1706,4.2850,0.0554,0.0863,0.3610,0.1033,0.0167,-0.0866,22267
11,8,square_waypoints,0.01,0.003,0.0,0.12,left_gain_loss,unpaired_null,g0.60_0.90_s0.02,0.1200,1.9254,0.3289,4.2850,0.0200,0.1701,0.7883,0.0553,0.0707,0.0153,22268
11,8,square_waypoints,0.01,0.003,0.0,0.12,left_gain_loss,random_probe,g0.60_0.90_s0.02,0.1200,2.6890,0.1532,1.3497,0.1412,0.1510,0.6649,0.0244,0.0159,-0.0085,22269
11,8,square_waypoints,0.01,0.003,0.0,0.12,left_gain_loss,task_greedy,g0.60_1.00_s0.02,0.0200,2.2952,0.1418,4.0878,0.4237,0.4499,2.0789,0.0642,0.0211,-0.0432,22270
11,8,square_waypoints,0.01,0.003,0.0,0.12,left_gain_loss,fisher_grid,g0.60_1.00_s0.10,0.1000,1.8177,0.4132,5.6700,0.1068,0.1092,0.6085,0.0214,0.1303,0.1089,22271
11,8,square_waypoints,0.01,0.003,0.0,0.12,left_gain_loss,constrained_fisher,g0.60_1.00_s0.02,0.0200,1.5250,0.5152,6.4800,0.0510,0.0954,0.4181,0.0481,0.0208,-0.0273,22272
11,8,square_waypoints,0.01,0.003,0.0,0.12,right_gain_loss,null_probe,g0.90_0.60_s0.10,0.2000,2.0784,0.2359,4.2850,0.0191,0.0960,0.3322,0.0618,0.0911,0.0293,22273
11,8,square_waypoints,0.01,0.003,0.0,0.12,right_gain_loss,unpaired_null,g1.00_0.60_s0.02,0.0200,1.9487,0.3459,4.2850,0.0281,0.2806,1.1616,0.0809,0.1110,0.0301,22274
11,8,square_waypoints,0.01,0.003,0.0,0.12,right_gain_loss,random_probe,g1.00_0.60_s0.10,0.1000,2.3715,0.1869,2.6307,0.0985,0.1527,0.8713,0.0235,0.1328,0.1092,22275
11,8,square_waypoints,0.01,0.003,0.0,0.12,right_gain_loss,task_greedy,g1.00_0.60_s0.02,0.0200,2.0185,0.1943,4.1092,0.4497,0.4476,2.1019,0.0241,0.0132,-0.0109,22276
11,8,square_waypoints,0.01,0.003,0.0,0.12,right_gain_loss,fisher_grid,g1.00_0.60_s0.10,0.1000,1.5826,0.3746,5.6700,0.0795,0.1763,0.6014,0.0237,0.1543,0.1306,22277
11,8,square_waypoints,0.01,0.003,0.0,0.12,right_gain_loss,constrained_fisher,g1.00_0.60_s0.10,0.1000,1.8829,0.3832,6.4800,0.0329,0.1035,0.4204,0.0511,0.0133,-0.0378,22278
11,8,square_waypoints,0.01,0.003,0.0,0.12,symmetric_low_power,null_probe,g0.75_0.75_s0.10,0.1400,2.5500,0.2289,4.2850,0.0288,0.0797,0.3229,0.0396,0.0196,-0.0200,22279
11,8,square_waypoints,0.01,0.003,0.0,0.12,symmetric_low_power,unpaired_null,g0.75_0.75_s0.20,0.2400,2.0089,0.4588,4.2850,0.0139,0.2051,0.8498,0.0307,0.0804,0.0497,22280
11,8,square_waypoints,0.01,0.003,0.0,0.12,symmetric_low_power,random_probe,g0.60_0.75_s0.10,0.2300,2.8980,0.1187,1.5473,0.0634,0.0933,0.4325,0.0136,0.0372,0.0237,22281
11,8,square_waypoints,0.01,0.003,0.0,0.12,symmetric_low_power,task_greedy,g0.75_0.75_s0.20,0.2400,2.7638,0.1470,3.9202,0.4178,0.4101,1.8661,0.0336,0.0846,0.0510,22282
11,8,square_waypoints,0.01,0.003,0.0,0.12,symmetric_low_power,fisher_grid,g0.75_0.75_s0.02,0.0600,2.0976,0.2956,5.6700,0.0733,0.1224,0.5250,0.0592,0.0353,-0.0239,22283
11,8,square_waypoints,0.01,0.003,0.0,0.12,symmetric_low_power,constrained_fisher,g0.75_0.75_s0.02,0.0600,2.0301,0.2637,6.4800,0.0195,0.0739,0.3163,0.0266,0.0596,0.0330,22284
11,8,square_waypoints,0.01,0.003,0.0,0.12,high_slip,null_probe,g1.00_1.00_s0.20,0.0000,0.8719,0.6969,4.2850,0.1074,0.1695,0.8638,0.2229,0.2229,0.0000,22285
11,8,square_waypoints,0.01,0.003,0.0,0.12,high_slip,unpaired_null,g0.90_1.00_s0.10,0.2000,2.6777,0.1469,4.2850,0.0400,0.2798,1.1538,0.1072,0.1689,0.0616,22286
11,8,square_waypoints,0.01,0.003,0.0,0.12,high_slip,random_probe,g1.00_1.00_s0.20,0.0000,2.1036,0.2692,2.4057,0.0672,0.1349,0.6550,0.0418,0.0418,0.0000,22287
11,8,square_waypoints,0.01,0.003,0.0,0.12,high_slip,task_greedy,g1.00_1.00_s0.02,0.1800,2.1392,0.2127,3.9201,0.5506,0.5584,2.5064,0.0565,0.0565,0.0000,22288
11,8,square_waypoints,0.01,0.003,0.0,0.12,high_slip,fisher_grid,g1.00_1.00_s0.10,0.1000,2.0043,0.3262,5.6700,0.1099,0.1754,0.7206,0.1529,0.1529,0.0000,22289
11,8,square_waypoints,0.01,0.003,0.0,0.12,high_slip,constrained_fisher,g1.00_1.00_s0.20,0.0000,1.7803,0.2996,6.4800,0.0703,0.1030,0.6865,0.1926,0.1926,0.0000,22290
12,8,square_waypoints,0.01,0.003,0.0,0.12,left_gain_loss,null_probe,g0.60_1.00_s0.20,0.2000,2.0668,0.2317,4.2850,0.0300,0.0929,0.3416,0.0676,0.0942,0.0266,23291
12,8,square_waypoints,0.01,0.003,0.0,0.12,left_gain_loss,unpaired_null,g0.60_1.00_s0.02,0.0200,1.9183,0.2971,4.2850,0.0437,0.1787,0.8168,0.0590,0.1333,0.0743,23292
12,8,square_waypoints,0.01,0.003,0.0,0.12,left_gain_loss,random_probe,g0.60_1.00_s0.02,0.0200,2.4868,0.2274,1.7017,0.1119,0.1293,0.6518,0.0201,0.0677,0.0476,23293
12,8,square_waypoints,0.01,0.003,0.0,0.12,left_gain_loss,task_greedy,g0.75_1.00_s0.02,0.1300,2.2812,0.1674,4.1007,0.4636,0.4525,2.1085,0.0308,0.0189,-0.0119,23294
12,8,square_waypoints,0.01,0.003,0.0,0.12,left_gain_loss,fisher_grid,g0.60_1.00_s0.10,0.1000,1.7605,0.4587,5.6700,0.0858,0.0998,0.5861,0.0349,0.0217,-0.0132,23295
12,8,square_waypoints,0.01,0.003,0.0,0.12,left_gain_loss,constrained_fisher,g0.60_1.00_s0.10,0.1000,1.8189,0.4097,6.4800,0.0587,0.1014,0.4763,0.0181,0.1010,0.0829,23296
12,8,square_waypoints,0.01,0.003,0.0,0.12,right_gain_loss,null_probe,g1.00_0.60_s0.02,0.0200,2.3628,0.1846,4.2850,0.0234,0.0978,0.3725,0.0327,0.1076,0.0749,23297
12,8,square_waypoints,0.01,0.003,0.0,0.12,right_gain_loss,unpaired_null,g0.90_0.60_s0.02,0.1200,1.9194,0.3247,4.2850,0.0345,0.2685,1.1041,0.0332,0.0248,-0.0084,23298
12,8,square_waypoints,0.01,0.003,0.0,0.12,right_gain_loss,random_probe,g1.00_0.60_s0.10,0.1000,2.7610,0.1227,2.0933,0.1876,0.1800,0.8696,0.0461,0.2106,0.1646,23299
12,8,square_waypoints,0.01,0.003,0.0,0.12,right_gain_loss,task_greedy,g1.00_0.60_s0.02,0.0200,2.2012,0.1635,4.1109,0.4420,0.4471,2.0663,0.0726,0.0530,-0.0196,23300
12,8,square_waypoints,0.01,0.003,0.0,0.12,right_gain_loss,fisher_grid,g1.00_0.75_s0.02,0.1300,2.1067,0.2290,5.6700,0.0873,0.1708,0.6405,0.0721,0.1412,0.0692,23301
12,8,square_waypoints,0.01,0.003,0.0,0.12,right_gain_loss,constrained_fisher,g1.00_0.60_s0.02,0.0200,0.8073,0.7867,6.4800,0.0514,0.1172,0.5291,0.0463,0.0178,-0.0285,23302
12,8,square_waypoints,0.01,0.003,0.0,0.12,symmetric_low_power,null_probe,g0.75_0.75_s0.02,0.0600,2.5701,0.2027,4.2850,0.0127,0.0672,0.2732,0.0241,0.0945,0.0704,23303
12,8,square_waypoints,0.01,0.003,0.0,0.12,symmetric_low_power,unpaired_null,g0.75_0.75_s0.02,0.0600,2.4358,0.2933,4.2850,0.0216,0.2032,0.8725,0.0580,0.0851,0.0271,23304
12,8,square_waypoints,0.01,0.003,0.0,0.12,symmetric_low_power,random_probe,g0.90_0.75_s0.02,0.2100,3.4521,0.0848,1.5488,0.2083,0.2065,1.0373,0.0253,0.0876,0.0624,23305
12,8,square_waypoints,0.01,0.003,0.0,0.12,symmetric_low_power,task_greedy,g0.75_0.75_s0.02,0.0600,2.9571,0.1338,3.9205,0.4070,0.4064,1.8261,0.0377,0.0713,0.0336,23306
12,8,square_waypoints,0.01,0.003,0.0,0.12,symmetric_low_power,fisher_grid,g0.75_0.75_s0.02,0.0600,1.9454,0.4228,5.6700,0.0921,0.1277,0.4990,0.0308,0.0621,0.0314,23307
12,8,square_waypoints,0.01,0.003,0.0,0.12,symmetric_low_power,constrained_fisher,g0.75_0.75_s0.02,0.0600,1.6411,0.4749,6.4800,0.0199,0.0717,0.3175,0.0383,0.0347,-0.0036,23308
12,8,square_waypoints,0.01,0.003,0.0,0.12,high_slip,null_probe,g1.00_1.00_s0.20,0.0000,1.3028,0.4574,4.2850,0.1430,0.1835,1.0005,0.0175,0.0175,0.0000,23309
12,8,square_waypoints,0.01,0.003,0.0,0.12,high_slip,unpaired_null,g1.00_1.00_s0.20,0.0000,1.1741,0.5493,4.2850,0.0256,0.2831,1.1268,0.0817,0.0817,0.0000,23310
12,8,square_waypoints,0.01,0.003,0.0,0.12,high_slip,random_probe,g1.00_1.00_s0.20,0.0000,1.7452,0.4066,1.5931,0.2040,0.1994,0.8253,0.2062,0.2062,0.0000,23311
12,8,square_waypoints,0.01,0.003,0.0,0.12,high_slip,task_greedy,g1.00_1.00_s0.02,0.1800,2.3349,0.1681,3.9201,0.5347,0.5478,2.4784,0.0555,0.0555,0.0000,23312
12,8,square_waypoints,0.01,0.003,0.0,0.12,high_slip,fisher_grid,g1.00_1.00_s0.20,0.0000,1.2322,0.4939,5.6700,0.1453,0.1829,0.7240,0.0313,0.0313,0.0000,23313
12,8,square_waypoints,0.01,0.003,0.0,0.12,high_slip,constrained_fisher,g1.00_1.00_s0.20,0.0000,1.6290,0.4388,2.8350,0.1419,0.1548,1.0306,0.0551,0.0551,0.0000,23314
13,8,square_waypoints,0.01,0.003,0.0,0.12,left_gain_loss,null_probe,g0.60_1.00_s0.02,0.0200,1.8937,0.3777,4.2850,0.0587,0.0875,0.4050,0.0806,0.0347,-0.0459,24315
13,8,square_waypoints,0.01,0.003,0.0,0.12,left_gain_loss,unpaired_null,g0.60_1.00_s0.02,0.0200,2.1828,0.2511,4.2850,0.0298,0.1815,0.8199,0.0269,0.0231,-0.0038,24316
13,8,square_waypoints,0.01,0.003,0.0,0.12,left_gain_loss,random_probe,g0.75_1.00_s0.02,0.1300,2.7876,0.1348,2.3232,0.1507,0.1476,0.6733,0.0708,0.1747,0.1040,24317
13,8,square_waypoints,0.01,0.003,0.0,0.12,left_gain_loss,task_greedy,g0.75_1.00_s0.10,0.2100,2.3219,0.1428,4.1006,0.4349,0.4404,2.0581,0.1332,0.0273,-0.1059,24318
13,8,square_waypoints,0.01,0.003,0.0,0.12,left_gain_loss,fisher_grid,g0.60_0.90_s0.02,0.1200,2.0315,0.3527,5.6700,0.0803,0.1197,0.5809,0.0024,0.0288,0.0264,24319
13,8,square_waypoints,0.01,0.003,0.0,0.12,left_gain_loss,constrained_fisher,g0.60_1.00_s0.02,0.0200,0.7986,0.7939,6.4800,0.0308,0.0923,0.4218,0.0811,0.0232,-0.0580,24320
13,8,square_waypoints,0.01,0.003,0.0,0.12,right_gain_loss,null_probe,g1.00_0.60_s0.02,0.0200,1.3213,0.5634,4.2850,0.0228,0.0846,0.3448,0.0269,0.0679,0.0410,24321
13,8,square_waypoints,0.01,0.003,0.0,0.12,right_gain_loss,unpaired_null,g1.00_0.75_s0.02,0.1300,2.4396,0.1558,4.2850,0.0422,0.2869,1.1824,0.0453,0.1642,0.1189,24322
13,8,square_waypoints,0.01,0.003,0.0,0.12,right_gain_loss,random_probe,g1.00_0.60_s0.02,0.0200,2.1285,0.2996,3.1586,0.1616,0.1823,1.1554,0.0647,0.1472,0.0824,24323
13,8,square_waypoints,0.01,0.003,0.0,0.12,right_gain_loss,task_greedy,g1.00_0.60_s0.02,0.0200,2.1638,0.1633,4.0921,0.4505,0.4394,2.0326,0.0325,0.0230,-0.0094,24324
13,8,square_waypoints,0.01,0.003,0.0,0.12,right_gain_loss,fisher_grid,g1.00_0.60_s0.02,0.0200,1.2957,0.5774,5.6700,0.0768,0.1805,0.5924,0.0487,0.0150,-0.0337,24325
13,8,square_waypoints,0.01,0.003,0.0,0.12,right_gain_loss,constrained_fisher,g1.00_0.60_s0.10,0.1000,1.1711,0.5733,6.1763,0.0587,0.1055,0.5095,0.0260,0.0424,0.0164,24326
13,8,square_waypoints,0.01,0.003,0.0,0.12,symmetric_low_power,null_probe,g0.75_0.75_s0.20,0.2400,2.2575,0.2931,4.2850,0.0098,0.0707,0.2837,0.0375,0.0531,0.0156,24327
13,8,square_waypoints,0.01,0.003,0.0,0.12,symmetric_low_power,unpaired_null,g0.75_0.75_s0.10,0.1400,2.5912,0.2344,4.2850,0.0195,0.2010,0.8117,0.0557,0.0606,0.0049,24328
13,8,square_waypoints,0.01,0.003,0.0,0.12,symmetric_low_power,random_probe,g0.75_0.75_s0.02,0.0600,2.6021,0.1927,2.9802,0.1073,0.1106,0.6670,0.0213,0.0351,0.0138,24329
13,8,square_waypoints,0.01,0.003,0.0,0.12,symmetric_low_power,task_greedy,g0.75_0.75_s0.02,0.0600,2.6779,0.1159,3.9202,0.3950,0.3979,1.8001,0.0132,0.0796,0.0664,24330
13,8,square_waypoints,0.01,0.003,0.0,0.12,symmetric_low_power,fisher_grid,g0.75_0.75_s0.02,0.0600,1.9676,0.3912,5.6700,0.0978,0.1257,0.4865,0.0383,0.0461,0.0078,24331
13,8,square_waypoints,0.01,0.003,0.0,0.12,symmetric_low_power,constrained_fisher,g0.75_0.75_s0.02,0.0600,1.4778,0.5007,6.4800,0.0206,0.0799,0.3492,0.0312,0.0411,0.0099,24332
13,8,square_waypoints,0.01,0.003,0.0,0.12,high_slip,null_probe,g0.90_1.00_s0.20,0.1000,1.6217,0.3866,4.2850,0.0822,0.1412,0.6866,0.0661,0.0506,-0.0155,24333
13,8,square_waypoints,0.01,0.003,0.0,0.12,high_slip,unpaired_null,g1.00_0.90_s0.20,0.1000,2.2962,0.2815,4.2850,0.0670,0.2816,1.1971,0.1061,0.0906,-0.0155,24334
13,8,square_waypoints,0.01,0.003,0.0,0.12,high_slip,random_probe,g1.00_0.90_s0.20,0.1000,2.5407,0.2076,2.1535,0.0315,0.1527,0.5889,0.0778,0.0545,-0.0233,24335
13,8,square_waypoints,0.01,0.003,0.0,0.12,high_slip,task_greedy,g1.00_1.00_s0.02,0.1800,2.2681,0.1763,3.9203,0.5680,0.5693,2.5460,0.1080,0.1080,0.0000,24336
13,8,square_waypoints,0.01,0.003,0.0,0.12,high_slip,fisher_grid,g1.00_1.00_s0.20,0.0000,1.2943,0.5928,5.6700,0.1457,0.2036,0.8953,0.1649,0.1649,0.0000,24337
13,8,square_waypoints,0.01,0.003,0.0,0.12,high_slip,constrained_fisher,g1.00_0.90_s0.20,0.1000,1.7768,0.2733,6.4800,0.0424,0.1687,0.7837,0.0819,0.0480,-0.0338,24338
14,8,square_waypoints,0.01,0.003,0.0,0.12,left_gain_loss,null_probe,g0.60_1.00_s0.02,0.0200,2.0691,0.3045,4.2850,0.0095,0.0834,0.3087,0.1295,0.0235,-0.1060,25339
14,8,square_waypoints,0.01,0.003,0.0,0.12,left_gain_loss,unpaired_null,g0.60_1.00_s0.02,0.0200,1.8109,0.3513,4.2850,0.0281,0.1662,0.7676,0.0221,0.1013,0.0792,25340
14,8,square_waypoints,0.01,0.003,0.0,0.12,left_gain_loss,random_probe,g0.75_1.00_s0.02,0.1300,2.5962,0.1983,2.7175,0.1868,0.1594,0.9116,0.0331,0.0511,0.0180,25341
14,8,square_waypoints,0.01,0.003,0.0,0.12,left_gain_loss,task_greedy,g0.60_1.00_s0.20,0.2000,2.1806,0.1766,4.1037,0.4442,0.4379,2.0432,0.0850,0.0295,-0.0555,25342
14,8,square_waypoints,0.01,0.003,0.0,0.12,left_gain_loss,fisher_grid,g0.60_1.00_s0.02,0.0200,1.7540,0.3818,5.6700,0.0921,0.1107,0.5647,0.0397,0.0273,-0.0124,25343
14,8,square_waypoints,0.01,0.003,0.0,0.12,left_gain_loss,constrained_fisher,g0.60_1.00_s0.02,0.0200,2.0516,0.2778,6.1763,0.0565,0.0974,0.4902,0.1181,0.0119,-0.1062,25344
14,8,square_waypoints,0.01,0.003,0.0,0.12,right_gain_loss,null_probe,g1.00_0.60_s0.02,0.0200,1.7907,0.4256,4.2850,0.0222,0.0922,0.3601,0.0810,0.0229,-0.0581,25345
14,8,square_waypoints,0.01,0.003,0.0,0.12,right_gain_loss,unpaired_null,g1.00_0.60_s0.10,0.1000,2.2588,0.1967,4.2850,0.0112,0.2728,1.0946,0.0266,0.0404,0.0139,25346
14,8,square_waypoints,0.01,0.003,0.0,0.12,right_gain_loss,random_probe,g0.75_0.60_s0.20,0.4500,2.9332,0.1377,2.0969,0.1378,0.1286,0.4823,0.0760,0.0275,-0.0485,25347
14,8,square_waypoints,0.01,0.003,0.0,0.12,right_gain_loss,task_greedy,g1.00_0.60_s0.20,0.2000,2.2731,0.1682,4.1046,0.4536,0.4559,2.0789,0.0188,0.0174,-0.0013,25348
14,8,square_waypoints,0.01,0.003,0.0,0.12,right_gain_loss,fisher_grid,g1.00_0.60_s0.02,0.0200,1.8361,0.4052,5.6700,0.0961,0.1788,0.6102,0.0374,0.0151,-0.0223,25349
14,8,square_waypoints,0.01,0.003,0.0,0.12,right_gain_loss,constrained_fisher,g1.00_0.60_s0.10,0.1000,1.2845,0.6547,6.4800,0.0272,0.0966,0.4462,0.0079,0.0232,0.0153,25350
14,8,square_waypoints,0.01,0.003,0.0,0.12,symmetric_low_power,null_probe,g0.75_0.75_s0.02,0.0600,2.7569,0.1721,4.2850,0.0276,0.0806,0.3365,0.0354,0.0515,0.0161,25351
14,8,square_waypoints,0.01,0.003,0.0,0.12,symmetric_low_power,unpaired_null,g0.60_0.60_s0.02,0.2400,2.3409,0.1880,4.2850,0.0196,0.2058,0.8338,0.0146,0.1190,0.1045,25352
14,8,square_waypoints,0.01,0.003,0.0,0.12,symmetric_low_power,random_probe,g0.75_0.60_s0.02,0.1500,2.4398,0.2518,2.3727,0.0760,0.0920,0.4347,0.0257,0.0586,0.0329,25353
14,8,square_waypoints,0.01,0.003,0.0,0.12,symmetric_low_power,task_greedy,g0.75_0.75_s0.02,0.0600,2.6626,0.1169,3.9202,0.4109,0.3920,1.7912,0.0549,0.0959,0.0410,25354
14,8,square_waypoints,0.01,0.003,0.0,0.12,symmetric_low_power,fisher_grid,g0.75_0.60_s0.02,0.1500,2.0508,0.3119,5.6700,0.1017,0.1257,0.4564,0.0042,0.0277,0.0234,25355
14,8,square_waypoints,0.01,0.003,0.0,0.12,symmetric_low_power,constrained_fisher,g0.75_0.75_s0.02,0.0600,1.5301,0.3888,6.4800,0.0311,0.0728,0.3183,0.0452,0.0670,0.0218,25356
14,8,square_waypoints,0.01,0.003,0.0,0.12,high_slip,null_probe,g1.00_0.90_s0.20,0.1000,1.2910,0.4290,4.2850,0.0955,0.1337,0.6688,0.0606,0.1526,0.0920,25357
14,8,square_waypoints,0.01,0.003,0.0,0.12,high_slip,unpaired_null,g1.00_0.90_s0.20,0.1000,2.1747,0.2962,4.2850,0.1418,0.2930,1.3241,0.1275,0.1289,0.0014,25358
14,8,square_waypoints,0.01,0.003,0.0,0.12,high_slip,random_probe,g1.00_0.90_s0.20,0.1000,2.2872,0.2289,1.9772,0.1715,0.1703,1.0352,0.0923,0.1018,0.0095,25359
14,8,square_waypoints,0.01,0.003,0.0,0.12,high_slip,task_greedy,g1.00_1.00_s0.20,0.0000,2.0699,0.2258,3.9201,0.5653,0.5528,2.5109,0.0170,0.0170,0.0000,25360
14,8,square_waypoints,0.01,0.003,0.0,0.12,high_slip,fisher_grid,g1.00_1.00_s0.10,0.1000,1.6827,0.3312,5.6700,0.1776,0.1902,0.8682,0.0561,0.0561,0.0000,25361
14,8,square_waypoints,0.01,0.003,0.0,0.12,high_slip,constrained_fisher,g1.00_1.00_s0.20,0.0000,1.6471,0.3212,6.4800,0.1344,0.1383,0.7249,0.1884,0.1884,0.0000,25362
15,8,square_waypoints,0.01,0.003,0.0,0.12,left_gain_loss,null_probe,g0.60_1.00_s0.02,0.0200,1.9704,0.3545,4.2850,0.0217,0.0811,0.3286,0.0619,0.0344,-0.0275,26363
15,8,square_waypoints,0.01,0.003,0.0,0.12,left_gain_loss,unpaired_null,g0.60_1.00_s0.02,0.0200,2.0110,0.3315,4.2850,0.0107,0.1797,0.8199,0.0168,0.0623,0.0456,26364
15,8,square_waypoints,0.01,0.003,0.0,0.12,left_gain_loss,random_probe,g0.75_1.00_s0.02,0.1300,2.4997,0.2467,2.1719,0.0448,0.1270,0.4899,0.0144,0.0135,-0.0009,26365
15,8,square_waypoints,0.01,0.003,0.0,0.12,left_gain_loss,task_greedy,g0.60_1.00_s0.02,0.0200,2.1434,0.1963,4.0969,0.4580,0.4475,2.0773,0.0134,0.1609,0.1476,26366
15,8,square_waypoints,0.01,0.003,0.0,0.12,left_gain_loss,fisher_grid,g0.75_1.00_s0.10,0.2100,1.7431,0.4222,5.6700,0.1079,0.1108,0.6333,0.0010,0.0210,0.0200,26367
15,8,square_waypoints,0.01,0.003,0.0,0.12,left_gain_loss,constrained_fisher,g0.60_1.00_s0.02,0.0200,0.6033,0.8564,6.4800,0.0372,0.1076,0.4879,0.0235,0.1445,0.1210,26368
15,8,square_waypoints,0.01,0.003,0.0,0.12,right_gain_loss,null_probe,g1.00_0.75_s0.02,0.1300,2.3004,0.2187,4.2850,0.0335,0.0843,0.3107,0.0365,0.0214,-0.0151,26369
15,8,square_waypoints,0.01,0.003,0.0,0.12,right_gain_loss,unpaired_null,g1.00_0.75_s0.02,0.1300,2.2667,0.2202,4.2850,0.0290,0.2714,1.1083,0.1257,0.1557,0.0300,26370
15,8,square_waypoints,0.01,0.003,0.0,0.12,right_gain_loss,random_probe,g1.00_0.60_s0.02,0.0200,2.8159,0.1417,1.6801,0.0516,0.1013,0.4913,0.0595,0.0316,-0.0280,26371
15,8,square_waypoints,0.01,0.003,0.0,0.12,right_gain_loss,task_greedy,g1.00_0.75_s0.02,0.1300,2.2604,0.1539,4.1000,0.4613,0.4550,2.1235,0.0146,0.0172,0.0026,26372
15,8,square_waypoints,0.01,0.003,0.0,0.12,right_gain_loss,fisher_grid,g1.00_0.60_s0.02,0.0200,2.1777,0.2175,5.6700,0.0882,0.1787,0.6298,0.0222,0.0172,-0.0050,26373
15,8,square_waypoints,0.01,0.003,0.0,0.12,right_gain_loss,constrained_fisher,g0.90_0.75_s0.02,0.2300,1.9815,0.3337,6.4800,0.0322,0.1098,0.5076,0.1172,0.0042,-0.1130,26374
15,8,square_waypoints,0.01,0.003,0.0,0.12,symmetric_low_power,null_probe,g0.75_0.75_s0.02,0.0600,2.5168,0.1296,4.2850,0.0213,0.0675,0.2684,0.0345,0.0448,0.0103,26375
15,8,square_waypoints,0.01,0.003,0.0,0.12,symmetric_low_power,unpaired_null,g0.75_0.75_s0.02,0.0600,2.6267,0.2043,4.2850,0.0414,0.2159,0.8964,0.0355,0.0447,0.0092,26376
15,8,square_waypoints,0.01,0.003,0.0,0.12,symmetric_low_power,random_probe,g0.75_0.60_s0.20,0.3300,3.1291,0.0974,2.2389,0.1610,0.1663,0.8600,0.0429,0.0698,0.0269,26377
15,8,square_waypoints,0.01,0.003,0.0,0.12,symmetric_low_power,task_greedy,g0.75_0.75_s0.02,0.0600,2.7543,0.1517,3.9203,0.4110,0.3934,1.7792,0.0391,0.0539,0.0148,26378
15,8,square_waypoints,0.01,0.003,0.0,0.12,symmetric_low_power,fisher_grid,g0.75_0.75_s0.02,0.0600,1.6961,0.5368,5.6700,0.0859,0.1298,0.5029,0.0325,0.0411,0.0085,26379
15,8,square_waypoints,0.01,0.003,0.0,0.12,symmetric_low_power,constrained_fisher,g0.75_0.75_s0.02,0.0600,1.8792,0.3461,6.4800,0.0280,0.0736,0.3217,0.0504,0.0340,-0.0164,26380
15,8,square_waypoints,0.01,0.003,0.0,0.12,high_slip,null_probe,g1.00_1.00_s0.10,0.1000,2.2365,0.2534,4.2850,0.0307,0.1065,0.4346,0.1247,0.1247,0.0000,26381
15,8,square_waypoints,0.01,0.003,0.0,0.12,high_slip,unpaired_null,g1.00_1.00_s0.20,0.0000,2.4264,0.1914,4.2850,0.0666,0.2855,1.2551,0.2016,0.2016,0.0000,26382
15,8,square_waypoints,0.01,0.003,0.0,0.12,high_slip,random_probe,g0.90_1.00_s0.10,0.2000,2.7957,0.1266,2.1684,0.3121,0.3004,1.4852,0.2090,0.0969,-0.1121,26383
15,8,square_waypoints,0.01,0.003,0.0,0.12,high_slip,task_greedy,g1.00_1.00_s0.02,0.1800,2.7089,0.0936,3.9202,0.5578,0.5582,2.5490,0.0408,0.0408,0.0000,26384
15,8,square_waypoints,0.01,0.003,0.0,0.12,high_slip,fisher_grid,g1.00_1.00_s0.20,0.0000,1.9561,0.2624,5.6700,0.1154,0.1766,0.8500,0.0410,0.0410,0.0000,26385
15,8,square_waypoints,0.01,0.003,0.0,0.12,high_slip,constrained_fisher,g1.00_1.00_s0.20,0.0000,0.9521,0.7300,6.4800,0.1009,0.1001,0.7096,0.0612,0.0612,0.0000,26386
16,8,square_waypoints,0.01,0.003,0.0,0.12,left_gain_loss,null_probe,g0.60_1.00_s0.02,0.0200,1.8293,0.3913,4.2850,0.0287,0.0842,0.3522,0.0793,0.0409,-0.0384,27387
16,8,square_waypoints,0.01,0.003,0.0,0.12,left_gain_loss,unpaired_null,g0.60_1.00_s0.02,0.0200,2.1507,0.2730,4.2850,0.0162,0.1732,0.7645,0.1198,0.1446,0.0248,27388
16,8,square_waypoints,0.01,0.003,0.0,0.12,left_gain_loss,random_probe,g0.60_0.90_s0.02,0.1200,3.1231,0.0828,1.8016,0.1274,0.1392,0.6409,0.1384,0.0623,-0.0761,27389
16,8,square_waypoints,0.01,0.003,0.0,0.12,left_gain_loss,task_greedy,g0.60_1.00_s0.10,0.1000,2.0219,0.1681,4.1084,0.4344,0.4394,2.0350,0.0430,0.0396,-0.0034,27390
16,8,square_waypoints,0.01,0.003,0.0,0.12,left_gain_loss,fisher_grid,g0.60_1.00_s0.02,0.0200,1.1910,0.6422,5.6700,0.1042,0.1097,0.6033,0.0836,0.0142,-0.0694,27391
16,8,square_waypoints,0.01,0.003,0.0,0.12,left_gain_loss,constrained_fisher,g0.60_1.00_s0.02,0.0200,0.8233,0.7834,6.4800,0.0230,0.1028,0.4366,0.0779,0.0180,-0.0598,27392
16,8,square_waypoints,0.01,0.003,0.0,0.12,right_gain_loss,null_probe,g0.90_0.60_s0.10,0.2000,2.3122,0.1785,4.2850,0.0208,0.0798,0.3481,0.0425,0.1528,0.1103,27393
16,8,square_waypoints,0.01,0.003,0.0,0.12,right_gain_loss,unpaired_null,g1.00_0.75_s0.02,0.1300,2.2343,0.1807,4.2850,0.0461,0.2776,1.1607,0.0147,0.0355,0.0209,27394
16,8,square_waypoints,0.01,0.003,0.0,0.12,right_gain_loss,random_probe,g1.00_0.60_s0.02,0.0200,2.0050,0.3798,1.7608,0.1744,0.1566,0.8888,0.0424,0.0580,0.0156,27395
16,8,square_waypoints,0.01,0.003,0.0,0.12,right_gain_loss,task_greedy,g1.00_0.60_s0.02,0.0200,2.0327,0.2199,4.0937,0.4323,0.4450,2.0695,0.0152,0.0716,0.0564,27396
16,8,square_waypoints,0.01,0.003,0.0,0.12,right_gain_loss,fisher_grid,g1.00_0.60_s0.02,0.0200,1.7960,0.4103,5.6700,0.0983,0.1739,0.6399,0.0161,0.0289,0.0129,27397
16,8,square_waypoints,0.01,0.003,0.0,0.12,right_gain_loss,constrained_fisher,g1.00_0.60_s0.10,0.1000,2.1446,0.1589,6.4800,0.0604,0.0977,0.4602,0.0162,0.0438,0.0275,27398
16,8,square_waypoints,0.01,0.003,0.0,0.12,symmetric_low_power,null_probe,g0.75_0.75_s0.10,0.1400,2.5895,0.1241,4.2850,0.0233,0.0646,0.2527,0.0239,0.0947,0.0708,27399
16,8,square_waypoints,0.01,0.003,0.0,0.12,symmetric_low_power,unpaired_null,g0.75_0.75_s0.02,0.0600,2.5518,0.1671,4.2850,0.0245,0.2072,0.8541,0.0243,0.0582,0.0338,27400
16,8,square_waypoints,0.01,0.003,0.0,0.12,symmetric_low_power,random_probe,g0.75_0.90_s0.20,0.3900,3.2510,0.1054,2.4813,0.1306,0.1562,0.9480,0.0471,0.0529,0.0059,27401
16,8,square_waypoints,0.01,0.003,0.0,0.12,symmetric_low_power,task_greedy,g0.75_0.75_s0.20,0.2400,2.9437,0.1393,3.9202,0.4168,0.4041,1.8422,0.0412,0.0732,0.0319,27402
16,8,square_waypoints,0.01,0.003,0.0,0.12,symmetric_low_power,fisher_grid,g0.75_0.75_s0.02,0.0600,2.2279,0.2531,5.6700,0.0889,0.1188,0.4892,0.0428,0.0817,0.0389,27403
16,8,square_waypoints,0.01,0.003,0.0,0.12,symmetric_low_power,constrained_fisher,g0.75_0.60_s0.02,0.1500,1.4603,0.4628,6.4800,0.0215,0.0714,0.3126,0.0189,0.0452,0.0263,27404
16,8,square_waypoints,0.01,0.003,0.0,0.12,high_slip,null_probe,g1.00_1.00_s0.20,0.0000,1.3695,0.4434,4.2850,0.0860,0.1109,0.5799,0.1182,0.1182,0.0000,27405
16,8,square_waypoints,0.01,0.003,0.0,0.12,high_slip,unpaired_null,g1.00_1.00_s0.10,0.1000,1.8729,0.3233,4.2850,0.0630,0.2721,1.2010,0.0081,0.0081,0.0000,27406
16,8,square_waypoints,0.01,0.003,0.0,0.12,high_slip,random_probe,g1.00_1.00_s0.10,0.1000,2.7137,0.1276,2.4322,0.1898,0.1952,0.8099,0.1885,0.1885,0.0000,27407
16,8,square_waypoints,0.01,0.003,0.0,0.12,high_slip,task_greedy,g1.00_1.00_s0.02,0.1800,2.2985,0.1796,3.9202,0.5612,0.5610,2.5099,0.1308,0.1308,0.0000,27408
16,8,square_waypoints,0.01,0.003,0.0,0.12,high_slip,fisher_grid,g1.00_0.90_s0.20,0.1000,1.7325,0.3582,5.6700,0.2605,0.2583,1.0623,0.1673,0.0728,-0.0945,27409
16,8,square_waypoints,0.01,0.003,0.0,0.12,high_slip,constrained_fisher,g1.00_1.00_s0.20,0.0000,0.6160,0.8354,6.4800,0.1227,0.1520,0.8310,0.1168,0.1168,0.0000,27410
17,8,square_waypoints,0.01,0.003,0.0,0.12,left_gain_loss,null_probe,g0.60_1.00_s0.02,0.0200,1.7966,0.4036,4.2850,0.0721,0.0949,0.4198,0.0499,0.0212,-0.0286,28411
17,8,square_waypoints,0.01,0.003,0.0,0.12,left_gain_loss,unpaired_null,g0.60_1.00_s0.02,0.0200,1.9053,0.3776,4.2850,0.0474,0.1794,0.8082,0.0202,0.1300,0.1097,28412
17,8,square_waypoints,0.01,0.003,0.0,0.12,left_gain_loss,random_probe,g0.60_1.00_s0.02,0.0200,2.3948,0.2428,2.4040,0.1257,0.1414,0.7909,0.0156,0.0203,0.0047,28413
17,8,square_waypoints,0.01,0.003,0.0,0.12,left_gain_loss,task_greedy,g0.60_0.75_s0.20,0.4500,2.2562,0.1453,4.1029,0.4416,0.4495,2.1073,0.0800,0.0887,0.0087,28414
17,8,square_waypoints,0.01,0.003,0.0,0.12,left_gain_loss,fisher_grid,g0.60_1.00_s0.10,0.1000,1.7089,0.4151,5.6700,0.1097,0.1082,0.5879,0.0169,0.0195,0.0025,28415
17,8,square_waypoints,0.01,0.003,0.0,0.12,left_gain_loss,constrained_fisher,g0.60_1.00_s0.02,0.0200,0.7992,0.6809,6.4800,0.0446,0.0889,0.3953,0.0840,0.0075,-0.0765,28416
17,8,square_waypoints,0.01,0.003,0.0,0.12,right_gain_loss,null_probe,g1.00_0.60_s0.02,0.0200,2.2794,0.2076,4.2850,0.0167,0.0811,0.3143,0.0245,0.0145,-0.0100,28417
17,8,square_waypoints,0.01,0.003,0.0,0.12,right_gain_loss,unpaired_null,g1.00_0.60_s0.02,0.0200,2.1355,0.2824,4.2850,0.0229,0.2819,1.1788,0.0769,0.0353,-0.0416,28418
17,8,square_waypoints,0.01,0.003,0.0,0.12,right_gain_loss,random_probe,g1.00_0.60_s0.02,0.0200,2.3273,0.2233,2.5514,0.1756,0.1645,0.8105,0.0308,0.0127,-0.0181,28419
17,8,square_waypoints,0.01,0.003,0.0,0.12,right_gain_loss,task_greedy,g1.00_0.60_s0.02,0.0200,2.0689,0.2067,4.0989,0.4091,0.4398,2.0519,0.0153,0.0126,-0.0027,28420
17,8,square_waypoints,0.01,0.003,0.0,0.12,right_gain_loss,fisher_grid,g1.00_0.60_s0.02,0.0200,1.5537,0.4395,5.6700,0.0857,0.1694,0.5890,0.0086,0.0147,0.0062,28421
17,8,square_waypoints,0.01,0.003,0.0,0.12,right_gain_loss,constrained_fisher,g1.00_0.60_s0.02,0.0200,1.4919,0.5467,6.4800,0.0214,0.0961,0.4400,0.0268,0.0216,-0.0053,28422
17,8,square_waypoints,0.01,0.003,0.0,0.12,symmetric_low_power,null_probe,g0.75_0.60_s0.02,0.1500,2.4248,0.1751,4.2850,0.0234,0.0607,0.2548,0.0739,0.0706,-0.0034,28423
17,8,square_waypoints,0.01,0.003,0.0,0.12,symmetric_low_power,unpaired_null,g0.60_0.75_s0.10,0.2300,2.5372,0.1537,4.2850,0.0200,0.2135,0.9045,0.0499,0.0902,0.0403,28424
17,8,square_waypoints,0.01,0.003,0.0,0.12,symmetric_low_power,random_probe,g0.60_0.75_s0.10,0.2300,3.0528,0.1113,2.0582,0.0745,0.1212,0.5797,0.0558,0.0658,0.0100,28425
17,8,square_waypoints,0.01,0.003,0.0,0.12,symmetric_low_power,task_greedy,g0.60_0.60_s0.20,0.4200,2.5091,0.1424,3.9204,0.4034,0.3952,1.7951,0.0330,0.0398,0.0068,28426
17,8,square_waypoints,0.01,0.003,0.0,0.12,symmetric_low_power,fisher_grid,g0.75_0.75_s0.02,0.0600,2.0847,0.3647,5.6700,0.0811,0.1301,0.5071,0.0340,0.0780,0.0440,28427
17,8,square_waypoints,0.01,0.003,0.0,0.12,symmetric_low_power,constrained_fisher,g0.75_0.75_s0.02,0.0600,1.8658,0.3088,6.4800,0.0152,0.0872,0.4031,0.0360,0.0867,0.0507,28428
17,8,square_waypoints,0.01,0.003,0.0,0.12,high_slip,null_probe,g1.00_1.00_s0.20,0.0000,1.6363,0.4003,4.2850,0.0444,0.1061,0.4538,0.0705,0.0705,0.0000,28429
17,8,square_waypoints,0.01,0.003,0.0,0.12,high_slip,unpaired_null,g1.00_1.00_s0.20,0.0000,2.0678,0.2554,4.2850,0.1553,0.2908,1.4193,0.0916,0.0916,0.0000,28430
17,8,square_waypoints,0.01,0.003,0.0,0.12,high_slip,random_probe,g1.00_1.00_s0.20,0.0000,1.3018,0.4892,2.4090,0.2027,0.1998,1.1210,0.0766,0.0766,0.0000,28431
17,8,square_waypoints,0.01,0.003,0.0,0.12,high_slip,task_greedy,g1.00_1.00_s0.02,0.1800,2.2684,0.1899,3.9203,0.5842,0.5603,2.5416,0.1721,0.1721,0.0000,28432
17,8,square_waypoints,0.01,0.003,0.0,0.12,high_slip,fisher_grid,g1.00_1.00_s0.20,0.0000,1.4516,0.4380,5.6700,0.1395,0.1812,1.1063,0.0911,0.0911,0.0000,28433
17,8,square_waypoints,0.01,0.003,0.0,0.12,high_slip,constrained_fisher,g0.90_1.00_s0.20,0.1000,1.6841,0.3499,5.2650,0.1116,0.1586,0.8378,0.1661,0.0990,-0.0671,28434
18,8,square_waypoints,0.01,0.003,0.0,0.12,left_gain_loss,null_probe,g0.60_0.90_s0.02,0.1200,1.9474,0.3048,4.2850,0.0342,0.0846,0.3847,0.0782,0.0237,-0.0545,29435
18,8,square_waypoints,0.01,0.003,0.0,0.12,left_gain_loss,unpaired_null,g0.60_1.00_s0.02,0.0200,1.7287,0.4191,4.2850,0.0347,0.1751,0.7843,0.0872,0.0679,-0.0193,29436
18,8,square_waypoints,0.01,0.003,0.0,0.12,left_gain_loss,random_probe,g0.60_0.90_s0.02,0.1200,2.4694,0.1936,2.8356,0.0358,0.1608,0.7433,0.0716,0.0143,-0.0573,29437
18,8,square_waypoints,0.01,0.003,0.0,0.12,left_gain_loss,task_greedy,g0.60_1.00_s0.20,0.2000,2.4509,0.1557,4.0892,0.4456,0.4544,2.1061,0.0450,0.0331,-0.0119,29438
18,8,square_waypoints,0.01,0.003,0.0,0.12,left_gain_loss,fisher_grid,g0.60_1.00_s0.02,0.0200,2.1289,0.2564,5.6700,0.1034,0.1123,0.5995,0.0238,0.1529,0.1291,29439
18,8,square_waypoints,0.01,0.003,0.0,0.12,left_gain_loss,constrained_fisher,g0.60_1.00_s0.02,0.0200,1.4712,0.4657,6.1763,0.0720,0.1089,0.5509,0.0381,0.1501,0.1120,29440
18,8,square_waypoints,0.01,0.003,0.0,0.12,right_gain_loss,null_probe,g1.00_0.60_s0.10,0.1000,1.8983,0.2748,4.2850,0.0348,0.0918,0.3937,0.0457,0.0217,-0.0241,29441
18,8,square_waypoints,0.01,0.003,0.0,0.12,right_gain_loss,unpaired_null,g1.00_0.60_s0.02,0.0200,1.8683,0.3059,4.2850,0.0374,0.2761,1.1027,0.0600,0.0990,0.0390,29442
18,8,square_waypoints,0.01,0.003,0.0,0.12,right_gain_loss,random_probe,g1.00_0.60_s0.02,0.0200,2.8550,0.1333,1.7786,0.1519,0.1730,0.8475,0.1012,0.0738,-0.0274,29443
18,8,square_waypoints,0.01,0.003,0.0,0.12,right_gain_loss,task_greedy,g1.00_0.60_s0.20,0.2000,2.0784,0.2658,4.1176,0.4282,0.4489,2.1404,0.0310,0.1555,0.1245,29444
18,8,square_waypoints,0.01,0.003,0.0,0.12,right_gain_loss,fisher_grid,g1.00_0.60_s0.10,0.1000,1.5859,0.3385,5.6700,0.0952,0.1768,0.6013,0.1381,0.0423,-0.0957,29445
18,8,square_waypoints,0.01,0.003,0.0,0.12,right_gain_loss,constrained_fisher,g1.00_0.60_s0.10,0.1000,1.3012,0.6052,6.4800,0.0348,0.1029,0.4127,0.0207,0.0193,-0.0013,29446
18,8,square_waypoints,0.01,0.003,0.0,0.12,symmetric_low_power,null_probe,g0.75_0.75_s0.02,0.0600,2.7305,0.1643,4.2850,0.0267,0.0634,0.2785,0.0300,0.0420,0.0120,29447
18,8,square_waypoints,0.01,0.003,0.0,0.12,symmetric_low_power,unpaired_null,g0.60_0.60_s0.02,0.2400,2.0851,0.3157,4.2850,0.0130,0.2056,0.8506,0.0158,0.0737,0.0578,29448
18,8,square_waypoints,0.01,0.003,0.0,0.12,symmetric_low_power,random_probe,g0.60_0.60_s0.20,0.4200,2.8947,0.0863,2.4118,0.1221,0.2089,1.1307,0.0148,0.0418,0.0270,29449
18,8,square_waypoints,0.01,0.003,0.0,0.12,symmetric_low_power,task_greedy,g0.75_0.75_s0.02,0.0600,2.9170,0.1396,3.9203,0.3807,0.3853,1.7353,0.0291,0.0762,0.0471,29450
18,8,square_waypoints,0.01,0.003,0.0,0.12,symmetric_low_power,fisher_grid,g0.75_0.75_s0.10,0.1400,2.1203,0.3702,5.6700,0.1037,0.1250,0.4949,0.0591,0.0318,-0.0273,29451
18,8,square_waypoints,0.01,0.003,0.0,0.12,symmetric_low_power,constrained_fisher,g0.75_0.75_s0.02,0.0600,1.7817,0.4467,6.4800,0.0104,0.0690,0.2921,0.0281,0.0730,0.0449,29452
18,8,square_waypoints,0.01,0.003,0.0,0.12,high_slip,null_probe,g1.00_1.00_s0.10,0.1000,2.0201,0.3043,4.2850,0.0215,0.1216,0.5260,0.1155,0.1155,0.0000,29453
18,8,square_waypoints,0.01,0.003,0.0,0.12,high_slip,unpaired_null,g1.00_0.90_s0.02,0.2800,2.5629,0.1395,4.2850,0.0385,0.2801,1.1632,0.1341,0.1268,-0.0074,29454
18,8,square_waypoints,0.01,0.003,0.0,0.12,high_slip,random_probe,g1.00_1.00_s0.20,0.0000,2.6954,0.1953,1.0248,0.1909,0.1732,0.8324,0.0558,0.0558,0.0000,29455
18,8,square_waypoints,0.01,0.003,0.0,0.12,high_slip,task_greedy,g1.00_1.00_s0.20,0.0000,2.4422,0.1553,3.9202,0.5377,0.5459,2.4786,0.0707,0.0707,0.0000,29456
18,8,square_waypoints,0.01,0.003,0.0,0.12,high_slip,fisher_grid,g0.90_1.00_s0.20,0.1000,1.9736,0.2286,5.6700,0.2124,0.2213,0.9755,0.1406,0.1768,0.0362,29457
18,8,square_waypoints,0.01,0.003,0.0,0.12,high_slip,constrained_fisher,g1.00_1.00_s0.20,0.0000,1.0525,0.6648,5.8725,0.1102,0.1538,0.7332,0.0861,0.0861,0.0000,29458
19,8,square_waypoints,0.01,0.003,0.0,0.12,left_gain_loss,null_probe,g0.75_1.00_s0.02,0.1300,1.9739,0.4036,4.2850,0.0503,0.0826,0.3942,0.0630,0.0136,-0.0494,30459
19,8,square_waypoints,0.01,0.003,0.0,0.12,left_gain_loss,unpaired_null,g0.60_1.00_s0.02,0.0200,1.9371,0.2470,4.2850,0.0257,0.1796,0.8231,0.1065,0.0199,-0.0866,30460
19,8,square_waypoints,0.01,0.003,0.0,0.12,left_gain_loss,random_probe,g0.60_1.00_s0.10,0.1000,2.2803,0.1914,3.0008,0.0753,0.1289,0.7944,0.0680,0.0356,-0.0325,30461
19,8,square_waypoints,0.01,0.003,0.0,0.12,left_gain_loss,task_greedy,g0.60_1.00_s0.20,0.2000,2.0309,0.2195,4.1075,0.4815,0.4424,2.1050,0.0071,0.0187,0.0116,30462
19,8,square_waypoints,0.01,0.003,0.0,0.12,left_gain_loss,fisher_grid,g0.60_1.00_s0.02,0.0200,2.1177,0.2708,5.6700,0.1090,0.1140,0.5645,0.0194,0.0475,0.0281,30463
19,8,square_waypoints,0.01,0.003,0.0,0.12,left_gain_loss,constrained_fisher,g0.60_1.00_s0.02,0.0200,1.2318,0.5584,6.4800,0.0385,0.1007,0.4478,0.0548,0.1541,0.0993,30464
19,8,square_waypoints,0.01,0.003,0.0,0.12,right_gain_loss,null_probe,g1.00_0.60_s0.02,0.0200,2.0312,0.3128,4.2850,0.0284,0.0902,0.3296,0.0258,0.0431,0.0173,30465
19,8,square_waypoints,0.01,0.003,0.0,0.12,right_gain_loss,unpaired_null,g1.00_0.60_s0.02,0.0200,2.1730,0.2627,4.2850,0.0416,0.2846,1.1704,0.0920,0.1427,0.0507,30466
19,8,square_waypoints,0.01,0.003,0.0,0.12,right_gain_loss,random_probe,g0.90_0.75_s0.02,0.2300,2.6894,0.2043,3.0867,0.3374,0.3452,1.9359,0.0914,0.0335,-0.0579,30467
19,8,square_waypoints,0.01,0.003,0.0,0.12,right_gain_loss,task_greedy,g1.00_0.60_s0.02,0.0200,2.2249,0.1844,4.0899,0.4433,0.4395,2.0771,0.0598,0.0181,-0.0416,30468
19,8,square_waypoints,0.01,0.003,0.0,0.12,right_gain_loss,fisher_grid,g1.00_0.60_s0.02,0.0200,2.2176,0.2114,5.6700,0.0878,0.1745,0.6232,0.0338,0.0581,0.0244,30469
19,8,square_waypoints,0.01,0.003,0.0,0.12,right_gain_loss,constrained_fisher,g1.00_0.60_s0.02,0.0200,1.6835,0.4178,6.1763,0.0802,0.0978,0.4706,0.0290,0.0167,-0.0123,30470
19,8,square_waypoints,0.01,0.003,0.0,0.12,symmetric_low_power,null_probe,g0.75_0.75_s0.10,0.1400,2.5144,0.2314,4.2850,0.0192,0.0716,0.3375,0.0435,0.0377,-0.0057,30471
19,8,square_waypoints,0.01,0.003,0.0,0.12,symmetric_low_power,unpaired_null,g0.75_0.75_s0.02,0.0600,2.5619,0.1979,4.2850,0.0208,0.1902,0.7646,0.0255,0.0830,0.0575,30472
19,8,square_waypoints,0.01,0.003,0.0,0.12,symmetric_low_power,random_probe,g0.75_0.60_s0.02,0.1500,2.5628,0.1572,2.7029,0.1969,0.1898,0.6657,0.0255,0.0269,0.0014,30473
19,8,square_waypoints,0.01,0.003,0.0,0.12,symmetric_low_power,task_greedy,g0.60_0.60_s0.02,0.2400,2.6019,0.1140,3.9202,0.4124,0.4173,1.8593,0.0317,0.0800,0.0482,30474
19,8,square_waypoints,0.01,0.003,0.0,0.12,symmetric_low_power,fisher_grid,g0.60_0.90_s0.02,0.3000,2.4247,0.1733,5.6700,0.0723,0.1290,0.4897,0.0333,0.0423,0.0090,30475
19,8,square_waypoints,0.01,0.003,0.0,0.12,symmetric_low_power,constrained_fisher,g0.90_0.60_s0.02,0.3000,1.2436,0.6174,6.4800,0.0440,0.0784,0.3706,0.0261,0.0469,0.0208,30476
19,8,square_waypoints,0.01,0.003,0.0,0.12,high_slip,null_probe,g1.00_1.00_s0.20,0.0000,1.0029,0.6251,4.2850,0.0694,0.1294,0.4916,0.1090,0.1090,0.0000,30477
19,8,square_waypoints,0.01,0.003,0.0,0.12,high_slip,unpaired_null,g1.00_1.00_s0.10,0.1000,2.3902,0.1921,4.2850,0.0533,0.2866,1.2319,0.0693,0.0693,0.0000,30478
19,8,square_waypoints,0.01,0.003,0.0,0.12,high_slip,random_probe,g0.90_1.00_s0.20,0.1000,1.5394,0.4058,2.2926,0.0381,0.1018,0.4611,0.1193,0.1140,-0.0053,30479
19,8,square_waypoints,0.01,0.003,0.0,0.12,high_slip,task_greedy,g0.90_0.90_s0.02,0.3800,2.9144,0.1152,3.9203,0.5844,0.5614,2.4927,0.1080,0.0881,-0.0199,30480
19,8,square_waypoints,0.01,0.003,0.0,0.12,high_slip,fisher_grid,g0.90_1.00_s0.20,0.1000,1.2569,0.4289,5.6700,0.1847,0.1969,1.2015,0.2140,0.3052,0.0912,30481
19,8,square_waypoints,0.01,0.003,0.0,0.12,high_slip,constrained_fisher,g1.00_1.00_s0.20,0.0000,1.8885,0.2821,6.1763,0.1116,0.1170,0.8170,0.0726,0.0726,0.0000,30482
20,8,square_waypoints,0.01,0.003,0.0,0.12,left_gain_loss,null_probe,g0.75_1.00_s0.02,0.1300,2.2961,0.2847,4.2850,0.0225,0.0955,0.3302,0.0287,0.0298,0.0011,31483
20,8,square_waypoints,0.01,0.003,0.0,0.12,left_gain_loss,unpaired_null,g0.60_1.00_s0.02,0.0200,1.7681,0.4155,4.2850,0.0278,0.1602,0.7358,0.0030,0.0133,0.0103,31484
20,8,square_waypoints,0.01,0.003,0.0,0.12,left_gain_loss,random_probe,g0.60_1.00_s0.02,0.0200,1.8055,0.3777,2.8042,0.0877,0.0980,0.4554,0.0237,0.0384,0.0147,31485
20,8,square_waypoints,0.01,0.003,0.0,0.12,left_gain_loss,task_greedy,g0.60_0.90_s0.02,0.1200,2.1614,0.1625,4.1031,0.4431,0.4388,2.0784,0.0145,0.0125,-0.0020,31486
20,8,square_waypoints,0.01,0.003,0.0,0.12,left_gain_loss,fisher_grid,g0.60_1.00_s0.10,0.1000,1.6071,0.3584,5.6700,0.0879,0.1172,0.6265,0.0343,0.0235,-0.0108,31487
20,8,square_waypoints,0.01,0.003,0.0,0.12,left_gain_loss,constrained_fisher,g0.60_1.00_s0.02,0.0200,0.9672,0.7389,6.4800,0.0280,0.0987,0.4245,0.0280,0.0569,0.0290,31488
20,8,square_waypoints,0.01,0.003,0.0,0.12,right_gain_loss,null_probe,g1.00_0.60_s0.02,0.0200,1.9062,0.3264,4.2850,0.0324,0.0831,0.3550,0.0098,0.0238,0.0139,31489
20,8,square_waypoints,0.01,0.003,0.0,0.12,right_gain_loss,unpaired_null,g1.00_0.60_s0.02,0.0200,2.0538,0.3166,4.2850,0.0224,0.2772,1.1166,0.0355,0.0546,0.0191,31490
20,8,square_waypoints,0.01,0.003,0.0,0.12,right_gain_loss,random_probe,g0.90_0.60_s0.20,0.3000,2.8330,0.1666,1.8098,0.2132,0.1979,0.9010,0.0427,0.1476,0.1050,31491
20,8,square_waypoints,0.01,0.003,0.0,0.12,right_gain_loss,task_greedy,g1.00_0.60_s0.02,0.0200,1.9952,0.2232,4.0971,0.4558,0.4614,2.1094,0.0215,0.1429,0.1214,31492
20,8,square_waypoints,0.01,0.003,0.0,0.12,right_gain_loss,fisher_grid,g1.00_0.60_s0.02,0.0200,1.9464,0.3481,5.6700,0.1044,0.1728,0.6369,0.0630,0.1581,0.0951,31493
20,8,square_waypoints,0.01,0.003,0.0,0.12,right_gain_loss,constrained_fisher,g1.00_0.60_s0.02,0.0200,1.0957,0.7005,6.4800,0.0279,0.1003,0.4502,0.0628,0.0712,0.0084,31494
20,8,square_waypoints,0.01,0.003,0.0,0.12,symmetric_low_power,null_probe,g0.60_0.75_s0.10,0.2300,2.3884,0.1620,4.2850,0.0094,0.0616,0.2630,0.0402,0.0311,-0.0091,31495
20,8,square_waypoints,0.01,0.003,0.0,0.12,symmetric_low_power,unpaired_null,g0.75_0.75_s0.02,0.0600,2.4389,0.2989,4.2850,0.0205,0.1931,0.7764,0.0401,0.0835,0.0434,31496
20,8,square_waypoints,0.01,0.003,0.0,0.12,symmetric_low_power,random_probe,g0.75_0.75_s0.02,0.0600,3.1519,0.1321,2.4381,0.2181,0.2191,1.4420,0.0768,0.0344,-0.0425,31497
20,8,square_waypoints,0.01,0.003,0.0,0.12,symmetric_low_power,task_greedy,g0.75_0.75_s0.20,0.2400,2.7664,0.1520,3.9202,0.4005,0.3957,1.8120,0.0297,0.0880,0.0583,31498
20,8,square_waypoints,0.01,0.003,0.0,0.12,symmetric_low_power,fisher_grid,g0.75_0.60_s0.02,0.1500,1.9732,0.3577,5.6700,0.0773,0.1256,0.4633,0.0254,0.0729,0.0475,31499
20,8,square_waypoints,0.01,0.003,0.0,0.12,symmetric_low_power,constrained_fisher,g0.75_0.75_s0.02,0.0600,1.7925,0.3357,6.4800,0.0155,0.0768,0.3530,0.0492,0.0822,0.0330,31500
20,8,square_waypoints,0.01,0.003,0.0,0.12,high_slip,null_probe,g1.00_1.00_s0.20,0.0000,1.5881,0.4187,4.2850,0.0476,0.1182,0.5222,0.1394,0.1394,0.0000,31501
20,8,square_waypoints,0.01,0.003,0.0,0.12,high_slip,unpaired_null,g1.00_1.00_s0.20,0.0000,1.2146,0.5430,4.2850,0.0991,0.2868,1.3786,0.0736,0.0736,0.0000,31502
20,8,square_waypoints,0.01,0.003,0.0,0.12,high_slip,random_probe,g1.00_1.00_s0.20,0.0000,2.1696,0.2733,1.9689,0.1412,0.1435,0.7616,0.0980,0.0980,0.0000,31503
20,8,square_waypoints,0.01,0.003,0.0,0.12,high_slip,task_greedy,g1.00_1.00_s0.20,0.0000,2.5785,0.1252,3.9205,0.5608,0.5630,2.5407,0.1300,0.1300,0.0000,31504
20,8,square_waypoints,0.01,0.003,0.0,0.12,high_slip,fisher_grid,g1.00_1.00_s0.20,0.0000,1.7003,0.3931,5.6700,0.2024,0.1987,1.0707,0.1844,0.1844,0.0000,31505
20,8,square_waypoints,0.01,0.003,0.0,0.12,high_slip,constrained_fisher,g1.00_1.00_s0.20,0.0000,0.9454,0.6422,5.5688,0.0942,0.1647,0.6709,0.2288,0.2288,0.0000,31506
21,8,square_waypoints,0.01,0.003,0.0,0.12,left_gain_loss,null_probe,g0.60_1.00_s0.10,0.1000,2.1512,0.2478,4.2850,0.0205,0.0783,0.3270,0.0308,0.0332,0.0025,32507
21,8,square_waypoints,0.01,0.003,0.0,0.12,left_gain_loss,unpaired_null,g0.60_1.00_s0.02,0.0200,2.2905,0.2193,4.2850,0.0505,0.1696,0.7682,0.0599,0.0205,-0.0394,32508
21,8,square_waypoints,0.01,0.003,0.0,0.12,left_gain_loss,random_probe,g0.75_1.00_s0.10,0.2100,2.6226,0.1243,2.2415,0.2002,0.1844,1.0049,0.0560,0.0274,-0.0287,32509
21,8,square_waypoints,0.01,0.003,0.0,0.12,left_gain_loss,task_greedy,g0.60_1.00_s0.02,0.0200,2.2841,0.1665,4.1082,0.4547,0.4508,2.1012,0.0447,0.1762,0.1315,32510
21,8,square_waypoints,0.01,0.003,0.0,0.12,left_gain_loss,fisher_grid,g0.60_1.00_s0.02,0.0200,1.9234,0.3291,5.6700,0.1087,0.1078,0.5765,0.0505,0.0286,-0.0219,32511
21,8,square_waypoints,0.01,0.003,0.0,0.12,left_gain_loss,constrained_fisher,g0.60_1.00_s0.02,0.0200,1.2556,0.5239,6.4800,0.0127,0.0829,0.3569,0.0410,0.1299,0.0888,32512
21,8,square_waypoints,0.01,0.003,0.0,0.12,right_gain_loss,null_probe,g0.90_0.60_s0.10,0.2000,2.4787,0.1572,4.2850,0.0073,0.0994,0.3594,0.0075,0.0177,0.0102,32513
21,8,square_waypoints,0.01,0.003,0.0,0.12,right_gain_loss,unpaired_null,g1.00_0.75_s0.10,0.2100,2.2716,0.3012,4.2850,0.0184,0.2819,1.1722,0.0149,0.1428,0.1278,32514
21,8,square_waypoints,0.01,0.003,0.0,0.12,right_gain_loss,random_probe,g1.00_0.75_s0.02,0.1300,2.9100,0.1292,1.4149,0.0853,0.0984,0.5425,0.0752,0.0851,0.0098,32515
21,8,square_waypoints,0.01,0.003,0.0,0.12,right_gain_loss,task_greedy,g1.00_0.60_s0.20,0.2000,2.0955,0.1760,4.0865,0.4430,0.4454,2.0894,0.0321,0.1685,0.1364,32516
21,8,square_waypoints,0.01,0.003,0.0,0.12,right_gain_loss,fisher_grid,g1.00_0.60_s0.02,0.0200,1.8904,0.3310,5.6700,0.1042,0.1746,0.6056,0.0399,0.2092,0.1693,32517
21,8,square_waypoints,0.01,0.003,0.0,0.12,right_gain_loss,constrained_fisher,g1.00_0.60_s0.02,0.0200,1.3750,0.5606,6.4800,0.0401,0.1201,0.5331,0.0143,0.1060,0.0917,32518
21,8,square_waypoints,0.01,0.003,0.0,0.12,symmetric_low_power,null_probe,g0.75_0.75_s0.10,0.1400,2.5809,0.2059,4.2850,0.0202,0.0652,0.2684,0.0621,0.0635,0.0014,32519
21,8,square_waypoints,0.01,0.003,0.0,0.12,symmetric_low_power,unpaired_null,g0.75_0.75_s0.02,0.0600,2.4617,0.1797,4.2850,0.0109,0.1998,0.8059,0.0495,0.0380,-0.0116,32520
21,8,square_waypoints,0.01,0.003,0.0,0.12,symmetric_low_power,random_probe,g0.60_0.60_s0.02,0.2400,2.7189,0.1705,1.4593,0.1133,0.1152,0.5804,0.0636,0.0509,-0.0127,32521
21,8,square_waypoints,0.01,0.003,0.0,0.12,symmetric_low_power,task_greedy,g0.75_0.75_s0.02,0.0600,2.9639,0.1145,3.9200,0.3985,0.4044,1.8315,0.0364,0.0716,0.0353,32522
21,8,square_waypoints,0.01,0.003,0.0,0.12,symmetric_low_power,fisher_grid,g0.75_0.75_s0.02,0.0600,1.8136,0.4952,5.6700,0.0757,0.1352,0.4973,0.0295,0.0581,0.0286,32523
21,8,square_waypoints,0.01,0.003,0.0,0.12,symmetric_low_power,constrained_fisher,g0.75_0.75_s0.02,0.0600,1.7060,0.4955,6.4800,0.0285,0.0687,0.2982,0.0435,0.0579,0.0144,32524
21,8,square_waypoints,0.01,0.003,0.0,0.12,high_slip,null_probe,g0.90_0.90_s0.20,0.2000,1.7901,0.2428,4.2850,0.1213,0.1795,0.8996,0.0885,0.1239,0.0353,32525
21,8,square_waypoints,0.01,0.003,0.0,0.12,high_slip,unpaired_null,g1.00_1.00_s0.02,0.1800,2.1641,0.2348,4.2850,0.0691,0.2827,1.1759,0.0721,0.0721,0.0000,32526
21,8,square_waypoints,0.01,0.003,0.0,0.12,high_slip,random_probe,g1.00_1.00_s0.20,0.0000,2.0317,0.3090,1.4898,0.2143,0.2163,1.1955,0.0671,0.0671,0.0000,32527
21,8,square_waypoints,0.01,0.003,0.0,0.12,high_slip,task_greedy,g1.00_1.00_s0.20,0.0000,2.2151,0.1907,3.9203,0.5603,0.5526,2.4853,0.1893,0.1893,0.0000,32528
21,8,square_waypoints,0.01,0.003,0.0,0.12,high_slip,fisher_grid,g1.00_1.00_s0.20,0.0000,0.7089,0.7845,5.6700,0.1176,0.2057,0.8006,0.0829,0.0829,0.0000,32529
21,8,square_waypoints,0.01,0.003,0.0,0.12,high_slip,constrained_fisher,g0.90_1.00_s0.20,0.1000,1.4905,0.3547,5.8725,0.0645,0.1635,0.7525,0.1642,0.0057,-0.1585,32530
22,8,square_waypoints,0.01,0.003,0.0,0.12,left_gain_loss,null_probe,g0.60_1.00_s0.02,0.0200,2.1342,0.2480,4.2850,0.0282,0.0846,0.3135,0.1069,0.1476,0.0407,33531
22,8,square_waypoints,0.01,0.003,0.0,0.12,left_gain_loss,unpaired_null,g0.60_0.90_s0.02,0.1200,2.3013,0.2700,4.2850,0.0178,0.1745,0.8081,0.0832,0.1432,0.0599,33532
22,8,square_waypoints,0.01,0.003,0.0,0.12,left_gain_loss,random_probe,g0.60_0.90_s0.02,0.1200,2.3511,0.2227,2.4898,0.0175,0.1404,0.5402,0.0443,0.0797,0.0354,33533
22,8,square_waypoints,0.01,0.003,0.0,0.12,left_gain_loss,task_greedy,g0.60_1.00_s0.02,0.0200,2.0724,0.1726,4.0927,0.4300,0.4559,2.1246,0.0921,0.1422,0.0500,33534
22,8,square_waypoints,0.01,0.003,0.0,0.12,left_gain_loss,fisher_grid,g0.60_0.90_s0.02,0.1200,2.2893,0.2512,5.6700,0.1090,0.1049,0.5690,0.0691,0.0884,0.0193,33535
22,8,square_waypoints,0.01,0.003,0.0,0.12,left_gain_loss,constrained_fisher,g0.60_1.00_s0.02,0.0200,1.0686,0.4915,6.4800,0.0669,0.1003,0.4479,0.0992,0.0312,-0.0680,33536
22,8,square_waypoints,0.01,0.003,0.0,0.12,right_gain_loss,null_probe,g0.90_0.60_s0.02,0.1200,1.9301,0.2698,4.2850,0.0357,0.0956,0.3705,0.0286,0.0067,-0.0219,33537
22,8,square_waypoints,0.01,0.003,0.0,0.12,right_gain_loss,unpaired_null,g1.00_0.60_s0.02,0.0200,1.6688,0.4066,4.2850,0.0459,0.2863,1.2059,0.0395,0.0411,0.0016,33538
22,8,square_waypoints,0.01,0.003,0.0,0.12,right_gain_loss,random_probe,g0.75_0.60_s0.02,0.2700,2.8683,0.1707,1.9271,0.0491,0.1019,0.4368,0.0509,0.0514,0.0005,33539
22,8,square_waypoints,0.01,0.003,0.0,0.12,right_gain_loss,task_greedy,g1.00_0.60_s0.02,0.0200,2.1124,0.1797,4.1184,0.4196,0.4268,1.9955,0.0323,0.2079,0.1756,33540
22,8,square_waypoints,0.01,0.003,0.0,0.12,right_gain_loss,fisher_grid,g1.00_0.60_s0.10,0.1000,1.9172,0.2597,5.6700,0.0704,0.1737,0.6747,0.0522,0.0219,-0.0303,33541
22,8,square_waypoints,0.01,0.003,0.0,0.12,right_gain_loss,constrained_fisher,g1.00_0.60_s0.02,0.0200,1.7006,0.4547,5.8725,0.1058,0.1097,0.6117,0.0293,0.1049,0.0756,33542
22,8,square_waypoints,0.01,0.003,0.0,0.12,symmetric_low_power,null_probe,g0.75_0.75_s0.02,0.0600,2.5519,0.2069,4.2850,0.0327,0.0857,0.3677,0.0354,0.0830,0.0476,33543
22,8,square_waypoints,0.01,0.003,0.0,0.12,symmetric_low_power,unpaired_null,g0.75_0.60_s0.02,0.1500,2.5382,0.1532,4.2850,0.0123,0.2038,0.8152,0.0504,0.1011,0.0506,33544
22,8,square_waypoints,0.01,0.003,0.0,0.12,symmetric_low_power,random_probe,g0.75_0.60_s0.02,0.1500,2.8508,0.1541,2.4273,0.1561,0.1304,0.8116,0.0148,0.0549,0.0401,33545
22,8,square_waypoints,0.01,0.003,0.0,0.12,symmetric_low_power,task_greedy,g0.75_0.75_s0.02,0.0600,2.7041,0.1162,3.9204,0.4068,0.4057,1.8338,0.0393,0.0667,0.0274,33546
22,8,square_waypoints,0.01,0.003,0.0,0.12,symmetric_low_power,fisher_grid,g0.75_0.75_s0.20,0.2400,2.2225,0.2998,5.6700,0.0917,0.1336,0.4917,0.0402,0.0519,0.0117,33547
22,8,square_waypoints,0.01,0.003,0.0,0.12,symmetric_low_power,constrained_fisher,g0.75_0.75_s0.10,0.1400,2.0146,0.2759,6.4800,0.0091,0.0790,0.3260,0.0191,0.0301,0.0109,33548
22,8,square_waypoints,0.01,0.003,0.0,0.12,high_slip,null_probe,g1.00_1.00_s0.02,0.1800,2.1546,0.2792,4.2850,0.0220,0.0996,0.3810,0.0573,0.0573,0.0000,33549
22,8,square_waypoints,0.01,0.003,0.0,0.12,high_slip,unpaired_null,g1.00_1.00_s0.10,0.1000,2.4126,0.1344,4.2850,0.0058,0.2876,1.1756,0.1106,0.1106,0.0000,33550
22,8,square_waypoints,0.01,0.003,0.0,0.12,high_slip,random_probe,g1.00_1.00_s0.10,0.1000,2.3685,0.2213,1.9608,0.1735,0.1734,0.6686,0.0371,0.0371,0.0000,33551
22,8,square_waypoints,0.01,0.003,0.0,0.12,high_slip,task_greedy,g1.00_1.00_s0.02,0.1800,2.4393,0.1448,3.9202,0.5776,0.5562,2.4859,0.1642,0.1642,0.0000,33552
22,8,square_waypoints,0.01,0.003,0.0,0.12,high_slip,fisher_grid,g1.00_1.00_s0.20,0.0000,1.7728,0.2734,5.6700,0.1067,0.2031,0.7706,0.2203,0.2203,0.0000,33553
22,8,square_waypoints,0.01,0.003,0.0,0.12,high_slip,constrained_fisher,g1.00_0.90_s0.20,0.1000,0.9869,0.4867,5.8725,0.1036,0.1355,0.7056,0.0262,0.1527,0.1264,33554
23,8,square_waypoints,0.01,0.003,0.0,0.12,left_gain_loss,null_probe,g0.75_1.00_s0.02,0.1300,2.1035,0.2502,4.2850,0.0308,0.0852,0.3542,0.0149,0.0154,0.0005,34555
23,8,square_waypoints,0.01,0.003,0.0,0.12,left_gain_loss,unpaired_null,g0.60_1.00_s0.02,0.0200,2.1202,0.2981,4.2850,0.0052,0.1772,0.8039,0.0935,0.0345,-0.0590,34556
23,8,square_waypoints,0.01,0.003,0.0,0.12,left_gain_loss,random_probe,g0.60_1.00_s0.20,0.2000,2.6306,0.1802,1.7132,0.0625,0.0902,0.5243,0.0842,0.0178,-0.0663,34557
23,8,square_waypoints,0.01,0.003,0.0,0.12,left_gain_loss,task_greedy,g0.60_1.00_s0.20,0.2000,2.0801,0.2102,4.1041,0.4430,0.4535,2.0952,0.0100,0.0141,0.0041,34558
23,8,square_waypoints,0.01,0.003,0.0,0.12,left_gain_loss,fisher_grid,g0.60_1.00_s0.10,0.1000,1.5748,0.4418,5.6700,0.0760,0.1137,0.5645,0.0322,0.1371,0.1049,34559
23,8,square_waypoints,0.01,0.003,0.0,0.12,left_gain_loss,constrained_fisher,g0.60_1.00_s0.02,0.0200,1.1805,0.6311,6.4800,0.0452,0.0928,0.4209,0.0842,0.0555,-0.0287,34560
23,8,square_waypoints,0.01,0.003,0.0,0.12,right_gain_loss,null_probe,g1.00_0.60_s0.02,0.0200,2.1722,0.2732,4.2850,0.0283,0.1026,0.3831,0.0160,0.0345,0.0184,34561
23,8,square_waypoints,0.01,0.003,0.0,0.12,right_gain_loss,unpaired_null,g0.90_0.60_s0.10,0.2000,2.0435,0.2429,4.2850,0.0236,0.2791,1.1760,0.0448,0.0209,-0.0238,34562
23,8,square_waypoints,0.01,0.003,0.0,0.12,right_gain_loss,random_probe,g1.00_0.60_s0.02,0.0200,2.5889,0.2163,1.3577,0.1573,0.1373,0.5381,0.0715,0.0816,0.0101,34563
23,8,square_waypoints,0.01,0.003,0.0,0.12,right_gain_loss,task_greedy,g1.00_0.60_s0.20,0.2000,2.2397,0.1872,4.0972,0.4679,0.4551,2.0794,0.0967,0.0149,-0.0818,34564
23,8,square_waypoints,0.01,0.003,0.0,0.12,right_gain_loss,fisher_grid,g1.00_0.60_s0.10,0.1000,2.4232,0.1373,5.6700,0.1066,0.1796,0.6302,0.0484,0.0165,-0.0319,34565
23,8,square_waypoints,0.01,0.003,0.0,0.12,right_gain_loss,constrained_fisher,g1.00_0.60_s0.02,0.0200,1.1842,0.6439,6.4800,0.0348,0.0946,0.4196,0.0892,0.1944,0.1053,34566
23,8,square_waypoints,0.01,0.003,0.0,0.12,symmetric_low_power,null_probe,g0.60_0.60_s0.02,0.2400,2.3143,0.2282,4.2850,0.0273,0.0739,0.2985,0.0214,0.0231,0.0017,34567
23,8,square_waypoints,0.01,0.003,0.0,0.12,symmetric_low_power,unpaired_null,g0.75_0.75_s0.02,0.0600,2.4527,0.2892,4.2850,0.0182,0.2064,0.8383,0.0474,0.0870,0.0396,34568
23,8,square_waypoints,0.01,0.003,0.0,0.12,symmetric_low_power,random_probe,g0.75_0.75_s0.02,0.0600,2.8736,0.1412,3.0040,0.1304,0.1898,0.9977,0.0457,0.0340,-0.0117,34569
23,8,square_waypoints,0.01,0.003,0.0,0.12,symmetric_low_power,task_greedy,g0.75_0.75_s0.20,0.2400,2.7942,0.1466,3.9202,0.3874,0.4058,1.8629,0.0415,0.0245,-0.0171,34570
23,8,square_waypoints,0.01,0.003,0.0,0.12,symmetric_low_power,fisher_grid,g0.75_0.75_s0.02,0.0600,2.2992,0.2460,5.6700,0.0863,0.1225,0.4895,0.0286,0.0720,0.0434,34571
23,8,square_waypoints,0.01,0.003,0.0,0.12,symmetric_low_power,constrained_fisher,g0.60_0.90_s0.02,0.3000,1.6667,0.3198,6.4800,0.0181,0.0739,0.3157,0.0395,0.0358,-0.0036,34572
23,8,square_waypoints,0.01,0.003,0.0,0.12,high_slip,null_probe,g1.00_1.00_s0.20,0.0000,0.9891,0.7283,4.2850,0.0093,0.1119,0.5079,0.0944,0.0944,0.0000,34573
23,8,square_waypoints,0.01,0.003,0.0,0.12,high_slip,unpaired_null,g1.00_1.00_s0.20,0.0000,1.3944,0.4682,4.2850,0.0184,0.2979,1.2656,0.0572,0.0572,0.0000,34574
23,8,square_waypoints,0.01,0.003,0.0,0.12,high_slip,random_probe,g1.00_1.00_s0.20,0.0000,2.6412,0.1570,1.9357,0.1411,0.1589,0.6235,0.0794,0.0794,0.0000,34575
23,8,square_waypoints,0.01,0.003,0.0,0.12,high_slip,task_greedy,g1.00_1.00_s0.02,0.1800,2.4892,0.1458,3.9202,0.5513,0.5700,2.5562,0.0210,0.0210,0.0000,34576
23,8,square_waypoints,0.01,0.003,0.0,0.12,high_slip,fisher_grid,g1.00_1.00_s0.20,0.0000,1.7473,0.3761,5.6700,0.1489,0.1939,0.7867,0.0380,0.0380,0.0000,34577
23,8,square_waypoints,0.01,0.003,0.0,0.12,high_slip,constrained_fisher,g1.00_1.00_s0.10,0.1000,1.6212,0.3299,6.1763,0.0823,0.1601,0.6618,0.0351,0.0351,0.0000,34578
24,8,square_waypoints,0.01,0.003,0.0,0.12,left_gain_loss,null_probe,g0.60_1.00_s0.02,0.0200,1.8822,0.3627,4.2850,0.0266,0.1009,0.3538,0.0308,0.0181,-0.0127,35579
24,8,square_waypoints,0.01,0.003,0.0,0.12,left_gain_loss,unpaired_null,g0.60_1.00_s0.10,0.1000,1.9432,0.3351,4.2850,0.0490,0.1792,0.8347,0.0216,0.0282,0.0067,35580
24,8,square_waypoints,0.01,0.003,0.0,0.12,left_gain_loss,random_probe,g0.60_1.00_s0.02,0.0200,1.5605,0.5022,2.1355,0.0927,0.1932,0.9338,0.0248,0.0204,-0.0043,35581
24,8,square_waypoints,0.01,0.003,0.0,0.12,left_gain_loss,task_greedy,g0.60_1.00_s0.02,0.0200,2.1749,0.2030,4.0969,0.4475,0.4510,2.1176,0.0241,0.0625,0.0384,35582
24,8,square_waypoints,0.01,0.003,0.0,0.12,left_gain_loss,fisher_grid,g0.60_1.00_s0.02,0.0200,1.7238,0.3727,5.6700,0.0837,0.1053,0.5880,0.0242,0.0518,0.0275,35583
24,8,square_waypoints,0.01,0.003,0.0,0.12,left_gain_loss,constrained_fisher,g0.60_1.00_s0.02,0.0200,1.8350,0.3059,6.4800,0.0485,0.1028,0.4450,0.0588,0.0183,-0.0405,35584
24,8,square_waypoints,0.01,0.003,0.0,0.12,right_gain_loss,null_probe,g1.00_0.60_s0.02,0.0200,1.9502,0.3311,4.2850,0.0158,0.0857,0.3340,0.0279,0.0246,-0.0032,35585
24,8,square_waypoints,0.01,0.003,0.0,0.12,right_gain_loss,unpaired_null,g1.00_0.60_s0.02,0.0200,1.6403,0.4673,4.2850,0.0498,0.2796,1.1469,0.0498,0.0448,-0.0050,35586
24,8,square_waypoints,0.01,0.003,0.0,0.12,right_gain_loss,random_probe,g0.90_0.60_s0.10,0.2000,2.5115,0.1577,2.3249,0.1457,0.2400,1.2195,0.0650,0.0216,-0.0434,35587
24,8,square_waypoints,0.01,0.003,0.0,0.12,right_gain_loss,task_greedy,g0.90_0.60_s0.20,0.3000,2.1195,0.1656,4.0969,0.4298,0.4413,2.0795,0.0371,0.0434,0.0063,35588
24,8,square_waypoints,0.01,0.003,0.0,0.12,right_gain_loss,fisher_grid,g1.00_0.60_s0.02,0.0200,1.5362,0.4084,5.6700,0.1140,0.1827,0.6587,0.0385,0.0808,0.0422,35589
24,8,square_waypoints,0.01,0.003,0.0,0.12,right_gain_loss,constrained_fisher,g1.00_0.60_s0.02,0.0200,1.4319,0.3877,6.4800,0.0211,0.0937,0.4261,0.0196,0.0240,0.0045,35590
24,8,square_waypoints,0.01,0.003,0.0,0.12,symmetric_low_power,null_probe,g0.75_0.75_s0.10,0.1400,2.6013,0.1610,4.2850,0.0102,0.0663,0.2575,0.0213,0.0679,0.0466,35591
24,8,square_waypoints,0.01,0.003,0.0,0.12,symmetric_low_power,unpaired_null,g0.75_0.75_s0.20,0.2400,2.5359,0.2867,4.2850,0.0219,0.2049,0.8443,0.0306,0.0744,0.0438,35592
24,8,square_waypoints,0.01,0.003,0.0,0.12,symmetric_low_power,random_probe,g0.60_0.75_s0.02,0.1500,2.6074,0.1953,2.9774,0.2098,0.2018,0.9112,0.0095,0.0601,0.0506,35593
24,8,square_waypoints,0.01,0.003,0.0,0.12,symmetric_low_power,task_greedy,g0.60_0.60_s0.20,0.4200,2.5033,0.1466,3.9202,0.4257,0.4060,1.8292,0.0460,0.0452,-0.0009,35594
24,8,square_waypoints,0.01,0.003,0.0,0.12,symmetric_low_power,fisher_grid,g0.75_0.75_s0.10,0.1400,2.2038,0.2970,5.6700,0.0924,0.1328,0.5092,0.0187,0.0475,0.0288,35595
24,8,square_waypoints,0.01,0.003,0.0,0.12,symmetric_low_power,constrained_fisher,g0.60_0.75_s0.02,0.1500,1.5942,0.4609,6.4800,0.0305,0.0752,0.3534,0.0584,0.0464,-0.0120,35596
24,8,square_waypoints,0.01,0.003,0.0,0.12,high_slip,null_probe,g1.00_1.00_s0.10,0.1000,2.4533,0.1719,4.2850,0.0543,0.1011,0.4270,0.2222,0.2222,0.0000,35597
24,8,square_waypoints,0.01,0.003,0.0,0.12,high_slip,unpaired_null,g1.00_1.00_s0.20,0.0000,1.9336,0.3049,4.2850,0.0462,0.2958,1.2836,0.0827,0.0827,0.0000,35598
24,8,square_waypoints,0.01,0.003,0.0,0.12,high_slip,random_probe,g0.90_1.00_s0.10,0.2000,2.9798,0.0932,2.2954,0.0758,0.1349,0.6001,0.0948,0.1120,0.0172,35599
24,8,square_waypoints,0.01,0.003,0.0,0.12,high_slip,task_greedy,g1.00_1.00_s0.02,0.1800,2.5545,0.1317,3.9207,0.5401,0.5520,2.4562,0.0227,0.0227,0.0000,35600
24,8,square_waypoints,0.01,0.003,0.0,0.12,high_slip,fisher_grid,g1.00_1.00_s0.20,0.0000,1.1094,0.5989,5.6700,0.2682,0.2558,1.1882,0.1300,0.1300,0.0000,35601
24,8,square_waypoints,0.01,0.003,0.0,0.12,high_slip,constrained_fisher,g1.00_1.00_s0.20,0.0000,1.2434,0.4828,5.7713,0.0885,0.1425,0.8041,0.1407,0.1407,0.0000,35602
25,8,square_waypoints,0.01,0.003,0.0,0.12,left_gain_loss,null_probe,g0.60_1.00_s0.02,0.0200,1.7628,0.3631,4.2850,0.0316,0.0943,0.3663,0.0323,0.1967,0.1644,36603
25,8,square_waypoints,0.01,0.003,0.0,0.12,left_gain_loss,unpaired_null,g0.60_0.90_s0.10,0.2000,1.9986,0.2382,4.2850,0.0158,0.1704,0.7684,0.0718,0.0306,-0.0412,36604
25,8,square_waypoints,0.01,0.003,0.0,0.12,left_gain_loss,random_probe,g0.60_1.00_s0.02,0.0200,2.5338,0.1884,2.4646,0.0853,0.1848,0.7659,0.0270,0.0272,0.0002,36605
25,8,square_waypoints,0.01,0.003,0.0,0.12,left_gain_loss,task_greedy,g0.60_0.90_s0.02,0.1200,2.0767,0.1605,4.1039,0.4303,0.4420,2.0644,0.0463,0.1114,0.0651,36606
25,8,square_waypoints,0.01,0.003,0.0,0.12,left_gain_loss,fisher_grid,g0.60_1.00_s0.02,0.0200,1.5474,0.4741,5.6700,0.1006,0.1046,0.6019,0.0235,0.0509,0.0274,36607
25,8,square_waypoints,0.01,0.003,0.0,0.12,left_gain_loss,constrained_fisher,g0.60_1.00_s0.02,0.0200,0.7925,0.7895,6.4800,0.0146,0.0885,0.3846,0.0535,0.1392,0.0857,36608
25,8,square_waypoints,0.01,0.003,0.0,0.12,right_gain_loss,null_probe,g1.00_0.60_s0.10,0.1000,2.1700,0.2657,4.2850,0.0274,0.0929,0.3366,0.0507,0.1479,0.0972,36609
25,8,square_waypoints,0.01,0.003,0.0,0.12,right_gain_loss,unpaired_null,g1.00_0.60_s0.02,0.0200,2.3363,0.1964,4.2850,0.0343,0.2841,1.1483,0.0783,0.0355,-0.0428,36610
25,8,square_waypoints,0.01,0.003,0.0,0.12,right_gain_loss,random_probe,g0.90_0.75_s0.02,0.2300,3.0307,0.1679,2.2614,0.2278,0.2828,1.3814,0.0896,0.0566,-0.0330,36611
25,8,square_waypoints,0.01,0.003,0.0,0.12,right_gain_loss,task_greedy,g1.00_0.75_s0.20,0.3100,2.2496,0.2070,4.1021,0.4448,0.4311,2.0067,0.0439,0.0960,0.0521,36612
25,8,square_waypoints,0.01,0.003,0.0,0.12,right_gain_loss,fisher_grid,g1.00_0.60_s0.02,0.0200,2.1917,0.2334,5.6700,0.0933,0.1688,0.6337,0.0064,0.0139,0.0075,36613
25,8,square_waypoints,0.01,0.003,0.0,0.12,right_gain_loss,constrained_fisher,g1.00_0.60_s0.02,0.0200,1.5755,0.4610,6.4800,0.0286,0.1077,0.5014,0.0851,0.0240,-0.0611,36614
25,8,square_waypoints,0.01,0.003,0.0,0.12,symmetric_low_power,null_probe,g0.75_0.75_s0.20,0.2400,2.4937,0.2434,4.2850,0.0186,0.0647,0.2534,0.0524,0.0655,0.0132,36615
25,8,square_waypoints,0.01,0.003,0.0,0.12,symmetric_low_power,unpaired_null,g0.75_0.75_s0.02,0.0600,2.6329,0.2085,4.2850,0.0262,0.2007,0.8121,0.0239,0.0892,0.0653,36616
25,8,square_waypoints,0.01,0.003,0.0,0.12,symmetric_low_power,random_probe,g0.90_0.75_s0.02,0.2100,3.3712,0.0798,1.5846,0.0937,0.1460,0.7844,0.0450,0.0680,0.0230,36617
25,8,square_waypoints,0.01,0.003,0.0,0.12,symmetric_low_power,task_greedy,g0.75_0.75_s0.20,0.2400,2.7137,0.1310,3.9202,0.4322,0.4082,1.8373,0.0230,0.0940,0.0710,36618
25,8,square_waypoints,0.01,0.003,0.0,0.12,symmetric_low_power,fisher_grid,g0.75_0.75_s0.10,0.1400,2.0762,0.3693,5.6700,0.0750,0.1228,0.4718,0.0606,0.0679,0.0073,36619
25,8,square_waypoints,0.01,0.003,0.0,0.12,symmetric_low_power,constrained_fisher,g0.75_0.75_s0.02,0.0600,1.9059,0.3827,6.4800,0.0043,0.0816,0.3505,0.0290,0.0733,0.0444,36620
25,8,square_waypoints,0.01,0.003,0.0,0.12,high_slip,null_probe,g0.90_0.90_s0.20,0.2000,2.4856,0.1438,4.2850,0.0275,0.0886,0.3629,0.0917,0.1277,0.0360,36621
25,8,square_waypoints,0.01,0.003,0.0,0.12,high_slip,unpaired_null,g1.00_1.00_s0.20,0.0000,2.1399,0.2087,4.2850,0.0265,0.2767,1.1225,0.1618,0.1618,0.0000,36622
25,8,square_waypoints,0.01,0.003,0.0,0.12,high_slip,random_probe,g0.90_1.00_s0.20,0.1000,3.1349,0.0815,1.9033,0.0911,0.1257,0.5750,0.1252,0.1876,0.0624,36623
25,8,square_waypoints,0.01,0.003,0.0,0.12,high_slip,task_greedy,g1.00_1.00_s0.02,0.1800,2.4328,0.1586,3.9202,0.5597,0.5653,2.5445,0.0431,0.0431,0.0000,36624
25,8,square_waypoints,0.01,0.003,0.0,0.12,high_slip,fisher_grid,g1.00_1.00_s0.20,0.0000,0.8391,0.5873,5.6700,0.1082,0.1870,1.1005,0.0870,0.0870,0.0000,36625
25,8,square_waypoints,0.01,0.003,0.0,0.12,high_slip,constrained_fisher,g1.00_1.00_s0.20,0.0000,1.0187,0.5367,5.8725,0.0702,0.1413,0.6834,0.0363,0.0363,0.0000,36626
26,8,square_waypoints,0.01,0.003,0.0,0.12,left_gain_loss,null_probe,g0.60_1.00_s0.02,0.0200,1.9088,0.3288,4.2850,0.0220,0.0871,0.3398,0.0247,0.1597,0.1350,37627
26,8,square_waypoints,0.01,0.003,0.0,0.12,left_gain_loss,unpaired_null,g0.75_1.00_s0.02,0.1300,2.3217,0.2083,4.2850,0.0570,0.1718,0.7581,0.1221,0.1055,-0.0166,37628
26,8,square_waypoints,0.01,0.003,0.0,0.12,left_gain_loss,random_probe,g0.60_1.00_s0.02,0.0200,2.5294,0.1689,2.7563,0.3028,0.3277,1.6927,0.0349,0.0308,-0.0041,37629
26,8,square_waypoints,0.01,0.003,0.0,0.12,left_gain_loss,task_greedy,g0.60_1.00_s0.02,0.0200,2.1034,0.2048,4.0952,0.4440,0.4469,2.1000,0.0735,0.1027,0.0292,37630
26,8,square_waypoints,0.01,0.003,0.0,0.12,left_gain_loss,fisher_grid,g0.60_1.00_s0.02,0.0200,1.5557,0.4797,5.6700,0.0819,0.1004,0.5913,0.0748,0.0125,-0.0622,37631
26,8,square_waypoints,0.01,0.003,0.0,0.12,left_gain_loss,constrained_fisher,g0.60_1.00_s0.02,0.0200,0.8817,0.7483,6.4800,0.0454,0.0972,0.4322,0.0127,0.1644,0.1518,37632
26,8,square_waypoints,0.01,0.003,0.0,0.12,right_gain_loss,null_probe,g1.00_0.60_s0.02,0.0200,1.9323,0.3500,4.2850,0.0417,0.0889,0.3597,0.0340,0.0173,-0.0167,37633
26,8,square_waypoints,0.01,0.003,0.0,0.12,right_gain_loss,unpaired_null,g1.00_0.75_s0.02,0.1300,2.2148,0.3009,4.2850,0.0122,0.2762,1.1221,0.0855,0.1343,0.0488,37634
26,8,square_waypoints,0.01,0.003,0.0,0.12,right_gain_loss,random_probe,g1.00_0.60_s0.10,0.1000,2.6681,0.1283,1.8671,0.0645,0.1439,0.7674,0.0283,0.1610,0.1327,37635
26,8,square_waypoints,0.01,0.003,0.0,0.12,right_gain_loss,task_greedy,g1.00_0.60_s0.20,0.2000,2.2285,0.1929,4.0978,0.4258,0.4285,2.0125,0.1071,0.0156,-0.0914,37636
26,8,square_waypoints,0.01,0.003,0.0,0.12,right_gain_loss,fisher_grid,g1.00_0.60_s0.02,0.0200,1.5117,0.4153,5.6700,0.1006,0.1732,0.6604,0.0503,0.0585,0.0082,37637
26,8,square_waypoints,0.01,0.003,0.0,0.12,right_gain_loss,constrained_fisher,g1.00_0.60_s0.02,0.0200,0.8955,0.7459,6.4800,0.0243,0.0865,0.3653,0.0186,0.1138,0.0952,37638
26,8,square_waypoints,0.01,0.003,0.0,0.12,symmetric_low_power,null_probe,g0.75_0.75_s0.02,0.0600,2.4162,0.3205,4.2850,0.0345,0.0647,0.2752,0.0462,0.0509,0.0047,37639
26,8,square_waypoints,0.01,0.003,0.0,0.12,symmetric_low_power,unpaired_null,g0.75_0.75_s0.02,0.0600,2.3446,0.3493,4.2850,0.0438,0.2064,0.8487,0.0252,0.0497,0.0245,37640
26,8,square_waypoints,0.01,0.003,0.0,0.12,symmetric_low_power,random_probe,g0.60_0.75_s0.02,0.1500,2.5817,0.2126,2.3795,0.1384,0.1350,0.7478,0.0253,0.0719,0.0467,37641
26,8,square_waypoints,0.01,0.003,0.0,0.12,symmetric_low_power,task_greedy,g0.90_0.90_s0.02,0.3600,3.0519,0.1055,3.9205,0.4270,0.4093,1.8336,0.0385,0.0880,0.0496,37642
26,8,square_waypoints,0.01,0.003,0.0,0.12,symmetric_low_power,fisher_grid,g0.75_0.75_s0.02,0.0600,2.0164,0.3704,5.6700,0.0728,0.1288,0.4801,0.0527,0.0826,0.0299,37643
26,8,square_waypoints,0.01,0.003,0.0,0.12,symmetric_low_power,constrained_fisher,g0.75_0.75_s0.02,0.0600,1.5224,0.5239,6.4800,0.0376,0.0772,0.3325,0.0406,0.0533,0.0127,37644
26,8,square_waypoints,0.01,0.003,0.0,0.12,high_slip,null_probe,g1.00_1.00_s0.20,0.0000,2.2919,0.2109,4.2850,0.0197,0.1033,0.4835,0.0396,0.0396,0.0000,37645
26,8,square_waypoints,0.01,0.003,0.0,0.12,high_slip,unpaired_null,g1.00_1.00_s0.20,0.0000,2.0776,0.2266,4.2850,0.0251,0.2642,1.0533,0.0278,0.0278,0.0000,37646
26,8,square_waypoints,0.01,0.003,0.0,0.12,high_slip,random_probe,g0.90_1.00_s0.10,0.2000,3.1280,0.0793,1.7613,0.2381,0.2388,1.2458,0.1637,0.1926,0.0289,37647
26,8,square_waypoints,0.01,0.003,0.0,0.12,high_slip,task_greedy,g0.90_1.00_s0.20,0.1000,2.7235,0.0954,3.9203,0.5559,0.5690,2.5844,0.0420,0.1204,0.0784,37648
26,8,square_waypoints,0.01,0.003,0.0,0.12,high_slip,fisher_grid,g1.00_1.00_s0.20,0.0000,1.6464,0.4154,5.6700,0.1257,0.1796,0.7027,0.1181,0.1181,0.0000,37649
26,8,square_waypoints,0.01,0.003,0.0,0.12,high_slip,constrained_fisher,g1.00_1.00_s0.20,0.0000,1.6974,0.3374,6.4800,0.1055,0.1040,0.7713,0.1041,0.1041,0.0000,37650
27,8,square_waypoints,0.01,0.003,0.0,0.12,left_gain_loss,null_probe,g0.60_1.00_s0.02,0.0200,1.7999,0.3173,4.2850,0.0237,0.0828,0.3516,0.0207,0.0533,0.0326,38651
27,8,square_waypoints,0.01,0.003,0.0,0.12,left_gain_loss,unpaired_null,g0.60_1.00_s0.02,0.0200,1.6199,0.4519,4.2850,0.0339,0.1770,0.7928,0.0739,0.0142,-0.0596,38652
27,8,square_waypoints,0.01,0.003,0.0,0.12,left_gain_loss,random_probe,g0.75_1.00_s0.02,0.1300,3.4869,0.0704,1.2745,0.1706,0.1718,0.7586,0.0467,0.0692,0.0225,38653
27,8,square_waypoints,0.01,0.003,0.0,0.12,left_gain_loss,task_greedy,g0.60_1.00_s0.10,0.1000,2.2713,0.1747,4.1128,0.4073,0.4339,2.0322,0.0029,0.1694,0.1665,38654
27,8,square_waypoints,0.01,0.003,0.0,0.12,left_gain_loss,fisher_grid,g0.60_1.00_s0.02,0.0200,2.0416,0.2929,5.6700,0.0798,0.1087,0.5858,0.0099,0.0920,0.0821,38655
27,8,square_waypoints,0.01,0.003,0.0,0.12,left_gain_loss,constrained_fisher,g0.60_1.00_s0.02,0.0200,1.7676,0.3019,6.4800,0.0369,0.0920,0.4304,0.0864,0.0923,0.0059,38656
27,8,square_waypoints,0.01,0.003,0.0,0.12,right_gain_loss,null_probe,g1.00_0.60_s0.02,0.0200,1.9972,0.3335,4.2850,0.0186,0.0843,0.3002,0.0625,0.0136,-0.0489,38657
27,8,square_waypoints,0.01,0.003,0.0,0.12,right_gain_loss,unpaired_null,g1.00_0.60_s0.02,0.0200,1.9480,0.3387,4.2850,0.0327,0.2823,1.1182,0.0347,0.0076,-0.0272,38658
27,8,square_waypoints,0.01,0.003,0.0,0.12,right_gain_loss,random_probe,g1.00_0.60_s0.02,0.0200,2.5047,0.2087,1.8592,0.0994,0.1104,0.5351,0.1113,0.0258,-0.0855,38659
27,8,square_waypoints,0.01,0.003,0.0,0.12,right_gain_loss,task_greedy,g1.00_0.60_s0.02,0.0200,2.1199,0.2049,4.1113,0.4200,0.4424,2.0815,0.0183,0.0744,0.0561,38660
27,8,square_waypoints,0.01,0.003,0.0,0.12,right_gain_loss,fisher_grid,g1.00_0.60_s0.02,0.0200,1.7916,0.3688,5.6700,0.0927,0.1795,0.6284,0.0135,0.0122,-0.0012,38661
27,8,square_waypoints,0.01,0.003,0.0,0.12,right_gain_loss,constrained_fisher,g1.00_0.60_s0.10,0.1000,1.6816,0.5143,6.4800,0.0280,0.1002,0.4045,0.0894,0.1393,0.0499,38662
27,8,square_waypoints,0.01,0.003,0.0,0.12,symmetric_low_power,null_probe,g0.75_0.75_s0.02,0.0600,2.3769,0.2899,4.2850,0.0219,0.0676,0.2790,0.0392,0.0365,-0.0028,38663
27,8,square_waypoints,0.01,0.003,0.0,0.12,symmetric_low_power,unpaired_null,g0.75_0.75_s0.02,0.0600,2.5039,0.2596,4.2850,0.0401,0.2002,0.8165,0.0378,0.0464,0.0086,38664
27,8,square_waypoints,0.01,0.003,0.0,0.12,symmetric_low_power,random_probe,g0.75_0.75_s0.10,0.1400,2.9465,0.1311,2.8277,0.1153,0.1117,0.5399,0.0664,0.0326,-0.0339,38665
27,8,square_waypoints,0.01,0.003,0.0,0.12,symmetric_low_power,task_greedy,g0.60_0.60_s0.02,0.2400,2.1616,0.2164,3.9201,0.4156,0.4116,1.8555,0.0173,0.0843,0.0670,38666
27,8,square_waypoints,0.01,0.003,0.0,0.12,symmetric_low_power,fisher_grid,g0.60_0.75_s0.02,0.1500,2.0777,0.3168,5.6700,0.0935,0.1313,0.5290,0.0299,0.0666,0.0367,38667
27,8,square_waypoints,0.01,0.003,0.0,0.12,symmetric_low_power,constrained_fisher,g0.75_0.75_s0.02,0.0600,1.9536,0.3214,6.4800,0.0141,0.0722,0.3182,0.0858,0.0850,-0.0009,38668
27,8,square_waypoints,0.01,0.003,0.0,0.12,high_slip,null_probe,g1.00_1.00_s0.10,0.1000,1.9533,0.2925,4.2850,0.0526,0.0944,0.4820,0.0096,0.0096,0.0000,38669
27,8,square_waypoints,0.01,0.003,0.0,0.12,high_slip,unpaired_null,g1.00_1.00_s0.20,0.0000,2.0448,0.2692,4.2850,0.0175,0.2887,1.2141,0.0781,0.0781,0.0000,38670
27,8,square_waypoints,0.01,0.003,0.0,0.12,high_slip,random_probe,g0.90_1.00_s0.10,0.2000,3.4071,0.0597,1.4581,0.1955,0.1855,0.7686,0.0773,0.1316,0.0543,38671
27,8,square_waypoints,0.01,0.003,0.0,0.12,high_slip,task_greedy,g1.00_1.00_s0.20,0.0000,2.5623,0.1244,3.9203,0.5813,0.5497,2.4450,0.0601,0.0601,0.0000,38672
27,8,square_waypoints,0.01,0.003,0.0,0.12,high_slip,fisher_grid,g1.00_1.00_s0.20,0.0000,1.4725,0.5034,5.6700,0.1546,0.1749,0.8000,0.0610,0.0610,0.0000,38673
27,8,square_waypoints,0.01,0.003,0.0,0.12,high_slip,constrained_fisher,g0.90_1.00_s0.20,0.1000,1.7720,0.3530,6.4800,0.1277,0.1324,0.9334,0.0623,0.0516,-0.0107,38674
28,8,square_waypoints,0.01,0.003,0.0,0.12,left_gain_loss,null_probe,g0.60_1.00_s0.20,0.2000,2.1364,0.2048,4.2850,0.0192,0.0826,0.3513,0.0805,0.0155,-0.0650,39675
28,8,square_waypoints,0.01,0.003,0.0,0.12,left_gain_loss,unpaired_null,g0.60_1.00_s0.02,0.0200,2.3014,0.2110,4.2850,0.0277,0.1722,0.7874,0.0094,0.0662,0.0568,39676
28,8,square_waypoints,0.01,0.003,0.0,0.12,left_gain_loss,random_probe,g0.60_1.00_s0.10,0.1000,2.5992,0.1627,2.0440,0.0134,0.1182,0.3957,0.0207,0.0263,0.0056,39677
28,8,square_waypoints,0.01,0.003,0.0,0.12,left_gain_loss,task_greedy,g0.60_0.90_s0.20,0.3000,2.2530,0.1682,4.0959,0.4125,0.4260,1.9926,0.0652,0.0333,-0.0319,39678
28,8,square_waypoints,0.01,0.003,0.0,0.12,left_gain_loss,fisher_grid,g0.60_1.00_s0.02,0.0200,1.8790,0.3630,5.6700,0.0962,0.1175,0.6252,0.0643,0.1273,0.0630,39679
28,8,square_waypoints,0.01,0.003,0.0,0.12,left_gain_loss,constrained_fisher,g0.60_1.00_s0.02,0.0200,1.6840,0.4489,6.4800,0.0395,0.0932,0.4034,0.0829,0.0333,-0.0496,39680
28,8,square_waypoints,0.01,0.003,0.0,0.12,right_gain_loss,null_probe,g1.00_0.60_s0.02,0.0200,1.8428,0.3916,4.2850,0.0215,0.0907,0.3137,0.0478,0.0207,-0.0271,39681
28,8,square_waypoints,0.01,0.003,0.0,0.12,right_gain_loss,unpaired_null,g1.00_0.60_s0.10,0.1000,2.3003,0.1807,4.2850,0.0281,0.2769,1.1463,0.0182,0.0214,0.0032,39682
28,8,square_waypoints,0.01,0.003,0.0,0.12,right_gain_loss,random_probe,g1.00_0.60_s0.10,0.1000,2.2901,0.2409,2.6163,0.2019,0.1964,0.8814,0.0335,0.0134,-0.0201,39683
28,8,square_waypoints,0.01,0.003,0.0,0.12,right_gain_loss,task_greedy,g0.90_0.60_s0.02,0.1200,2.5314,0.1529,4.1062,0.4500,0.4382,2.0608,0.0345,0.0164,-0.0181,39684
28,8,square_waypoints,0.01,0.003,0.0,0.12,right_gain_loss,fisher_grid,g1.00_0.60_s0.02,0.0200,1.6908,0.4106,5.6700,0.1143,0.1712,0.6414,0.0207,0.0468,0.0260,39685
28,8,square_waypoints,0.01,0.003,0.0,0.12,right_gain_loss,constrained_fisher,g1.00_0.60_s0.10,0.1000,1.3833,0.4808,6.4800,0.0389,0.0947,0.4416,0.0445,0.0501,0.0055,39686
28,8,square_waypoints,0.01,0.003,0.0,0.12,symmetric_low_power,null_probe,g0.75_0.75_s0.02,0.0600,2.4775,0.2644,4.2850,0.0296,0.0815,0.3406,0.0430,0.0752,0.0322,39687
28,8,square_waypoints,0.01,0.003,0.0,0.12,symmetric_low_power,unpaired_null,g0.75_0.75_s0.02,0.0600,2.5384,0.2263,4.2850,0.0187,0.1990,0.8047,0.0381,0.0655,0.0274,39688
28,8,square_waypoints,0.01,0.003,0.0,0.12,symmetric_low_power,random_probe,g0.75_0.75_s0.02,0.0600,3.2494,0.1440,2.1388,0.1280,0.1281,0.6425,0.0587,0.0352,-0.0235,39689
28,8,square_waypoints,0.01,0.003,0.0,0.12,symmetric_low_power,task_greedy,g0.60_0.60_s0.02,0.2400,2.4435,0.1614,3.9203,0.3950,0.4037,1.8359,0.0788,0.0518,-0.0269,39690
28,8,square_waypoints,0.01,0.003,0.0,0.12,symmetric_low_power,fisher_grid,g0.75_0.60_s0.02,0.1500,1.9650,0.3315,5.6700,0.0930,0.1308,0.4724,0.0331,0.0918,0.0587,39691
28,8,square_waypoints,0.01,0.003,0.0,0.12,symmetric_low_power,constrained_fisher,g0.60_0.75_s0.10,0.2300,2.1114,0.2940,6.4800,0.0290,0.0697,0.2978,0.0421,0.0521,0.0100,39692
28,8,square_waypoints,0.01,0.003,0.0,0.12,high_slip,null_probe,g1.00_1.00_s0.02,0.1800,2.0291,0.3496,4.2850,0.0141,0.1001,0.3914,0.1067,0.1067,0.0000,39693
28,8,square_waypoints,0.01,0.003,0.0,0.12,high_slip,unpaired_null,g1.00_1.00_s0.10,0.1000,1.9011,0.3089,4.2850,0.0412,0.3001,1.2453,0.1606,0.1606,0.0000,39694
28,8,square_waypoints,0.01,0.003,0.0,0.12,high_slip,random_probe,g1.00_1.00_s0.20,0.0000,1.5742,0.3560,2.4241,0.3866,0.3937,1.8602,0.2138,0.2138,0.0000,39695
28,8,square_waypoints,0.01,0.003,0.0,0.12,high_slip,task_greedy,g1.00_1.00_s0.02,0.1800,2.5931,0.1207,3.9203,0.5425,0.5595,2.5582,0.1134,0.1134,0.0000,39696
28,8,square_waypoints,0.01,0.003,0.0,0.12,high_slip,fisher_grid,g1.00_0.90_s0.20,0.1000,1.4641,0.3781,5.6700,0.1491,0.1781,0.7384,0.0761,0.0991,0.0230,39697
28,8,square_waypoints,0.01,0.003,0.0,0.12,high_slip,constrained_fisher,g1.00_1.00_s0.20,0.0000,1.1979,0.5021,4.0500,0.1307,0.1569,0.9150,0.1333,0.1333,0.0000,39698
29,8,square_waypoints,0.01,0.003,0.0,0.12,left_gain_loss,null_probe,g0.60_1.00_s0.02,0.0200,2.0694,0.2792,4.2850,0.0403,0.1000,0.3853,0.0466,0.0142,-0.0324,40699
29,8,square_waypoints,0.01,0.003,0.0,0.12,left_gain_loss,unpaired_null,g0.60_1.00_s0.02,0.0200,1.7663,0.3319,4.2850,0.0076,0.1730,0.7777,0.0843,0.0164,-0.0679,40700
29,8,square_waypoints,0.01,0.003,0.0,0.12,left_gain_loss,random_probe,g0.60_1.00_s0.02,0.0200,2.5079,0.1947,2.5032,0.0726,0.1111,0.4977,0.0201,0.1445,0.1244,40701
29,8,square_waypoints,0.01,0.003,0.0,0.12,left_gain_loss,task_greedy,g0.60_1.00_s0.02,0.0200,2.0497,0.2244,4.1061,0.4626,0.4487,2.0983,0.0407,0.0192,-0.0215,40702
29,8,square_waypoints,0.01,0.003,0.0,0.12,left_gain_loss,fisher_grid,g0.60_1.00_s0.02,0.0200,1.3411,0.4589,5.6700,0.1010,0.1097,0.6467,0.0244,0.0871,0.0628,40703
29,8,square_waypoints,0.01,0.003,0.0,0.12,left_gain_loss,constrained_fisher,g0.60_0.90_s0.02,0.1200,1.8222,0.2996,6.4800,0.0305,0.0870,0.3627,0.0956,0.0340,-0.0616,40704
29,8,square_waypoints,0.01,0.003,0.0,0.12,right_gain_loss,null_probe,g1.00_0.60_s0.02,0.0200,1.7745,0.4014,4.2850,0.0331,0.0840,0.3217,0.0352,0.0246,-0.0106,40705
29,8,square_waypoints,0.01,0.003,0.0,0.12,right_gain_loss,unpaired_null,g0.90_0.60_s0.02,0.1200,2.0343,0.2585,4.2850,0.0205,0.2784,1.1247,0.0891,0.0197,-0.0695,40706
29,8,square_waypoints,0.01,0.003,0.0,0.12,right_gain_loss,random_probe,g1.00_0.60_s0.02,0.0200,2.6898,0.1333,2.4125,0.3325,0.3347,1.4854,0.1043,0.0682,-0.0361,40707
29,8,square_waypoints,0.01,0.003,0.0,0.12,right_gain_loss,task_greedy,g0.90_0.60_s0.02,0.1200,2.2266,0.1559,4.1015,0.4455,0.4299,1.9970,0.0393,0.0887,0.0494,40708
29,8,square_waypoints,0.01,0.003,0.0,0.12,right_gain_loss,fisher_grid,g1.00_0.60_s0.02,0.0200,2.2033,0.2345,5.6700,0.1019,0.1778,0.6552,0.0550,0.0153,-0.0397,40709
29,8,square_waypoints,0.01,0.003,0.0,0.12,right_gain_loss,constrained_fisher,g1.00_0.60_s0.02,0.0200,1.0846,0.6954,6.4800,0.0256,0.0890,0.3788,0.0149,0.0511,0.0363,40710
29,8,square_waypoints,0.01,0.003,0.0,0.12,symmetric_low_power,null_probe,g0.60_0.75_s0.10,0.2300,2.4756,0.1489,4.2850,0.0246,0.0755,0.3296,0.0178,0.0359,0.0181,40711
29,8,square_waypoints,0.01,0.003,0.0,0.12,symmetric_low_power,unpaired_null,g0.75_0.75_s0.02,0.0600,2.6805,0.1609,4.2850,0.0304,0.2109,0.8597,0.0584,0.0424,-0.0159,40712
29,8,square_waypoints,0.01,0.003,0.0,0.12,symmetric_low_power,random_probe,g0.60_0.75_s0.02,0.1500,3.1011,0.1013,1.9718,0.1074,0.1275,0.7378,0.0266,0.0546,0.0280,40713
29,8,square_waypoints,0.01,0.003,0.0,0.12,symmetric_low_power,task_greedy,g0.75_0.75_s0.20,0.2400,2.9213,0.1239,3.9205,0.4061,0.4025,1.8268,0.0477,0.0300,-0.0177,40714
29,8,square_waypoints,0.01,0.003,0.0,0.12,symmetric_low_power,fisher_grid,g0.75_0.75_s0.10,0.1400,2.0578,0.3250,5.6700,0.0832,0.1246,0.4640,0.0130,0.0727,0.0597,40715
29,8,square_waypoints,0.01,0.003,0.0,0.12,symmetric_low_power,constrained_fisher,g0.60_0.90_s0.02,0.3000,1.6711,0.3720,6.4800,0.0166,0.0693,0.2811,0.0457,0.0393,-0.0064,40716
29,8,square_waypoints,0.01,0.003,0.0,0.12,high_slip,null_probe,g1.00_1.00_s0.20,0.0000,1.1051,0.6450,4.2850,0.0618,0.1252,0.6551,0.1385,0.1385,0.0000,40717
29,8,square_waypoints,0.01,0.003,0.0,0.12,high_slip,unpaired_null,g1.00_1.00_s0.20,0.0000,1.8787,0.3199,4.2850,0.0907,0.2752,1.2296,0.0983,0.0983,0.0000,40718
29,8,square_waypoints,0.01,0.003,0.0,0.12,high_slip,random_probe,g0.90_1.00_s0.20,0.1000,2.4898,0.1967,2.2418,0.1660,0.2113,1.1184,0.0578,0.0634,0.0057,40719
29,8,square_waypoints,0.01,0.003,0.0,0.12,high_slip,task_greedy,g0.90_0.90_s0.02,0.3800,2.9292,0.1161,3.9205,0.5649,0.5549,2.4965,0.0577,0.1102,0.0525,40720
29,8,square_waypoints,0.01,0.003,0.0,0.12,high_slip,fisher_grid,g1.00_1.00_s0.10,0.1000,1.2029,0.5429,5.6700,0.2121,0.1920,0.7596,0.2056,0.2056,0.0000,40721
29,8,square_waypoints,0.01,0.003,0.0,0.12,high_slip,constrained_fisher,g0.90_1.00_s0.20,0.1000,1.9084,0.2617,4.6575,0.1389,0.1522,0.9318,0.1742,0.1873,0.0131,40722
30,8,square_waypoints,0.01,0.003,0.0,0.12,left_gain_loss,null_probe,g0.60_1.00_s0.02,0.0200,2.0227,0.3277,4.2850,0.0220,0.0820,0.3406,0.0739,0.0923,0.0183,41723
30,8,square_waypoints,0.01,0.003,0.0,0.12,left_gain_loss,unpaired_null,g0.60_1.00_s0.02,0.0200,2.0049,0.3046,4.2850,0.0694,0.1822,0.8964,0.0239,0.0141,-0.0098,41724
30,8,square_waypoints,0.01,0.003,0.0,0.12,left_gain_loss,random_probe,g0.60_1.00_s0.02,0.0200,2.3292,0.2290,2.7477,0.1894,0.2116,0.8706,0.0646,0.0258,-0.0388,41725
30,8,square_waypoints,0.01,0.003,0.0,0.12,left_gain_loss,task_greedy,g0.60_1.00_s0.02,0.0200,2.2616,0.1541,4.0948,0.4566,0.4457,2.0746,0.0509,0.0080,-0.0429,41726
30,8,square_waypoints,0.01,0.003,0.0,0.12,left_gain_loss,fisher_grid,g0.60_1.00_s0.02,0.0200,1.6019,0.4168,5.6700,0.0792,0.1074,0.5960,0.0113,0.1600,0.1487,41727
30,8,square_waypoints,0.01,0.003,0.0,0.12,left_gain_loss,constrained_fisher,g0.60_1.00_s0.02,0.0200,1.0777,0.6771,6.4800,0.0414,0.0925,0.3909,0.0503,0.0110,-0.0393,41728
30,8,square_waypoints,0.01,0.003,0.0,0.12,right_gain_loss,null_probe,g1.00_0.60_s0.02,0.0200,1.9009,0.2930,4.2850,0.0269,0.0892,0.3496,0.0284,0.0059,-0.0224,41729
30,8,square_waypoints,0.01,0.003,0.0,0.12,right_gain_loss,unpaired_null,g1.00_0.60_s0.02,0.0200,2.0425,0.2806,4.2850,0.0387,0.2880,1.1812,0.0311,0.1198,0.0887,41730
30,8,square_waypoints,0.01,0.003,0.0,0.12,right_gain_loss,random_probe,g1.00_0.60_s0.02,0.0200,2.0924,0.3418,2.3398,0.0934,0.1088,0.6136,0.0115,0.0455,0.0340,41731
30,8,square_waypoints,0.01,0.003,0.0,0.12,right_gain_loss,task_greedy,g1.00_0.60_s0.02,0.0200,2.0176,0.1793,4.1008,0.4503,0.4404,2.0542,0.0221,0.1600,0.1379,41732
30,8,square_waypoints,0.01,0.003,0.0,0.12,right_gain_loss,fisher_grid,g1.00_0.60_s0.02,0.0200,1.3950,0.5341,5.6700,0.1004,0.1799,0.6795,0.0856,0.0201,-0.0655,41733
30,8,square_waypoints,0.01,0.003,0.0,0.12,right_gain_loss,constrained_fisher,g1.00_0.60_s0.02,0.0200,0.7334,0.8010,6.4800,0.0302,0.0968,0.4367,0.0261,0.0365,0.0104,41734
30,8,square_waypoints,0.01,0.003,0.0,0.12,symmetric_low_power,null_probe,g0.75_0.75_s0.02,0.0600,2.4611,0.2968,4.2850,0.0208,0.0603,0.2578,0.0484,0.0550,0.0066,41735
30,8,square_waypoints,0.01,0.003,0.0,0.12,symmetric_low_power,unpaired_null,g0.75_0.75_s0.02,0.0600,2.6372,0.2328,4.2850,0.0364,0.2052,0.8466,0.0434,0.0483,0.0049,41736
30,8,square_waypoints,0.01,0.003,0.0,0.12,symmetric_low_power,random_probe,g0.60_0.75_s0.10,0.2300,2.9272,0.0962,2.1982,0.0786,0.1047,0.5646,0.0378,0.0676,0.0297,41737
30,8,square_waypoints,0.01,0.003,0.0,0.12,symmetric_low_power,task_greedy,g0.75_0.75_s0.02,0.0600,2.7128,0.1353,3.9202,0.4086,0.4045,1.8237,0.0418,0.0665,0.0246,41738
30,8,square_waypoints,0.01,0.003,0.0,0.12,symmetric_low_power,fisher_grid,g0.60_0.75_s0.10,0.2300,2.3313,0.1983,5.6700,0.0996,0.1233,0.5020,0.0193,0.0677,0.0484,41739
30,8,square_waypoints,0.01,0.003,0.0,0.12,symmetric_low_power,constrained_fisher,g0.75_0.75_s0.02,0.0600,1.8061,0.3282,6.4800,0.0136,0.0687,0.2961,0.0301,0.0549,0.0248,41740
30,8,square_waypoints,0.01,0.003,0.0,0.12,high_slip,null_probe,g1.00_1.00_s0.20,0.0000,1.7456,0.3922,4.2850,0.1219,0.1569,0.8041,0.1334,0.1334,0.0000,41741
30,8,square_waypoints,0.01,0.003,0.0,0.12,high_slip,unpaired_null,g0.90_1.00_s0.20,0.1000,2.1146,0.3209,4.2850,0.0311,0.2959,1.2582,0.1165,0.1472,0.0307,41742
30,8,square_waypoints,0.01,0.003,0.0,0.12,high_slip,random_probe,g1.00_0.90_s0.20,0.1000,2.5340,0.2102,2.0227,0.1204,0.1547,0.6471,0.0370,0.2054,0.1683,41743
30,8,square_waypoints,0.01,0.003,0.0,0.12,high_slip,task_greedy,g1.00_1.00_s0.02,0.1800,1.9863,0.2350,3.9203,0.5925,0.5730,2.5628,0.0382,0.0382,0.0000,41744
30,8,square_waypoints,0.01,0.003,0.0,0.12,high_slip,fisher_grid,g1.00_1.00_s0.10,0.1000,2.1396,0.1823,5.6700,0.1776,0.1763,0.8165,0.2087,0.2087,0.0000,41745
30,8,square_waypoints,0.01,0.003,0.0,0.12,high_slip,constrained_fisher,g1.00_0.90_s0.20,0.1000,1.3128,0.3907,4.0500,0.1390,0.1824,0.9794,0.1773,0.1482,-0.0291,41746
31,8,square_waypoints,0.01,0.003,0.0,0.12,left_gain_loss,null_probe,g0.60_1.00_s0.02,0.0200,1.8149,0.3330,4.2850,0.0354,0.0971,0.3814,0.0355,0.0450,0.0095,42747
31,8,square_waypoints,0.01,0.003,0.0,0.12,left_gain_loss,unpaired_null,g0.60_1.00_s0.10,0.1000,2.2681,0.1846,4.2850,0.0305,0.1789,0.8813,0.0221,0.1026,0.0804,42748
31,8,square_waypoints,0.01,0.003,0.0,0.12,left_gain_loss,random_probe,g0.60_1.00_s0.02,0.0200,2.4254,0.2183,2.6184,0.2730,0.2628,1.3008,0.0187,0.0318,0.0131,42749
31,8,square_waypoints,0.01,0.003,0.0,0.12,left_gain_loss,task_greedy,g0.60_1.00_s0.02,0.0200,2.3556,0.1643,4.0943,0.4444,0.4483,2.1215,0.0212,0.0667,0.0455,42750
31,8,square_waypoints,0.01,0.003,0.0,0.12,left_gain_loss,fisher_grid,g0.60_1.00_s0.10,0.1000,1.7693,0.2963,5.6700,0.1125,0.1124,0.6538,0.0269,0.1324,0.1055,42751
31,8,square_waypoints,0.01,0.003,0.0,0.12,left_gain_loss,constrained_fisher,g0.60_1.00_s0.02,0.0200,1.7749,0.3348,6.4800,0.0548,0.0930,0.4653,0.0311,0.0996,0.0685,42752
31,8,square_waypoints,0.01,0.003,0.0,0.12,right_gain_loss,null_probe,g1.00_0.60_s0.10,0.1000,2.0346,0.2630,4.2850,0.0261,0.0786,0.3089,0.0319,0.1452,0.1133,42753
31,8,square_waypoints,0.01,0.003,0.0,0.12,right_gain_loss,unpaired_null,g0.90_0.60_s0.02,0.1200,2.2181,0.2605,4.2850,0.0461,0.2778,1.1373,0.0121,0.0086,-0.0034,42754
31,8,square_waypoints,0.01,0.003,0.0,0.12,right_gain_loss,random_probe,g1.00_0.60_s0.02,0.0200,2.1811,0.2633,2.3143,0.2384,0.1961,0.7342,0.0411,0.0263,-0.0149,42755
31,8,square_waypoints,0.01,0.003,0.0,0.12,right_gain_loss,task_greedy,g0.90_0.60_s0.02,0.1200,2.3701,0.1567,4.0910,0.4247,0.4404,2.0630,0.0297,0.0835,0.0537,42756
31,8,square_waypoints,0.01,0.003,0.0,0.12,right_gain_loss,fisher_grid,g0.90_0.60_s0.10,0.2000,2.2162,0.2107,5.6700,0.0851,0.1719,0.6003,0.0833,0.0978,0.0145,42757
31,8,square_waypoints,0.01,0.003,0.0,0.12,right_gain_loss,constrained_fisher,g1.00_0.60_s0.02,0.0200,1.6283,0.4592,6.4800,0.0217,0.0921,0.3988,0.0557,0.0994,0.0438,42758
31,8,square_waypoints,0.01,0.003,0.0,0.12,symmetric_low_power,null_probe,g0.60_0.60_s0.10,0.3200,2.4946,0.1395,4.2850,0.0366,0.0645,0.2822,0.0092,0.0554,0.0462,42759
31,8,square_waypoints,0.01,0.003,0.0,0.12,symmetric_low_power,unpaired_null,g0.75_0.75_s0.02,0.0600,2.5211,0.2068,4.2850,0.0174,0.1978,0.7947,0.0274,0.0689,0.0415,42760
31,8,square_waypoints,0.01,0.003,0.0,0.12,symmetric_low_power,random_probe,g0.60_0.75_s0.02,0.1500,2.7038,0.1732,2.9175,0.1172,0.1802,1.0641,0.0123,0.1016,0.0892,42761
31,8,square_waypoints,0.01,0.003,0.0,0.12,symmetric_low_power,task_greedy,g0.75_0.75_s0.20,0.2400,2.8706,0.1526,3.9201,0.3971,0.4032,1.8269,0.0438,0.0531,0.0093,42762
31,8,square_waypoints,0.01,0.003,0.0,0.12,symmetric_low_power,fisher_grid,g0.75_0.75_s0.02,0.0600,2.0751,0.3529,5.6700,0.0722,0.1308,0.4845,0.0315,0.0589,0.0275,42763
31,8,square_waypoints,0.01,0.003,0.0,0.12,symmetric_low_power,constrained_fisher,g0.75_0.75_s0.10,0.1400,2.0349,0.2846,6.4800,0.0325,0.0674,0.2956,0.0537,0.0582,0.0045,42764
31,8,square_waypoints,0.01,0.003,0.0,0.12,high_slip,null_probe,g1.00_1.00_s0.02,0.1800,2.2642,0.2625,4.2850,0.0213,0.0900,0.3956,0.0592,0.0592,0.0000,42765
31,8,square_waypoints,0.01,0.003,0.0,0.12,high_slip,unpaired_null,g1.00_1.00_s0.20,0.0000,1.0880,0.6630,4.2850,0.0952,0.2977,1.4371,0.1424,0.1424,0.0000,42766
31,8,square_waypoints,0.01,0.003,0.0,0.12,high_slip,random_probe,g1.00_1.00_s0.20,0.0000,1.8181,0.3658,2.1440,0.2370,0.2521,1.3405,0.2342,0.2342,0.0000,42767
31,8,square_waypoints,0.01,0.003,0.0,0.12,high_slip,task_greedy,g0.90_1.00_s0.02,0.2800,2.7331,0.0886,3.9204,0.5742,0.5696,2.5571,0.0859,0.0650,-0.0209,42768
31,8,square_waypoints,0.01,0.003,0.0,0.12,high_slip,fisher_grid,g1.00_1.00_s0.10,0.1000,1.6944,0.3228,5.6700,0.1106,0.1851,0.6851,0.1208,0.1208,0.0000,42769
31,8,square_waypoints,0.01,0.003,0.0,0.12,high_slip,constrained_fisher,g1.00_1.00_s0.20,0.0000,1.6401,0.4470,6.4800,0.0880,0.1282,0.8712,0.1800,0.1800,0.0000,42770
32,8,square_waypoints,0.01,0.003,0.0,0.12,left_gain_loss,null_probe,g0.60_1.00_s0.02,0.0200,2.2907,0.1901,4.2850,0.0353,0.0836,0.3720,0.0896,0.0102,-0.0794,43771
32,8,square_waypoints,0.01,0.003,0.0,0.12,left_gain_loss,unpaired_null,g0.60_1.00_s0.02,0.0200,2.2207,0.2302,4.2850,0.0517,0.1795,0.8357,0.0603,0.0067,-0.0536,43772
32,8,square_waypoints,0.01,0.003,0.0,0.12,left_gain_loss,random_probe,g0.60_1.00_s0.02,0.0200,2.5874,0.2076,1.8961,0.0574,0.1598,0.6613,0.0570,0.0269,-0.0300,43773
32,8,square_waypoints,0.01,0.003,0.0,0.12,left_gain_loss,task_greedy,g0.60_0.90_s0.02,0.1200,2.0977,0.1622,4.1062,0.4530,0.4384,2.0679,0.0624,0.0176,-0.0448,43774
32,8,square_waypoints,0.01,0.003,0.0,0.12,left_gain_loss,fisher_grid,g0.60_1.00_s0.02,0.0200,1.6011,0.3699,5.6700,0.0915,0.1100,0.5833,0.0453,0.0279,-0.0174,43775
32,8,square_waypoints,0.01,0.003,0.0,0.12,left_gain_loss,constrained_fisher,g0.60_1.00_s0.02,0.0200,0.6449,0.8355,6.4800,0.0289,0.1077,0.5019,0.0113,0.0248,0.0135,43776
32,8,square_waypoints,0.01,0.003,0.0,0.12,right_gain_loss,null_probe,g1.00_0.60_s0.20,0.2000,1.9193,0.2690,4.2850,0.0358,0.0886,0.3382,0.0174,0.0088,-0.0086,43777
32,8,square_waypoints,0.01,0.003,0.0,0.12,right_gain_loss,unpaired_null,g1.00_0.60_s0.02,0.0200,2.3267,0.1918,4.2850,0.0017,0.2764,1.1242,0.0913,0.0428,-0.0485,43778
32,8,square_waypoints,0.01,0.003,0.0,0.12,right_gain_loss,random_probe,g1.00_0.60_s0.02,0.0200,2.2611,0.2741,2.0001,0.2456,0.2408,0.8848,0.0452,0.0620,0.0168,43779
32,8,square_waypoints,0.01,0.003,0.0,0.12,right_gain_loss,task_greedy,g0.90_0.60_s0.02,0.1200,2.2107,0.1646,4.0997,0.4401,0.4241,2.0052,0.0363,0.0336,-0.0026,43780
32,8,square_waypoints,0.01,0.003,0.0,0.12,right_gain_loss,fisher_grid,g1.00_0.60_s0.02,0.0200,1.6293,0.4535,5.6700,0.0932,0.1696,0.6155,0.0816,0.1176,0.0360,43781
32,8,square_waypoints,0.01,0.003,0.0,0.12,right_gain_loss,constrained_fisher,g0.90_0.75_s0.02,0.2300,1.7108,0.4506,6.4800,0.0379,0.1011,0.4457,0.0131,0.0181,0.0050,43782
32,8,square_waypoints,0.01,0.003,0.0,0.12,symmetric_low_power,null_probe,g0.75_0.75_s0.02,0.0600,2.4354,0.3032,4.2850,0.0184,0.0709,0.2885,0.0456,0.0893,0.0437,43783
32,8,square_waypoints,0.01,0.003,0.0,0.12,symmetric_low_power,unpaired_null,g0.60_0.60_s0.10,0.3200,2.2012,0.2355,4.2850,0.0153,0.2019,0.7905,0.0401,0.0414,0.0013,43784
32,8,square_waypoints,0.01,0.003,0.0,0.12,symmetric_low_power,random_probe,g0.75_0.60_s0.02,0.1500,3.0716,0.1020,2.5356,0.0887,0.1056,0.4573,0.0536,0.0620,0.0084,43785
32,8,square_waypoints,0.01,0.003,0.0,0.12,symmetric_low_power,task_greedy,g0.90_0.75_s0.20,0.3900,2.9862,0.0927,3.9206,0.4073,0.4020,1.7860,0.0171,0.0787,0.0615,43786
32,8,square_waypoints,0.01,0.003,0.0,0.12,symmetric_low_power,fisher_grid,g0.75_0.75_s0.02,0.0600,2.0597,0.2750,5.6700,0.0908,0.1130,0.4813,0.0322,0.0423,0.0101,43787
32,8,square_waypoints,0.01,0.003,0.0,0.12,symmetric_low_power,constrained_fisher,g0.75_0.60_s0.02,0.1500,1.6581,0.3820,6.4800,0.0075,0.0753,0.3232,0.0092,0.0684,0.0593,43788
32,8,square_waypoints,0.01,0.003,0.0,0.12,high_slip,null_probe,g1.00_1.00_s0.20,0.0000,1.1530,0.4623,4.2850,0.1124,0.1633,0.8373,0.1831,0.1831,0.0000,43789
32,8,square_waypoints,0.01,0.003,0.0,0.12,high_slip,unpaired_null,g1.00_1.00_s0.20,0.0000,2.0580,0.2621,4.2850,0.0197,0.2767,1.1275,0.0156,0.0156,0.0000,43790
32,8,square_waypoints,0.01,0.003,0.0,0.12,high_slip,random_probe,g0.90_0.90_s0.10,0.3000,3.4073,0.0759,1.5893,0.0519,0.1511,0.6954,0.2670,0.1957,-0.0713,43791
32,8,square_waypoints,0.01,0.003,0.0,0.12,high_slip,task_greedy,g1.00_1.00_s0.02,0.1800,2.4894,0.1436,3.9204,0.5631,0.5612,2.5414,0.0450,0.0450,0.0000,43792
32,8,square_waypoints,0.01,0.003,0.0,0.12,high_slip,fisher_grid,g1.00_1.00_s0.10,0.1000,1.6553,0.3147,5.6700,0.2262,0.2088,1.0010,0.1200,0.1200,0.0000,43793
32,8,square_waypoints,0.01,0.003,0.0,0.12,high_slip,constrained_fisher,g1.00_1.00_s0.20,0.0000,0.8718,0.6518,6.1763,0.0682,0.1774,0.7227,0.1327,0.1327,0.0000,43794
33,8,square_waypoints,0.01,0.003,0.0,0.12,left_gain_loss,null_probe,g0.60_1.00_s0.02,0.0200,1.8696,0.3525,4.2850,0.0219,0.0920,0.3710,0.0138,0.0215,0.0076,44795
33,8,square_waypoints,0.01,0.003,0.0,0.12,left_gain_loss,unpaired_null,g0.60_1.00_s0.02,0.0200,2.2635,0.2128,4.2850,0.0121,0.1743,0.7991,0.0422,0.0230,-0.0192,44796
33,8,square_waypoints,0.01,0.003,0.0,0.12,left_gain_loss,random_probe,g0.60_0.90_s0.20,0.3000,3.1939,0.0760,1.5178,0.2300,0.2045,0.8078,0.0702,0.0685,-0.0016,44797
33,8,square_waypoints,0.01,0.003,0.0,0.12,left_gain_loss,task_greedy,g0.60_1.00_s0.02,0.0200,2.4354,0.1392,4.0955,0.4447,0.4395,2.0583,0.0122,0.0278,0.0156,44798
33,8,square_waypoints,0.01,0.003,0.0,0.12,left_gain_loss,fisher_grid,g0.60_1.00_s0.02,0.0200,1.6120,0.4374,5.6700,0.0951,0.1117,0.5853,0.0566,0.1310,0.0744,44799
33,8,square_waypoints,0.01,0.003,0.0,0.12,left_gain_loss,constrained_fisher,g0.60_1.00_s0.02,0.0200,0.9301,0.7491,6.4800,0.0425,0.1070,0.4831,0.0130,0.1542,0.1412,44800
33,8,square_waypoints,0.01,0.003,0.0,0.12,right_gain_loss,null_probe,g1.00_0.60_s0.02,0.0200,1.7422,0.4117,4.2850,0.0513,0.0803,0.3519,0.0811,0.0318,-0.0493,44801
33,8,square_waypoints,0.01,0.003,0.0,0.12,right_gain_loss,unpaired_null,g1.00_0.75_s0.02,0.1300,2.2459,0.2588,4.2850,0.0468,0.2906,1.2113,0.0110,0.0104,-0.0006,44802
33,8,square_waypoints,0.01,0.003,0.0,0.12,right_gain_loss,random_probe,g1.00_0.60_s0.10,0.1000,2.4958,0.2176,2.6878,0.0632,0.1350,0.7767,0.0297,0.0498,0.0201,44803
33,8,square_waypoints,0.01,0.003,0.0,0.12,right_gain_loss,task_greedy,g1.00_0.60_s0.20,0.2000,2.0871,0.2074,4.0923,0.4550,0.4363,2.0225,0.0602,0.0193,-0.0409,44804
33,8,square_waypoints,0.01,0.003,0.0,0.12,right_gain_loss,fisher_grid,g1.00_0.60_s0.02,0.0200,1.7305,0.4465,5.6700,0.1130,0.1769,0.6347,0.0138,0.0110,-0.0028,44805
33,8,square_waypoints,0.01,0.003,0.0,0.12,right_gain_loss,constrained_fisher,g1.00_0.60_s0.02,0.0200,1.4687,0.4409,6.4800,0.0268,0.0855,0.3528,0.0216,0.1679,0.1462,44806
33,8,square_waypoints,0.01,0.003,0.0,0.12,symmetric_low_power,null_probe,g0.75_0.75_s0.02,0.0600,2.5205,0.2302,4.2850,0.0242,0.0636,0.2563,0.0659,0.0960,0.0301,44807
33,8,square_waypoints,0.01,0.003,0.0,0.12,symmetric_low_power,unpaired_null,g0.75_0.75_s0.02,0.0600,2.5098,0.2093,4.2850,0.0233,0.2136,0.8862,0.0579,0.0586,0.0006,44808
33,8,square_waypoints,0.01,0.003,0.0,0.12,symmetric_low_power,random_probe,g0.75_0.75_s0.02,0.0600,2.9673,0.1733,2.4764,0.0684,0.1372,0.6405,0.0412,0.0772,0.0360,44809
33,8,square_waypoints,0.01,0.003,0.0,0.12,symmetric_low_power,task_greedy,g0.75_0.75_s0.02,0.0600,2.7533,0.1605,3.9201,0.4171,0.4067,1.8343,0.0319,0.0917,0.0598,44810
33,8,square_waypoints,0.01,0.003,0.0,0.12,symmetric_low_power,fisher_grid,g0.75_0.75_s0.02,0.0600,1.9427,0.3941,5.6700,0.0610,0.1270,0.4792,0.0336,0.0682,0.0346,44811
33,8,square_waypoints,0.01,0.003,0.0,0.12,symmetric_low_power,constrained_fisher,g0.75_0.75_s0.02,0.0600,1.7353,0.4918,6.4800,0.0353,0.0681,0.2869,0.0560,0.0838,0.0278,44812
33,8,square_waypoints,0.01,0.003,0.0,0.12,high_slip,null_probe,g1.00_1.00_s0.10,0.1000,2.2519,0.2322,4.2850,0.0485,0.0900,0.4190,0.1192,0.1192,0.0000,44813
33,8,square_waypoints,0.01,0.003,0.0,0.12,high_slip,unpaired_null,g1.00_1.00_s0.10,0.1000,1.9253,0.3000,4.2850,0.0647,0.2712,1.1685,0.1925,0.1925,0.0000,44814
33,8,square_waypoints,0.01,0.003,0.0,0.12,high_slip,random_probe,g1.00_1.00_s0.20,0.0000,2.8057,0.1304,1.4918,0.0987,0.1723,0.8411,0.0981,0.0981,0.0000,44815
33,8,square_waypoints,0.01,0.003,0.0,0.12,high_slip,task_greedy,g1.00_1.00_s0.02,0.1800,2.0996,0.2187,3.9202,0.5394,0.5513,2.4868,0.0485,0.0485,0.0000,44816
33,8,square_waypoints,0.01,0.003,0.0,0.12,high_slip,fisher_grid,g1.00_1.00_s0.20,0.0000,1.1801,0.5297,5.6700,0.1702,0.1910,0.7720,0.1034,0.1034,0.0000,44817
33,8,square_waypoints,0.01,0.003,0.0,0.12,high_slip,constrained_fisher,g1.00_0.90_s0.20,0.1000,2.0326,0.2713,6.4800,0.1180,0.1248,0.7857,0.1581,0.1701,0.0119,44818
34,8,square_waypoints,0.01,0.003,0.0,0.12,left_gain_loss,null_probe,g0.60_1.00_s0.02,0.0200,1.8903,0.2917,4.2850,0.0300,0.0820,0.3324,0.0103,0.0268,0.0164,45819
34,8,square_waypoints,0.01,0.003,0.0,0.12,left_gain_loss,unpaired_null,g0.60_1.00_s0.02,0.0200,1.4741,0.5226,4.2850,0.0328,0.1772,0.8301,0.0832,0.0637,-0.0194,45820
34,8,square_waypoints,0.01,0.003,0.0,0.12,left_gain_loss,random_probe,g0.60_1.00_s0.02,0.0200,1.8574,0.3899,1.8990,0.1317,0.1936,1.2635,0.0452,0.0298,-0.0154,45821
34,8,square_waypoints,0.01,0.003,0.0,0.12,left_gain_loss,task_greedy,g0.60_1.00_s0.02,0.0200,2.0959,0.2154,4.1021,0.4612,0.4651,2.1607,0.0175,0.0687,0.0512,45822
34,8,square_waypoints,0.01,0.003,0.0,0.12,left_gain_loss,fisher_grid,g0.60_0.90_s0.02,0.1200,2.2645,0.2200,5.6700,0.1250,0.1063,0.5997,0.0550,0.0253,-0.0297,45823
34,8,square_waypoints,0.01,0.003,0.0,0.12,left_gain_loss,constrained_fisher,g0.60_1.00_s0.02,0.0200,1.0831,0.6323,6.4800,0.0199,0.1089,0.4838,0.0171,0.0994,0.0823,45824
34,8,square_waypoints,0.01,0.003,0.0,0.12,right_gain_loss,null_probe,g1.00_0.60_s0.10,0.1000,2.0494,0.2636,4.2850,0.0405,0.0952,0.3845,0.0215,0.1465,0.1250,45825
34,8,square_waypoints,0.01,0.003,0.0,0.12,right_gain_loss,unpaired_null,g1.00_0.60_s0.02,0.0200,2.1076,0.2751,4.2850,0.0044,0.2810,1.1678,0.0193,0.0311,0.0117,45826
34,8,square_waypoints,0.01,0.003,0.0,0.12,right_gain_loss,random_probe,g0.90_0.75_s0.02,0.2300,2.5958,0.2067,2.8377,0.0397,0.0947,0.4387,0.0856,0.0276,-0.0581,45827
34,8,square_waypoints,0.01,0.003,0.0,0.12,right_gain_loss,task_greedy,g1.00_0.60_s0.02,0.0200,2.0076,0.2000,4.0963,0.4355,0.4388,2.0338,0.0906,0.0116,-0.0790,45828
34,8,square_waypoints,0.01,0.003,0.0,0.12,right_gain_loss,fisher_grid,g1.00_0.60_s0.10,0.1000,1.6028,0.4086,5.6700,0.1273,0.1864,0.7118,0.0152,0.0196,0.0044,45829
34,8,square_waypoints,0.01,0.003,0.0,0.12,right_gain_loss,constrained_fisher,g1.00_0.60_s0.02,0.0200,1.8388,0.2995,6.4800,0.0306,0.0974,0.4348,0.0255,0.0024,-0.0232,45830
34,8,square_waypoints,0.01,0.003,0.0,0.12,symmetric_low_power,null_probe,g0.75_0.75_s0.10,0.1400,2.7970,0.1435,4.2850,0.0206,0.0743,0.2966,0.0536,0.0880,0.0344,45831
34,8,square_waypoints,0.01,0.003,0.0,0.12,symmetric_low_power,unpaired_null,g0.75_0.75_s0.10,0.1400,2.6122,0.1793,4.2850,0.0147,0.1927,0.7809,0.0244,0.0382,0.0139,45832
34,8,square_waypoints,0.01,0.003,0.0,0.12,symmetric_low_power,random_probe,g0.75_0.75_s0.02,0.0600,2.8138,0.1579,2.5812,0.1760,0.1584,0.9119,0.0201,0.0757,0.0556,45833
34,8,square_waypoints,0.01,0.003,0.0,0.12,symmetric_low_power,task_greedy,g0.75_0.75_s0.20,0.2400,2.7311,0.1514,3.9205,0.4081,0.3832,1.7422,0.0742,0.0618,-0.0124,45834
34,8,square_waypoints,0.01,0.003,0.0,0.12,symmetric_low_power,fisher_grid,g0.75_0.75_s0.02,0.0600,1.9637,0.4151,5.6700,0.0677,0.1274,0.4597,0.0399,0.0587,0.0188,45835
34,8,square_waypoints,0.01,0.003,0.0,0.12,symmetric_low_power,constrained_fisher,g0.60_0.75_s0.02,0.1500,1.6052,0.3821,6.4800,0.0426,0.0822,0.3697,0.0315,0.0324,0.0009,45836
34,8,square_waypoints,0.01,0.003,0.0,0.12,high_slip,null_probe,g1.00_1.00_s0.20,0.0000,1.5267,0.3305,4.2850,0.0307,0.1219,0.4378,0.2541,0.2541,0.0000,45837
34,8,square_waypoints,0.01,0.003,0.0,0.12,high_slip,unpaired_null,g1.00_1.00_s0.20,0.0000,2.3308,0.1889,4.2850,0.0355,0.2661,1.0669,0.1420,0.1420,0.0000,45838
34,8,square_waypoints,0.01,0.003,0.0,0.12,high_slip,random_probe,g1.00_1.00_s0.20,0.0000,1.7777,0.3692,2.6855,0.1298,0.2859,1.3045,0.1846,0.1846,0.0000,45839
34,8,square_waypoints,0.01,0.003,0.0,0.12,high_slip,task_greedy,g1.00_1.00_s0.20,0.0000,2.6851,0.0988,3.9205,0.5723,0.5553,2.4832,0.1229,0.1229,0.0000,45840
34,8,square_waypoints,0.01,0.003,0.0,0.12,high_slip,fisher_grid,g0.90_1.00_s0.10,0.2000,2.3445,0.2175,5.6700,0.1953,0.1782,0.7594,0.0502,0.0448,-0.0054,45841
34,8,square_waypoints,0.01,0.003,0.0,0.12,high_slip,constrained_fisher,g1.00_1.00_s0.20,0.0000,1.1655,0.5086,4.8600,0.1375,0.1588,0.8405,0.1039,0.1039,0.0000,45842
35,8,square_waypoints,0.01,0.003,0.0,0.12,left_gain_loss,null_probe,g0.60_1.00_s0.02,0.0200,1.8043,0.3295,4.2850,0.0473,0.0932,0.3779,0.0435,0.0109,-0.0326,46843
35,8,square_waypoints,0.01,0.003,0.0,0.12,left_gain_loss,unpaired_null,g0.60_1.00_s0.02,0.0200,2.0485,0.3102,4.2850,0.0283,0.1740,0.7921,0.0233,0.0623,0.0390,46844
35,8,square_waypoints,0.01,0.003,0.0,0.12,left_gain_loss,random_probe,g0.60_1.00_s0.02,0.0200,2.4391,0.1775,2.2800,0.2006,0.2175,1.1504,0.0546,0.0311,-0.0236,46845
35,8,square_waypoints,0.01,0.003,0.0,0.12,left_gain_loss,task_greedy,g0.60_1.00_s0.02,0.0200,2.0561,0.1998,4.0840,0.4430,0.4562,2.1490,0.0391,0.0279,-0.0112,46846
35,8,square_waypoints,0.01,0.003,0.0,0.12,left_gain_loss,fisher_grid,g0.60_1.00_s0.02,0.0200,1.4035,0.4459,5.6700,0.0865,0.1141,0.6175,0.0790,0.1172,0.0382,46847
35,8,square_waypoints,0.01,0.003,0.0,0.12,left_gain_loss,constrained_fisher,g0.60_1.00_s0.02,0.0200,1.7223,0.4071,6.4800,0.0527,0.1101,0.4704,0.0304,0.0273,-0.0031,46848
35,8,square_waypoints,0.01,0.003,0.0,0.12,right_gain_loss,null_probe,g1.00_0.60_s0.10,0.1000,2.0903,0.2612,4.2850,0.0398,0.0781,0.3438,0.0050,0.0177,0.0127,46849
35,8,square_waypoints,0.01,0.003,0.0,0.12,right_gain_loss,unpaired_null,g1.00_0.60_s0.02,0.0200,2.0579,0.2113,4.2850,0.0363,0.2803,1.1424,0.0317,0.0811,0.0495,46850
35,8,square_waypoints,0.01,0.003,0.0,0.12,right_gain_loss,random_probe,g1.00_0.60_s0.02,0.0200,1.9777,0.3443,2.5557,0.0511,0.0939,0.4710,0.0554,0.0188,-0.0365,46851
35,8,square_waypoints,0.01,0.003,0.0,0.12,right_gain_loss,task_greedy,g1.00_0.60_s0.20,0.2000,2.2347,0.2014,4.1031,0.4414,0.4337,2.0168,0.0678,0.0226,-0.0453,46852
35,8,square_waypoints,0.01,0.003,0.0,0.12,right_gain_loss,fisher_grid,g1.00_0.60_s0.02,0.0200,2.0399,0.3023,5.6700,0.1041,0.1721,0.6609,0.0363,0.1342,0.0978,46853
35,8,square_waypoints,0.01,0.003,0.0,0.12,right_gain_loss,constrained_fisher,g1.00_0.60_s0.02,0.0200,1.7314,0.4140,6.4800,0.0223,0.0857,0.3963,0.0245,0.0509,0.0263,46854
35,8,square_waypoints,0.01,0.003,0.0,0.12,symmetric_low_power,null_probe,g0.75_0.75_s0.10,0.1400,2.5554,0.2552,4.2850,0.0112,0.0695,0.2928,0.0294,0.0684,0.0390,46855
35,8,square_waypoints,0.01,0.003,0.0,0.12,symmetric_low_power,unpaired_null,g0.75_0.75_s0.02,0.0600,2.5608,0.1787,4.2850,0.0175,0.2026,0.8234,0.0147,0.0500,0.0352,46856
35,8,square_waypoints,0.01,0.003,0.0,0.12,symmetric_low_power,random_probe,g0.75_0.75_s0.02,0.0600,2.9918,0.1863,2.5812,0.0388,0.1526,0.6535,0.0368,0.0325,-0.0043,46857
35,8,square_waypoints,0.01,0.003,0.0,0.12,symmetric_low_power,task_greedy,g0.75_0.75_s0.02,0.0600,2.7118,0.1382,3.9201,0.3991,0.4082,1.8386,0.0579,0.0597,0.0018,46858
35,8,square_waypoints,0.01,0.003,0.0,0.12,symmetric_low_power,fisher_grid,g0.60_0.75_s0.02,0.1500,1.9158,0.3915,5.6700,0.0869,0.1211,0.4581,0.0219,0.0406,0.0186,46859
35,8,square_waypoints,0.01,0.003,0.0,0.12,symmetric_low_power,constrained_fisher,g0.75_0.75_s0.02,0.0600,1.6022,0.4474,6.4800,0.0278,0.0725,0.3050,0.0552,0.0944,0.0392,46860
35,8,square_waypoints,0.01,0.003,0.0,0.12,high_slip,null_probe,g1.00_1.00_s0.20,0.0000,2.0825,0.2139,4.2850,0.0219,0.1026,0.4442,0.0740,0.0740,0.0000,46861
35,8,square_waypoints,0.01,0.003,0.0,0.12,high_slip,unpaired_null,g1.00_0.90_s0.20,0.1000,2.0827,0.2509,4.2850,0.0366,0.2691,1.1084,0.1097,0.1025,-0.0073,46862
35,8,square_waypoints,0.01,0.003,0.0,0.12,high_slip,random_probe,g1.00_1.00_s0.20,0.0000,2.7089,0.1464,1.8306,0.0791,0.1260,0.6341,0.1342,0.1342,0.0000,46863
35,8,square_waypoints,0.01,0.003,0.0,0.12,high_slip,task_greedy,g1.00_1.00_s0.02,0.1800,2.3488,0.1681,3.9204,0.5591,0.5552,2.5093,0.0570,0.0570,0.0000,46864
35,8,square_waypoints,0.01,0.003,0.0,0.12,high_slip,fisher_grid,g1.00_1.00_s0.20,0.0000,0.8914,0.7470,5.6700,0.2587,0.2698,1.2808,0.0981,0.0981,0.0000,46865
35,8,square_waypoints,0.01,0.003,0.0,0.12,high_slip,constrained_fisher,g1.00_1.00_s0.20,0.0000,1.8640,0.2950,6.4800,0.0914,0.1377,0.8425,0.0754,0.0754,0.0000,46866
36,8,square_waypoints,0.01,0.003,0.0,0.12,left_gain_loss,null_probe,g0.60_0.90_s0.10,0.2000,2.3412,0.1723,4.2850,0.0164,0.0856,0.3412,0.0340,0.1588,0.1248,47867
36,8,square_waypoints,0.01,0.003,0.0,0.12,left_gain_loss,unpaired_null,g0.60_0.90_s0.20,0.3000,2.4481,0.1972,4.2850,0.0251,0.1847,0.8297,0.0745,0.1114,0.0368,47868
36,8,square_waypoints,0.01,0.003,0.0,0.12,left_gain_loss,random_probe,g0.60_1.00_s0.02,0.0200,2.7451,0.1690,1.2934,0.1822,0.2041,1.2002,0.0749,0.0445,-0.0304,47869
36,8,square_waypoints,0.01,0.003,0.0,0.12,left_gain_loss,task_greedy,g0.60_1.00_s0.20,0.2000,2.2212,0.1927,4.1006,0.4485,0.4507,2.0809,0.0120,0.0255,0.0135,47870
36,8,square_waypoints,0.01,0.003,0.0,0.12,left_gain_loss,fisher_grid,g0.60_1.00_s0.02,0.0200,2.0618,0.2805,5.6700,0.0887,0.1085,0.5754,0.0223,0.1721,0.1498,47871
36,8,square_waypoints,0.01,0.003,0.0,0.12,left_gain_loss,constrained_fisher,g0.60_1.00_s0.02,0.0200,1.7914,0.4119,6.4800,0.0248,0.0939,0.4180,0.0331,0.0191,-0.0140,47872
36,8,square_waypoints,0.01,0.003,0.0,0.12,right_gain_loss,null_probe,g1.00_0.60_s0.02,0.0200,2.2392,0.2051,4.2850,0.0351,0.0802,0.3784,0.0371,0.0301,-0.0069,47873
36,8,square_waypoints,0.01,0.003,0.0,0.12,right_gain_loss,unpaired_null,g1.00_0.60_s0.02,0.0200,1.7843,0.3774,4.2850,0.0426,0.2794,1.1223,0.0813,0.0149,-0.0664,47874
36,8,square_waypoints,0.01,0.003,0.0,0.12,right_gain_loss,random_probe,g0.90_0.60_s0.02,0.1200,3.1069,0.1005,1.8805,0.2268,0.2066,1.0864,0.0942,0.1587,0.0645,47875
36,8,square_waypoints,0.01,0.003,0.0,0.12,right_gain_loss,task_greedy,g0.90_0.60_s0.02,0.1200,2.2115,0.1613,4.1079,0.4258,0.4425,2.0918,0.0781,0.0627,-0.0153,47876
36,8,square_waypoints,0.01,0.003,0.0,0.12,right_gain_loss,fisher_grid,g1.00_0.60_s0.02,0.0200,1.3449,0.5725,5.6700,0.0991,0.1796,0.6214,0.0391,0.1701,0.1311,47877
36,8,square_waypoints,0.01,0.003,0.0,0.12,right_gain_loss,constrained_fisher,g1.00_0.60_s0.02,0.0200,1.1512,0.6720,6.4800,0.0193,0.1022,0.4077,0.0594,0.1219,0.0626,47878
36,8,square_waypoints,0.01,0.003,0.0,0.12,symmetric_low_power,null_probe,g0.75_0.75_s0.02,0.0600,2.7467,0.1932,4.2850,0.0150,0.0675,0.2634,0.0435,0.0436,0.0000,47879
36,8,square_waypoints,0.01,0.003,0.0,0.12,symmetric_low_power,unpaired_null,g0.75_0.75_s0.02,0.0600,2.5919,0.1880,4.2850,0.0188,0.2077,0.8849,0.0508,0.0886,0.0378,47880
36,8,square_waypoints,0.01,0.003,0.0,0.12,symmetric_low_power,random_probe,g0.75_0.75_s0.02,0.0600,3.0914,0.1556,2.2495,0.1194,0.1141,0.4281,0.0248,0.0376,0.0129,47881
36,8,square_waypoints,0.01,0.003,0.0,0.12,symmetric_low_power,task_greedy,g0.75_0.75_s0.02,0.0600,2.7044,0.1331,3.9205,0.4114,0.4102,1.8126,0.0599,0.0905,0.0307,47882
36,8,square_waypoints,0.01,0.003,0.0,0.12,symmetric_low_power,fisher_grid,g0.75_0.75_s0.02,0.0600,1.9947,0.2961,5.6700,0.0880,0.1275,0.4793,0.0565,0.0701,0.0136,47883
36,8,square_waypoints,0.01,0.003,0.0,0.12,symmetric_low_power,constrained_fisher,g0.60_0.75_s0.02,0.1500,1.2939,0.5460,6.4800,0.0209,0.0773,0.3318,0.0125,0.0762,0.0637,47884
36,8,square_waypoints,0.01,0.003,0.0,0.12,high_slip,null_probe,g1.00_1.00_s0.20,0.0000,1.6430,0.3481,4.2850,0.0832,0.1010,0.5324,0.1061,0.1061,0.0000,47885
36,8,square_waypoints,0.01,0.003,0.0,0.12,high_slip,unpaired_null,g1.00_0.90_s0.02,0.2800,2.3202,0.1836,4.2850,0.0290,0.2877,1.1913,0.1939,0.1727,-0.0213,47886
36,8,square_waypoints,0.01,0.003,0.0,0.12,high_slip,random_probe,g0.90_1.00_s0.20,0.1000,1.7122,0.2884,2.5442,0.2672,0.2385,1.0313,0.2627,0.1455,-0.1173,47887
36,8,square_waypoints,0.01,0.003,0.0,0.12,high_slip,task_greedy,g1.00_1.00_s0.02,0.1800,2.1331,0.2072,3.9201,0.5553,0.5538,2.5005,0.1465,0.1465,0.0000,47888
36,8,square_waypoints,0.01,0.003,0.0,0.12,high_slip,fisher_grid,g1.00_1.00_s0.20,0.0000,1.8681,0.3103,5.6700,0.0876,0.1767,0.6953,0.0838,0.0838,0.0000,47889
36,8,square_waypoints,0.01,0.003,0.0,0.12,high_slip,constrained_fisher,g1.00_1.00_s0.10,0.1000,1.4566,0.4543,5.0625,0.1136,0.1531,0.8230,0.1411,0.1411,0.0000,47890
37,8,square_waypoints,0.01,0.003,0.0,0.12,left_gain_loss,null_probe,g0.60_1.00_s0.02,0.0200,1.9850,0.3024,4.2850,0.0457,0.0939,0.4035,0.0105,0.0209,0.0104,48891
37,8,square_waypoints,0.01,0.003,0.0,0.12,left_gain_loss,unpaired_null,g0.60_1.00_s0.02,0.0200,1.9004,0.3058,4.2850,0.0403,0.1712,0.8065,0.0562,0.0264,-0.0298,48892
37,8,square_waypoints,0.01,0.003,0.0,0.12,left_gain_loss,random_probe,g0.75_1.00_s0.02,0.1300,2.6368,0.1945,2.0092,0.1060,0.0981,0.4059,0.0694,0.1280,0.0586,48893
37,8,square_waypoints,0.01,0.003,0.0,0.12,left_gain_loss,task_greedy,g0.60_0.90_s0.02,0.1200,2.2338,0.1685,4.1034,0.4147,0.4416,2.0674,0.0760,0.0239,-0.0521,48894
37,8,square_waypoints,0.01,0.003,0.0,0.12,left_gain_loss,fisher_grid,g0.60_1.00_s0.02,0.0200,1.8746,0.3671,5.6700,0.1067,0.1195,0.5817,0.0560,0.1502,0.0942,48895
37,8,square_waypoints,0.01,0.003,0.0,0.12,left_gain_loss,constrained_fisher,g0.60_1.00_s0.02,0.0200,0.7625,0.8077,6.4800,0.0339,0.1012,0.4306,0.0519,0.1636,0.1117,48896
37,8,square_waypoints,0.01,0.003,0.0,0.12,right_gain_loss,null_probe,g1.00_0.75_s0.02,0.1300,1.7545,0.4341,4.2850,0.0391,0.0902,0.3487,0.0069,0.0307,0.0238,48897
37,8,square_waypoints,0.01,0.003,0.0,0.12,right_gain_loss,unpaired_null,g1.00_0.60_s0.02,0.0200,2.0010,0.3077,4.2850,0.0332,0.2861,1.1929,0.0899,0.0234,-0.0664,48898
37,8,square_waypoints,0.01,0.003,0.0,0.12,right_gain_loss,random_probe,g1.00_0.75_s0.02,0.1300,2.2270,0.2638,2.4728,0.0664,0.1167,0.5380,0.0162,0.1321,0.1159,48899
37,8,square_waypoints,0.01,0.003,0.0,0.12,right_gain_loss,task_greedy,g1.00_0.60_s0.02,0.0200,2.1586,0.1843,4.1003,0.4448,0.4417,2.0827,0.0354,0.0101,-0.0253,48900
37,8,square_waypoints,0.01,0.003,0.0,0.12,right_gain_loss,fisher_grid,g1.00_0.60_s0.02,0.0200,1.5192,0.4625,5.6700,0.1120,0.1771,0.7042,0.0707,0.0389,-0.0319,48901
37,8,square_waypoints,0.01,0.003,0.0,0.12,right_gain_loss,constrained_fisher,g1.00_0.60_s0.02,0.0200,1.4034,0.5215,6.4800,0.0443,0.0981,0.4165,0.0694,0.0930,0.0236,48902
37,8,square_waypoints,0.01,0.003,0.0,0.12,symmetric_low_power,null_probe,g0.75_0.60_s0.02,0.1500,2.2970,0.1923,4.2850,0.0251,0.0598,0.2582,0.0382,0.0381,-0.0001,48903
37,8,square_waypoints,0.01,0.003,0.0,0.12,symmetric_low_power,unpaired_null,g0.75_0.60_s0.02,0.1500,2.3698,0.2471,4.2850,0.0256,0.2001,0.8033,0.0315,0.0430,0.0115,48904
37,8,square_waypoints,0.01,0.003,0.0,0.12,symmetric_low_power,random_probe,g0.75_0.75_s0.10,0.1400,3.1513,0.0944,2.0648,0.0340,0.1059,0.3776,0.0238,0.0430,0.0191,48905
37,8,square_waypoints,0.01,0.003,0.0,0.12,symmetric_low_power,task_greedy,g0.75_0.75_s0.02,0.0600,3.0009,0.1182,3.9208,0.4165,0.4062,1.8054,0.0406,0.0446,0.0040,48906
37,8,square_waypoints,0.01,0.003,0.0,0.12,symmetric_low_power,fisher_grid,g0.60_0.75_s0.10,0.2300,2.3086,0.1788,5.6700,0.0733,0.1289,0.4737,0.0437,0.0734,0.0297,48907
37,8,square_waypoints,0.01,0.003,0.0,0.12,symmetric_low_power,constrained_fisher,g0.75_0.75_s0.02,0.0600,1.5612,0.5824,6.4800,0.0421,0.0799,0.3497,0.0550,0.0313,-0.0238,48908
37,8,square_waypoints,0.01,0.003,0.0,0.12,high_slip,null_probe,g1.00_1.00_s0.20,0.0000,1.0789,0.6263,4.2850,0.0680,0.1313,0.4668,0.0426,0.0426,0.0000,48909
37,8,square_waypoints,0.01,0.003,0.0,0.12,high_slip,unpaired_null,g1.00_1.00_s0.02,0.1800,2.2564,0.2515,4.2850,0.0400,0.2631,1.0940,0.0395,0.0395,0.0000,48910
37,8,square_waypoints,0.01,0.003,0.0,0.12,high_slip,random_probe,g1.00_1.00_s0.20,0.0000,1.9255,0.3469,1.4117,0.0956,0.1825,0.9368,0.1212,0.1212,0.0000,48911
37,8,square_waypoints,0.01,0.003,0.0,0.12,high_slip,task_greedy,g0.90_0.90_s0.02,0.3800,2.8260,0.0980,3.9202,0.5596,0.5522,2.4683,0.0532,0.0645,0.0112,48912
37,8,square_waypoints,0.01,0.003,0.0,0.12,high_slip,fisher_grid,g1.00_1.00_s0.20,0.0000,1.2632,0.4507,5.6700,0.1060,0.1848,0.7731,0.1914,0.1914,0.0000,48913
37,8,square_waypoints,0.01,0.003,0.0,0.12,high_slip,constrained_fisher,g1.00_1.00_s0.10,0.1000,2.3814,0.1751,6.4800,0.0857,0.1352,0.7670,0.0505,0.0505,0.0000,48914
38,8,square_waypoints,0.01,0.003,0.0,0.12,left_gain_loss,null_probe,g0.60_1.00_s0.10,0.1000,2.0272,0.2700,4.2850,0.0286,0.0954,0.3898,0.0187,0.0459,0.0272,49915
38,8,square_waypoints,0.01,0.003,0.0,0.12,left_gain_loss,unpaired_null,g0.60_1.00_s0.20,0.2000,1.9408,0.3176,4.2850,0.0083,0.1869,0.8727,0.0596,0.0532,-0.0064,49916
38,8,square_waypoints,0.01,0.003,0.0,0.12,left_gain_loss,random_probe,g0.60_1.00_s0.02,0.0200,3.0170,0.1051,1.4312,0.0562,0.0777,0.4189,0.0738,0.0410,-0.0328,49917
38,8,square_waypoints,0.01,0.003,0.0,0.12,left_gain_loss,task_greedy,g0.75_1.00_s0.02,0.1300,2.5568,0.1284,4.0858,0.4476,0.4539,2.0974,0.0034,0.0155,0.0122,49918
38,8,square_waypoints,0.01,0.003,0.0,0.12,left_gain_loss,fisher_grid,g0.60_0.90_s0.02,0.1200,2.3067,0.1837,5.6700,0.0808,0.1152,0.5865,0.0622,0.0399,-0.0223,49919
38,8,square_waypoints,0.01,0.003,0.0,0.12,left_gain_loss,constrained_fisher,g0.75_0.90_s0.02,0.2300,1.5491,0.3677,6.4800,0.0372,0.1106,0.4709,0.0673,0.0151,-0.0522,49920
38,8,square_waypoints,0.01,0.003,0.0,0.12,right_gain_loss,null_probe,g1.00_0.60_s0.10,0.1000,2.0406,0.2249,4.2850,0.0078,0.1018,0.3905,0.0880,0.0184,-0.0696,49921
38,8,square_waypoints,0.01,0.003,0.0,0.12,right_gain_loss,unpaired_null,g0.90_0.60_s0.02,0.1200,2.3027,0.2182,4.2850,0.0620,0.2828,1.2035,0.0508,0.0209,-0.0299,49922
38,8,square_waypoints,0.01,0.003,0.0,0.12,right_gain_loss,random_probe,g1.00_0.60_s0.10,0.1000,2.4191,0.2058,2.2523,0.2610,0.2578,0.9256,0.0299,0.0471,0.0172,49923
38,8,square_waypoints,0.01,0.003,0.0,0.12,right_gain_loss,task_greedy,g1.00_0.60_s0.02,0.0200,1.9564,0.1996,4.0966,0.4638,0.4537,2.1404,0.0182,0.1632,0.1450,49924
38,8,square_waypoints,0.01,0.003,0.0,0.12,right_gain_loss,fisher_grid,g1.00_0.60_s0.10,0.1000,2.0417,0.2962,5.6700,0.0931,0.1738,0.6488,0.0376,0.0326,-0.0051,49925
38,8,square_waypoints,0.01,0.003,0.0,0.12,right_gain_loss,constrained_fisher,g1.00_0.60_s0.02,0.0200,1.8504,0.2658,6.4800,0.0341,0.0987,0.4554,0.0954,0.0272,-0.0681,49926
38,8,square_waypoints,0.01,0.003,0.0,0.12,symmetric_low_power,null_probe,g0.75_0.75_s0.02,0.0600,2.5149,0.2673,4.2850,0.0311,0.0735,0.2711,0.0410,0.0691,0.0281,49927
38,8,square_waypoints,0.01,0.003,0.0,0.12,symmetric_low_power,unpaired_null,g0.75_0.75_s0.02,0.0600,2.4312,0.2177,4.2850,0.0145,0.1946,0.7915,0.0365,0.0396,0.0031,49928
38,8,square_waypoints,0.01,0.003,0.0,0.12,symmetric_low_power,random_probe,g0.75_0.75_s0.20,0.2400,3.3015,0.0890,1.7257,0.1174,0.0932,0.4697,0.0279,0.0471,0.0192,49929
38,8,square_waypoints,0.01,0.003,0.0,0.12,symmetric_low_power,task_greedy,g0.60_0.60_s0.02,0.2400,1.6377,0.2874,3.9202,0.3954,0.3918,1.7367,0.0261,0.0729,0.0467,49930
38,8,square_waypoints,0.01,0.003,0.0,0.12,symmetric_low_power,fisher_grid,g0.75_0.75_s0.02,0.0600,2.0257,0.3647,5.6700,0.0844,0.1307,0.4868,0.0179,0.0709,0.0530,49931
38,8,square_waypoints,0.01,0.003,0.0,0.12,symmetric_low_power,constrained_fisher,g0.60_0.75_s0.02,0.1500,1.9257,0.3058,6.4800,0.0349,0.0695,0.3261,0.0285,0.0316,0.0031,49932
38,8,square_waypoints,0.01,0.003,0.0,0.12,high_slip,null_probe,g1.00_1.00_s0.20,0.0000,1.8530,0.3009,4.2850,0.0201,0.1049,0.4518,0.0784,0.0784,0.0000,49933
38,8,square_waypoints,0.01,0.003,0.0,0.12,high_slip,unpaired_null,g1.00_1.00_s0.20,0.0000,2.4205,0.1682,4.2850,0.0467,0.2775,1.1681,0.1523,0.1523,0.0000,49934
38,8,square_waypoints,0.01,0.003,0.0,0.12,high_slip,random_probe,g1.00_1.00_s0.20,0.0000,1.5902,0.4047,2.6713,0.1927,0.1844,0.8840,0.0697,0.0697,0.0000,49935
38,8,square_waypoints,0.01,0.003,0.0,0.12,high_slip,task_greedy,g0.90_1.00_s0.20,0.1000,2.7607,0.1106,3.9203,0.5707,0.5784,2.6169,0.1451,0.2188,0.0737,49936
38,8,square_waypoints,0.01,0.003,0.0,0.12,high_slip,fisher_grid,g0.90_1.00_s0.20,0.1000,1.9508,0.3161,5.6700,0.1064,0.1836,0.7566,0.1552,0.0370,-0.1182,49937
38,8,square_waypoints,0.01,0.003,0.0,0.12,high_slip,constrained_fisher,g1.00_1.00_s0.20,0.0000,1.2102,0.5153,3.6450,0.1353,0.1558,1.0240,0.1331,0.1331,0.0000,49938
39,8,square_waypoints,0.01,0.003,0.0,0.12,left_gain_loss,null_probe,g0.60_1.00_s0.02,0.0200,2.3835,0.1821,4.2850,0.0203,0.0880,0.3128,0.0093,0.0267,0.0174,50939
39,8,square_waypoints,0.01,0.003,0.0,0.12,left_gain_loss,unpaired_null,g0.60_1.00_s0.20,0.2000,1.9560,0.3127,4.2850,0.0416,0.1765,0.8314,0.0847,0.0160,-0.0687,50940
39,8,square_waypoints,0.01,0.003,0.0,0.12,left_gain_loss,random_probe,g0.60_0.90_s0.02,0.1200,2.5385,0.1790,2.5233,0.2194,0.2429,1.0807,0.0373,0.0790,0.0417,50941
39,8,square_waypoints,0.01,0.003,0.0,0.12,left_gain_loss,task_greedy,g0.60_1.00_s0.10,0.1000,1.9934,0.2113,4.1043,0.4460,0.4536,2.1073,0.0470,0.0313,-0.0157,50942
39,8,square_waypoints,0.01,0.003,0.0,0.12,left_gain_loss,fisher_grid,g0.60_0.90_s0.02,0.1200,1.9732,0.2951,5.6700,0.1298,0.1110,0.5801,0.0916,0.0214,-0.0703,50943
39,8,square_waypoints,0.01,0.003,0.0,0.12,left_gain_loss,constrained_fisher,g0.60_1.00_s0.02,0.0200,0.4695,0.8853,6.4800,0.0296,0.0893,0.3983,0.1118,0.0044,-0.1074,50944
39,8,square_waypoints,0.01,0.003,0.0,0.12,right_gain_loss,null_probe,g1.00_0.75_s0.02,0.1300,1.9252,0.2739,4.2850,0.0217,0.0942,0.3804,0.0827,0.0163,-0.0665,50945
39,8,square_waypoints,0.01,0.003,0.0,0.12,right_gain_loss,unpaired_null,g1.00_0.60_s0.10,0.1000,2.3005,0.2136,4.2850,0.0160,0.2791,1.1428,0.0579,0.0307,-0.0272,50946
39,8,square_waypoints,0.01,0.003,0.0,0.12,right_gain_loss,random_probe,g1.00_0.60_s0.02,0.0200,1.6102,0.4785,2.4991,0.1125,0.1693,0.7049,0.0847,0.1531,0.0684,50947
39,8,square_waypoints,0.01,0.003,0.0,0.12,right_gain_loss,task_greedy,g1.00_0.75_s0.20,0.3100,2.3293,0.1497,4.1189,0.4366,0.4430,2.0920,0.0152,0.0146,-0.0006,50948
39,8,square_waypoints,0.01,0.003,0.0,0.12,right_gain_loss,fisher_grid,g1.00_0.60_s0.02,0.0200,1.5630,0.4754,5.6700,0.0749,0.1697,0.6435,0.1129,0.1480,0.0351,50949
39,8,square_waypoints,0.01,0.003,0.0,0.12,right_gain_loss,constrained_fisher,g1.00_0.60_s0.02,0.0200,1.8731,0.3658,6.4800,0.0615,0.1111,0.5082,0.0186,0.0382,0.0196,50950
39,8,square_waypoints,0.01,0.003,0.0,0.12,symmetric_low_power,null_probe,g0.75_0.75_s0.02,0.0600,2.4995,0.2452,4.2850,0.0326,0.0770,0.3101,0.0497,0.0959,0.0462,50951
39,8,square_waypoints,0.01,0.003,0.0,0.12,symmetric_low_power,unpaired_null,g0.75_0.60_s0.02,0.1500,2.3646,0.2491,4.2850,0.0233,0.2039,0.8502,0.0171,0.0551,0.0381,50952
39,8,square_waypoints,0.01,0.003,0.0,0.12,symmetric_low_power,random_probe,g0.75_0.90_s0.10,0.2900,3.2022,0.1036,2.3842,0.1802,0.1827,0.6661,0.0488,0.0853,0.0365,50953
39,8,square_waypoints,0.01,0.003,0.0,0.12,symmetric_low_power,task_greedy,g0.75_0.75_s0.20,0.2400,2.7846,0.1410,3.9204,0.4126,0.4201,1.8931,0.0469,0.0296,-0.0172,50954
39,8,square_waypoints,0.01,0.003,0.0,0.12,symmetric_low_power,fisher_grid,g0.75_0.75_s0.02,0.0600,2.0377,0.3707,5.6700,0.0774,0.1338,0.4917,0.0411,0.0424,0.0012,50955
39,8,square_waypoints,0.01,0.003,0.0,0.12,symmetric_low_power,constrained_fisher,g0.75_0.75_s0.02,0.0600,1.9384,0.2681,6.4800,0.0230,0.0736,0.3240,0.0255,0.0779,0.0524,50956
39,8,square_waypoints,0.01,0.003,0.0,0.12,high_slip,null_probe,g1.00_1.00_s0.10,0.1000,2.1930,0.2648,4.2850,0.0483,0.1134,0.5363,0.1118,0.1118,0.0000,50957
39,8,square_waypoints,0.01,0.003,0.0,0.12,high_slip,unpaired_null,g0.90_0.90_s0.10,0.3000,2.7370,0.1402,4.2850,0.0468,0.2806,1.1702,0.1808,0.2231,0.0423,50958
39,8,square_waypoints,0.01,0.003,0.0,0.12,high_slip,random_probe,g0.90_1.00_s0.20,0.1000,1.8566,0.3487,1.9703,0.0767,0.2141,1.1374,0.0278,0.0117,-0.0161,50959
39,8,square_waypoints,0.01,0.003,0.0,0.12,high_slip,task_greedy,g1.00_1.00_s0.20,0.0000,2.2398,0.1960,3.9203,0.5651,0.5771,2.5943,0.0932,0.0932,0.0000,50960
39,8,square_waypoints,0.01,0.003,0.0,0.12,high_slip,fisher_grid,g1.00_0.90_s0.20,0.1000,2.1533,0.2493,5.6700,0.1403,0.1813,0.8158,0.1177,0.1770,0.0593,50961
39,8,square_waypoints,0.01,0.003,0.0,0.12,high_slip,constrained_fisher,g1.00_1.00_s0.20,0.0000,1.4514,0.5359,5.8725,0.0816,0.1627,0.8363,0.1293,0.1293,0.0000,50962
40,8,square_waypoints,0.01,0.003,0.0,0.12,left_gain_loss,null_probe,g0.60_1.00_s0.02,0.0200,2.3160,0.1955,4.2850,0.0479,0.0871,0.3762,0.0605,0.0400,-0.0205,51963
40,8,square_waypoints,0.01,0.003,0.0,0.12,left_gain_loss,unpaired_null,g0.60_1.00_s0.02,0.0200,1.2280,0.6055,4.2850,0.0665,0.1804,0.8920,0.0198,0.1370,0.1172,51964
40,8,square_waypoints,0.01,0.003,0.0,0.12,left_gain_loss,random_probe,g0.75_1.00_s0.02,0.1300,2.9326,0.1441,1.4680,0.1524,0.1696,0.8547,0.0922,0.0127,-0.0795,51965
40,8,square_waypoints,0.01,0.003,0.0,0.12,left_gain_loss,task_greedy,g0.60_0.90_s0.02,0.1200,2.6108,0.1184,4.1035,0.4294,0.4449,2.0621,0.0831,0.0167,-0.0664,51966
40,8,square_waypoints,0.01,0.003,0.0,0.12,left_gain_loss,fisher_grid,g0.60_1.00_s0.02,0.0200,1.4938,0.5390,5.6700,0.1004,0.1065,0.5648,0.0065,0.0063,-0.0002,51967
40,8,square_waypoints,0.01,0.003,0.0,0.12,left_gain_loss,constrained_fisher,g0.60_1.00_s0.10,0.1000,1.2693,0.4627,6.4800,0.0098,0.0924,0.3888,0.0308,0.0187,-0.0121,51968
40,8,square_waypoints,0.01,0.003,0.0,0.12,right_gain_loss,null_probe,g1.00_0.75_s0.10,0.2100,2.3582,0.2111,4.2850,0.0386,0.0905,0.4072,0.0605,0.1913,0.1308,51969
40,8,square_waypoints,0.01,0.003,0.0,0.12,right_gain_loss,unpaired_null,g1.00_0.60_s0.02,0.0200,1.9334,0.3211,4.2850,0.0165,0.2790,1.1363,0.0422,0.1753,0.1331,51970
40,8,square_waypoints,0.01,0.003,0.0,0.12,right_gain_loss,random_probe,g1.00_0.60_s0.02,0.0200,2.2165,0.2850,2.7198,0.1584,0.1627,0.5365,0.0251,0.0241,-0.0010,51971
40,8,square_waypoints,0.01,0.003,0.0,0.12,right_gain_loss,task_greedy,g0.90_0.60_s0.20,0.3000,2.3216,0.1530,4.1028,0.4380,0.4483,2.0934,0.0059,0.0193,0.0134,51972
40,8,square_waypoints,0.01,0.003,0.0,0.12,right_gain_loss,fisher_grid,g1.00_0.60_s0.02,0.0200,2.1986,0.2148,5.6700,0.1059,0.1757,0.6863,0.0590,0.0586,-0.0004,51973
40,8,square_waypoints,0.01,0.003,0.0,0.12,right_gain_loss,constrained_fisher,g1.00_0.60_s0.02,0.0200,1.4845,0.4562,6.4800,0.0154,0.0915,0.3719,0.0641,0.1085,0.0444,51974
40,8,square_waypoints,0.01,0.003,0.0,0.12,symmetric_low_power,null_probe,g0.75_0.75_s0.10,0.1400,2.5414,0.2232,4.2850,0.0147,0.0649,0.2926,0.0405,0.0819,0.0414,51975
40,8,square_waypoints,0.01,0.003,0.0,0.12,symmetric_low_power,unpaired_null,g0.75_0.75_s0.02,0.0600,2.4747,0.2805,4.2850,0.0172,0.2094,0.8511,0.0530,0.0195,-0.0335,51976
40,8,square_waypoints,0.01,0.003,0.0,0.12,symmetric_low_power,random_probe,g0.60_0.75_s0.10,0.2300,2.7918,0.1525,2.2091,0.1065,0.1201,0.6940,0.0074,0.0632,0.0558,51977
40,8,square_waypoints,0.01,0.003,0.0,0.12,symmetric_low_power,task_greedy,g0.75_0.75_s0.02,0.0600,3.0090,0.1047,3.9202,0.4073,0.4110,1.8267,0.0317,0.0382,0.0065,51978
40,8,square_waypoints,0.01,0.003,0.0,0.12,symmetric_low_power,fisher_grid,g0.60_0.60_s0.02,0.2400,2.1233,0.2387,5.6700,0.0702,0.1243,0.4569,0.0230,0.0566,0.0336,51979
40,8,square_waypoints,0.01,0.003,0.0,0.12,symmetric_low_power,constrained_fisher,g0.90_0.60_s0.02,0.3000,1.5110,0.4169,6.4800,0.0307,0.0739,0.3128,0.0662,0.0550,-0.0112,51980
40,8,square_waypoints,0.01,0.003,0.0,0.12,high_slip,null_probe,g1.00_1.00_s0.20,0.0000,2.0453,0.2382,4.2850,0.0882,0.1520,0.7783,0.0428,0.0428,0.0000,51981
40,8,square_waypoints,0.01,0.003,0.0,0.12,high_slip,unpaired_null,g1.00_1.00_s0.20,0.0000,1.3923,0.5471,4.2850,0.0886,0.2674,1.2850,0.0648,0.0648,0.0000,51982
40,8,square_waypoints,0.01,0.003,0.0,0.12,high_slip,random_probe,g1.00_1.00_s0.10,0.1000,2.4940,0.1426,2.5965,0.1974,0.1617,0.8295,0.2571,0.2571,0.0000,51983
40,8,square_waypoints,0.01,0.003,0.0,0.12,high_slip,task_greedy,g1.00_1.00_s0.20,0.0000,1.7301,0.2750,3.9205,0.5552,0.5555,2.4698,0.1058,0.1058,0.0000,51984
40,8,square_waypoints,0.01,0.003,0.0,0.12,high_slip,fisher_grid,g1.00_1.00_s0.20,0.0000,1.5899,0.4508,5.6700,0.1779,0.1855,1.1515,0.1465,0.1465,0.0000,51985
40,8,square_waypoints,0.01,0.003,0.0,0.12,high_slip,constrained_fisher,g0.90_1.00_s0.20,0.1000,2.0292,0.2756,2.8350,0.1358,0.1415,1.0518,0.1068,0.0879,-0.0189,51986
41,8,square_waypoints,0.01,0.003,0.0,0.12,left_gain_loss,null_probe,g0.60_0.90_s0.02,0.1200,1.9800,0.3295,4.2850,0.0397,0.0910,0.3682,0.0566,0.0237,-0.0330,52987
41,8,square_waypoints,0.01,0.003,0.0,0.12,left_gain_loss,unpaired_null,g0.60_1.00_s0.02,0.0200,1.8382,0.3759,4.2850,0.0373,0.1695,0.8023,0.0198,0.1745,0.1547,52988
41,8,square_waypoints,0.01,0.003,0.0,0.12,left_gain_loss,random_probe,g0.60_1.00_s0.02,0.0200,2.3362,0.2608,2.2783,0.2181,0.2521,1.3006,0.0649,0.1161,0.0513,52989
41,8,square_waypoints,0.01,0.003,0.0,0.12,left_gain_loss,task_greedy,g0.75_1.00_s0.20,0.3100,2.4627,0.1391,4.0910,0.4497,0.4500,2.0831,0.1411,0.0826,-0.0585,52990
41,8,square_waypoints,0.01,0.003,0.0,0.12,left_gain_loss,fisher_grid,g0.75_1.00_s0.02,0.1300,1.9759,0.3061,5.6700,0.1078,0.1076,0.5917,0.0178,0.0126,-0.0052,52991
41,8,square_waypoints,0.01,0.003,0.0,0.12,left_gain_loss,constrained_fisher,g0.75_0.90_s0.10,0.3100,2.2283,0.2455,6.1763,0.0612,0.1052,0.5204,0.0749,0.0275,-0.0474,52992
41,8,square_waypoints,0.01,0.003,0.0,0.12,right_gain_loss,null_probe,g1.00_0.60_s0.02,0.0200,1.6588,0.4425,4.2850,0.0410,0.0833,0.3136,0.0132,0.0176,0.0045,52993
41,8,square_waypoints,0.01,0.003,0.0,0.12,right_gain_loss,unpaired_null,g1.00_0.60_s0.02,0.0200,1.9411,0.3586,4.2850,0.0293,0.2812,1.1893,0.0926,0.0982,0.0057,52994
41,8,square_waypoints,0.01,0.003,0.0,0.12,right_gain_loss,random_probe,g1.00_0.60_s0.10,0.1000,2.4644,0.1810,2.3469,0.0759,0.1703,0.8165,0.0762,0.0151,-0.0611,52995
41,8,square_waypoints,0.01,0.003,0.0,0.12,right_gain_loss,task_greedy,g1.00_0.60_s0.02,0.0200,2.2491,0.1717,4.1137,0.4607,0.4507,2.1205,0.0180,0.0305,0.0125,52996
41,8,square_waypoints,0.01,0.003,0.0,0.12,right_gain_loss,fisher_grid,g1.00_0.60_s0.02,0.0200,1.6798,0.3444,5.6700,0.1173,0.1756,0.7091,0.0206,0.0187,-0.0019,52997
41,8,square_waypoints,0.01,0.003,0.0,0.12,right_gain_loss,constrained_fisher,g1.00_0.60_s0.10,0.1000,1.6983,0.3963,6.4800,0.0284,0.1055,0.4484,0.0800,0.0100,-0.0700,52998
41,8,square_waypoints,0.01,0.003,0.0,0.12,symmetric_low_power,null_probe,g0.75_0.75_s0.02,0.0600,2.5472,0.1623,4.2850,0.0299,0.0607,0.2798,0.0393,0.1149,0.0756,52999
41,8,square_waypoints,0.01,0.003,0.0,0.12,symmetric_low_power,unpaired_null,g0.75_0.75_s0.20,0.2400,2.6465,0.1517,4.2850,0.0497,0.2074,0.8704,0.0295,0.0479,0.0184,53000
41,8,square_waypoints,0.01,0.003,0.0,0.12,symmetric_low_power,random_probe,g0.75_0.75_s0.02,0.0600,2.9922,0.0978,2.3959,0.1294,0.1328,0.6712,0.0288,0.0345,0.0057,53001
41,8,square_waypoints,0.01,0.003,0.0,0.12,symmetric_low_power,task_greedy,g0.60_0.60_s0.02,0.2400,2.5393,0.1305,3.9203,0.4018,0.3953,1.8132,0.0289,0.0489,0.0201,53002
41,8,square_waypoints,0.01,0.003,0.0,0.12,symmetric_low_power,fisher_grid,g0.75_0.75_s0.02,0.0600,2.0202,0.3699,5.6700,0.0849,0.1276,0.5374,0.0445,0.0726,0.0281,53003
41,8,square_waypoints,0.01,0.003,0.0,0.12,symmetric_low_power,constrained_fisher,g0.75_0.75_s0.02,0.0600,1.9640,0.2740,6.4800,0.0360,0.0735,0.3001,0.0437,0.0392,-0.0046,53004
41,8,square_waypoints,0.01,0.003,0.0,0.12,high_slip,null_probe,g1.00_1.00_s0.20,0.0000,1.0990,0.6788,4.2850,0.0141,0.1213,0.4268,0.2122,0.2122,0.0000,53005
41,8,square_waypoints,0.01,0.003,0.0,0.12,high_slip,unpaired_null,g1.00_1.00_s0.20,0.0000,1.5870,0.3969,4.2850,0.0906,0.2765,1.1763,0.2052,0.2052,0.0000,53006
41,8,square_waypoints,0.01,0.003,0.0,0.12,high_slip,random_probe,g1.00_1.00_s0.10,0.1000,2.3713,0.2204,1.9190,0.2616,0.2524,1.2220,0.0246,0.0246,0.0000,53007
41,8,square_waypoints,0.01,0.003,0.0,0.12,high_slip,task_greedy,g1.00_1.00_s0.20,0.0000,2.6524,0.1073,3.9202,0.5725,0.5576,2.5007,0.0267,0.0267,0.0000,53008
41,8,square_waypoints,0.01,0.003,0.0,0.12,high_slip,fisher_grid,g1.00_1.00_s0.20,0.0000,0.9170,0.6459,5.6700,0.0908,0.1966,0.8614,0.1314,0.1314,0.0000,53009
41,8,square_waypoints,0.01,0.003,0.0,0.12,high_slip,constrained_fisher,g1.00_1.00_s0.20,0.0000,1.7640,0.3124,6.1763,0.0423,0.1421,0.6588,0.0876,0.0876,0.0000,53010
42,8,square_waypoints,0.01,0.003,0.0,0.12,left_gain_loss,null_probe,g0.60_0.90_s0.02,0.1200,2.2540,0.2532,4.2850,0.0346,0.0937,0.3741,0.0851,0.0807,-0.0044,54011
42,8,square_waypoints,0.01,0.003,0.0,0.12,left_gain_loss,unpaired_null,g0.60_1.00_s0.02,0.0200,1.9332,0.2866,4.2850,0.0114,0.1788,0.8363,0.0437,0.1408,0.0971,54012
42,8,square_waypoints,0.01,0.003,0.0,0.12,left_gain_loss,random_probe,g0.60_1.00_s0.02,0.0200,2.7803,0.1545,1.8474,0.0518,0.1302,0.6324,0.0793,0.1379,0.0586,54013
42,8,square_waypoints,0.01,0.003,0.0,0.12,left_gain_loss,task_greedy,g0.60_1.00_s0.02,0.0200,2.0576,0.2078,4.1034,0.4420,0.4422,2.0879,0.0743,0.0058,-0.0685,54014
42,8,square_waypoints,0.01,0.003,0.0,0.12,left_gain_loss,fisher_grid,g0.60_1.00_s0.02,0.0200,1.7408,0.3114,5.6700,0.0915,0.1028,0.5714,0.0173,0.1132,0.0959,54015
42,8,square_waypoints,0.01,0.003,0.0,0.12,left_gain_loss,constrained_fisher,g0.60_1.00_s0.10,0.1000,1.4378,0.5858,6.4800,0.0286,0.0975,0.4481,0.0243,0.1790,0.1547,54016
42,8,square_waypoints,0.01,0.003,0.0,0.12,right_gain_loss,null_probe,g1.00_0.60_s0.10,0.1000,1.8490,0.3057,4.2850,0.0155,0.0953,0.3216,0.0643,0.0242,-0.0401,54017
42,8,square_waypoints,0.01,0.003,0.0,0.12,right_gain_loss,unpaired_null,g0.90_0.60_s0.02,0.1200,2.0791,0.2665,4.2850,0.0486,0.2755,1.1222,0.0494,0.0086,-0.0407,54018
42,8,square_waypoints,0.01,0.003,0.0,0.12,right_gain_loss,random_probe,g1.00_0.60_s0.02,0.0200,2.8538,0.1221,1.9629,0.2482,0.2155,1.2567,0.0186,0.0256,0.0070,54019
42,8,square_waypoints,0.01,0.003,0.0,0.12,right_gain_loss,task_greedy,g0.90_0.60_s0.20,0.3000,2.3403,0.1618,4.0989,0.4407,0.4541,2.1036,0.0823,0.0956,0.0133,54020
42,8,square_waypoints,0.01,0.003,0.0,0.12,right_gain_loss,fisher_grid,g1.00_0.60_s0.02,0.0200,1.4508,0.5055,5.6700,0.1078,0.1743,0.6380,0.0601,0.1148,0.0546,54021
42,8,square_waypoints,0.01,0.003,0.0,0.12,right_gain_loss,constrained_fisher,g1.00_0.60_s0.02,0.0200,1.4755,0.4844,6.4800,0.0353,0.0892,0.3838,0.1046,0.0276,-0.0769,54022
42,8,square_waypoints,0.01,0.003,0.0,0.12,symmetric_low_power,null_probe,g0.75_0.75_s0.10,0.1400,2.5621,0.2188,4.2850,0.0279,0.0687,0.2723,0.0524,0.0704,0.0180,54023
42,8,square_waypoints,0.01,0.003,0.0,0.12,symmetric_low_power,unpaired_null,g0.75_0.75_s0.10,0.1400,2.5607,0.2379,4.2850,0.0398,0.2041,0.8264,0.0213,0.0320,0.0107,54024
42,8,square_waypoints,0.01,0.003,0.0,0.12,symmetric_low_power,random_probe,g0.75_0.75_s0.02,0.0600,2.9681,0.1348,2.1929,0.1789,0.1672,0.6637,0.0569,0.0298,-0.0271,54025
42,8,square_waypoints,0.01,0.003,0.0,0.12,symmetric_low_power,task_greedy,g0.75_0.75_s0.02,0.0600,2.9764,0.0998,3.9201,0.3806,0.3984,1.8085,0.0195,0.0445,0.0250,54026
42,8,square_waypoints,0.01,0.003,0.0,0.12,symmetric_low_power,fisher_grid,g0.75_0.75_s0.02,0.0600,2.0706,0.2915,5.6700,0.0880,0.1281,0.4836,0.0269,0.0400,0.0131,54027
42,8,square_waypoints,0.01,0.003,0.0,0.12,symmetric_low_power,constrained_fisher,g0.75_0.75_s0.02,0.0600,1.5137,0.6043,6.4800,0.0261,0.0732,0.3234,0.0429,0.0631,0.0203,54028
42,8,square_waypoints,0.01,0.003,0.0,0.12,high_slip,null_probe,g1.00_1.00_s0.20,0.0000,2.0514,0.2282,4.2850,0.0710,0.1041,0.5326,0.0760,0.0760,0.0000,54029
42,8,square_waypoints,0.01,0.003,0.0,0.12,high_slip,unpaired_null,g1.00_1.00_s0.20,0.0000,1.3511,0.5038,4.2850,0.0744,0.2571,1.1889,0.0576,0.0576,0.0000,54030
42,8,square_waypoints,0.01,0.003,0.0,0.12,high_slip,random_probe,g1.00_0.90_s0.20,0.1000,2.2702,0.2650,2.1580,0.3204,0.3045,1.2466,0.0647,0.1940,0.1293,54031
42,8,square_waypoints,0.01,0.003,0.0,0.12,high_slip,task_greedy,g1.00_1.00_s0.02,0.1800,2.3616,0.1599,3.9201,0.5644,0.5738,2.5714,0.0935,0.0935,0.0000,54032
42,8,square_waypoints,0.01,0.003,0.0,0.12,high_slip,fisher_grid,g1.00_1.00_s0.20,0.0000,1.1388,0.6461,5.6700,0.2402,0.2173,1.0733,0.0937,0.0937,0.0000,54033
42,8,square_waypoints,0.01,0.003,0.0,0.12,high_slip,constrained_fisher,g1.00_1.00_s0.10,0.1000,1.9863,0.2663,3.6450,0.1228,0.1500,0.9175,0.1544,0.1544,0.0000,54034
43,8,square_waypoints,0.01,0.003,0.0,0.12,left_gain_loss,null_probe,g0.75_1.00_s0.02,0.1300,2.4424,0.1708,4.2850,0.0411,0.0957,0.3491,0.0259,0.0182,-0.0077,55035
43,8,square_waypoints,0.01,0.003,0.0,0.12,left_gain_loss,unpaired_null,g0.75_1.00_s0.02,0.1300,2.3764,0.1875,4.2850,0.0020,0.1805,0.8143,0.1573,0.0528,-0.1044,55036
43,8,square_waypoints,0.01,0.003,0.0,0.12,left_gain_loss,random_probe,g0.75_0.90_s0.20,0.4100,3.6907,0.0457,0.9546,0.0992,0.0917,0.4111,0.1493,0.0668,-0.0825,55037
43,8,square_waypoints,0.01,0.003,0.0,0.12,left_gain_loss,task_greedy,g0.60_1.00_s0.02,0.0200,2.2578,0.1793,4.1125,0.4470,0.4459,2.0751,0.0278,0.0221,-0.0057,55038
43,8,square_waypoints,0.01,0.003,0.0,0.12,left_gain_loss,fisher_grid,g0.60_1.00_s0.02,0.0200,1.6901,0.4200,5.6700,0.0725,0.1095,0.5754,0.0342,0.1251,0.0909,55039
43,8,square_waypoints,0.01,0.003,0.0,0.12,left_gain_loss,constrained_fisher,g0.60_1.00_s0.10,0.1000,1.9315,0.3617,6.4800,0.0400,0.0953,0.4108,0.0421,0.1306,0.0886,55040
43,8,square_waypoints,0.01,0.003,0.0,0.12,right_gain_loss,null_probe,g1.00_0.60_s0.02,0.0200,2.1429,0.2462,4.2850,0.0422,0.0770,0.3121,0.0217,0.2131,0.1913,55041
43,8,square_waypoints,0.01,0.003,0.0,0.12,right_gain_loss,unpaired_null,g1.00_0.60_s0.02,0.0200,2.3107,0.1786,4.2850,0.0046,0.2726,1.0928,0.0187,0.0246,0.0059,55042
43,8,square_waypoints,0.01,0.003,0.0,0.12,right_gain_loss,random_probe,g1.00_0.60_s0.20,0.2000,2.4734,0.2112,1.7610,0.0684,0.0837,0.4332,0.0264,0.0326,0.0062,55043
43,8,square_waypoints,0.01,0.003,0.0,0.12,right_gain_loss,task_greedy,g1.00_0.60_s0.02,0.0200,2.0239,0.2084,4.0959,0.4932,0.4565,2.1282,0.0292,0.0870,0.0578,55044
43,8,square_waypoints,0.01,0.003,0.0,0.12,right_gain_loss,fisher_grid,g1.00_0.60_s0.02,0.0200,1.3600,0.4805,5.6700,0.1001,0.1720,0.6376,0.0260,0.0175,-0.0085,55045
43,8,square_waypoints,0.01,0.003,0.0,0.12,right_gain_loss,constrained_fisher,g0.90_0.60_s0.02,0.1200,1.2720,0.5294,6.4800,0.0152,0.0979,0.3921,0.0510,0.0090,-0.0420,55046
43,8,square_waypoints,0.01,0.003,0.0,0.12,symmetric_low_power,null_probe,g0.75_0.75_s0.02,0.0600,2.5493,0.1934,4.2850,0.0132,0.0707,0.2956,0.0254,0.0653,0.0399,55047
43,8,square_waypoints,0.01,0.003,0.0,0.12,symmetric_low_power,unpaired_null,g0.60_0.60_s0.02,0.2400,2.3989,0.1815,4.2850,0.0404,0.1997,0.8173,0.0346,0.0207,-0.0139,55048
43,8,square_waypoints,0.01,0.003,0.0,0.12,symmetric_low_power,random_probe,g0.75_0.90_s0.02,0.2100,3.4768,0.0719,1.2803,0.0397,0.1121,0.5080,0.0501,0.0500,-0.0001,55049
43,8,square_waypoints,0.01,0.003,0.0,0.12,symmetric_low_power,task_greedy,g0.75_0.75_s0.02,0.0600,2.9963,0.1154,3.9201,0.4309,0.4054,1.8167,0.0480,0.0260,-0.0219,55050
43,8,square_waypoints,0.01,0.003,0.0,0.12,symmetric_low_power,fisher_grid,g0.75_0.75_s0.02,0.0600,2.0844,0.3101,5.6700,0.0826,0.1182,0.4795,0.0566,0.0829,0.0264,55051
43,8,square_waypoints,0.01,0.003,0.0,0.12,symmetric_low_power,constrained_fisher,g0.75_0.75_s0.02,0.0600,1.8443,0.4285,6.4800,0.0296,0.0710,0.3038,0.0254,0.0338,0.0083,55052
43,8,square_waypoints,0.01,0.003,0.0,0.12,high_slip,null_probe,g1.00_1.00_s0.20,0.0000,2.3911,0.2062,4.2850,0.0461,0.0869,0.3847,0.2630,0.2630,0.0000,55053
43,8,square_waypoints,0.01,0.003,0.0,0.12,high_slip,unpaired_null,g1.00_1.00_s0.02,0.1800,2.6252,0.1108,4.2850,0.0704,0.2843,1.2391,0.1605,0.1605,0.0000,55054
43,8,square_waypoints,0.01,0.003,0.0,0.12,high_slip,random_probe,g1.00_1.00_s0.20,0.0000,1.8959,0.3158,2.3345,0.0978,0.1173,0.6197,0.0129,0.0129,0.0000,55055
43,8,square_waypoints,0.01,0.003,0.0,0.12,high_slip,task_greedy,g0.90_0.90_s0.02,0.3800,2.7707,0.0927,3.9203,0.5502,0.5605,2.5174,0.0366,0.1982,0.1616,55056
43,8,square_waypoints,0.01,0.003,0.0,0.12,high_slip,fisher_grid,g1.00_1.00_s0.20,0.0000,1.3814,0.3836,5.6700,0.2792,0.2706,1.2692,0.2406,0.2406,0.0000,55057
43,8,square_waypoints,0.01,0.003,0.0,0.12,high_slip,constrained_fisher,g0.90_1.00_s0.20,0.1000,1.9137,0.2690,5.8725,0.1139,0.1187,0.8588,0.1216,0.0742,-0.0474,55058
44,8,square_waypoints,0.01,0.003,0.0,0.12,left_gain_loss,null_probe,g0.60_1.00_s0.02,0.0200,1.6509,0.3561,4.2850,0.0117,0.0931,0.3660,0.0723,0.0427,-0.0295,56059
44,8,square_waypoints,0.01,0.003,0.0,0.12,left_gain_loss,unpaired_null,g0.60_1.00_s0.02,0.0200,1.6128,0.4752,4.2850,0.0211,0.1635,0.7167,0.0540,0.0278,-0.0262,56060
44,8,square_waypoints,0.01,0.003,0.0,0.12,left_gain_loss,random_probe,g0.60_1.00_s0.02,0.0200,2.4340,0.2520,1.6169,0.1040,0.1597,0.8121,0.0626,0.1870,0.1244,56061
44,8,square_waypoints,0.01,0.003,0.0,0.12,left_gain_loss,task_greedy,g0.60_1.00_s0.02,0.0200,2.3899,0.1299,4.0821,0.4580,0.4540,2.1030,0.0931,0.0236,-0.0695,56062
44,8,square_waypoints,0.01,0.003,0.0,0.12,left_gain_loss,fisher_grid,g0.60_1.00_s0.10,0.1000,1.4663,0.4589,5.6700,0.0862,0.1056,0.5853,0.0580,0.0413,-0.0167,56063
44,8,square_waypoints,0.01,0.003,0.0,0.12,left_gain_loss,constrained_fisher,g0.60_1.00_s0.02,0.0200,1.7080,0.4151,6.4800,0.0329,0.0980,0.3988,0.0755,0.0893,0.0137,56064
44,8,square_waypoints,0.01,0.003,0.0,0.12,right_gain_loss,null_probe,g1.00_0.60_s0.02,0.0200,2.2061,0.2241,4.2850,0.0110,0.0895,0.3310,0.0888,0.1501,0.0614,56065
44,8,square_waypoints,0.01,0.003,0.0,0.12,right_gain_loss,unpaired_null,g1.00_0.60_s0.02,0.0200,1.9647,0.2977,4.2850,0.0101,0.2779,1.1144,0.0267,0.0321,0.0054,56066
44,8,square_waypoints,0.01,0.003,0.0,0.12,right_gain_loss,random_probe,g0.90_0.75_s0.02,0.2300,3.0569,0.1569,2.1889,0.1139,0.1906,1.0049,0.0393,0.0369,-0.0024,56067
44,8,square_waypoints,0.01,0.003,0.0,0.12,right_gain_loss,task_greedy,g1.00_0.60_s0.02,0.0200,2.2676,0.1809,4.1075,0.4568,0.4481,2.0730,0.0214,0.0505,0.0291,56068
44,8,square_waypoints,0.01,0.003,0.0,0.12,right_gain_loss,fisher_grid,g1.00_0.60_s0.02,0.0200,1.7896,0.4033,5.6700,0.1166,0.1746,0.6420,0.0460,0.0481,0.0020,56069
44,8,square_waypoints,0.01,0.003,0.0,0.12,right_gain_loss,constrained_fisher,g1.00_0.60_s0.10,0.1000,1.5835,0.4597,6.4800,0.0564,0.1029,0.4598,0.0214,0.0339,0.0125,56070
44,8,square_waypoints,0.01,0.003,0.0,0.12,symmetric_low_power,null_probe,g0.75_0.75_s0.02,0.0600,2.4809,0.1917,4.2850,0.0176,0.0784,0.3138,0.0505,0.0398,-0.0107,56071
44,8,square_waypoints,0.01,0.003,0.0,0.12,symmetric_low_power,unpaired_null,g0.75_0.75_s0.02,0.0600,2.6012,0.2104,4.2850,0.0053,0.2011,0.8073,0.0445,0.0511,0.0066,56072
44,8,square_waypoints,0.01,0.003,0.0,0.12,symmetric_low_power,random_probe,g0.75_0.75_s0.02,0.0600,3.0321,0.1120,2.4738,0.0459,0.1437,0.7073,0.0296,0.0972,0.0676,56073
44,8,square_waypoints,0.01,0.003,0.0,0.12,symmetric_low_power,task_greedy,g0.75_0.75_s0.02,0.0600,2.7459,0.1438,3.9202,0.4116,0.4000,1.7944,0.0503,0.0366,-0.0137,56074
44,8,square_waypoints,0.01,0.003,0.0,0.12,symmetric_low_power,fisher_grid,g0.60_0.75_s0.02,0.1500,2.3266,0.1685,5.6700,0.0815,0.1278,0.5102,0.0259,0.0759,0.0501,56075
44,8,square_waypoints,0.01,0.003,0.0,0.12,symmetric_low_power,constrained_fisher,g0.60_0.75_s0.02,0.1500,1.4649,0.5641,6.4800,0.0239,0.0683,0.2874,0.0222,0.0766,0.0544,56076
44,8,square_waypoints,0.01,0.003,0.0,0.12,high_slip,null_probe,g1.00_1.00_s0.20,0.0000,1.6735,0.3748,4.2850,0.0164,0.1303,0.4858,0.0367,0.0367,0.0000,56077
44,8,square_waypoints,0.01,0.003,0.0,0.12,high_slip,unpaired_null,g0.90_1.00_s0.10,0.2000,2.0604,0.2281,4.2850,0.0522,0.2866,1.2156,0.2711,0.2663,-0.0048,56078
44,8,square_waypoints,0.01,0.003,0.0,0.12,high_slip,random_probe,g1.00_1.00_s0.20,0.0000,1.6780,0.3712,1.7203,0.1544,0.2310,1.3299,0.2681,0.2681,0.0000,56079
44,8,square_waypoints,0.01,0.003,0.0,0.12,high_slip,task_greedy,g1.00_1.00_s0.02,0.1800,1.8500,0.2588,3.9203,0.5742,0.5719,2.5653,0.2156,0.2156,0.0000,56080
44,8,square_waypoints,0.01,0.003,0.0,0.12,high_slip,fisher_grid,g0.90_1.00_s0.20,0.1000,1.4939,0.3571,5.6700,0.2274,0.2451,1.0333,0.0871,0.1017,0.0146,56081
44,8,square_waypoints,0.01,0.003,0.0,0.12,high_slip,constrained_fisher,g1.00_1.00_s0.20,0.0000,1.0465,0.5855,5.2650,0.1420,0.2000,0.9417,0.1616,0.1616,0.0000,56082
45,8,square_waypoints,0.01,0.003,0.0,0.12,left_gain_loss,null_probe,g0.60_0.90_s0.02,0.1200,2.5162,0.1582,4.2850,0.0576,0.0886,0.3901,0.0863,0.2160,0.1297,57083
45,8,square_waypoints,0.01,0.003,0.0,0.12,left_gain_loss,unpaired_null,g0.60_0.90_s0.02,0.1200,2.1269,0.2240,4.2850,0.0425,0.1800,0.8660,0.0623,0.0270,-0.0353,57084
45,8,square_waypoints,0.01,0.003,0.0,0.12,left_gain_loss,random_probe,g0.60_1.00_s0.02,0.0200,2.6208,0.1376,1.5850,0.0862,0.1424,0.7524,0.0275,0.0146,-0.0129,57085
45,8,square_waypoints,0.01,0.003,0.0,0.12,left_gain_loss,task_greedy,g0.60_1.00_s0.20,0.2000,2.0556,0.1978,4.0955,0.4553,0.4487,2.0846,0.0332,0.0337,0.0005,57086
45,8,square_waypoints,0.01,0.003,0.0,0.12,left_gain_loss,fisher_grid,g0.60_1.00_s0.02,0.0200,1.7253,0.3066,5.6700,0.1022,0.0987,0.5762,0.0518,0.1465,0.0947,57087
45,8,square_waypoints,0.01,0.003,0.0,0.12,left_gain_loss,constrained_fisher,g0.60_1.00_s0.02,0.0200,1.2764,0.6340,6.4800,0.0054,0.0933,0.4092,0.0702,0.0255,-0.0447,57088
45,8,square_waypoints,0.01,0.003,0.0,0.12,right_gain_loss,null_probe,g1.00_0.60_s0.02,0.0200,2.0831,0.2714,4.2850,0.0479,0.0833,0.3238,0.0796,0.1563,0.0767,57089
45,8,square_waypoints,0.01,0.003,0.0,0.12,right_gain_loss,unpaired_null,g1.00_0.60_s0.10,0.1000,2.2618,0.2405,4.2850,0.0324,0.2799,1.1222,0.0126,0.0237,0.0111,57090
45,8,square_waypoints,0.01,0.003,0.0,0.12,right_gain_loss,random_probe,g0.90_0.60_s0.10,0.2000,2.6024,0.1576,2.1120,0.0908,0.1522,0.7671,0.0114,0.0140,0.0026,57091
45,8,square_waypoints,0.01,0.003,0.0,0.12,right_gain_loss,task_greedy,g1.00_0.60_s0.02,0.0200,2.1011,0.1910,4.0872,0.4693,0.4675,2.1870,0.0147,0.0271,0.0124,57092
45,8,square_waypoints,0.01,0.003,0.0,0.12,right_gain_loss,fisher_grid,g1.00_0.60_s0.02,0.0200,1.6084,0.4904,5.6700,0.0967,0.1781,0.6309,0.0651,0.0479,-0.0172,57093
45,8,square_waypoints,0.01,0.003,0.0,0.12,right_gain_loss,constrained_fisher,g1.00_0.60_s0.02,0.0200,1.2979,0.5525,6.4800,0.0204,0.0930,0.3694,0.0878,0.1008,0.0129,57094
45,8,square_waypoints,0.01,0.003,0.0,0.12,symmetric_low_power,null_probe,g0.75_0.75_s0.10,0.1400,2.5858,0.1761,4.2850,0.0265,0.0620,0.2802,0.0195,0.0977,0.0782,57095
45,8,square_waypoints,0.01,0.003,0.0,0.12,symmetric_low_power,unpaired_null,g0.75_0.75_s0.02,0.0600,2.4815,0.2896,4.2850,0.0126,0.2085,0.8613,0.0196,0.0336,0.0140,57096
45,8,square_waypoints,0.01,0.003,0.0,0.12,symmetric_low_power,random_probe,g0.60_0.90_s0.20,0.4800,2.9715,0.1357,1.8973,0.1418,0.1498,0.5542,0.0369,0.0379,0.0009,57097
45,8,square_waypoints,0.01,0.003,0.0,0.12,symmetric_low_power,task_greedy,g0.75_0.75_s0.02,0.0600,2.9747,0.1230,3.9200,0.4198,0.4108,1.8928,0.0191,0.0644,0.0453,57098
45,8,square_waypoints,0.01,0.003,0.0,0.12,symmetric_low_power,fisher_grid,g0.75_0.75_s0.02,0.0600,2.2370,0.2467,5.6700,0.0907,0.1203,0.5260,0.0360,0.0748,0.0388,57099
45,8,square_waypoints,0.01,0.003,0.0,0.12,symmetric_low_power,constrained_fisher,g0.75_0.60_s0.02,0.1500,1.5545,0.4105,6.4800,0.0434,0.0799,0.3358,0.0445,0.0231,-0.0214,57100
45,8,square_waypoints,0.01,0.003,0.0,0.12,high_slip,null_probe,g1.00_1.00_s0.10,0.1000,2.4580,0.1581,4.2850,0.0697,0.1324,0.6771,0.1541,0.1541,0.0000,57101
45,8,square_waypoints,0.01,0.003,0.0,0.12,high_slip,unpaired_null,g1.00_1.00_s0.20,0.0000,1.3980,0.5283,4.2850,0.0452,0.2913,1.2220,0.0120,0.0120,0.0000,57102
45,8,square_waypoints,0.01,0.003,0.0,0.12,high_slip,random_probe,g1.00_1.00_s0.20,0.0000,1.7686,0.3069,1.6998,0.1391,0.1400,0.5500,0.1970,0.1970,0.0000,57103
45,8,square_waypoints,0.01,0.003,0.0,0.12,high_slip,task_greedy,g1.00_1.00_s0.02,0.1800,1.9367,0.2465,3.9202,0.5764,0.5726,2.6059,0.0735,0.0735,0.0000,57104
45,8,square_waypoints,0.01,0.003,0.0,0.12,high_slip,fisher_grid,g1.00_1.00_s0.20,0.0000,1.4124,0.4288,5.6700,0.2438,0.2554,1.1188,0.1704,0.1704,0.0000,57105
45,8,square_waypoints,0.01,0.003,0.0,0.12,high_slip,constrained_fisher,g0.90_1.00_s0.20,0.1000,1.1685,0.4547,5.8725,0.1174,0.1633,0.8768,0.0869,0.1384,0.0516,57106
46,8,square_waypoints,0.01,0.003,0.0,0.12,left_gain_loss,null_probe,g0.60_0.90_s0.02,0.1200,1.9861,0.3343,4.2850,0.0294,0.0956,0.3429,0.0154,0.0187,0.0033,58107
46,8,square_waypoints,0.01,0.003,0.0,0.12,left_gain_loss,unpaired_null,g0.60_1.00_s0.02,0.0200,2.0754,0.2849,4.2850,0.0302,0.1669,0.7452,0.0321,0.1714,0.1394,58108
46,8,square_waypoints,0.01,0.003,0.0,0.12,left_gain_loss,random_probe,g0.60_1.00_s0.02,0.0200,2.3791,0.2004,1.3306,0.0815,0.1281,0.7932,0.0361,0.0260,-0.0100,58109
46,8,square_waypoints,0.01,0.003,0.0,0.12,left_gain_loss,task_greedy,g0.60_0.90_s0.02,0.1200,2.0764,0.1612,4.0963,0.4455,0.4544,2.0942,0.0711,0.1794,0.1083,58110
46,8,square_waypoints,0.01,0.003,0.0,0.12,left_gain_loss,fisher_grid,g0.60_1.00_s0.10,0.1000,1.6245,0.3325,5.6700,0.0886,0.1120,0.5706,0.0849,0.0676,-0.0173,58111
46,8,square_waypoints,0.01,0.003,0.0,0.12,left_gain_loss,constrained_fisher,g0.60_1.00_s0.02,0.0200,1.3890,0.4973,6.4800,0.0110,0.0910,0.3794,0.0421,0.1424,0.1003,58112
46,8,square_waypoints,0.01,0.003,0.0,0.12,right_gain_loss,null_probe,g1.00_0.60_s0.02,0.0200,1.6915,0.4107,4.2850,0.0430,0.0861,0.3577,0.0396,0.1005,0.0609,58113
46,8,square_waypoints,0.01,0.003,0.0,0.12,right_gain_loss,unpaired_null,g1.00_0.60_s0.02,0.0200,2.2072,0.2279,4.2850,0.0522,0.2686,1.1225,0.0958,0.0183,-0.0775,58114
46,8,square_waypoints,0.01,0.003,0.0,0.12,right_gain_loss,random_probe,g1.00_0.60_s0.02,0.0200,2.0261,0.3448,2.9994,0.2121,0.2030,0.9435,0.0680,0.0228,-0.0452,58115
46,8,square_waypoints,0.01,0.003,0.0,0.12,right_gain_loss,task_greedy,g1.00_0.60_s0.02,0.0200,2.0752,0.1945,4.0995,0.4339,0.4472,2.0945,0.0849,0.0259,-0.0590,58116
46,8,square_waypoints,0.01,0.003,0.0,0.12,right_gain_loss,fisher_grid,g0.90_0.60_s0.02,0.1200,1.9953,0.2215,5.6700,0.1078,0.1727,0.6547,0.0554,0.1144,0.0590,58117
46,8,square_waypoints,0.01,0.003,0.0,0.12,right_gain_loss,constrained_fisher,g1.00_0.60_s0.02,0.0200,1.4884,0.4774,6.4800,0.0493,0.1071,0.4700,0.0176,0.0385,0.0209,58118
46,8,square_waypoints,0.01,0.003,0.0,0.12,symmetric_low_power,null_probe,g0.75_0.75_s0.02,0.0600,2.5318,0.2637,4.2850,0.0297,0.0725,0.2670,0.0378,0.0464,0.0085,58119
46,8,square_waypoints,0.01,0.003,0.0,0.12,symmetric_low_power,unpaired_null,g0.60_0.75_s0.02,0.1500,2.3459,0.2484,4.2850,0.0161,0.1933,0.7916,0.0202,0.0484,0.0282,58120
46,8,square_waypoints,0.01,0.003,0.0,0.12,symmetric_low_power,random_probe,g0.75_0.60_s0.10,0.2300,3.2172,0.1104,1.5897,0.0867,0.1456,0.8029,0.0297,0.0830,0.0533,58121
46,8,square_waypoints,0.01,0.003,0.0,0.12,symmetric_low_power,task_greedy,g0.75_0.75_s0.20,0.2400,2.8682,0.1573,3.9201,0.4279,0.4291,1.9064,0.0515,0.0699,0.0184,58122
46,8,square_waypoints,0.01,0.003,0.0,0.12,symmetric_low_power,fisher_grid,g0.75_0.75_s0.02,0.0600,2.2088,0.2386,5.6700,0.0973,0.1308,0.4985,0.0405,0.0675,0.0270,58123
46,8,square_waypoints,0.01,0.003,0.0,0.12,symmetric_low_power,constrained_fisher,g0.60_0.75_s0.10,0.2300,1.7035,0.4888,6.4800,0.0204,0.0700,0.3127,0.0226,0.0491,0.0265,58124
46,8,square_waypoints,0.01,0.003,0.0,0.12,high_slip,null_probe,g1.00_1.00_s0.10,0.1000,1.7909,0.3761,4.2850,0.0748,0.0963,0.4935,0.1404,0.1404,0.0000,58125
46,8,square_waypoints,0.01,0.003,0.0,0.12,high_slip,unpaired_null,g1.00_1.00_s0.10,0.1000,2.3694,0.1813,4.2850,0.0284,0.2716,1.0973,0.1099,0.1099,0.0000,58126
46,8,square_waypoints,0.01,0.003,0.0,0.12,high_slip,random_probe,g1.00_1.00_s0.20,0.0000,2.0997,0.2638,2.2185,0.1954,0.2440,1.1200,0.0730,0.0730,0.0000,58127
46,8,square_waypoints,0.01,0.003,0.0,0.12,high_slip,task_greedy,g0.90_0.90_s0.20,0.2000,2.8390,0.1028,3.9204,0.5674,0.5551,2.5002,0.0980,0.0953,-0.0027,58128
46,8,square_waypoints,0.01,0.003,0.0,0.12,high_slip,fisher_grid,g1.00_1.00_s0.20,0.0000,2.0089,0.2055,5.6700,0.1199,0.1799,0.6867,0.1833,0.1833,0.0000,58129
46,8,square_waypoints,0.01,0.003,0.0,0.12,high_slip,constrained_fisher,g1.00_1.00_s0.20,0.0000,1.0671,0.6469,5.4675,0.1572,0.1562,0.8345,0.0726,0.0726,0.0000,58130
47,8,square_waypoints,0.01,0.003,0.0,0.12,left_gain_loss,null_probe,g0.60_1.00_s0.02,0.0200,2.1136,0.2076,4.2850,0.0275,0.0800,0.3356,0.0799,0.0453,-0.0346,59131
47,8,square_waypoints,0.01,0.003,0.0,0.12,left_gain_loss,unpaired_null,g0.60_1.00_s0.10,0.1000,2.1465,0.2675,4.2850,0.0285,0.1808,0.8293,0.0315,0.0196,-0.0120,59132
47,8,square_waypoints,0.01,0.003,0.0,0.12,left_gain_loss,random_probe,g0.75_0.90_s0.20,0.4100,3.2441,0.1126,1.5197,0.0691,0.1355,0.6821,0.0931,0.1021,0.0089,59133
47,8,square_waypoints,0.01,0.003,0.0,0.12,left_gain_loss,task_greedy,g0.75_1.00_s0.20,0.3100,2.1513,0.2246,4.1091,0.4642,0.4589,2.1582,0.1027,0.0097,-0.0930,59134
47,8,square_waypoints,0.01,0.003,0.0,0.12,left_gain_loss,fisher_grid,g0.60_0.90_s0.02,0.1200,1.8190,0.3192,5.6700,0.1269,0.1101,0.6447,0.0653,0.0124,-0.0529,59135
47,8,square_waypoints,0.01,0.003,0.0,0.12,left_gain_loss,constrained_fisher,g0.60_1.00_s0.10,0.1000,1.2083,0.6458,6.4800,0.0487,0.0929,0.3881,0.0757,0.0133,-0.0624,59136
47,8,square_waypoints,0.01,0.003,0.0,0.12,right_gain_loss,null_probe,g1.00_0.60_s0.10,0.1000,2.3464,0.1936,4.2850,0.0227,0.0885,0.3200,0.0222,0.0363,0.0142,59137
47,8,square_waypoints,0.01,0.003,0.0,0.12,right_gain_loss,unpaired_null,g1.00_0.60_s0.02,0.0200,2.2101,0.2189,4.2850,0.0233,0.2804,1.1357,0.0337,0.1751,0.1414,59138
47,8,square_waypoints,0.01,0.003,0.0,0.12,right_gain_loss,random_probe,g1.00_0.60_s0.02,0.0200,2.4277,0.2176,2.2284,0.0457,0.0641,0.3597,0.0214,0.0614,0.0400,59139
47,8,square_waypoints,0.01,0.003,0.0,0.12,right_gain_loss,task_greedy,g1.00_0.60_s0.20,0.2000,2.2369,0.1911,4.1003,0.4233,0.4410,2.0922,0.0331,0.1531,0.1200,59140
47,8,square_waypoints,0.01,0.003,0.0,0.12,right_gain_loss,fisher_grid,g0.90_0.60_s0.02,0.1200,2.0746,0.2610,5.6700,0.0924,0.1730,0.6111,0.0437,0.1514,0.1077,59141
47,8,square_waypoints,0.01,0.003,0.0,0.12,right_gain_loss,constrained_fisher,g1.00_0.60_s0.02,0.0200,1.9352,0.3385,6.4800,0.0453,0.0907,0.4034,0.1032,0.1607,0.0575,59142
47,8,square_waypoints,0.01,0.003,0.0,0.12,symmetric_low_power,null_probe,g0.75_0.75_s0.10,0.1400,2.5782,0.1415,4.2850,0.0398,0.0749,0.3116,0.0560,0.0587,0.0027,59143
47,8,square_waypoints,0.01,0.003,0.0,0.12,symmetric_low_power,unpaired_null,g0.75_0.75_s0.02,0.0600,2.5102,0.2563,4.2850,0.0393,0.2100,0.8505,0.0178,0.0696,0.0518,59144
47,8,square_waypoints,0.01,0.003,0.0,0.12,symmetric_low_power,random_probe,g0.75_0.60_s0.02,0.1500,3.1318,0.1128,1.7804,0.1209,0.1065,0.4095,0.0350,0.0846,0.0496,59145
47,8,square_waypoints,0.01,0.003,0.0,0.12,symmetric_low_power,task_greedy,g0.75_0.75_s0.02,0.0600,2.7482,0.1607,3.9203,0.3783,0.3977,1.7707,0.0391,0.0502,0.0111,59146
47,8,square_waypoints,0.01,0.003,0.0,0.12,symmetric_low_power,fisher_grid,g0.60_0.75_s0.02,0.1500,1.8794,0.3998,5.6700,0.0740,0.1262,0.5044,0.0604,0.0793,0.0189,59147
47,8,square_waypoints,0.01,0.003,0.0,0.12,symmetric_low_power,constrained_fisher,g0.90_0.60_s0.02,0.3000,1.3658,0.5634,6.4800,0.0103,0.0802,0.3677,0.0317,0.0390,0.0073,59148
47,8,square_waypoints,0.01,0.003,0.0,0.12,high_slip,null_probe,g1.00_1.00_s0.20,0.0000,1.9152,0.2697,4.2850,0.0768,0.0966,0.5244,0.1522,0.1522,0.0000,59149
47,8,square_waypoints,0.01,0.003,0.0,0.12,high_slip,unpaired_null,g0.90_0.90_s0.20,0.2000,2.3574,0.1776,4.2850,0.0531,0.2789,1.1413,0.1546,0.1006,-0.0540,59150
47,8,square_waypoints,0.01,0.003,0.0,0.12,high_slip,random_probe,g1.00_1.00_s0.02,0.1800,2.7804,0.1371,1.4858,0.2623,0.2636,0.9742,0.0671,0.0671,0.0000,59151
47,8,square_waypoints,0.01,0.003,0.0,0.12,high_slip,task_greedy,g1.00_1.00_s0.20,0.0000,2.0374,0.2299,3.9203,0.5805,0.5623,2.5141,0.1185,0.1185,0.0000,59152
47,8,square_waypoints,0.01,0.003,0.0,0.12,high_slip,fisher_grid,g1.00_1.00_s0.20,0.0000,1.0013,0.6817,5.6700,0.2229,0.2216,1.0298,0.0847,0.0847,0.0000,59153
47,8,square_waypoints,0.01,0.003,0.0,0.12,high_slip,constrained_fisher,g1.00_1.00_s0.20,0.0000,1.4370,0.4541,6.4800,0.0906,0.0938,0.6400,0.1688,0.1688,0.0000,59154
48,8,square_waypoints,0.01,0.003,0.0,0.12,left_gain_loss,null_probe,g0.60_1.00_s0.02,0.0200,1.9137,0.3551,4.2850,0.0340,0.0875,0.3332,0.0349,0.0299,-0.0050,60155
48,8,square_waypoints,0.01,0.003,0.0,0.12,left_gain_loss,unpaired_null,g0.60_1.00_s0.02,0.0200,1.8959,0.2372,4.2850,0.0299,0.1824,0.8676,0.0414,0.0151,-0.0263,60156
48,8,square_waypoints,0.01,0.003,0.0,0.12,left_gain_loss,random_probe,g0.75_1.00_s0.02,0.1300,3.0292,0.1153,1.5965,0.0479,0.1242,0.5468,0.0157,0.1560,0.1403,60157
48,8,square_waypoints,0.01,0.003,0.0,0.12,left_gain_loss,task_greedy,g0.60_1.00_s0.20,0.2000,2.1181,0.1858,4.1063,0.4219,0.4478,2.0884,0.0295,0.1300,0.1005,60158
48,8,square_waypoints,0.01,0.003,0.0,0.12,left_gain_loss,fisher_grid,g0.60_1.00_s0.02,0.0200,1.3218,0.5955,5.6700,0.1175,0.1069,0.5712,0.0872,0.0782,-0.0091,60159
48,8,square_waypoints,0.01,0.003,0.0,0.12,left_gain_loss,constrained_fisher,g0.60_1.00_s0.02,0.0200,1.8129,0.4034,6.4800,0.0184,0.1029,0.4752,0.0154,0.0501,0.0347,60160
48,8,square_waypoints,0.01,0.003,0.0,0.12,right_gain_loss,null_probe,g1.00_0.60_s0.10,0.1000,2.1695,0.1930,4.2850,0.0184,0.0893,0.3743,0.0305,0.0571,0.0266,60161
48,8,square_waypoints,0.01,0.003,0.0,0.12,right_gain_loss,unpaired_null,g1.00_0.60_s0.02,0.0200,1.6001,0.3820,4.2850,0.0204,0.2758,1.1283,0.0236,0.0266,0.0030,60162
48,8,square_waypoints,0.01,0.003,0.0,0.12,right_gain_loss,random_probe,g0.90_0.60_s0.02,0.1200,2.8252,0.1357,1.9071,0.0502,0.0896,0.3974,0.0613,0.0116,-0.0497,60163
48,8,square_waypoints,0.01,0.003,0.0,0.12,right_gain_loss,task_greedy,g1.00_0.60_s0.20,0.2000,2.2092,0.1852,4.1014,0.4541,0.4609,2.1474,0.0285,0.0727,0.0442,60164
48,8,square_waypoints,0.01,0.003,0.0,0.12,right_gain_loss,fisher_grid,g1.00_0.75_s0.02,0.1300,2.0002,0.2420,5.6700,0.0944,0.1738,0.6246,0.0478,0.0406,-0.0073,60165
48,8,square_waypoints,0.01,0.003,0.0,0.12,right_gain_loss,constrained_fisher,g1.00_0.60_s0.02,0.0200,1.3254,0.5374,6.4800,0.0139,0.0921,0.3831,0.0221,0.0196,-0.0025,60166
48,8,square_waypoints,0.01,0.003,0.0,0.12,symmetric_low_power,null_probe,g0.75_0.75_s0.02,0.0600,2.5138,0.2115,4.2850,0.0388,0.0760,0.3238,0.0203,0.0747,0.0544,60167
48,8,square_waypoints,0.01,0.003,0.0,0.12,symmetric_low_power,unpaired_null,g0.75_0.75_s0.10,0.1400,2.6068,0.1586,4.2850,0.0204,0.2063,0.8693,0.0491,0.0534,0.0042,60168
48,8,square_waypoints,0.01,0.003,0.0,0.12,symmetric_low_power,random_probe,g0.75_0.60_s0.02,0.1500,3.0152,0.1252,1.5278,0.0910,0.0876,0.3851,0.0292,0.0543,0.0251,60169
48,8,square_waypoints,0.01,0.003,0.0,0.12,symmetric_low_power,task_greedy,g0.75_0.75_s0.02,0.0600,2.9241,0.1454,3.9201,0.3957,0.4003,1.7994,0.0350,0.0559,0.0210,60170
48,8,square_waypoints,0.01,0.003,0.0,0.12,symmetric_low_power,fisher_grid,g0.60_0.75_s0.02,0.1500,2.1311,0.2575,5.6700,0.0682,0.1256,0.4665,0.0537,0.0604,0.0067,60171
48,8,square_waypoints,0.01,0.003,0.0,0.12,symmetric_low_power,constrained_fisher,g0.75_0.75_s0.02,0.0600,1.8461,0.3446,6.4800,0.0332,0.0680,0.2933,0.0507,0.0768,0.0260,60172
48,8,square_waypoints,0.01,0.003,0.0,0.12,high_slip,null_probe,g1.00_1.00_s0.20,0.0000,1.4138,0.5267,4.2850,0.0257,0.1172,0.5341,0.0611,0.0611,0.0000,60173
48,8,square_waypoints,0.01,0.003,0.0,0.12,high_slip,unpaired_null,g1.00_0.90_s0.20,0.1000,1.9003,0.3407,4.2850,0.0592,0.2820,1.2710,0.0988,0.0951,-0.0037,60174
48,8,square_waypoints,0.01,0.003,0.0,0.12,high_slip,random_probe,g0.90_1.00_s0.20,0.1000,2.0610,0.2913,2.5112,0.3048,0.3021,1.2941,0.0959,0.0590,-0.0369,60175
48,8,square_waypoints,0.01,0.003,0.0,0.12,high_slip,task_greedy,g1.00_1.00_s0.02,0.1800,2.1543,0.2072,3.9209,0.5417,0.5589,2.5499,0.1951,0.1951,0.0000,60176
48,8,square_waypoints,0.01,0.003,0.0,0.12,high_slip,fisher_grid,g1.00_1.00_s0.20,0.0000,1.4143,0.5235,5.6700,0.2263,0.2049,0.9085,0.1004,0.1004,0.0000,60177
48,8,square_waypoints,0.01,0.003,0.0,0.12,high_slip,constrained_fisher,g1.00_1.00_s0.20,0.0000,1.3262,0.4831,6.1763,0.1005,0.1049,0.6214,0.1142,0.1142,0.0000,60178
49,8,square_waypoints,0.01,0.003,0.0,0.12,left_gain_loss,null_probe,g0.60_1.00_s0.02,0.0200,1.7125,0.4510,4.2850,0.0302,0.1028,0.3842,0.0349,0.0213,-0.0136,61179
49,8,square_waypoints,0.01,0.003,0.0,0.12,left_gain_loss,unpaired_null,g0.75_1.00_s0.02,0.1300,2.3445,0.2494,4.2850,0.0107,0.1728,0.7886,0.0723,0.0102,-0.0621,61180
49,8,square_waypoints,0.01,0.003,0.0,0.12,left_gain_loss,random_probe,g0.60_1.00_s0.02,0.0200,2.1464,0.2804,2.3674,0.0596,0.1211,0.3942,0.0334,0.1104,0.0770,61181
49,8,square_waypoints,0.01,0.003,0.0,0.12,left_gain_loss,task_greedy,g0.60_1.00_s0.20,0.2000,2.1350,0.2239,4.0960,0.4665,0.4511,2.0781,0.0866,0.1656,0.0790,61182
49,8,square_waypoints,0.01,0.003,0.0,0.12,left_gain_loss,fisher_grid,g0.60_1.00_s0.02,0.0200,1.1142,0.6651,5.6700,0.0929,0.1149,0.6089,0.1109,0.0380,-0.0729,61183
49,8,square_waypoints,0.01,0.003,0.0,0.12,left_gain_loss,constrained_fisher,g0.60_1.00_s0.02,0.0200,1.0794,0.6759,6.4800,0.0407,0.1018,0.4423,0.0215,0.1135,0.0920,61184
49,8,square_waypoints,0.01,0.003,0.0,0.12,right_gain_loss,null_probe,g1.00_0.60_s0.02,0.0200,2.0936,0.2534,4.2850,0.0293,0.0959,0.3758,0.0676,0.0173,-0.0502,61185
49,8,square_waypoints,0.01,0.003,0.0,0.12,right_gain_loss,unpaired_null,g1.00_0.60_s0.02,0.0200,1.7861,0.3275,4.2850,0.0351,0.2732,1.1003,0.0159,0.1599,0.1440,61186
49,8,square_waypoints,0.01,0.003,0.0,0.12,right_gain_loss,random_probe,g0.90_0.60_s0.02,0.1200,2.6540,0.2148,2.1010,0.0168,0.1044,0.5481,0.1001,0.0995,-0.0006,61187
49,8,square_waypoints,0.01,0.003,0.0,0.12,right_gain_loss,task_greedy,g1.00_0.60_s0.20,0.2000,2.0891,0.2069,4.0981,0.4295,0.4459,2.0997,0.0292,0.0157,-0.0136,61188
49,8,square_waypoints,0.01,0.003,0.0,0.12,right_gain_loss,fisher_grid,g1.00_0.60_s0.02,0.0200,1.6428,0.4112,5.6700,0.0991,0.1775,0.6463,0.0793,0.0206,-0.0588,61189
49,8,square_waypoints,0.01,0.003,0.0,0.12,right_gain_loss,constrained_fisher,g1.00_0.60_s0.02,0.0200,1.8719,0.3136,6.4800,0.0285,0.1038,0.4593,0.0171,0.1528,0.1357,61190
49,8,square_waypoints,0.01,0.003,0.0,0.12,symmetric_low_power,null_probe,g0.75_0.75_s0.20,0.2400,2.5219,0.1909,4.2850,0.0492,0.0607,0.2549,0.0133,0.0778,0.0645,61191
49,8,square_waypoints,0.01,0.003,0.0,0.12,symmetric_low_power,unpaired_null,g0.75_0.75_s0.02,0.0600,2.5447,0.2602,4.2850,0.0322,0.2028,0.8371,0.0424,0.0524,0.0101,61192
49,8,square_waypoints,0.01,0.003,0.0,0.12,symmetric_low_power,random_probe,g0.75_0.60_s0.02,0.1500,3.2142,0.0912,1.7497,0.0654,0.0878,0.5185,0.0395,0.0850,0.0455,61193
49,8,square_waypoints,0.01,0.003,0.0,0.12,symmetric_low_power,task_greedy,g0.75_0.75_s0.20,0.2400,2.9044,0.1517,3.9202,0.4201,0.4140,1.8660,0.0413,0.0784,0.0370,61194
49,8,square_waypoints,0.01,0.003,0.0,0.12,symmetric_low_power,fisher_grid,g0.75_0.75_s0.10,0.1400,2.3752,0.2407,5.6700,0.0955,0.1257,0.4724,0.0432,0.0861,0.0429,61195
49,8,square_waypoints,0.01,0.003,0.0,0.12,symmetric_low_power,constrained_fisher,g0.75_0.75_s0.02,0.0600,1.5140,0.5059,6.4800,0.0277,0.0834,0.3440,0.0490,0.0684,0.0194,61196
49,8,square_waypoints,0.01,0.003,0.0,0.12,high_slip,null_probe,g1.00_1.00_s0.10,0.1000,2.1956,0.2707,4.2850,0.1176,0.1348,0.7396,0.0855,0.0855,0.0000,61197
49,8,square_waypoints,0.01,0.003,0.0,0.12,high_slip,unpaired_null,g1.00_1.00_s0.10,0.1000,2.3044,0.1886,4.2850,0.0240,0.2935,1.2408,0.1898,0.1898,0.0000,61198
49,8,square_waypoints,0.01,0.003,0.0,0.12,high_slip,random_probe,g1.00_1.00_s0.10,0.1000,3.0575,0.0863,1.7407,0.0609,0.1241,0.5736,0.1666,0.1666,0.0000,61199
49,8,square_waypoints,0.01,0.003,0.0,0.12,high_slip,task_greedy,g1.00_1.00_s0.02,0.1800,2.3924,0.1652,3.9202,0.5708,0.5661,2.5274,0.1031,0.1031,0.0000,61200
49,8,square_waypoints,0.01,0.003,0.0,0.12,high_slip,fisher_grid,g1.00_1.00_s0.20,0.0000,1.6839,0.3643,5.6700,0.1972,0.2015,0.9162,0.1052,0.1052,0.0000,61201
49,8,square_waypoints,0.01,0.003,0.0,0.12,high_slip,constrained_fisher,g1.00_1.00_s0.10,0.1000,1.7373,0.3939,6.4800,0.0700,0.1070,0.6929,0.1245,0.1245,0.0000,61202
50,8,square_waypoints,0.01,0.003,0.0,0.12,left_gain_loss,null_probe,g0.60_1.00_s0.10,0.1000,2.0047,0.3248,4.2850,0.0201,0.0945,0.3467,0.0887,0.0773,-0.0114,62203
50,8,square_waypoints,0.01,0.003,0.0,0.12,left_gain_loss,unpaired_null,g0.75_1.00_s0.02,0.1300,2.2253,0.2594,4.2850,0.0337,0.1821,0.8524,0.0863,0.0334,-0.0528,62204
50,8,square_waypoints,0.01,0.003,0.0,0.12,left_gain_loss,random_probe,g0.60_0.90_s0.02,0.1200,2.2110,0.2840,2.7171,0.1006,0.1316,0.6686,0.0616,0.0176,-0.0440,62205
50,8,square_waypoints,0.01,0.003,0.0,0.12,left_gain_loss,task_greedy,g0.60_0.90_s0.20,0.3000,2.6057,0.1395,4.0943,0.4510,0.4439,2.0762,0.0771,0.1110,0.0340,62206
50,8,square_waypoints,0.01,0.003,0.0,0.12,left_gain_loss,fisher_grid,g0.60_1.00_s0.02,0.0200,1.6366,0.4118,5.6700,0.1111,0.1133,0.6404,0.0227,0.2068,0.1841,62207
50,8,square_waypoints,0.01,0.003,0.0,0.12,left_gain_loss,constrained_fisher,g0.60_1.00_s0.02,0.0200,1.7895,0.4003,6.4800,0.0234,0.0905,0.3812,0.0386,0.0957,0.0572,62208
50,8,square_waypoints,0.01,0.003,0.0,0.12,right_gain_loss,null_probe,g1.00_0.60_s0.02,0.0200,2.0309,0.3118,4.2850,0.0227,0.0797,0.3473,0.0440,0.0474,0.0034,62209
50,8,square_waypoints,0.01,0.003,0.0,0.12,right_gain_loss,unpaired_null,g1.00_0.60_s0.10,0.1000,2.4260,0.1546,4.2850,0.0367,0.2772,1.1852,0.0788,0.0156,-0.0632,62210
50,8,square_waypoints,0.01,0.003,0.0,0.12,right_gain_loss,random_probe,g1.00_0.75_s0.02,0.1300,2.0261,0.3888,3.1362,0.2092,0.1868,0.7213,0.0458,0.0450,-0.0008,62211
50,8,square_waypoints,0.01,0.003,0.0,0.12,right_gain_loss,task_greedy,g1.00_0.60_s0.02,0.0200,2.2887,0.1767,4.0927,0.4347,0.4517,2.1161,0.0577,0.0480,-0.0098,62212
50,8,square_waypoints,0.01,0.003,0.0,0.12,right_gain_loss,fisher_grid,g1.00_0.60_s0.02,0.0200,1.6206,0.3449,5.6700,0.1168,0.1791,0.6493,0.0573,0.0793,0.0220,62213
50,8,square_waypoints,0.01,0.003,0.0,0.12,right_gain_loss,constrained_fisher,g1.00_0.60_s0.02,0.0200,1.8013,0.3850,6.4800,0.0194,0.0949,0.4378,0.0268,0.1458,0.1190,62214
50,8,square_waypoints,0.01,0.003,0.0,0.12,symmetric_low_power,null_probe,g0.75_0.60_s0.02,0.1500,2.5094,0.1718,4.2850,0.0089,0.0676,0.2819,0.0084,0.0382,0.0298,62215
50,8,square_waypoints,0.01,0.003,0.0,0.12,symmetric_low_power,unpaired_null,g0.75_0.75_s0.02,0.0600,2.5627,0.1315,4.2850,0.0383,0.1967,0.7972,0.0281,0.0409,0.0127,62216
50,8,square_waypoints,0.01,0.003,0.0,0.12,symmetric_low_power,random_probe,g0.75_0.60_s0.02,0.1500,2.8228,0.1450,2.6972,0.1655,0.1787,1.0046,0.0109,0.0293,0.0184,62217
50,8,square_waypoints,0.01,0.003,0.0,0.12,symmetric_low_power,task_greedy,g0.75_0.75_s0.02,0.0600,2.7649,0.1379,3.9201,0.3828,0.4062,1.8368,0.0123,0.0657,0.0534,62218
50,8,square_waypoints,0.01,0.003,0.0,0.12,symmetric_low_power,fisher_grid,g0.75_0.75_s0.02,0.0600,2.1032,0.3177,5.6700,0.0912,0.1280,0.4993,0.0607,0.0962,0.0355,62219
50,8,square_waypoints,0.01,0.003,0.0,0.12,symmetric_low_power,constrained_fisher,g0.75_0.75_s0.02,0.0600,1.7050,0.4362,6.4800,0.0090,0.0703,0.3050,0.0438,0.0569,0.0131,62220
50,8,square_waypoints,0.01,0.003,0.0,0.12,high_slip,null_probe,g1.00_1.00_s0.20,0.0000,2.1407,0.2046,4.2850,0.0279,0.1067,0.4561,0.0286,0.0286,0.0000,62221
50,8,square_waypoints,0.01,0.003,0.0,0.12,high_slip,unpaired_null,g0.90_0.90_s0.02,0.3800,2.4594,0.1713,4.2850,0.0746,0.2890,1.2975,0.0418,0.0378,-0.0040,62222
50,8,square_waypoints,0.01,0.003,0.0,0.12,high_slip,random_probe,g1.00_1.00_s0.10,0.1000,1.6540,0.5096,3.4871,0.1793,0.1810,0.9266,0.1502,0.1502,0.0000,62223
50,8,square_waypoints,0.01,0.003,0.0,0.12,high_slip,task_greedy,g1.00_1.00_s0.02,0.1800,2.3245,0.1788,3.9201,0.5661,0.5628,2.5095,0.0747,0.0747,0.0000,62224
50,8,square_waypoints,0.01,0.003,0.0,0.12,high_slip,fisher_grid,g0.90_1.00_s0.20,0.1000,1.1961,0.5529,5.6700,0.2374,0.2382,1.0367,0.0649,0.1243,0.0594,62225
50,8,square_waypoints,0.01,0.003,0.0,0.12,high_slip,constrained_fisher,g1.00_1.00_s0.20,0.0000,1.3425,0.5794,4.0500,0.0953,0.1420,0.9163,0.1505,0.1505,0.0000,62226
51,8,square_waypoints,0.01,0.003,0.0,0.12,left_gain_loss,null_probe,g0.60_1.00_s0.02,0.0200,2.0297,0.2900,4.2850,0.0121,0.0821,0.2995,0.0616,0.0160,-0.0457,63227
51,8,square_waypoints,0.01,0.003,0.0,0.12,left_gain_loss,unpaired_null,g0.75_1.00_s0.02,0.1300,2.0458,0.2534,4.2850,0.0325,0.1764,0.8192,0.0252,0.0168,-0.0084,63228
51,8,square_waypoints,0.01,0.003,0.0,0.12,left_gain_loss,random_probe,g0.60_1.00_s0.02,0.0200,2.1506,0.2973,2.8271,0.1308,0.1423,0.9129,0.0408,0.1442,0.1034,63229
51,8,square_waypoints,0.01,0.003,0.0,0.12,left_gain_loss,task_greedy,g0.60_1.00_s0.02,0.0200,2.0259,0.2116,4.1016,0.4607,0.4471,2.0551,0.0305,0.0363,0.0058,63230
51,8,square_waypoints,0.01,0.003,0.0,0.12,left_gain_loss,fisher_grid,g0.60_1.00_s0.02,0.0200,1.6492,0.3657,5.6700,0.0854,0.1202,0.5901,0.0266,0.0335,0.0069,63231
51,8,square_waypoints,0.01,0.003,0.0,0.12,left_gain_loss,constrained_fisher,g0.60_1.00_s0.02,0.0200,1.3117,0.5818,6.4800,0.0173,0.0969,0.3828,0.0192,0.1809,0.1618,63232
51,8,square_waypoints,0.01,0.003,0.0,0.12,right_gain_loss,null_probe,g1.00_0.60_s0.02,0.0200,1.8684,0.2814,4.2850,0.0501,0.0914,0.3234,0.0523,0.0462,-0.0060,63233
51,8,square_waypoints,0.01,0.003,0.0,0.12,right_gain_loss,unpaired_null,g1.00_0.60_s0.10,0.1000,1.5592,0.3633,4.2850,0.0223,0.2779,1.1576,0.0233,0.0186,-0.0047,63234
51,8,square_waypoints,0.01,0.003,0.0,0.12,right_gain_loss,random_probe,g1.00_0.60_s0.20,0.2000,1.8659,0.3943,1.6577,0.2187,0.2101,0.6043,0.0802,0.1600,0.0798,63235
51,8,square_waypoints,0.01,0.003,0.0,0.12,right_gain_loss,task_greedy,g1.00_0.60_s0.02,0.0200,1.9221,0.2147,4.1018,0.4684,0.4392,2.0500,0.0297,0.0187,-0.0110,63236
51,8,square_waypoints,0.01,0.003,0.0,0.12,right_gain_loss,fisher_grid,g0.90_0.60_s0.02,0.1200,1.5442,0.5045,5.6700,0.1019,0.1640,0.6582,0.0342,0.1785,0.1444,63237
51,8,square_waypoints,0.01,0.003,0.0,0.12,right_gain_loss,constrained_fisher,g1.00_0.60_s0.02,0.0200,1.3139,0.6053,6.1763,0.0762,0.1064,0.5031,0.0340,0.1548,0.1209,63238
51,8,square_waypoints,0.01,0.003,0.0,0.12,symmetric_low_power,null_probe,g0.60_0.60_s0.02,0.2400,2.4553,0.1689,4.2850,0.0243,0.0674,0.2812,0.0448,0.0430,-0.0017,63239
51,8,square_waypoints,0.01,0.003,0.0,0.12,symmetric_low_power,unpaired_null,g0.75_0.75_s0.10,0.1400,2.5556,0.1637,4.2850,0.0188,0.2036,0.8278,0.0519,0.0850,0.0331,63240
51,8,square_waypoints,0.01,0.003,0.0,0.12,symmetric_low_power,random_probe,g0.75_0.75_s0.02,0.0600,2.8740,0.1880,2.6937,0.1000,0.0832,0.3821,0.0431,0.0487,0.0057,63241
51,8,square_waypoints,0.01,0.003,0.0,0.12,symmetric_low_power,task_greedy,g0.75_0.75_s0.02,0.0600,2.9320,0.1389,3.9201,0.3952,0.3974,1.8088,0.0307,0.0760,0.0453,63242
51,8,square_waypoints,0.01,0.003,0.0,0.12,symmetric_low_power,fisher_grid,g0.75_0.75_s0.02,0.0600,2.0963,0.2940,5.6700,0.0916,0.1307,0.5028,0.0198,0.0207,0.0010,63243
51,8,square_waypoints,0.01,0.003,0.0,0.12,symmetric_low_power,constrained_fisher,g0.75_0.60_s0.02,0.1500,1.7652,0.3487,6.4800,0.0069,0.0719,0.3144,0.0290,0.0520,0.0230,63244
51,8,square_waypoints,0.01,0.003,0.0,0.12,high_slip,null_probe,g1.00_1.00_s0.10,0.1000,2.2210,0.2120,4.2850,0.0466,0.1374,0.5882,0.1179,0.1179,0.0000,63245
51,8,square_waypoints,0.01,0.003,0.0,0.12,high_slip,unpaired_null,g1.00_1.00_s0.20,0.0000,1.1621,0.5720,4.2850,0.1457,0.2876,1.4547,0.0406,0.0406,0.0000,63246
51,8,square_waypoints,0.01,0.003,0.0,0.12,high_slip,random_probe,g1.00_1.00_s0.20,0.0000,2.3252,0.2033,2.0694,0.0587,0.0993,0.5276,0.1401,0.1401,0.0000,63247
51,8,square_waypoints,0.01,0.003,0.0,0.12,high_slip,task_greedy,g1.00_1.00_s0.20,0.0000,2.2659,0.1910,3.9202,0.5510,0.5623,2.5604,0.0335,0.0335,0.0000,63248
51,8,square_waypoints,0.01,0.003,0.0,0.12,high_slip,fisher_grid,g1.00_1.00_s0.20,0.0000,1.3490,0.4901,5.6700,0.1905,0.1959,0.8774,0.0204,0.0204,0.0000,63249
51,8,square_waypoints,0.01,0.003,0.0,0.12,high_slip,constrained_fisher,g1.00_1.00_s0.20,0.0000,0.9736,0.5445,6.1763,0.1213,0.1738,0.7060,0.0598,0.0598,0.0000,63250
52,8,square_waypoints,0.01,0.003,0.0,0.12,left_gain_loss,null_probe,g0.60_1.00_s0.10,0.1000,2.3051,0.2095,4.2850,0.0234,0.0838,0.3257,0.0050,0.0722,0.0672,64251
52,8,square_waypoints,0.01,0.003,0.0,0.12,left_gain_loss,unpaired_null,g0.60_1.00_s0.02,0.0200,2.3105,0.1845,4.2850,0.0070,0.1723,0.7797,0.0866,0.0202,-0.0664,64252
52,8,square_waypoints,0.01,0.003,0.0,0.12,left_gain_loss,random_probe,g0.60_1.00_s0.02,0.0200,1.4241,0.5387,3.1090,0.1906,0.1864,0.7343,0.0521,0.0436,-0.0086,64253
52,8,square_waypoints,0.01,0.003,0.0,0.12,left_gain_loss,task_greedy,g0.60_0.90_s0.02,0.1200,2.1898,0.1760,4.0952,0.4378,0.4434,2.0988,0.0262,0.1239,0.0977,64254
52,8,square_waypoints,0.01,0.003,0.0,0.12,left_gain_loss,fisher_grid,g0.60_1.00_s0.10,0.1000,2.0525,0.3082,5.6700,0.1191,0.1111,0.5882,0.0724,0.2311,0.1587,64255
52,8,square_waypoints,0.01,0.003,0.0,0.12,left_gain_loss,constrained_fisher,g0.75_0.90_s0.02,0.2300,1.9041,0.4143,6.4800,0.0163,0.1006,0.4929,0.1067,0.0309,-0.0758,64256
52,8,square_waypoints,0.01,0.003,0.0,0.12,right_gain_loss,null_probe,g1.00_0.60_s0.02,0.0200,1.6542,0.4494,4.2850,0.0396,0.0975,0.3812,0.0297,0.0446,0.0149,64257
52,8,square_waypoints,0.01,0.003,0.0,0.12,right_gain_loss,unpaired_null,g1.00_0.60_s0.02,0.0200,2.0831,0.2337,4.2850,0.0122,0.2769,1.1260,0.1005,0.0339,-0.0666,64258
52,8,square_waypoints,0.01,0.003,0.0,0.12,right_gain_loss,random_probe,g0.90_0.75_s0.02,0.2300,3.3774,0.0725,1.4214,0.1573,0.1678,0.7624,0.0335,0.0115,-0.0221,64259
52,8,square_waypoints,0.01,0.003,0.0,0.12,right_gain_loss,task_greedy,g1.00_0.60_s0.02,0.0200,2.2404,0.1790,4.1034,0.4614,0.4446,2.0916,0.0084,0.1086,0.1002,64260
52,8,square_waypoints,0.01,0.003,0.0,0.12,right_gain_loss,fisher_grid,g1.00_0.60_s0.10,0.1000,1.7042,0.2743,5.6700,0.1002,0.1715,0.6222,0.0236,0.0517,0.0281,64261
52,8,square_waypoints,0.01,0.003,0.0,0.12,right_gain_loss,constrained_fisher,g1.00_0.60_s0.02,0.0200,1.7423,0.3683,6.1763,0.0660,0.0987,0.4925,0.0164,0.0710,0.0546,64262
52,8,square_waypoints,0.01,0.003,0.0,0.12,symmetric_low_power,null_probe,g0.75_0.75_s0.02,0.0600,2.3676,0.3094,4.2850,0.0249,0.0610,0.2833,0.0522,0.0374,-0.0148,64263
52,8,square_waypoints,0.01,0.003,0.0,0.12,symmetric_low_power,unpaired_null,g0.75_0.90_s0.20,0.3900,2.7096,0.1355,4.2850,0.0358,0.1996,0.8265,0.0405,0.0995,0.0590,64264
52,8,square_waypoints,0.01,0.003,0.0,0.12,symmetric_low_power,random_probe,g0.60_0.75_s0.10,0.2300,2.9475,0.1362,2.2997,0.0549,0.1314,0.5183,0.0531,0.0684,0.0153,64265
52,8,square_waypoints,0.01,0.003,0.0,0.12,symmetric_low_power,task_greedy,g0.75_0.75_s0.20,0.2400,2.7132,0.1192,3.9201,0.3845,0.3936,1.7616,0.0341,0.0456,0.0115,64266
52,8,square_waypoints,0.01,0.003,0.0,0.12,symmetric_low_power,fisher_grid,g0.75_0.75_s0.02,0.0600,1.9126,0.4283,5.6700,0.0911,0.1252,0.4862,0.0207,0.0169,-0.0038,64267
52,8,square_waypoints,0.01,0.003,0.0,0.12,symmetric_low_power,constrained_fisher,g0.60_0.90_s0.02,0.3000,1.6674,0.4854,6.4800,0.0292,0.0824,0.3820,0.0666,0.0600,-0.0065,64268
52,8,square_waypoints,0.01,0.003,0.0,0.12,high_slip,null_probe,g1.00_1.00_s0.20,0.0000,1.8873,0.3351,4.2850,0.0339,0.0921,0.4234,0.1068,0.1068,0.0000,64269
52,8,square_waypoints,0.01,0.003,0.0,0.12,high_slip,unpaired_null,g1.00_1.00_s0.20,0.0000,1.9756,0.2882,4.2850,0.0276,0.2747,1.1283,0.1580,0.1580,0.0000,64270
52,8,square_waypoints,0.01,0.003,0.0,0.12,high_slip,random_probe,g1.00_1.00_s0.20,0.0000,1.8864,0.3545,2.2593,0.1151,0.1433,0.7466,0.1133,0.1133,0.0000,64271
52,8,square_waypoints,0.01,0.003,0.0,0.12,high_slip,task_greedy,g1.00_1.00_s0.20,0.0000,2.1459,0.2133,3.9205,0.5935,0.5773,2.5948,0.2167,0.2167,0.0000,64272
52,8,square_waypoints,0.01,0.003,0.0,0.12,high_slip,fisher_grid,g1.00_1.00_s0.20,0.0000,1.6438,0.3518,5.6700,0.1344,0.1741,0.7936,0.0923,0.0923,0.0000,64273
52,8,square_waypoints,0.01,0.003,0.0,0.12,high_slip,constrained_fisher,g1.00_1.00_s0.20,0.0000,1.4058,0.4317,6.4800,0.0860,0.1016,0.7619,0.1519,0.1519,0.0000,64274
53,8,square_waypoints,0.01,0.003,0.0,0.12,left_gain_loss,null_probe,g0.60_1.00_s0.20,0.2000,2.1394,0.2188,4.2850,0.0370,0.0859,0.4115,0.0311,0.0608,0.0297,65275
53,8,square_waypoints,0.01,0.003,0.0,0.12,left_gain_loss,unpaired_null,g0.75_1.00_s0.02,0.1300,2.0870,0.2639,4.2850,0.0437,0.1790,0.8350,0.0413,0.0238,-0.0176,65276
53,8,square_waypoints,0.01,0.003,0.0,0.12,left_gain_loss,random_probe,g0.60_1.00_s0.02,0.0200,2.8932,0.1123,1.6076,0.0690,0.0711,0.4000,0.0598,0.1481,0.0883,65277
53,8,square_waypoints,0.01,0.003,0.0,0.12,left_gain_loss,task_greedy,g0.60_0.90_s0.02,0.1200,2.1253,0.1711,4.1073,0.4396,0.4391,2.0921,0.0334,0.0424,0.0090,65278
53,8,square_waypoints,0.01,0.003,0.0,0.12,left_gain_loss,fisher_grid,g0.60_1.00_s0.02,0.0200,1.6710,0.4552,5.6700,0.1107,0.1053,0.5812,0.0149,0.0432,0.0283,65279
53,8,square_waypoints,0.01,0.003,0.0,0.12,left_gain_loss,constrained_fisher,g0.60_1.00_s0.02,0.0200,1.8166,0.3651,6.4800,0.0305,0.0968,0.4100,0.0306,0.0345,0.0039,65280
53,8,square_waypoints,0.01,0.003,0.0,0.12,right_gain_loss,null_probe,g1.00_0.75_s0.02,0.1300,1.9425,0.4263,4.2850,0.0247,0.0889,0.3161,0.0172,0.0266,0.0094,65281
53,8,square_waypoints,0.01,0.003,0.0,0.12,right_gain_loss,unpaired_null,g1.00_0.75_s0.02,0.1300,2.3235,0.2355,4.2850,0.0340,0.2788,1.1363,0.0842,0.0127,-0.0714,65282
53,8,square_waypoints,0.01,0.003,0.0,0.12,right_gain_loss,random_probe,g1.00_0.60_s0.02,0.0200,2.3625,0.2216,1.4030,0.1707,0.1868,0.8559,0.0273,0.1026,0.0753,65283
53,8,square_waypoints,0.01,0.003,0.0,0.12,right_gain_loss,task_greedy,g1.00_0.60_s0.02,0.0200,2.2650,0.1725,4.1064,0.4522,0.4556,2.1402,0.0736,0.0251,-0.0485,65284
53,8,square_waypoints,0.01,0.003,0.0,0.12,right_gain_loss,fisher_grid,g1.00_0.75_s0.10,0.2100,1.9069,0.2597,5.6700,0.0811,0.1800,0.6155,0.1275,0.0122,-0.1153,65285
53,8,square_waypoints,0.01,0.003,0.0,0.12,right_gain_loss,constrained_fisher,g1.00_0.60_s0.02,0.0200,1.0235,0.7219,6.4800,0.0485,0.0980,0.4412,0.0625,0.0348,-0.0276,65286
53,8,square_waypoints,0.01,0.003,0.0,0.12,symmetric_low_power,null_probe,g0.75_0.75_s0.10,0.1400,2.5500,0.2288,4.2850,0.0254,0.0660,0.2745,0.0391,0.0657,0.0266,65287
53,8,square_waypoints,0.01,0.003,0.0,0.12,symmetric_low_power,unpaired_null,g0.75_0.75_s0.02,0.0600,2.5741,0.2211,4.2850,0.0393,0.2022,0.8017,0.0341,0.0821,0.0480,65288
53,8,square_waypoints,0.01,0.003,0.0,0.12,symmetric_low_power,random_probe,g0.75_0.75_s0.02,0.0600,3.0168,0.1831,2.5653,0.1567,0.1238,0.6230,0.0285,0.0247,-0.0038,65289
53,8,square_waypoints,0.01,0.003,0.0,0.12,symmetric_low_power,task_greedy,g0.75_0.75_s0.20,0.2400,2.8917,0.1506,3.9203,0.4165,0.4065,1.8293,0.0338,0.0896,0.0558,65290
53,8,square_waypoints,0.01,0.003,0.0,0.12,symmetric_low_power,fisher_grid,g0.60_0.75_s0.02,0.1500,2.1668,0.2691,5.6700,0.1025,0.1268,0.5222,0.0286,0.0507,0.0221,65291
53,8,square_waypoints,0.01,0.003,0.0,0.12,symmetric_low_power,constrained_fisher,g0.75_0.75_s0.10,0.1400,2.0750,0.2881,6.4800,0.0256,0.0714,0.3105,0.0508,0.0140,-0.0368,65292
53,8,square_waypoints,0.01,0.003,0.0,0.12,high_slip,null_probe,g1.00_1.00_s0.10,0.1000,2.4831,0.1512,4.2850,0.0615,0.0985,0.5579,0.0997,0.0997,0.0000,65293
53,8,square_waypoints,0.01,0.003,0.0,0.12,high_slip,unpaired_null,g1.00_1.00_s0.02,0.1800,2.1692,0.2899,4.2850,0.0474,0.2815,1.1516,0.0453,0.0453,0.0000,65294
53,8,square_waypoints,0.01,0.003,0.0,0.12,high_slip,random_probe,g0.90_1.00_s0.20,0.1000,2.9541,0.1001,1.9677,0.2359,0.2338,1.0989,0.1236,0.1803,0.0567,65295
53,8,square_waypoints,0.01,0.003,0.0,0.12,high_slip,task_greedy,g0.90_0.90_s0.20,0.2000,2.8543,0.1044,3.9204,0.5713,0.5649,2.5595,0.0880,0.1069,0.0189,65296
53,8,square_waypoints,0.01,0.003,0.0,0.12,high_slip,fisher_grid,g0.90_1.00_s0.20,0.1000,1.4664,0.4650,5.6700,0.1321,0.1986,0.7800,0.1471,0.0289,-0.1182,65297
53,8,square_waypoints,0.01,0.003,0.0,0.12,high_slip,constrained_fisher,g1.00_1.00_s0.20,0.0000,1.8057,0.2899,2.8350,0.1255,0.1274,0.9880,0.0139,0.0139,0.0000,65298
54,8,square_waypoints,0.01,0.003,0.0,0.12,left_gain_loss,null_probe,g0.60_0.90_s0.02,0.1200,2.3851,0.1748,4.2850,0.0229,0.0836,0.3280,0.0576,0.0749,0.0173,66299
54,8,square_waypoints,0.01,0.003,0.0,0.12,left_gain_loss,unpaired_null,g0.60_1.00_s0.02,0.0200,1.8999,0.2875,4.2850,0.0233,0.1760,0.8128,0.0425,0.0714,0.0290,66300
54,8,square_waypoints,0.01,0.003,0.0,0.12,left_gain_loss,random_probe,g0.75_1.00_s0.02,0.1300,2.3480,0.2465,2.4334,0.0546,0.1304,0.5806,0.0853,0.0472,-0.0381,66301
54,8,square_waypoints,0.01,0.003,0.0,0.12,left_gain_loss,task_greedy,g0.60_1.00_s0.02,0.0200,2.4067,0.1477,4.1097,0.4472,0.4351,2.0192,0.0267,0.0287,0.0019,66302
54,8,square_waypoints,0.01,0.003,0.0,0.12,left_gain_loss,fisher_grid,g0.60_1.00_s0.02,0.0200,1.9898,0.2759,5.6700,0.0982,0.1117,0.5717,0.0232,0.0152,-0.0080,66303
54,8,square_waypoints,0.01,0.003,0.0,0.12,left_gain_loss,constrained_fisher,g0.60_1.00_s0.02,0.0200,1.4837,0.5172,6.4800,0.0378,0.0910,0.4350,0.0419,0.1612,0.1193,66304
54,8,square_waypoints,0.01,0.003,0.0,0.12,right_gain_loss,null_probe,g1.00_0.60_s0.20,0.2000,1.4500,0.3963,4.2850,0.0190,0.0842,0.3156,0.0564,0.0181,-0.0382,66305
54,8,square_waypoints,0.01,0.003,0.0,0.12,right_gain_loss,unpaired_null,g1.00_0.60_s0.02,0.0200,1.7675,0.4118,4.2850,0.0219,0.2901,1.2225,0.0614,0.0876,0.0263,66306
54,8,square_waypoints,0.01,0.003,0.0,0.12,right_gain_loss,random_probe,g0.90_0.60_s0.02,0.1200,2.6645,0.2054,2.5041,0.2957,0.3275,1.3380,0.0751,0.1195,0.0444,66307
54,8,square_waypoints,0.01,0.003,0.0,0.12,right_gain_loss,task_greedy,g1.00_0.60_s0.02,0.0200,2.2386,0.1910,4.1132,0.4377,0.4536,2.1675,0.0537,0.0554,0.0017,66308
54,8,square_waypoints,0.01,0.003,0.0,0.12,right_gain_loss,fisher_grid,g1.00_0.60_s0.02,0.0200,1.9119,0.2865,5.6700,0.1355,0.1811,0.6612,0.0221,0.0062,-0.0159,66309
54,8,square_waypoints,0.01,0.003,0.0,0.12,right_gain_loss,constrained_fisher,g1.00_0.60_s0.02,0.0200,0.4622,0.8910,6.4800,0.0247,0.0980,0.4360,0.0170,0.0171,0.0001,66310
54,8,square_waypoints,0.01,0.003,0.0,0.12,symmetric_low_power,null_probe,g0.75_0.75_s0.02,0.0600,2.4582,0.2866,4.2850,0.0312,0.0730,0.3095,0.0256,0.0544,0.0288,66311
54,8,square_waypoints,0.01,0.003,0.0,0.12,symmetric_low_power,unpaired_null,g0.75_0.75_s0.20,0.2400,2.8537,0.1412,4.2850,0.0110,0.2015,0.8377,0.0489,0.0906,0.0417,66312
54,8,square_waypoints,0.01,0.003,0.0,0.12,symmetric_low_power,random_probe,g0.75_0.75_s0.02,0.0600,3.0103,0.1414,2.4967,0.1526,0.1553,0.7748,0.0418,0.0536,0.0118,66313
54,8,square_waypoints,0.01,0.003,0.0,0.12,symmetric_low_power,task_greedy,g0.60_0.60_s0.02,0.2400,2.2103,0.1974,3.9201,0.4406,0.4232,1.8576,0.0159,0.0295,0.0136,66314
54,8,square_waypoints,0.01,0.003,0.0,0.12,symmetric_low_power,fisher_grid,g0.75_0.75_s0.02,0.0600,2.0601,0.3403,5.6700,0.0855,0.1295,0.4670,0.0412,0.0765,0.0352,66315
54,8,square_waypoints,0.01,0.003,0.0,0.12,symmetric_low_power,constrained_fisher,g0.75_0.75_s0.02,0.0600,1.5772,0.4656,6.4800,0.0282,0.0724,0.3262,0.0535,0.0603,0.0069,66316
54,8,square_waypoints,0.01,0.003,0.0,0.12,high_slip,null_probe,g1.00_1.00_s0.20,0.0000,1.1134,0.5862,4.2850,0.1184,0.1642,0.8761,0.1192,0.1192,0.0000,66317
54,8,square_waypoints,0.01,0.003,0.0,0.12,high_slip,unpaired_null,g1.00_1.00_s0.20,0.0000,1.7098,0.3704,4.2850,0.1142,0.2747,1.2836,0.0505,0.0505,0.0000,66318
54,8,square_waypoints,0.01,0.003,0.0,0.12,high_slip,random_probe,g1.00_1.00_s0.20,0.0000,2.4858,0.2159,2.1399,0.0953,0.1500,0.7445,0.0648,0.0648,0.0000,66319
54,8,square_waypoints,0.01,0.003,0.0,0.12,high_slip,task_greedy,g1.00_1.00_s0.20,0.0000,2.5874,0.1210,3.9205,0.5568,0.5617,2.5328,0.0460,0.0460,0.0000,66320
54,8,square_waypoints,0.01,0.003,0.0,0.12,high_slip,fisher_grid,g0.90_0.90_s0.20,0.2000,1.6245,0.3899,5.6700,0.2958,0.2981,1.5292,0.1261,0.1998,0.0737,66321
54,8,square_waypoints,0.01,0.003,0.0,0.12,high_slip,constrained_fisher,g1.00_1.00_s0.20,0.0000,1.4020,0.5552,6.4800,0.0853,0.1653,0.7077,0.0465,0.0465,0.0000,66322
55,8,square_waypoints,0.01,0.003,0.0,0.12,left_gain_loss,null_probe,g0.60_1.00_s0.02,0.0200,1.9000,0.3635,4.2850,0.0434,0.1006,0.4150,0.0515,0.0226,-0.0289,67323
55,8,square_waypoints,0.01,0.003,0.0,0.12,left_gain_loss,unpaired_null,g0.60_1.00_s0.02,0.0200,1.6820,0.3938,4.2850,0.0343,0.1796,0.8329,0.0270,0.0182,-0.0088,67324
55,8,square_waypoints,0.01,0.003,0.0,0.12,left_gain_loss,random_probe,g0.60_0.90_s0.02,0.1200,3.0587,0.1149,1.3842,0.0408,0.0833,0.3008,0.0485,0.0158,-0.0327,67325
55,8,square_waypoints,0.01,0.003,0.0,0.12,left_gain_loss,task_greedy,g0.60_1.00_s0.20,0.2000,2.3653,0.1951,4.1104,0.4385,0.4551,2.1147,0.0233,0.0222,-0.0011,67326
55,8,square_waypoints,0.01,0.003,0.0,0.12,left_gain_loss,fisher_grid,g0.60_1.00_s0.02,0.0200,1.5012,0.4762,5.6700,0.1114,0.1079,0.6336,0.0091,0.0568,0.0476,67327
55,8,square_waypoints,0.01,0.003,0.0,0.12,left_gain_loss,constrained_fisher,g0.75_1.00_s0.02,0.1300,1.5222,0.3431,6.4800,0.0424,0.1084,0.4986,0.0888,0.0198,-0.0691,67328
55,8,square_waypoints,0.01,0.003,0.0,0.12,right_gain_loss,null_probe,g0.90_0.60_s0.02,0.1200,2.5899,0.1234,4.2850,0.0083,0.0928,0.3466,0.0528,0.0181,-0.0347,67329
55,8,square_waypoints,0.01,0.003,0.0,0.12,right_gain_loss,unpaired_null,g1.00_0.75_s0.10,0.2100,2.2564,0.2215,4.2850,0.0099,0.2719,1.1120,0.0330,0.1123,0.0793,67330
55,8,square_waypoints,0.01,0.003,0.0,0.12,right_gain_loss,random_probe,g1.00_0.60_s0.02,0.0200,2.8443,0.1619,1.3670,0.1942,0.2066,0.9156,0.0538,0.0172,-0.0366,67331
55,8,square_waypoints,0.01,0.003,0.0,0.12,right_gain_loss,task_greedy,g1.00_0.60_s0.02,0.0200,2.2073,0.1776,4.0889,0.4366,0.4388,2.0029,0.0478,0.0271,-0.0207,67332
55,8,square_waypoints,0.01,0.003,0.0,0.12,right_gain_loss,fisher_grid,g1.00_0.60_s0.02,0.0200,2.0230,0.2827,5.6700,0.1018,0.1781,0.6310,0.0549,0.1414,0.0865,67333
55,8,square_waypoints,0.01,0.003,0.0,0.12,right_gain_loss,constrained_fisher,g1.00_0.60_s0.02,0.0200,1.2094,0.6277,6.4800,0.0177,0.0943,0.4619,0.0315,0.1086,0.0771,67334
55,8,square_waypoints,0.01,0.003,0.0,0.12,symmetric_low_power,null_probe,g0.75_0.75_s0.10,0.1400,2.5810,0.1265,4.2850,0.0276,0.0692,0.2608,0.0131,0.0383,0.0253,67335
55,8,square_waypoints,0.01,0.003,0.0,0.12,symmetric_low_power,unpaired_null,g0.75_0.75_s0.10,0.1400,2.5621,0.2119,4.2850,0.0153,0.1907,0.7599,0.0420,0.0389,-0.0031,67336
55,8,square_waypoints,0.01,0.003,0.0,0.12,symmetric_low_power,random_probe,g0.90_0.90_s0.02,0.3600,3.4954,0.0760,1.5625,0.0766,0.1014,0.5800,0.0580,0.0445,-0.0135,67337
55,8,square_waypoints,0.01,0.003,0.0,0.12,symmetric_low_power,task_greedy,g0.60_0.60_s0.02,0.2400,2.4330,0.1583,3.9203,0.4003,0.4005,1.8223,0.0245,0.0506,0.0261,67338
55,8,square_waypoints,0.01,0.003,0.0,0.12,symmetric_low_power,fisher_grid,g0.75_0.75_s0.02,0.0600,2.1788,0.2587,5.6700,0.0918,0.1337,0.5148,0.0598,0.0418,-0.0180,67339
55,8,square_waypoints,0.01,0.003,0.0,0.12,symmetric_low_power,constrained_fisher,g0.75_0.75_s0.10,0.1400,2.0565,0.2738,6.4800,0.0227,0.0861,0.3795,0.0543,0.0904,0.0361,67340
55,8,square_waypoints,0.01,0.003,0.0,0.12,high_slip,null_probe,g1.00_1.00_s0.20,0.0000,1.4141,0.5664,4.2850,0.0324,0.1186,0.5300,0.0426,0.0426,0.0000,67341
55,8,square_waypoints,0.01,0.003,0.0,0.12,high_slip,unpaired_null,g1.00_1.00_s0.02,0.1800,2.3198,0.2076,4.2850,0.0616,0.2852,1.1992,0.0676,0.0676,0.0000,67342
55,8,square_waypoints,0.01,0.003,0.0,0.12,high_slip,random_probe,g1.00_0.90_s0.20,0.1000,2.1574,0.2653,2.2727,0.1066,0.1284,0.7519,0.1518,0.0802,-0.0715,67343
55,8,square_waypoints,0.01,0.003,0.0,0.12,high_slip,task_greedy,g1.00_1.00_s0.20,0.0000,2.5582,0.1261,3.9202,0.5349,0.5562,2.5107,0.1280,0.1280,0.0000,67344
55,8,square_waypoints,0.01,0.003,0.0,0.12,high_slip,fisher_grid,g1.00_1.00_s0.20,0.0000,1.4465,0.4293,5.6700,0.1844,0.1915,0.8328,0.0333,0.0333,0.0000,67345
55,8,square_waypoints,0.01,0.003,0.0,0.12,high_slip,constrained_fisher,g1.00_1.00_s0.10,0.1000,2.1272,0.2082,6.4800,0.0804,0.1289,0.8292,0.0320,0.0320,0.0000,67346
56,8,square_waypoints,0.01,0.003,0.0,0.12,left_gain_loss,null_probe,g0.60_1.00_s0.20,0.2000,2.2321,0.1980,4.2850,0.0283,0.0919,0.3775,0.0238,0.0270,0.0032,68347
56,8,square_waypoints,0.01,0.003,0.0,0.12,left_gain_loss,unpaired_null,g0.60_0.90_s0.02,0.1200,2.1058,0.2945,4.2850,0.0578,0.1793,0.8327,0.0391,0.0226,-0.0165,68348
56,8,square_waypoints,0.01,0.003,0.0,0.12,left_gain_loss,random_probe,g0.75_1.00_s0.10,0.2100,2.6172,0.1716,2.2864,0.1825,0.1789,0.8037,0.0929,0.0723,-0.0206,68349
56,8,square_waypoints,0.01,0.003,0.0,0.12,left_gain_loss,task_greedy,g0.60_1.00_s0.20,0.2000,2.1404,0.1623,4.1066,0.4784,0.4576,2.1537,0.0679,0.1630,0.0951,68350
56,8,square_waypoints,0.01,0.003,0.0,0.12,left_gain_loss,fisher_grid,g0.60_1.00_s0.02,0.0200,1.8769,0.3844,5.6700,0.0908,0.1105,0.5702,0.0357,0.0988,0.0631,68351
56,8,square_waypoints,0.01,0.003,0.0,0.12,left_gain_loss,constrained_fisher,g0.60_1.00_s0.02,0.0200,1.2905,0.5804,6.1763,0.0424,0.1014,0.5444,0.0132,0.0252,0.0120,68352
56,8,square_waypoints,0.01,0.003,0.0,0.12,right_gain_loss,null_probe,g1.00_0.60_s0.02,0.0200,2.3093,0.1963,4.2850,0.0440,0.0929,0.3432,0.0406,0.0167,-0.0239,68353
56,8,square_waypoints,0.01,0.003,0.0,0.12,right_gain_loss,unpaired_null,g1.00_0.60_s0.02,0.0200,1.9243,0.3320,4.2850,0.0148,0.2909,1.1937,0.0990,0.0688,-0.0303,68354
56,8,square_waypoints,0.01,0.003,0.0,0.12,right_gain_loss,random_probe,g1.00_0.60_s0.02,0.0200,2.2996,0.2255,2.7429,0.1126,0.1066,0.4588,0.0413,0.1001,0.0588,68355
56,8,square_waypoints,0.01,0.003,0.0,0.12,right_gain_loss,task_greedy,g0.90_0.60_s0.02,0.1200,2.3617,0.1415,4.0972,0.4371,0.4383,2.0386,0.0371,0.1759,0.1388,68356
56,8,square_waypoints,0.01,0.003,0.0,0.12,right_gain_loss,fisher_grid,g1.00_0.60_s0.02,0.0200,1.7844,0.4112,5.6700,0.1102,0.1741,0.6156,0.0217,0.1161,0.0944,68357
56,8,square_waypoints,0.01,0.003,0.0,0.12,right_gain_loss,constrained_fisher,g1.00_0.60_s0.02,0.0200,2.0772,0.2407,6.4800,0.0492,0.0969,0.3925,0.0150,0.0267,0.0117,68358
56,8,square_waypoints,0.01,0.003,0.0,0.12,symmetric_low_power,null_probe,g0.75_0.75_s0.02,0.0600,2.4737,0.2843,4.2850,0.0219,0.0634,0.2480,0.0785,0.0514,-0.0271,68359
56,8,square_waypoints,0.01,0.003,0.0,0.12,symmetric_low_power,unpaired_null,g0.60_0.60_s0.02,0.2400,2.3047,0.2048,4.2850,0.0335,0.2079,0.8428,0.0411,0.0582,0.0171,68360
56,8,square_waypoints,0.01,0.003,0.0,0.12,symmetric_low_power,random_probe,g0.60_0.60_s0.02,0.2400,2.2759,0.2664,1.9399,0.1899,0.1853,1.0658,0.0051,0.0958,0.0907,68361
56,8,square_waypoints,0.01,0.003,0.0,0.12,symmetric_low_power,task_greedy,g0.75_0.75_s0.02,0.0600,2.9223,0.1370,3.9203,0.4158,0.4129,1.8750,0.0518,0.0306,-0.0211,68362
56,8,square_waypoints,0.01,0.003,0.0,0.12,symmetric_low_power,fisher_grid,g0.60_0.75_s0.20,0.3300,2.2423,0.2214,5.6700,0.0753,0.1265,0.4608,0.0214,0.0599,0.0385,68363
56,8,square_waypoints,0.01,0.003,0.0,0.12,symmetric_low_power,constrained_fisher,g0.75_0.60_s0.02,0.1500,1.8910,0.3277,6.4800,0.0269,0.0671,0.2807,0.0542,0.0300,-0.0242,68364
56,8,square_waypoints,0.01,0.003,0.0,0.12,high_slip,null_probe,g1.00_1.00_s0.10,0.1000,2.2005,0.2238,4.2850,0.0360,0.1242,0.5250,0.2535,0.2535,0.0000,68365
56,8,square_waypoints,0.01,0.003,0.0,0.12,high_slip,unpaired_null,g0.90_1.00_s0.20,0.1000,2.1761,0.2659,4.2850,0.0308,0.2808,1.1561,0.1608,0.1043,-0.0565,68366
56,8,square_waypoints,0.01,0.003,0.0,0.12,high_slip,random_probe,g0.90_1.00_s0.20,0.1000,2.7678,0.1865,1.6970,0.1131,0.1664,0.8075,0.1309,0.0757,-0.0552,68367
56,8,square_waypoints,0.01,0.003,0.0,0.12,high_slip,task_greedy,g1.00_1.00_s0.02,0.1800,2.6639,0.1053,3.9204,0.5719,0.5689,2.6005,0.1604,0.1604,0.0000,68368
56,8,square_waypoints,0.01,0.003,0.0,0.12,high_slip,fisher_grid,g1.00_1.00_s0.02,0.1800,1.7952,0.3541,5.6700,0.1520,0.1763,0.7275,0.0522,0.0522,0.0000,68369
56,8,square_waypoints,0.01,0.003,0.0,0.12,high_slip,constrained_fisher,g1.00_0.90_s0.20,0.1000,2.1433,0.1905,4.6575,0.1023,0.1266,0.8459,0.1186,0.1179,-0.0007,68370
57,8,square_waypoints,0.01,0.003,0.0,0.12,left_gain_loss,null_probe,g0.60_0.90_s0.02,0.1200,1.9843,0.3190,4.2850,0.0231,0.0849,0.3185,0.0235,0.1248,0.1013,69371
57,8,square_waypoints,0.01,0.003,0.0,0.12,left_gain_loss,unpaired_null,g0.60_1.00_s0.02,0.0200,2.2421,0.2439,4.2850,0.0386,0.1769,0.8100,0.0818,0.0492,-0.0327,69372
57,8,square_waypoints,0.01,0.003,0.0,0.12,left_gain_loss,random_probe,g0.60_1.00_s0.10,0.1000,2.3628,0.2234,1.8095,0.1140,0.1269,0.7200,0.0228,0.0093,-0.0135,69373
57,8,square_waypoints,0.01,0.003,0.0,0.12,left_gain_loss,task_greedy,g0.60_1.00_s0.02,0.0200,2.0534,0.2290,4.1058,0.4323,0.4536,2.1384,0.0774,0.0189,-0.0585,69374
57,8,square_waypoints,0.01,0.003,0.0,0.12,left_gain_loss,fisher_grid,g0.60_1.00_s0.10,0.1000,1.6292,0.4265,5.6700,0.0795,0.1031,0.6113,0.0902,0.0902,0.0001,69375
57,8,square_waypoints,0.01,0.003,0.0,0.12,left_gain_loss,constrained_fisher,g0.75_0.90_s0.02,0.2300,2.0752,0.3347,6.4800,0.0105,0.0963,0.4343,0.1084,0.1112,0.0028,69376
57,8,square_waypoints,0.01,0.003,0.0,0.12,right_gain_loss,null_probe,g0.90_0.60_s0.02,0.1200,1.9016,0.3211,4.2850,0.0395,0.0877,0.3898,0.0629,0.0249,-0.0380,69377
57,8,square_waypoints,0.01,0.003,0.0,0.12,right_gain_loss,unpaired_null,g1.00_0.75_s0.02,0.1300,2.0700,0.3043,4.2850,0.0357,0.2796,1.1159,0.0365,0.0246,-0.0119,69378
57,8,square_waypoints,0.01,0.003,0.0,0.12,right_gain_loss,random_probe,g0.90_0.60_s0.02,0.1200,2.6883,0.1782,2.2266,0.1010,0.1991,1.1346,0.0365,0.0710,0.0345,69379
57,8,square_waypoints,0.01,0.003,0.0,0.12,right_gain_loss,task_greedy,g0.90_0.60_s0.02,0.1200,2.1211,0.1646,4.1063,0.4389,0.4418,2.0692,0.0755,0.0841,0.0085,69380
57,8,square_waypoints,0.01,0.003,0.0,0.12,right_gain_loss,fisher_grid,g1.00_0.60_s0.02,0.0200,1.8227,0.3797,5.6700,0.0933,0.1820,0.6366,0.0232,0.2173,0.1941,69381
57,8,square_waypoints,0.01,0.003,0.0,0.12,right_gain_loss,constrained_fisher,g1.00_0.60_s0.02,0.0200,1.2074,0.6434,6.4800,0.0419,0.1005,0.4229,0.0177,0.0147,-0.0030,69382
57,8,square_waypoints,0.01,0.003,0.0,0.12,symmetric_low_power,null_probe,g0.75_0.75_s0.02,0.0600,2.5691,0.2030,4.2850,0.0350,0.0695,0.2850,0.0442,0.0413,-0.0028,69383
57,8,square_waypoints,0.01,0.003,0.0,0.12,symmetric_low_power,unpaired_null,g0.75_0.75_s0.02,0.0600,2.6086,0.2181,4.2850,0.0163,0.2091,0.8509,0.0299,0.0657,0.0358,69384
57,8,square_waypoints,0.01,0.003,0.0,0.12,symmetric_low_power,random_probe,g0.90_0.75_s0.20,0.3900,3.5826,0.0683,1.4526,0.0458,0.0793,0.3826,0.0521,0.0619,0.0097,69385
57,8,square_waypoints,0.01,0.003,0.0,0.12,symmetric_low_power,task_greedy,g0.60_0.60_s0.02,0.2400,2.5365,0.1341,3.9204,0.4015,0.3992,1.8207,0.0281,0.0809,0.0528,69386
57,8,square_waypoints,0.01,0.003,0.0,0.12,symmetric_low_power,fisher_grid,g0.60_0.60_s0.02,0.2400,1.9969,0.2916,5.6700,0.0777,0.1260,0.5158,0.0394,0.0532,0.0138,69387
57,8,square_waypoints,0.01,0.003,0.0,0.12,symmetric_low_power,constrained_fisher,g0.75_0.75_s0.02,0.0600,1.5247,0.5635,6.4800,0.0396,0.0717,0.3134,0.0155,0.0793,0.0638,69388
57,8,square_waypoints,0.01,0.003,0.0,0.12,high_slip,null_probe,g1.00_1.00_s0.20,0.0000,1.8697,0.3120,4.2850,0.0278,0.1126,0.4380,0.1276,0.1276,0.0000,69389
57,8,square_waypoints,0.01,0.003,0.0,0.12,high_slip,unpaired_null,g1.00_1.00_s0.10,0.1000,2.2271,0.1968,4.2850,0.0339,0.2792,1.1199,0.0908,0.0908,0.0000,69390
57,8,square_waypoints,0.01,0.003,0.0,0.12,high_slip,random_probe,g1.00_0.90_s0.20,0.1000,2.7135,0.1383,2.1615,0.1590,0.1665,0.7564,0.1581,0.1440,-0.0141,69391
57,8,square_waypoints,0.01,0.003,0.0,0.12,high_slip,task_greedy,g1.00_1.00_s0.20,0.0000,2.2435,0.1849,3.9205,0.5321,0.5569,2.4613,0.0456,0.0456,0.0000,69392
57,8,square_waypoints,0.01,0.003,0.0,0.12,high_slip,fisher_grid,g1.00_1.00_s0.20,0.0000,1.1689,0.5075,5.6700,0.2390,0.2173,1.1425,0.1588,0.1588,0.0000,69393
57,8,square_waypoints,0.01,0.003,0.0,0.12,high_slip,constrained_fisher,g1.00_0.90_s0.20,0.1000,1.7022,0.3144,5.2650,0.1102,0.1526,0.9211,0.0793,0.0988,0.0195,69394
58,8,square_waypoints,0.01,0.003,0.0,0.12,left_gain_loss,null_probe,g0.60_1.00_s0.02,0.0200,1.9000,0.2818,4.2850,0.0228,0.0987,0.3779,0.0766,0.0138,-0.0628,70395
58,8,square_waypoints,0.01,0.003,0.0,0.12,left_gain_loss,unpaired_null,g0.60_0.90_s0.10,0.2000,2.4206,0.2033,4.2850,0.0145,0.1841,0.8317,0.0254,0.0211,-0.0042,70396
58,8,square_waypoints,0.01,0.003,0.0,0.12,left_gain_loss,random_probe,g0.60_0.90_s0.02,0.1200,3.1987,0.0798,1.4948,0.0268,0.0928,0.4825,0.1458,0.1198,-0.0260,70397
58,8,square_waypoints,0.01,0.003,0.0,0.12,left_gain_loss,task_greedy,g0.75_1.00_s0.02,0.1300,2.2555,0.1816,4.0956,0.4389,0.4559,2.1204,0.0854,0.0171,-0.0683,70398
58,8,square_waypoints,0.01,0.003,0.0,0.12,left_gain_loss,fisher_grid,g0.60_1.00_s0.02,0.0200,1.9498,0.3477,5.6700,0.0987,0.1044,0.5559,0.0934,0.0747,-0.0186,70399
58,8,square_waypoints,0.01,0.003,0.0,0.12,left_gain_loss,constrained_fisher,g0.75_0.90_s0.10,0.3100,2.2147,0.1793,6.4800,0.0212,0.0925,0.4321,0.0758,0.0135,-0.0623,70400
58,8,square_waypoints,0.01,0.003,0.0,0.12,right_gain_loss,null_probe,g0.90_0.60_s0.02,0.1200,2.0043,0.2409,4.2850,0.0477,0.0950,0.3877,0.0485,0.1470,0.0985,70401
58,8,square_waypoints,0.01,0.003,0.0,0.12,right_gain_loss,unpaired_null,g0.90_0.60_s0.10,0.2000,2.0412,0.2347,4.2850,0.0435,0.2841,1.1955,0.0236,0.0241,0.0004,70402
58,8,square_waypoints,0.01,0.003,0.0,0.12,right_gain_loss,random_probe,g1.00_0.60_s0.02,0.0200,2.4058,0.2422,2.2347,0.0426,0.1097,0.4585,0.0440,0.1300,0.0859,70403
58,8,square_waypoints,0.01,0.003,0.0,0.12,right_gain_loss,task_greedy,g1.00_0.60_s0.20,0.2000,2.2199,0.1940,4.0973,0.4409,0.4451,2.0571,0.0417,0.0265,-0.0152,70404
58,8,square_waypoints,0.01,0.003,0.0,0.12,right_gain_loss,fisher_grid,g1.00_0.60_s0.02,0.0200,1.7067,0.3412,5.6700,0.1309,0.1790,0.6627,0.0626,0.1298,0.0671,70405
58,8,square_waypoints,0.01,0.003,0.0,0.12,right_gain_loss,constrained_fisher,g1.00_0.75_s0.02,0.1300,1.6138,0.3343,6.4800,0.0484,0.0861,0.3973,0.0212,0.0237,0.0026,70406
58,8,square_waypoints,0.01,0.003,0.0,0.12,symmetric_low_power,null_probe,g0.75_0.75_s0.02,0.0600,2.7012,0.1897,4.2850,0.0151,0.0782,0.3347,0.0516,0.0830,0.0315,70407
58,8,square_waypoints,0.01,0.003,0.0,0.12,symmetric_low_power,unpaired_null,g0.75_0.75_s0.02,0.0600,2.4928,0.2742,4.2850,0.0364,0.1994,0.8168,0.0596,0.0979,0.0383,70408
58,8,square_waypoints,0.01,0.003,0.0,0.12,symmetric_low_power,random_probe,g0.60_0.75_s0.10,0.2300,3.4898,0.0717,1.3107,0.1499,0.1494,0.6690,0.0687,0.0909,0.0223,70409
58,8,square_waypoints,0.01,0.003,0.0,0.12,symmetric_low_power,task_greedy,g0.75_0.75_s0.20,0.2400,2.8254,0.1566,3.9205,0.3969,0.4101,1.8623,0.0580,0.0475,-0.0104,70410
58,8,square_waypoints,0.01,0.003,0.0,0.12,symmetric_low_power,fisher_grid,g0.75_0.75_s0.10,0.1400,2.1054,0.3219,5.6700,0.0675,0.1328,0.4806,0.0174,0.0285,0.0110,70411
58,8,square_waypoints,0.01,0.003,0.0,0.12,symmetric_low_power,constrained_fisher,g0.75_0.60_s0.10,0.2300,2.0336,0.3461,6.4800,0.0283,0.0763,0.3179,0.0325,0.0155,-0.0170,70412
58,8,square_waypoints,0.01,0.003,0.0,0.12,high_slip,null_probe,g1.00_1.00_s0.20,0.0000,1.4502,0.5026,4.2850,0.0445,0.0904,0.5163,0.1034,0.1034,0.0000,70413
58,8,square_waypoints,0.01,0.003,0.0,0.12,high_slip,unpaired_null,g1.00_1.00_s0.20,0.0000,1.5484,0.4627,4.2850,0.1209,0.2939,1.3460,0.2009,0.2009,0.0000,70414
58,8,square_waypoints,0.01,0.003,0.0,0.12,high_slip,random_probe,g1.00_1.00_s0.20,0.0000,1.7815,0.3239,1.8008,0.2247,0.2181,1.0798,0.1257,0.1257,0.0000,70415
58,8,square_waypoints,0.01,0.003,0.0,0.12,high_slip,task_greedy,g1.00_1.00_s0.20,0.0000,1.9257,0.2465,3.9204,0.5574,0.5572,2.4874,0.1207,0.1207,0.0000,70416
58,8,square_waypoints,0.01,0.003,0.0,0.12,high_slip,fisher_grid,g1.00_1.00_s0.20,0.0000,0.8891,0.7302,5.6700,0.1574,0.2041,1.1074,0.1005,0.1005,0.0000,70417
58,8,square_waypoints,0.01,0.003,0.0,0.12,high_slip,constrained_fisher,g1.00_1.00_s0.20,0.0000,1.2750,0.5474,4.0500,0.1242,0.1742,0.9299,0.1069,0.1069,0.0000,70418
59,8,square_waypoints,0.01,0.003,0.0,0.12,left_gain_loss,null_probe,g0.60_1.00_s0.02,0.0200,1.9039,0.3824,4.2850,0.0234,0.0771,0.3138,0.0717,0.1447,0.0730,71419
59,8,square_waypoints,0.01,0.003,0.0,0.12,left_gain_loss,unpaired_null,g0.60_1.00_s0.02,0.0200,2.0915,0.2265,4.2850,0.0331,0.1717,0.7894,0.0248,0.0287,0.0039,71420
59,8,square_waypoints,0.01,0.003,0.0,0.12,left_gain_loss,random_probe,g0.60_1.00_s0.10,0.1000,2.7244,0.1463,1.3555,0.0797,0.0852,0.4171,0.0638,0.2313,0.1675,71421
59,8,square_waypoints,0.01,0.003,0.0,0.12,left_gain_loss,task_greedy,g0.60_1.00_s0.02,0.0200,2.2490,0.1837,4.1023,0.4257,0.4351,2.0250,0.0221,0.0732,0.0511,71422
59,8,square_waypoints,0.01,0.003,0.0,0.12,left_gain_loss,fisher_grid,g0.60_1.00_s0.02,0.0200,2.0053,0.2779,5.6700,0.1240,0.1058,0.5919,0.0577,0.0228,-0.0349,71423
59,8,square_waypoints,0.01,0.003,0.0,0.12,left_gain_loss,constrained_fisher,g0.60_1.00_s0.10,0.1000,1.2959,0.5592,6.4800,0.0065,0.0954,0.4186,0.0968,0.0168,-0.0800,71424
59,8,square_waypoints,0.01,0.003,0.0,0.12,right_gain_loss,null_probe,g0.90_0.60_s0.02,0.1200,1.8954,0.3669,4.2850,0.0197,0.0865,0.3594,0.0788,0.0404,-0.0384,71425
59,8,square_waypoints,0.01,0.003,0.0,0.12,right_gain_loss,unpaired_null,g1.00_0.60_s0.02,0.0200,2.2517,0.1989,4.2850,0.0212,0.2791,1.1417,0.0293,0.1509,0.1216,71426
59,8,square_waypoints,0.01,0.003,0.0,0.12,right_gain_loss,random_probe,g1.00_0.60_s0.02,0.0200,2.7303,0.1860,1.3666,0.0558,0.0755,0.4072,0.0158,0.1399,0.1241,71427
59,8,square_waypoints,0.01,0.003,0.0,0.12,right_gain_loss,task_greedy,g1.00_0.60_s0.20,0.2000,1.9810,0.2085,4.0987,0.4618,0.4619,2.1534,0.0612,0.1644,0.1032,71428
59,8,square_waypoints,0.01,0.003,0.0,0.12,right_gain_loss,fisher_grid,g1.00_0.60_s0.02,0.0200,1.4584,0.5364,5.6700,0.1249,0.1715,0.6116,0.0795,0.0218,-0.0577,71429
59,8,square_waypoints,0.01,0.003,0.0,0.12,right_gain_loss,constrained_fisher,g1.00_0.60_s0.02,0.0200,1.1412,0.6154,6.4800,0.0408,0.1009,0.4547,0.0822,0.0184,-0.0639,71430
59,8,square_waypoints,0.01,0.003,0.0,0.12,symmetric_low_power,null_probe,g0.90_0.75_s0.02,0.2100,2.7049,0.1561,4.2850,0.0189,0.0643,0.2758,0.0269,0.0638,0.0369,71431
59,8,square_waypoints,0.01,0.003,0.0,0.12,symmetric_low_power,unpaired_null,g0.75_0.75_s0.02,0.0600,2.5408,0.1407,4.2850,0.0153,0.2112,0.8633,0.0383,0.0792,0.0409,71432
59,8,square_waypoints,0.01,0.003,0.0,0.12,symmetric_low_power,random_probe,g0.75_0.75_s0.02,0.0600,3.2440,0.1168,1.8050,0.0773,0.1553,0.6450,0.0332,0.0448,0.0116,71433
59,8,square_waypoints,0.01,0.003,0.0,0.12,symmetric_low_power,task_greedy,g0.75_0.75_s0.02,0.0600,2.7410,0.1501,3.9206,0.4125,0.4211,1.9018,0.0376,0.0550,0.0174,71434
59,8,square_waypoints,0.01,0.003,0.0,0.12,symmetric_low_power,fisher_grid,g0.75_0.60_s0.02,0.1500,1.9973,0.3375,5.6700,0.0852,0.1288,0.4924,0.0343,0.0588,0.0246,71435
59,8,square_waypoints,0.01,0.003,0.0,0.12,symmetric_low_power,constrained_fisher,g0.75_0.60_s0.02,0.1500,1.2116,0.4563,6.4800,0.0047,0.0691,0.2866,0.0589,0.0582,-0.0007,71436
59,8,square_waypoints,0.01,0.003,0.0,0.12,high_slip,null_probe,g0.90_0.90_s0.10,0.3000,2.7189,0.1654,4.2850,0.1003,0.1414,0.7609,0.0434,0.1698,0.1264,71437
59,8,square_waypoints,0.01,0.003,0.0,0.12,high_slip,unpaired_null,g1.00_1.00_s0.02,0.1800,2.0036,0.2927,4.2850,0.0267,0.2771,1.1299,0.0288,0.0288,0.0000,71438
59,8,square_waypoints,0.01,0.003,0.0,0.12,high_slip,random_probe,g0.90_0.90_s0.02,0.3800,2.9422,0.1088,2.6108,0.2933,0.2851,1.4063,0.1311,0.1123,-0.0188,71439
59,8,square_waypoints,0.01,0.003,0.0,0.12,high_slip,task_greedy,g1.00_1.00_s0.20,0.0000,2.5915,0.1237,3.9202,0.5754,0.5641,2.5289,0.0333,0.0333,0.0000,71440
59,8,square_waypoints,0.01,0.003,0.0,0.12,high_slip,fisher_grid,g1.00_1.00_s0.20,0.0000,0.8289,0.7152,5.6700,0.1516,0.1791,0.9511,0.1006,0.1006,0.0000,71441
59,8,square_waypoints,0.01,0.003,0.0,0.12,high_slip,constrained_fisher,g1.00_1.00_s0.20,0.0000,1.7345,0.3356,6.1763,0.0324,0.1414,0.6476,0.0730,0.0730,0.0000,71442
0,16,square_waypoints,0.01,0.003,0.0,0.12,left_gain_loss,null_probe,g0.60_1.00_s0.10,0.1000,1.5387,0.4087,8.5700,0.0476,0.0970,0.7349,0.0940,0.0199,-0.0741,11003
0,16,square_waypoints,0.01,0.003,0.0,0.12,left_gain_loss,unpaired_null,g0.60_1.00_s0.10,0.1000,1.5529,0.4581,8.5700,0.0422,0.1803,1.6457,0.0546,0.0768,0.0222,11004
0,16,square_waypoints,0.01,0.003,0.0,0.12,left_gain_loss,random_probe,g0.60_1.00_s0.02,0.0200,2.2663,0.1859,3.2189,0.0903,0.2410,1.9161,0.0530,0.0263,-0.0267,11005
0,16,square_waypoints,0.01,0.003,0.0,0.12,left_gain_loss,task_greedy,g0.60_1.00_s0.20,0.2000,1.7096,0.2549,8.2452,0.8745,0.8671,7.5593,0.0414,0.1242,0.0828,11006
0,16,square_waypoints,0.01,0.003,0.0,0.12,left_gain_loss,fisher_grid,g0.60_1.00_s0.10,0.1000,1.2589,0.5828,11.3400,0.2006,0.1943,1.7499,0.1182,0.1500,0.0318,11007
0,16,square_waypoints,0.01,0.003,0.0,0.12,left_gain_loss,constrained_fisher,g0.75_0.90_s0.10,0.3100,1.6686,0.3849,12.6563,0.0874,0.1123,1.2121,0.0743,0.0657,-0.0086,11008
0,16,square_waypoints,0.01,0.003,0.0,0.12,right_gain_loss,null_probe,g1.00_0.75_s0.02,0.1300,1.8922,0.3194,8.5700,0.0417,0.0963,0.7817,0.0157,0.0220,0.0063,11009
0,16,square_waypoints,0.01,0.003,0.0,0.12,right_gain_loss,unpaired_null,g1.00_0.60_s0.02,0.0200,1.6508,0.3583,8.5700,0.0397,0.2884,2.3588,0.0770,0.0610,-0.0160,11010
0,16,square_waypoints,0.01,0.003,0.0,0.12,right_gain_loss,random_probe,g0.90_0.60_s0.02,0.1200,2.2178,0.2765,4.0990,0.2148,0.1980,2.0439,0.0745,0.0182,-0.0563,11011
0,16,square_waypoints,0.01,0.003,0.0,0.12,right_gain_loss,task_greedy,g1.00_0.60_s0.20,0.2000,1.8323,0.2044,8.2589,0.8333,0.8504,7.3980,0.0161,0.0217,0.0056,11012
0,16,square_waypoints,0.01,0.003,0.0,0.12,right_gain_loss,fisher_grid,g1.00_0.60_s0.02,0.0200,1.3232,0.4843,11.3400,0.1629,0.1808,1.5720,0.0537,0.0287,-0.0250,11013
0,16,square_waypoints,0.01,0.003,0.0,0.12,right_gain_loss,constrained_fisher,g1.00_0.60_s0.02,0.0200,0.3915,0.8911,12.0488,0.0804,0.1108,1.2218,0.0291,0.0980,0.0690,11014
0,16,square_waypoints,0.01,0.003,0.0,0.12,symmetric_low_power,null_probe,g0.60_0.75_s0.02,0.1500,1.7965,0.3335,8.5700,0.0364,0.0818,0.6222,0.0468,0.0259,-0.0210,11015
0,16,square_waypoints,0.01,0.003,0.0,0.12,symmetric_low_power,unpaired_null,g0.75_0.75_s0.02,0.0600,1.4171,0.5706,8.5700,0.0193,0.2038,1.6484,0.0278,0.0936,0.0658,11016
0,16,square_waypoints,0.01,0.003,0.0,0.12,symmetric_low_power,random_probe,g0.75_0.60_s0.02,0.1500,2.2291,0.2557,4.7615,0.1317,0.1621,1.3736,0.0435,0.0629,0.0194,11017
0,16,square_waypoints,0.01,0.003,0.0,0.12,symmetric_low_power,task_greedy,g0.75_0.75_s0.20,0.2400,1.9675,0.2559,7.8407,0.7785,0.7916,6.6772,0.0153,0.1004,0.0851,11018
0,16,square_waypoints,0.01,0.003,0.0,0.12,symmetric_low_power,fisher_grid,g0.75_0.75_s0.02,0.0600,0.9680,0.6425,11.3400,0.0917,0.1334,1.1064,0.0476,0.0611,0.0135,11019
0,16,square_waypoints,0.01,0.003,0.0,0.12,symmetric_low_power,constrained_fisher,g0.75_0.75_s0.02,0.0600,0.4035,0.9157,12.9600,0.0215,0.0906,0.7984,0.0375,0.0876,0.0501,11020
0,16,square_waypoints,0.01,0.003,0.0,0.12,high_slip,null_probe,g1.00_0.90_s0.10,0.2000,1.9977,0.2722,8.5700,0.0524,0.1177,0.8464,0.0826,0.1320,0.0493,11021
0,16,square_waypoints,0.01,0.003,0.0,0.12,high_slip,unpaired_null,g1.00_1.00_s0.20,0.0000,1.7941,0.2749,8.5700,0.1431,0.2871,2.7059,0.0767,0.0767,0.0000,11022
0,16,square_waypoints,0.01,0.003,0.0,0.12,high_slip,random_probe,g1.00_1.00_s0.20,0.0000,2.1227,0.2629,3.3187,0.3865,0.3918,3.5249,0.1248,0.1248,0.0000,11023
0,16,square_waypoints,0.01,0.003,0.0,0.12,high_slip,task_greedy,g1.00_1.00_s0.02,0.1800,2.3152,0.1583,7.8404,1.1086,1.1176,9.4205,0.1387,0.1387,0.0000,11024
0,16,square_waypoints,0.01,0.003,0.0,0.12,high_slip,fisher_grid,g1.00_1.00_s0.10,0.1000,1.4757,0.4653,11.3400,0.2847,0.3128,3.2236,0.0314,0.0314,0.0000,11025
0,16,square_waypoints,0.01,0.003,0.0,0.12,high_slip,constrained_fisher,g1.00_1.00_s0.20,0.0000,0.6357,0.8324,11.1375,0.1148,0.1722,1.6669,0.0338,0.0338,0.0000,11026
1,16,square_waypoints,0.01,0.003,0.0,0.12,left_gain_loss,null_probe,g0.60_1.00_s0.02,0.0200,1.4504,0.3784,8.5700,0.0817,0.1392,1.2122,0.0514,0.0823,0.0309,12027
1,16,square_waypoints,0.01,0.003,0.0,0.12,left_gain_loss,unpaired_null,g0.60_1.00_s0.02,0.0200,1.5878,0.3674,8.5700,0.0364,0.1776,1.6503,0.0218,0.1403,0.1186,12028
1,16,square_waypoints,0.01,0.003,0.0,0.12,left_gain_loss,random_probe,g0.60_1.00_s0.02,0.0200,1.9556,0.3179,4.9978,0.1343,0.1931,2.0106,0.0196,0.1707,0.1511,12029
1,16,square_waypoints,0.01,0.003,0.0,0.12,left_gain_loss,task_greedy,g0.60_1.00_s0.02,0.0200,1.8128,0.2101,8.2624,0.8431,0.8494,7.3392,0.0417,0.0784,0.0367,12030
1,16,square_waypoints,0.01,0.003,0.0,0.12,left_gain_loss,fisher_grid,g0.60_1.00_s0.10,0.1000,0.9943,0.4827,11.3400,0.2233,0.1889,1.6799,0.0291,0.1215,0.0924,12031
1,16,square_waypoints,0.01,0.003,0.0,0.12,left_gain_loss,constrained_fisher,g0.60_1.00_s0.02,0.0200,1.1439,0.6045,12.6563,0.0427,0.1014,0.9008,0.0930,0.0386,-0.0544,12032
1,16,square_waypoints,0.01,0.003,0.0,0.12,right_gain_loss,null_probe,g1.00_0.60_s0.02,0.0200,1.2713,0.5155,8.5700,0.0658,0.0829,0.6429,0.0209,0.0174,-0.0035,12033
1,16,square_waypoints,0.01,0.003,0.0,0.12,right_gain_loss,unpaired_null,g0.90_0.60_s0.02,0.1200,1.3383,0.4985,8.5700,0.0126,0.2782,2.2502,0.0368,0.0410,0.0042,12034
1,16,square_waypoints,0.01,0.003,0.0,0.12,right_gain_loss,random_probe,g0.90_0.60_s0.02,0.1200,1.7955,0.4132,4.6793,0.2478,0.2485,1.6918,0.0231,0.0263,0.0032,12035
1,16,square_waypoints,0.01,0.003,0.0,0.12,right_gain_loss,task_greedy,g1.00_0.60_s0.02,0.0200,1.8075,0.2282,8.2588,0.8783,0.8854,7.6761,0.1047,0.1556,0.0508,12036
1,16,square_waypoints,0.01,0.003,0.0,0.12,right_gain_loss,fisher_grid,g1.00_0.60_s0.02,0.0200,1.2583,0.4156,11.3400,0.2237,0.2002,1.6588,0.0228,0.1226,0.0998,12037
1,16,square_waypoints,0.01,0.003,0.0,0.12,right_gain_loss,constrained_fisher,g1.00_0.60_s0.02,0.0200,0.5111,0.8823,12.6563,0.0560,0.1067,0.9367,0.0436,0.0122,-0.0314,12038
1,16,square_waypoints,0.01,0.003,0.0,0.12,symmetric_low_power,null_probe,g0.75_0.75_s0.02,0.0600,1.6918,0.4801,8.5700,0.0075,0.0614,0.5823,0.0266,0.0763,0.0497,12039
1,16,square_waypoints,0.01,0.003,0.0,0.12,symmetric_low_power,unpaired_null,g0.60_0.75_s0.02,0.1500,1.9692,0.2711,8.5700,0.0506,0.2220,1.8057,0.0540,0.0439,-0.0101,12040
1,16,square_waypoints,0.01,0.003,0.0,0.12,symmetric_low_power,random_probe,g0.75_0.75_s0.02,0.0600,2.5313,0.2356,4.0904,0.0961,0.1502,1.5015,0.0441,0.0644,0.0203,12041
1,16,square_waypoints,0.01,0.003,0.0,0.12,symmetric_low_power,task_greedy,g0.60_0.60_s0.02,0.2400,2.3136,0.1366,7.8403,0.8127,0.8177,6.9619,0.0225,0.0401,0.0176,12042
1,16,square_waypoints,0.01,0.003,0.0,0.12,symmetric_low_power,fisher_grid,g0.75_0.75_s0.02,0.0600,0.7447,0.8068,11.3400,0.1426,0.1353,1.2004,0.0389,0.0866,0.0476,12043
1,16,square_waypoints,0.01,0.003,0.0,0.12,symmetric_low_power,constrained_fisher,g0.75_0.75_s0.02,0.0600,1.1888,0.4156,12.9600,0.0233,0.0778,0.7297,0.0293,0.0654,0.0361,12044
1,16,square_waypoints,0.01,0.003,0.0,0.12,high_slip,null_probe,g1.00_1.00_s0.10,0.1000,2.1450,0.2952,8.5700,0.0575,0.1324,1.0827,0.1600,0.1600,0.0000,12045
1,16,square_waypoints,0.01,0.003,0.0,0.12,high_slip,unpaired_null,g1.00_1.00_s0.20,0.0000,0.7174,0.7148,8.5700,0.0244,0.3016,2.5662,0.0695,0.0695,0.0000,12046
1,16,square_waypoints,0.01,0.003,0.0,0.12,high_slip,random_probe,g1.00_1.00_s0.20,0.0000,1.2017,0.4771,5.7105,0.1739,0.4386,4.1202,0.0564,0.0564,0.0000,12047
1,16,square_waypoints,0.01,0.003,0.0,0.12,high_slip,task_greedy,g1.00_1.00_s0.20,0.0000,1.8338,0.2465,7.8403,1.1078,1.1111,9.4899,0.1312,0.1312,0.0000,12048
1,16,square_waypoints,0.01,0.003,0.0,0.12,high_slip,fisher_grid,g1.00_1.00_s0.20,0.0000,1.4046,0.4720,11.3400,0.2338,0.2534,2.3775,0.0738,0.0738,0.0000,12049
1,16,square_waypoints,0.01,0.003,0.0,0.12,high_slip,constrained_fisher,g1.00_0.90_s0.20,0.1000,1.4068,0.3122,11.6438,0.1298,0.1485,1.4290,0.1905,0.0838,-0.1066,12050
2,16,square_waypoints,0.01,0.003,0.0,0.12,left_gain_loss,null_probe,g0.60_1.00_s0.02,0.0200,1.4595,0.4413,8.5700,0.0386,0.1012,0.9010,0.0193,0.0209,0.0017,13051
2,16,square_waypoints,0.01,0.003,0.0,0.12,left_gain_loss,unpaired_null,g0.60_1.00_s0.02,0.0200,1.3742,0.4423,8.5700,0.0132,0.1926,1.7230,0.0283,0.0369,0.0086,13052
2,16,square_waypoints,0.01,0.003,0.0,0.12,left_gain_loss,random_probe,g0.60_0.90_s0.10,0.2000,2.4486,0.2157,3.3080,0.1428,0.1714,1.6437,0.0126,0.0509,0.0383,13053
2,16,square_waypoints,0.01,0.003,0.0,0.12,left_gain_loss,task_greedy,g0.60_1.00_s0.20,0.2000,1.7912,0.2412,8.2660,0.8762,0.8679,7.5952,0.0900,0.0588,-0.0312,13054
2,16,square_waypoints,0.01,0.003,0.0,0.12,left_gain_loss,fisher_grid,g0.60_1.00_s0.02,0.0200,1.4198,0.5187,11.3400,0.1716,0.1804,1.6231,0.0340,0.0894,0.0554,13055
2,16,square_waypoints,0.01,0.003,0.0,0.12,left_gain_loss,constrained_fisher,g0.60_1.00_s0.02,0.0200,1.7042,0.3948,12.9600,0.0353,0.0949,0.8549,0.0168,0.0282,0.0113,13056
2,16,square_waypoints,0.01,0.003,0.0,0.12,right_gain_loss,null_probe,g1.00_0.60_s0.10,0.1000,2.1241,0.2731,8.5700,0.0357,0.0928,0.7891,0.0786,0.0136,-0.0650,13057
2,16,square_waypoints,0.01,0.003,0.0,0.12,right_gain_loss,unpaired_null,g1.00_0.60_s0.02,0.0200,0.9277,0.7157,8.5700,0.0534,0.2793,2.2779,0.0360,0.1353,0.0993,13058
2,16,square_waypoints,0.01,0.003,0.0,0.12,right_gain_loss,random_probe,g1.00_0.60_s0.02,0.0200,1.7044,0.4332,4.3105,0.4579,0.4571,3.5222,0.0932,0.1582,0.0650,13059
2,16,square_waypoints,0.01,0.003,0.0,0.12,right_gain_loss,task_greedy,g1.00_0.60_s0.02,0.0200,1.9674,0.2297,8.2677,0.8712,0.8745,7.6281,0.0377,0.0759,0.0382,13060
2,16,square_waypoints,0.01,0.003,0.0,0.12,right_gain_loss,fisher_grid,g0.90_0.60_s0.02,0.1200,0.8953,0.6851,11.3400,0.1863,0.1909,1.5588,0.0499,0.1606,0.1107,13061
2,16,square_waypoints,0.01,0.003,0.0,0.12,right_gain_loss,constrained_fisher,g1.00_0.60_s0.02,0.0200,0.2535,0.9491,12.3525,0.0839,0.1107,1.0863,0.0257,0.0292,0.0035,13062
2,16,square_waypoints,0.01,0.003,0.0,0.12,symmetric_low_power,null_probe,g0.75_0.75_s0.02,0.0600,1.6761,0.3704,8.5700,0.0241,0.0807,0.6610,0.0386,0.0741,0.0355,13063
2,16,square_waypoints,0.01,0.003,0.0,0.12,symmetric_low_power,unpaired_null,g0.75_0.75_s0.02,0.0600,1.5102,0.5374,8.5700,0.0409,0.1912,1.5180,0.0178,0.1111,0.0932,13064
2,16,square_waypoints,0.01,0.003,0.0,0.12,symmetric_low_power,random_probe,g0.75_0.60_s0.02,0.1500,2.3011,0.2259,4.3643,0.0682,0.1252,1.1489,0.0265,0.0458,0.0194,13065
2,16,square_waypoints,0.01,0.003,0.0,0.12,symmetric_low_power,task_greedy,g0.75_0.75_s0.20,0.2400,2.0822,0.2374,7.8406,0.8185,0.8271,6.9640,0.0310,0.0428,0.0117,13066
2,16,square_waypoints,0.01,0.003,0.0,0.12,symmetric_low_power,fisher_grid,g0.75_0.75_s0.02,0.0600,0.7664,0.7759,11.3400,0.1052,0.1325,1.2097,0.0492,0.0711,0.0218,13067
2,16,square_waypoints,0.01,0.003,0.0,0.12,symmetric_low_power,constrained_fisher,g0.75_0.75_s0.02,0.0600,0.5626,0.8505,12.9600,0.0466,0.0908,0.7819,0.0283,0.0418,0.0135,13068
2,16,square_waypoints,0.01,0.003,0.0,0.12,high_slip,null_probe,g1.00_1.00_s0.20,0.0000,0.9891,0.4649,8.5700,0.1047,0.2621,2.1271,0.0954,0.0954,0.0000,13069
2,16,square_waypoints,0.01,0.003,0.0,0.12,high_slip,unpaired_null,g1.00_1.00_s0.20,0.0000,0.3946,0.9059,8.5700,0.0065,0.2933,2.3936,0.0413,0.0413,0.0000,13070
2,16,square_waypoints,0.01,0.003,0.0,0.12,high_slip,random_probe,g1.00_1.00_s0.20,0.0000,1.7419,0.3706,4.4842,0.4204,0.4210,3.4210,0.1119,0.1119,0.0000,13071
2,16,square_waypoints,0.01,0.003,0.0,0.12,high_slip,task_greedy,g1.00_1.00_s0.20,0.0000,2.1480,0.2083,7.8408,1.0960,1.1195,9.5400,0.1467,0.1467,0.0000,13072
2,16,square_waypoints,0.01,0.003,0.0,0.12,high_slip,fisher_grid,g1.00_1.00_s0.20,0.0000,1.3254,0.3810,11.3400,0.2303,0.2798,2.6127,0.0816,0.0816,0.0000,13073
2,16,square_waypoints,0.01,0.003,0.0,0.12,high_slip,constrained_fisher,g1.00_1.00_s0.02,0.1800,1.5732,0.3983,12.9600,0.0514,0.1150,1.3491,0.2420,0.2420,0.0000,13074
3,16,square_waypoints,0.01,0.003,0.0,0.12,left_gain_loss,null_probe,g0.60_1.00_s0.10,0.1000,1.3921,0.5190,8.5700,0.0260,0.0883,0.7393,0.0645,0.0282,-0.0363,14075
3,16,square_waypoints,0.01,0.003,0.0,0.12,left_gain_loss,unpaired_null,g0.60_1.00_s0.02,0.0200,1.1920,0.6136,8.5700,0.0420,0.1811,1.6516,0.0219,0.0197,-0.0022,14076
3,16,square_waypoints,0.01,0.003,0.0,0.12,left_gain_loss,random_probe,g0.60_1.00_s0.10,0.1000,2.1034,0.2961,4.5339,0.0895,0.1018,0.9132,0.0851,0.1062,0.0211,14077
3,16,square_waypoints,0.01,0.003,0.0,0.12,left_gain_loss,task_greedy,g0.60_1.00_s0.02,0.0200,1.8413,0.2261,8.2760,0.8758,0.8705,7.6039,0.1030,0.0211,-0.0819,14078
3,16,square_waypoints,0.01,0.003,0.0,0.12,left_gain_loss,fisher_grid,g0.60_1.00_s0.02,0.0200,0.3631,0.9192,11.3400,0.2067,0.2085,1.8308,0.0719,0.1443,0.0724,14079
3,16,square_waypoints,0.01,0.003,0.0,0.12,left_gain_loss,constrained_fisher,g0.60_1.00_s0.02,0.0200,0.9050,0.7635,12.3525,0.1200,0.1046,1.1353,0.0152,0.0133,-0.0019,14080
3,16,square_waypoints,0.01,0.003,0.0,0.12,right_gain_loss,null_probe,g1.00_0.60_s0.10,0.1000,1.2254,0.4517,8.5700,0.0365,0.0908,0.7104,0.0201,0.1110,0.0909,14081
3,16,square_waypoints,0.01,0.003,0.0,0.12,right_gain_loss,unpaired_null,g1.00_0.60_s0.02,0.0200,1.0261,0.7038,8.5700,0.0316,0.3002,2.5124,0.0496,0.0644,0.0149,14082
3,16,square_waypoints,0.01,0.003,0.0,0.12,right_gain_loss,random_probe,g1.00_0.60_s0.02,0.0200,1.9050,0.2423,4.5013,0.2047,0.2405,2.3111,0.0103,0.0042,-0.0061,14083
3,16,square_waypoints,0.01,0.003,0.0,0.12,right_gain_loss,task_greedy,g1.00_0.60_s0.20,0.2000,2.0626,0.2065,8.2597,0.8657,0.8626,7.4421,0.0894,0.0270,-0.0625,14084
3,16,square_waypoints,0.01,0.003,0.0,0.12,right_gain_loss,fisher_grid,g1.00_0.60_s0.02,0.0200,0.6115,0.8176,11.3400,0.1941,0.1827,1.4528,0.0459,0.0063,-0.0396,14085
3,16,square_waypoints,0.01,0.003,0.0,0.12,right_gain_loss,constrained_fisher,g1.00_0.60_s0.02,0.0200,0.5919,0.8562,12.6563,0.0804,0.0971,1.0686,0.0361,0.1448,0.1087,14086
3,16,square_waypoints,0.01,0.003,0.0,0.12,symmetric_low_power,null_probe,g0.60_0.60_s0.02,0.2400,1.8177,0.3419,8.5700,0.0215,0.0866,0.7037,0.0253,0.0431,0.0178,14087
3,16,square_waypoints,0.01,0.003,0.0,0.12,symmetric_low_power,unpaired_null,g0.75_0.75_s0.02,0.0600,1.8050,0.4019,8.5700,0.0152,0.2074,1.7692,0.0507,0.0251,-0.0256,14088
3,16,square_waypoints,0.01,0.003,0.0,0.12,symmetric_low_power,random_probe,g0.75_0.75_s0.02,0.0600,2.6244,0.1840,3.3151,0.1338,0.1539,1.9020,0.0625,0.0986,0.0361,14089
3,16,square_waypoints,0.01,0.003,0.0,0.12,symmetric_low_power,task_greedy,g0.75_0.75_s0.20,0.2400,1.7777,0.2830,7.8411,0.8446,0.8210,7.0998,0.0675,0.0251,-0.0423,14090
3,16,square_waypoints,0.01,0.003,0.0,0.12,symmetric_low_power,fisher_grid,g0.75_0.75_s0.02,0.0600,1.2574,0.5369,11.3400,0.1169,0.1267,1.0705,0.0505,0.0429,-0.0076,14091
3,16,square_waypoints,0.01,0.003,0.0,0.12,symmetric_low_power,constrained_fisher,g0.75_0.75_s0.02,0.0600,1.0637,0.6548,12.9600,0.0186,0.0781,0.6199,0.0350,0.0306,-0.0044,14092
3,16,square_waypoints,0.01,0.003,0.0,0.12,high_slip,null_probe,g1.00_1.00_s0.20,0.0000,0.8521,0.6727,8.5700,0.0328,0.1521,1.1915,0.0601,0.0601,0.0000,14093
3,16,square_waypoints,0.01,0.003,0.0,0.12,high_slip,unpaired_null,g1.00_1.00_s0.20,0.0000,1.8288,0.3192,8.5700,0.0873,0.2863,2.4543,0.0134,0.0134,0.0000,14094
3,16,square_waypoints,0.01,0.003,0.0,0.12,high_slip,random_probe,g1.00_0.90_s0.20,0.1000,1.8599,0.3284,3.7187,0.3317,0.3314,3.3491,0.0677,0.0704,0.0027,14095
3,16,square_waypoints,0.01,0.003,0.0,0.12,high_slip,task_greedy,g1.00_1.00_s0.20,0.0000,2.4603,0.1139,7.8409,1.1181,1.1211,9.5375,0.1214,0.1214,0.0000,14096
3,16,square_waypoints,0.01,0.003,0.0,0.12,high_slip,fisher_grid,g1.00_1.00_s0.20,0.0000,1.1143,0.6099,11.3400,0.1655,0.1808,1.8611,0.2046,0.2046,0.0000,14097
3,16,square_waypoints,0.01,0.003,0.0,0.12,high_slip,constrained_fisher,g1.00_1.00_s0.20,0.0000,1.0100,0.7083,4.4550,0.1130,0.1418,2.1546,0.1051,0.1051,0.0000,14098
4,16,square_waypoints,0.01,0.003,0.0,0.12,left_gain_loss,null_probe,g0.60_1.00_s0.10,0.1000,1.5090,0.4349,8.5700,0.0293,0.1080,0.7322,0.0315,0.0227,-0.0088,15099
4,16,square_waypoints,0.01,0.003,0.0,0.12,left_gain_loss,unpaired_null,g0.60_1.00_s0.02,0.0200,1.4375,0.3819,8.5700,0.0369,0.1751,1.5761,0.0083,0.0223,0.0140,15100
4,16,square_waypoints,0.01,0.003,0.0,0.12,left_gain_loss,random_probe,g0.60_1.00_s0.10,0.1000,2.4730,0.1366,4.8750,0.2373,0.3330,3.4249,0.0278,0.0141,-0.0137,15101
4,16,square_waypoints,0.01,0.003,0.0,0.12,left_gain_loss,task_greedy,g0.60_1.00_s0.20,0.2000,1.8548,0.2220,8.2436,0.8555,0.8706,7.6549,0.0556,0.0456,-0.0100,15102
4,16,square_waypoints,0.01,0.003,0.0,0.12,left_gain_loss,fisher_grid,g0.60_1.00_s0.02,0.0200,0.8327,0.7430,11.3400,0.1796,0.1816,1.6380,0.0459,0.1264,0.0806,15103
4,16,square_waypoints,0.01,0.003,0.0,0.12,left_gain_loss,constrained_fisher,g0.60_1.00_s0.02,0.0200,1.0340,0.6385,12.9600,0.0109,0.0869,0.7331,0.0394,0.0340,-0.0055,15104
4,16,square_waypoints,0.01,0.003,0.0,0.12,right_gain_loss,null_probe,g1.00_0.60_s0.02,0.0200,1.2590,0.5781,8.5700,0.0514,0.0853,0.8008,0.0521,0.0888,0.0367,15105
4,16,square_waypoints,0.01,0.003,0.0,0.12,right_gain_loss,unpaired_null,g1.00_0.60_s0.02,0.0200,0.9731,0.7047,8.5700,0.0273,0.2977,2.4540,0.0425,0.1612,0.1187,15106
4,16,square_waypoints,0.01,0.003,0.0,0.12,right_gain_loss,random_probe,g1.00_0.60_s0.02,0.0200,2.3112,0.1681,2.1089,0.1127,0.1652,2.0125,0.0259,0.1556,0.1297,15107
4,16,square_waypoints,0.01,0.003,0.0,0.12,right_gain_loss,task_greedy,g1.00_0.60_s0.02,0.0200,2.1027,0.1938,8.2469,0.8617,0.8577,7.4169,0.0757,0.0203,-0.0555,15108
4,16,square_waypoints,0.01,0.003,0.0,0.12,right_gain_loss,fisher_grid,g1.00_0.60_s0.02,0.0200,1.0771,0.4502,11.3400,0.1513,0.1830,1.5765,0.0459,0.0196,-0.0262,15109
4,16,square_waypoints,0.01,0.003,0.0,0.12,right_gain_loss,constrained_fisher,g1.00_0.60_s0.02,0.0200,0.9187,0.7143,12.6563,0.0718,0.1141,1.0276,0.0134,0.0535,0.0401,15110
4,16,square_waypoints,0.01,0.003,0.0,0.12,symmetric_low_power,null_probe,g0.75_0.75_s0.02,0.0600,1.4491,0.4599,8.5700,0.0301,0.0656,0.5748,0.0174,0.0725,0.0551,15111
4,16,square_waypoints,0.01,0.003,0.0,0.12,symmetric_low_power,unpaired_null,g0.75_0.75_s0.10,0.1400,1.9826,0.2802,8.5700,0.0212,0.2109,1.7343,0.0258,0.0492,0.0235,15112
4,16,square_waypoints,0.01,0.003,0.0,0.12,symmetric_low_power,random_probe,g0.75_0.75_s0.02,0.0600,2.1260,0.3404,4.3746,0.2354,0.2293,2.5048,0.0383,0.1003,0.0620,15113
4,16,square_waypoints,0.01,0.003,0.0,0.12,symmetric_low_power,task_greedy,g0.75_0.75_s0.20,0.2400,1.8751,0.2676,7.8405,0.8123,0.8183,6.9616,0.0686,0.0663,-0.0023,15114
4,16,square_waypoints,0.01,0.003,0.0,0.12,symmetric_low_power,fisher_grid,g0.75_0.75_s0.10,0.1400,2.0461,0.2645,11.3400,0.1491,0.1280,1.1303,0.0461,0.0674,0.0213,15115
4,16,square_waypoints,0.01,0.003,0.0,0.12,symmetric_low_power,constrained_fisher,g0.75_0.60_s0.02,0.1500,0.8163,0.6500,12.9600,0.0241,0.0827,0.7274,0.0199,0.0453,0.0253,15116
4,16,square_waypoints,0.01,0.003,0.0,0.12,high_slip,null_probe,g1.00_1.00_s0.10,0.1000,1.2230,0.6135,8.5700,0.0434,0.1130,0.9572,0.1436,0.1436,0.0000,15117
4,16,square_waypoints,0.01,0.003,0.0,0.12,high_slip,unpaired_null,g1.00_1.00_s0.20,0.0000,0.8100,0.7547,8.5700,0.1203,0.3304,2.8988,0.1827,0.1827,0.0000,15118
4,16,square_waypoints,0.01,0.003,0.0,0.12,high_slip,random_probe,g1.00_1.00_s0.20,0.0000,1.4424,0.4611,4.5541,0.2504,0.2299,2.2130,0.0135,0.0135,0.0000,15119
4,16,square_waypoints,0.01,0.003,0.0,0.12,high_slip,task_greedy,g1.00_1.00_s0.20,0.0000,2.0790,0.2252,7.8406,1.1410,1.1269,9.6636,0.2004,0.2004,0.0000,15120
4,16,square_waypoints,0.01,0.003,0.0,0.12,high_slip,fisher_grid,g1.00_1.00_s0.10,0.1000,1.0071,0.6402,11.3400,0.1802,0.2086,2.2866,0.1841,0.1841,0.0000,15121
4,16,square_waypoints,0.01,0.003,0.0,0.12,high_slip,constrained_fisher,g1.00_1.00_s0.20,0.0000,1.6334,0.3765,11.1375,0.1045,0.1416,1.8033,0.0407,0.0407,0.0000,15122
5,16,square_waypoints,0.01,0.003,0.0,0.12,left_gain_loss,null_probe,g0.60_1.00_s0.02,0.0200,2.0346,0.2696,8.5700,0.0284,0.1139,0.8120,0.0414,0.0912,0.0498,16123
5,16,square_waypoints,0.01,0.003,0.0,0.12,left_gain_loss,unpaired_null,g0.60_1.00_s0.02,0.0200,1.4661,0.4743,8.5700,0.0385,0.1759,1.6700,0.1261,0.0750,-0.0511,16124
5,16,square_waypoints,0.01,0.003,0.0,0.12,left_gain_loss,random_probe,g0.75_1.00_s0.10,0.2100,2.5654,0.1492,3.8560,0.0603,0.1727,1.4848,0.1114,0.1972,0.0858,16125
5,16,square_waypoints,0.01,0.003,0.0,0.12,left_gain_loss,task_greedy,g0.60_1.00_s0.02,0.0200,1.7950,0.2353,8.2845,0.8514,0.8645,7.4756,0.0611,0.0266,-0.0346,16126
5,16,square_waypoints,0.01,0.003,0.0,0.12,left_gain_loss,fisher_grid,g0.60_1.00_s0.02,0.0200,1.2253,0.5257,11.3400,0.1741,0.1852,1.6470,0.0366,0.1481,0.1115,16127
5,16,square_waypoints,0.01,0.003,0.0,0.12,left_gain_loss,constrained_fisher,g0.60_1.00_s0.02,0.0200,0.1729,0.9660,12.9600,0.0411,0.0963,0.9140,0.0597,0.1324,0.0727,16128
5,16,square_waypoints,0.01,0.003,0.0,0.12,right_gain_loss,null_probe,g1.00_0.60_s0.10,0.1000,1.9014,0.2936,8.5700,0.0130,0.0869,0.6113,0.0422,0.1195,0.0774,16129
5,16,square_waypoints,0.01,0.003,0.0,0.12,right_gain_loss,unpaired_null,g1.00_0.60_s0.02,0.0200,1.3967,0.4768,8.5700,0.0271,0.2832,2.4154,0.0271,0.0176,-0.0095,16130
5,16,square_waypoints,0.01,0.003,0.0,0.12,right_gain_loss,random_probe,g1.00_0.75_s0.02,0.1300,2.0147,0.3867,4.1987,0.4277,0.4226,4.4545,0.0377,0.1714,0.1337,16131
5,16,square_waypoints,0.01,0.003,0.0,0.12,right_gain_loss,task_greedy,g1.00_0.60_s0.02,0.0200,1.8395,0.2256,8.2597,0.8505,0.8753,7.6646,0.0810,0.0217,-0.0594,16132
5,16,square_waypoints,0.01,0.003,0.0,0.12,right_gain_loss,fisher_grid,g1.00_0.60_s0.02,0.0200,0.6467,0.8333,11.3400,0.1859,0.1920,1.7191,0.0905,0.0168,-0.0737,16133
5,16,square_waypoints,0.01,0.003,0.0,0.12,right_gain_loss,constrained_fisher,g1.00_0.60_s0.02,0.0200,1.3074,0.5740,12.6563,0.0782,0.1068,1.1443,0.0297,0.0233,-0.0064,16134
5,16,square_waypoints,0.01,0.003,0.0,0.12,symmetric_low_power,null_probe,g0.75_0.75_s0.02,0.0600,1.9549,0.2802,8.5700,0.0276,0.0868,0.7207,0.0195,0.0391,0.0197,16135
5,16,square_waypoints,0.01,0.003,0.0,0.12,symmetric_low_power,unpaired_null,g0.75_0.60_s0.02,0.1500,2.2376,0.1589,8.5700,0.0302,0.1973,1.5283,0.0215,0.0557,0.0342,16136
5,16,square_waypoints,0.01,0.003,0.0,0.12,symmetric_low_power,random_probe,g0.75_0.75_s0.10,0.1400,2.3899,0.2172,4.1934,0.0464,0.1235,0.9325,0.0289,0.0492,0.0203,16137
5,16,square_waypoints,0.01,0.003,0.0,0.12,symmetric_low_power,task_greedy,g0.75_0.75_s0.20,0.2400,1.9623,0.2519,7.8407,0.8166,0.8035,6.8261,0.0618,0.0449,-0.0169,16138
5,16,square_waypoints,0.01,0.003,0.0,0.12,symmetric_low_power,fisher_grid,g0.75_0.75_s0.02,0.0600,1.0006,0.7149,11.3400,0.1120,0.1323,1.1429,0.0110,0.0762,0.0652,16139
5,16,square_waypoints,0.01,0.003,0.0,0.12,symmetric_low_power,constrained_fisher,g0.75_0.75_s0.02,0.0600,0.6354,0.8029,12.9600,0.0485,0.0885,0.7295,0.0398,0.0597,0.0199,16140
5,16,square_waypoints,0.01,0.003,0.0,0.12,high_slip,null_probe,g1.00_1.00_s0.20,0.0000,0.6484,0.8167,8.5700,0.1161,0.2585,2.1272,0.1591,0.1591,0.0000,16141
5,16,square_waypoints,0.01,0.003,0.0,0.12,high_slip,unpaired_null,g0.90_1.00_s0.10,0.2000,1.9758,0.3642,8.5700,0.1158,0.2867,2.5331,0.0762,0.0634,-0.0127,16142
5,16,square_waypoints,0.01,0.003,0.0,0.12,high_slip,random_probe,g1.00_1.00_s0.20,0.0000,1.2624,0.4706,4.4248,0.1653,0.2598,2.8181,0.0532,0.0532,0.0000,16143
5,16,square_waypoints,0.01,0.003,0.0,0.12,high_slip,task_greedy,g1.00_1.00_s0.20,0.0000,2.2330,0.1837,7.8408,1.1157,1.1076,9.3868,0.1406,0.1406,0.0000,16144
5,16,square_waypoints,0.01,0.003,0.0,0.12,high_slip,fisher_grid,g1.00_1.00_s0.20,0.0000,0.6674,0.8077,11.3400,0.2862,0.2968,2.5464,0.1574,0.1574,0.0000,16145
5,16,square_waypoints,0.01,0.003,0.0,0.12,high_slip,constrained_fisher,g1.00_1.00_s0.20,0.0000,1.2383,0.5598,12.9600,0.0834,0.1603,1.4922,0.1595,0.1595,0.0000,16146
6,16,square_waypoints,0.01,0.003,0.0,0.12,left_gain_loss,null_probe,g0.60_1.00_s0.10,0.1000,1.5583,0.3904,8.5700,0.0172,0.0891,0.6965,0.0811,0.0786,-0.0025,17147
6,16,square_waypoints,0.01,0.003,0.0,0.12,left_gain_loss,unpaired_null,g0.60_1.00_s0.02,0.0200,1.2103,0.5792,8.5700,0.0339,0.1910,1.7633,0.0283,0.0162,-0.0121,17148
6,16,square_waypoints,0.01,0.003,0.0,0.12,left_gain_loss,random_probe,g0.60_1.00_s0.02,0.0200,2.2863,0.2125,3.9938,0.2753,0.2556,2.0926,0.0137,0.1391,0.1254,17149
6,16,square_waypoints,0.01,0.003,0.0,0.12,left_gain_loss,task_greedy,g0.60_1.00_s0.20,0.2000,2.1345,0.2069,8.2551,0.8744,0.8686,7.5599,0.0224,0.1721,0.1497,17150
6,16,square_waypoints,0.01,0.003,0.0,0.12,left_gain_loss,fisher_grid,g0.60_1.00_s0.02,0.0200,0.5469,0.8687,11.3400,0.1797,0.1881,1.6739,0.0152,0.0136,-0.0015,17151
6,16,square_waypoints,0.01,0.003,0.0,0.12,left_gain_loss,constrained_fisher,g0.60_1.00_s0.02,0.0200,0.4524,0.8637,12.0488,0.0966,0.1046,1.1855,0.0274,0.0442,0.0167,17152
6,16,square_waypoints,0.01,0.003,0.0,0.12,right_gain_loss,null_probe,g1.00_0.60_s0.02,0.0200,1.4112,0.5265,8.5700,0.0159,0.0949,0.7819,0.0148,0.0172,0.0024,17153
6,16,square_waypoints,0.01,0.003,0.0,0.12,right_gain_loss,unpaired_null,g1.00_0.60_s0.02,0.0200,1.1370,0.6307,8.5700,0.0729,0.2818,2.2451,0.0037,0.0138,0.0101,17154
6,16,square_waypoints,0.01,0.003,0.0,0.12,right_gain_loss,random_probe,g1.00_0.60_s0.10,0.1000,2.2928,0.2471,3.3467,0.2793,0.2517,2.5036,0.0245,0.0444,0.0199,17155
6,16,square_waypoints,0.01,0.003,0.0,0.12,right_gain_loss,task_greedy,g1.00_0.60_s0.20,0.2000,1.9242,0.2805,8.2559,0.8925,0.8644,7.4213,0.0147,0.0120,-0.0027,17156
6,16,square_waypoints,0.01,0.003,0.0,0.12,right_gain_loss,fisher_grid,g1.00_0.60_s0.02,0.0200,1.2018,0.5992,11.3400,0.1680,0.1738,1.4438,0.0562,0.1139,0.0577,17157
6,16,square_waypoints,0.01,0.003,0.0,0.12,right_gain_loss,constrained_fisher,g1.00_0.60_s0.02,0.0200,0.6607,0.7235,12.6563,0.0620,0.1026,1.0490,0.0396,0.0750,0.0355,17158
6,16,square_waypoints,0.01,0.003,0.0,0.12,symmetric_low_power,null_probe,g0.75_0.75_s0.02,0.0600,1.7155,0.3458,8.5700,0.0115,0.0619,0.5149,0.0363,0.0665,0.0302,17159
6,16,square_waypoints,0.01,0.003,0.0,0.12,symmetric_low_power,unpaired_null,g0.75_0.75_s0.02,0.0600,1.9269,0.2746,8.5700,0.0074,0.2121,1.7658,0.0388,0.0761,0.0373,17160
6,16,square_waypoints,0.01,0.003,0.0,0.12,symmetric_low_power,random_probe,g0.90_0.75_s0.02,0.2100,2.7170,0.1535,4.1762,0.2475,0.2620,3.1491,0.0168,0.0618,0.0451,17161
6,16,square_waypoints,0.01,0.003,0.0,0.12,symmetric_low_power,task_greedy,g0.75_0.75_s0.02,0.0600,1.7295,0.2883,7.8404,0.8022,0.8113,6.8218,0.0571,0.0722,0.0151,17162
6,16,square_waypoints,0.01,0.003,0.0,0.12,symmetric_low_power,fisher_grid,g0.75_0.75_s0.02,0.0600,1.1840,0.5894,11.3400,0.1277,0.1305,1.2074,0.0349,0.0635,0.0286,17163
6,16,square_waypoints,0.01,0.003,0.0,0.12,symmetric_low_power,constrained_fisher,g0.75_0.75_s0.02,0.0600,1.0289,0.6192,12.9600,0.0182,0.0813,0.6739,0.0301,0.0320,0.0019,17164
6,16,square_waypoints,0.01,0.003,0.0,0.12,high_slip,null_probe,g1.00_1.00_s0.20,0.0000,0.7086,0.7695,8.5700,0.0598,0.1478,1.2431,0.2081,0.2081,0.0000,17165
6,16,square_waypoints,0.01,0.003,0.0,0.12,high_slip,unpaired_null,g1.00_1.00_s0.20,0.0000,1.4029,0.4492,8.5700,0.0039,0.2855,2.2839,0.2812,0.2812,0.0000,17166
6,16,square_waypoints,0.01,0.003,0.0,0.12,high_slip,random_probe,g1.00_1.00_s0.20,0.0000,1.2247,0.4871,3.9792,0.3052,0.4081,4.2877,0.2178,0.2178,0.0000,17167
6,16,square_waypoints,0.01,0.003,0.0,0.12,high_slip,task_greedy,g1.00_1.00_s0.20,0.0000,1.9812,0.2381,7.8406,1.1458,1.1482,9.7803,0.1098,0.1098,0.0000,17168
6,16,square_waypoints,0.01,0.003,0.0,0.12,high_slip,fisher_grid,g1.00_1.00_s0.20,0.0000,0.7302,0.6408,11.3400,0.2969,0.3684,3.6206,0.0759,0.0759,0.0000,17169
6,16,square_waypoints,0.01,0.003,0.0,0.12,high_slip,constrained_fisher,g1.00_1.00_s0.20,0.0000,1.6212,0.4580,4.4550,0.1321,0.1620,1.9761,0.1584,0.1584,0.0000,17170
7,16,square_waypoints,0.01,0.003,0.0,0.12,left_gain_loss,null_probe,g0.60_1.00_s0.02,0.0200,1.3160,0.4984,8.5700,0.0170,0.0833,0.6781,0.0310,0.0264,-0.0046,18171
7,16,square_waypoints,0.01,0.003,0.0,0.12,left_gain_loss,unpaired_null,g0.60_1.00_s0.02,0.0200,1.5173,0.3892,8.5700,0.0734,0.1933,1.8188,0.0319,0.1111,0.0792,18172
7,16,square_waypoints,0.01,0.003,0.0,0.12,left_gain_loss,random_probe,g0.60_1.00_s0.02,0.0200,1.6322,0.4586,5.6286,0.1813,0.1913,1.8195,0.0924,0.0434,-0.0490,18173
7,16,square_waypoints,0.01,0.003,0.0,0.12,left_gain_loss,task_greedy,g0.60_0.90_s0.20,0.3000,1.9316,0.2183,8.2677,0.8685,0.8693,7.5971,0.1043,0.0803,-0.0240,18174
7,16,square_waypoints,0.01,0.003,0.0,0.12,left_gain_loss,fisher_grid,g0.60_1.00_s0.10,0.1000,1.1398,0.5774,11.3400,0.2191,0.2028,1.7610,0.0938,0.0255,-0.0683,18175
7,16,square_waypoints,0.01,0.003,0.0,0.12,left_gain_loss,constrained_fisher,g0.60_1.00_s0.02,0.0200,0.2426,0.9450,12.6563,0.0751,0.1094,0.9719,0.0885,0.0949,0.0063,18176
7,16,square_waypoints,0.01,0.003,0.0,0.12,right_gain_loss,null_probe,g1.00_0.60_s0.02,0.0200,1.5788,0.4735,8.5700,0.0622,0.0974,0.8570,0.0456,0.1510,0.1054,18177
7,16,square_waypoints,0.01,0.003,0.0,0.12,right_gain_loss,unpaired_null,g1.00_0.60_s0.02,0.0200,1.0247,0.6625,8.5700,0.0355,0.2741,2.2605,0.0662,0.0966,0.0304,18178
7,16,square_waypoints,0.01,0.003,0.0,0.12,right_gain_loss,random_probe,g1.00_0.60_s0.02,0.0200,1.6591,0.3406,4.0987,0.2099,0.2649,2.8169,0.0213,0.0100,-0.0113,18179
7,16,square_waypoints,0.01,0.003,0.0,0.12,right_gain_loss,task_greedy,g0.90_0.60_s0.20,0.3000,1.8909,0.1787,8.2616,0.9058,0.8826,7.6399,0.0137,0.0380,0.0243,18180
7,16,square_waypoints,0.01,0.003,0.0,0.12,right_gain_loss,fisher_grid,g1.00_0.60_s0.02,0.0200,0.8501,0.7308,11.3400,0.1996,0.2176,1.7720,0.0284,0.1568,0.1283,18181
7,16,square_waypoints,0.01,0.003,0.0,0.12,right_gain_loss,constrained_fisher,g1.00_0.60_s0.02,0.0200,0.3092,0.9357,12.3525,0.0848,0.1124,1.1698,0.0376,0.0244,-0.0132,18182
7,16,square_waypoints,0.01,0.003,0.0,0.12,symmetric_low_power,null_probe,g0.75_0.75_s0.10,0.1400,1.5411,0.4120,8.5700,0.0140,0.0651,0.5530,0.0323,0.0765,0.0442,18183
7,16,square_waypoints,0.01,0.003,0.0,0.12,symmetric_low_power,unpaired_null,g0.75_0.75_s0.02,0.0600,1.3339,0.5742,8.5700,0.0258,0.2179,1.8867,0.0677,0.0834,0.0157,18184
7,16,square_waypoints,0.01,0.003,0.0,0.12,symmetric_low_power,random_probe,g0.75_0.75_s0.02,0.0600,2.1225,0.3812,4.1770,0.1123,0.2211,2.1000,0.0254,0.0526,0.0272,18185
7,16,square_waypoints,0.01,0.003,0.0,0.12,symmetric_low_power,task_greedy,g0.75_0.75_s0.02,0.0600,1.8882,0.2643,7.8406,0.7982,0.8022,6.8542,0.0239,0.0637,0.0398,18186
7,16,square_waypoints,0.01,0.003,0.0,0.12,symmetric_low_power,fisher_grid,g0.75_0.75_s0.02,0.0600,1.1028,0.4609,11.3400,0.1498,0.1324,1.1985,0.0318,0.0588,0.0270,18187
7,16,square_waypoints,0.01,0.003,0.0,0.12,symmetric_low_power,constrained_fisher,g0.75_0.75_s0.02,0.0600,0.7700,0.7892,12.9600,0.0110,0.0713,0.6034,0.0382,0.0213,-0.0169,18188
7,16,square_waypoints,0.01,0.003,0.0,0.12,high_slip,null_probe,g1.00_1.00_s0.20,0.0000,1.6722,0.3601,8.5700,0.0665,0.1088,0.8466,0.0896,0.0896,0.0000,18189
7,16,square_waypoints,0.01,0.003,0.0,0.12,high_slip,unpaired_null,g1.00_1.00_s0.20,0.0000,1.1753,0.6420,8.5700,0.1033,0.3097,2.5573,0.0664,0.0664,0.0000,18190
7,16,square_waypoints,0.01,0.003,0.0,0.12,high_slip,random_probe,g1.00_1.00_s0.20,0.0000,1.4601,0.3985,3.2350,0.3450,0.3679,3.7108,0.1254,0.1254,0.0000,18191
7,16,square_waypoints,0.01,0.003,0.0,0.12,high_slip,task_greedy,g1.00_1.00_s0.02,0.1800,1.9334,0.2463,7.8404,1.1397,1.1277,9.6070,0.1497,0.1497,0.0000,18192
7,16,square_waypoints,0.01,0.003,0.0,0.12,high_slip,fisher_grid,g1.00_1.00_s0.20,0.0000,1.5217,0.3258,11.3400,0.1711,0.2035,1.8907,0.0190,0.0190,0.0000,18193
7,16,square_waypoints,0.01,0.003,0.0,0.12,high_slip,constrained_fisher,g1.00_1.00_s0.20,0.0000,1.1661,0.5592,7.4925,0.1399,0.1635,1.8113,0.1383,0.1383,0.0000,18194
8,16,square_waypoints,0.01,0.003,0.0,0.12,left_gain_loss,null_probe,g0.75_1.00_s0.02,0.1300,1.5263,0.4559,8.5700,0.0332,0.0939,0.8158,0.0909,0.1630,0.0721,19195
8,16,square_waypoints,0.01,0.003,0.0,0.12,left_gain_loss,unpaired_null,g0.60_1.00_s0.02,0.0200,1.1004,0.6756,8.5700,0.0418,0.1784,1.6027,0.0595,0.0369,-0.0226,19196
8,16,square_waypoints,0.01,0.003,0.0,0.12,left_gain_loss,random_probe,g0.60_1.00_s0.10,0.1000,2.3049,0.2198,4.5105,0.0810,0.2395,2.2456,0.0846,0.0448,-0.0398,19197
8,16,square_waypoints,0.01,0.003,0.0,0.12,left_gain_loss,task_greedy,g0.60_1.00_s0.20,0.2000,1.6948,0.2548,8.2559,0.8705,0.8684,7.5192,0.0458,0.0936,0.0478,19198
8,16,square_waypoints,0.01,0.003,0.0,0.12,left_gain_loss,fisher_grid,g0.60_1.00_s0.02,0.0200,0.5289,0.8672,11.3400,0.1847,0.1773,1.6048,0.0279,0.0722,0.0443,19199
8,16,square_waypoints,0.01,0.003,0.0,0.12,left_gain_loss,constrained_fisher,g0.60_1.00_s0.02,0.0200,0.8021,0.7944,12.6563,0.0794,0.1029,1.0270,0.0465,0.0174,-0.0291,19200
8,16,square_waypoints,0.01,0.003,0.0,0.12,right_gain_loss,null_probe,g1.00_0.60_s0.02,0.0200,1.5220,0.4729,8.5700,0.0619,0.1066,0.8977,0.0064,0.0800,0.0736,19201
8,16,square_waypoints,0.01,0.003,0.0,0.12,right_gain_loss,unpaired_null,g1.00_0.60_s0.10,0.1000,1.7138,0.4151,8.5700,0.0295,0.2832,2.2934,0.0279,0.0439,0.0161,19202
8,16,square_waypoints,0.01,0.003,0.0,0.12,right_gain_loss,random_probe,g0.90_0.60_s0.02,0.1200,2.2914,0.2239,3.8929,0.4591,0.5192,5.4413,0.1232,0.1598,0.0367,19203
8,16,square_waypoints,0.01,0.003,0.0,0.12,right_gain_loss,task_greedy,g0.90_0.60_s0.20,0.3000,2.0008,0.1765,8.2360,0.8599,0.8638,7.4243,0.0668,0.0200,-0.0468,19204
8,16,square_waypoints,0.01,0.003,0.0,0.12,right_gain_loss,fisher_grid,g1.00_0.60_s0.02,0.0200,0.3828,0.9019,11.3400,0.1977,0.1915,1.6740,0.0082,0.0276,0.0194,19205
8,16,square_waypoints,0.01,0.003,0.0,0.12,right_gain_loss,constrained_fisher,g1.00_0.60_s0.02,0.0200,0.7204,0.7796,12.6563,0.0670,0.1176,1.0399,0.0903,0.1600,0.0697,19206
8,16,square_waypoints,0.01,0.003,0.0,0.12,symmetric_low_power,null_probe,g0.75_0.75_s0.02,0.0600,1.6942,0.4657,8.5700,0.0121,0.0567,0.5307,0.0525,0.0783,0.0257,19207
8,16,square_waypoints,0.01,0.003,0.0,0.12,symmetric_low_power,unpaired_null,g0.75_0.75_s0.10,0.1400,2.0596,0.2451,8.5700,0.0113,0.2091,1.6821,0.0208,0.0709,0.0501,19208
8,16,square_waypoints,0.01,0.003,0.0,0.12,symmetric_low_power,random_probe,g0.75_0.60_s0.02,0.1500,2.0223,0.3382,4.5845,0.2842,0.2902,2.0707,0.0832,0.0345,-0.0486,19209
8,16,square_waypoints,0.01,0.003,0.0,0.12,symmetric_low_power,task_greedy,g0.75_0.75_s0.02,0.0600,2.1251,0.2279,7.8405,0.8274,0.8133,6.9995,0.0346,0.0454,0.0108,19210
8,16,square_waypoints,0.01,0.003,0.0,0.12,symmetric_low_power,fisher_grid,g0.75_0.75_s0.02,0.0600,0.7573,0.7955,11.3400,0.1738,0.1435,1.2352,0.0305,0.0409,0.0104,19211
8,16,square_waypoints,0.01,0.003,0.0,0.12,symmetric_low_power,constrained_fisher,g0.75_0.75_s0.02,0.0600,1.3777,0.4749,12.9600,0.0313,0.0915,0.8255,0.0501,0.0297,-0.0203,19212
8,16,square_waypoints,0.01,0.003,0.0,0.12,high_slip,null_probe,g1.00_1.00_s0.20,0.0000,1.1073,0.6707,8.5700,0.0427,0.1642,1.4600,0.1256,0.1256,0.0000,19213
8,16,square_waypoints,0.01,0.003,0.0,0.12,high_slip,unpaired_null,g1.00_1.00_s0.20,0.0000,1.1192,0.6295,8.5700,0.1678,0.2758,2.5001,0.1458,0.1458,0.0000,19214
8,16,square_waypoints,0.01,0.003,0.0,0.12,high_slip,random_probe,g1.00_1.00_s0.10,0.1000,2.3464,0.2085,4.1944,0.3830,0.3895,3.5077,0.0315,0.0315,0.0000,19215
8,16,square_waypoints,0.01,0.003,0.0,0.12,high_slip,task_greedy,g0.90_0.90_s0.02,0.3800,2.4097,0.1324,7.8406,1.0892,1.1000,9.3643,0.0467,0.0612,0.0145,19216
8,16,square_waypoints,0.01,0.003,0.0,0.12,high_slip,fisher_grid,g1.00_1.00_s0.20,0.0000,0.8822,0.7555,11.3400,0.1759,0.1930,1.9702,0.1401,0.1401,0.0000,19217
8,16,square_waypoints,0.01,0.003,0.0,0.12,high_slip,constrained_fisher,g1.00_1.00_s0.20,0.0000,1.0791,0.6166,11.7450,0.1313,0.1792,1.5976,0.1208,0.1208,0.0000,19218
9,16,square_waypoints,0.01,0.003,0.0,0.12,left_gain_loss,null_probe,g0.60_1.00_s0.10,0.1000,1.6906,0.3422,8.5700,0.0399,0.0988,0.8204,0.1043,0.0103,-0.0939,20219
9,16,square_waypoints,0.01,0.003,0.0,0.12,left_gain_loss,unpaired_null,g0.60_1.00_s0.02,0.0200,1.6977,0.4025,8.5700,0.0236,0.1852,1.6576,0.0378,0.0274,-0.0104,20220
9,16,square_waypoints,0.01,0.003,0.0,0.12,left_gain_loss,random_probe,g0.60_1.00_s0.02,0.0200,2.1204,0.1872,3.6170,0.2107,0.2888,3.2308,0.0178,0.0253,0.0075,20221
9,16,square_waypoints,0.01,0.003,0.0,0.12,left_gain_loss,task_greedy,g0.60_1.00_s0.02,0.0200,1.8326,0.1995,8.2521,0.8609,0.8671,7.5384,0.0775,0.1279,0.0505,20222
9,16,square_waypoints,0.01,0.003,0.0,0.12,left_gain_loss,fisher_grid,g0.60_1.00_s0.02,0.0200,1.1106,0.6109,11.3400,0.1962,0.1990,1.7031,0.0312,0.0313,0.0001,20223
9,16,square_waypoints,0.01,0.003,0.0,0.12,left_gain_loss,constrained_fisher,g0.60_1.00_s0.02,0.0200,0.6921,0.7669,12.6563,0.0521,0.1055,1.0352,0.0276,0.0259,-0.0017,20224
9,16,square_waypoints,0.01,0.003,0.0,0.12,right_gain_loss,null_probe,g1.00_0.60_s0.20,0.2000,1.5229,0.4872,8.5700,0.0534,0.1025,0.7952,0.0253,0.0601,0.0348,20225
9,16,square_waypoints,0.01,0.003,0.0,0.12,right_gain_loss,unpaired_null,g0.90_0.60_s0.02,0.1200,1.7662,0.3613,8.5700,0.0118,0.2857,2.3462,0.0543,0.1636,0.1094,20226
9,16,square_waypoints,0.01,0.003,0.0,0.12,right_gain_loss,random_probe,g1.00_0.60_s0.02,0.0200,2.0192,0.3382,2.8862,0.0813,0.2490,2.3176,0.0181,0.1145,0.0964,20227
9,16,square_waypoints,0.01,0.003,0.0,0.12,right_gain_loss,task_greedy,g1.00_0.60_s0.02,0.0200,1.9849,0.1712,8.2892,0.8704,0.8748,7.6616,0.0367,0.1030,0.0663,20228
9,16,square_waypoints,0.01,0.003,0.0,0.12,right_gain_loss,fisher_grid,g1.00_0.60_s0.02,0.0200,0.6081,0.8407,11.3400,0.1835,0.1910,1.6660,0.0759,0.1651,0.0892,20229
9,16,square_waypoints,0.01,0.003,0.0,0.12,right_gain_loss,constrained_fisher,g1.00_0.60_s0.02,0.0200,0.6471,0.7981,12.6563,0.0729,0.1080,1.0946,0.0300,0.0463,0.0164,20230
9,16,square_waypoints,0.01,0.003,0.0,0.12,symmetric_low_power,null_probe,g0.75_0.75_s0.02,0.0600,2.0853,0.2517,8.5700,0.0167,0.0655,0.6105,0.0616,0.0693,0.0077,20231
9,16,square_waypoints,0.01,0.003,0.0,0.12,symmetric_low_power,unpaired_null,g0.75_0.75_s0.02,0.0600,2.0510,0.3446,8.5700,0.0178,0.2090,1.7317,0.0500,0.0586,0.0086,20232
9,16,square_waypoints,0.01,0.003,0.0,0.12,symmetric_low_power,random_probe,g0.75_0.60_s0.02,0.1500,2.2846,0.2557,3.6894,0.0566,0.1434,1.4911,0.0316,0.0225,-0.0090,20233
9,16,square_waypoints,0.01,0.003,0.0,0.12,symmetric_low_power,task_greedy,g0.75_0.75_s0.02,0.0600,1.8381,0.2722,7.8411,0.7667,0.7893,6.7073,0.0531,0.0299,-0.0232,20234
9,16,square_waypoints,0.01,0.003,0.0,0.12,symmetric_low_power,fisher_grid,g0.75_0.75_s0.02,0.0600,1.0429,0.6841,11.3400,0.1237,0.1374,1.3191,0.0464,0.0660,0.0197,20235
9,16,square_waypoints,0.01,0.003,0.0,0.12,symmetric_low_power,constrained_fisher,g0.75_0.75_s0.02,0.0600,1.0458,0.6052,12.9600,0.0340,0.0748,0.6063,0.0505,0.0479,-0.0026,20236
9,16,square_waypoints,0.01,0.003,0.0,0.12,high_slip,null_probe,g1.00_1.00_s0.20,0.0000,1.1153,0.6819,8.5700,0.0294,0.1255,1.0952,0.1468,0.1468,0.0000,20237
9,16,square_waypoints,0.01,0.003,0.0,0.12,high_slip,unpaired_null,g1.00_1.00_s0.20,0.0000,1.3783,0.4109,8.5700,0.1058,0.3191,2.9836,0.2462,0.2462,0.0000,20238
9,16,square_waypoints,0.01,0.003,0.0,0.12,high_slip,random_probe,g1.00_1.00_s0.02,0.1800,1.7919,0.4074,5.6165,0.3323,0.5125,4.8009,0.2719,0.2719,0.0000,20239
9,16,square_waypoints,0.01,0.003,0.0,0.12,high_slip,task_greedy,g1.00_1.00_s0.20,0.0000,1.8936,0.2544,7.8405,1.1592,1.1408,9.7602,0.0952,0.0952,0.0000,20240
9,16,square_waypoints,0.01,0.003,0.0,0.12,high_slip,fisher_grid,g1.00_0.90_s0.20,0.1000,0.9305,0.4921,11.3400,0.2225,0.2100,1.9391,0.2040,0.1954,-0.0086,20241
9,16,square_waypoints,0.01,0.003,0.0,0.12,high_slip,constrained_fisher,g1.00_1.00_s0.20,0.0000,0.4374,0.8889,8.1000,0.1075,0.1527,1.6697,0.0355,0.0355,0.0000,20242
10,16,square_waypoints,0.01,0.003,0.0,0.12,left_gain_loss,null_probe,g0.60_1.00_s0.02,0.0200,1.0305,0.5751,8.5700,0.0224,0.0976,0.8636,0.0502,0.0460,-0.0042,21243
10,16,square_waypoints,0.01,0.003,0.0,0.12,left_gain_loss,unpaired_null,g0.60_1.00_s0.02,0.0200,1.3627,0.5096,8.5700,0.0309,0.1841,1.6741,0.0320,0.0200,-0.0120,21244
10,16,square_waypoints,0.01,0.003,0.0,0.12,left_gain_loss,random_probe,g0.75_1.00_s0.02,0.1300,2.5702,0.1476,3.1178,0.2149,0.2526,2.0203,0.0168,0.0591,0.0423,21245
10,16,square_waypoints,0.01,0.003,0.0,0.12,left_gain_loss,task_greedy,g0.60_1.00_s0.20,0.2000,1.6907,0.2675,8.2596,0.8780,0.8635,7.5681,0.0733,0.1528,0.0795,21246
10,16,square_waypoints,0.01,0.003,0.0,0.12,left_gain_loss,fisher_grid,g0.60_1.00_s0.02,0.0200,1.4474,0.4085,11.3400,0.1330,0.1723,1.4940,0.0308,0.0453,0.0145,21247
10,16,square_waypoints,0.01,0.003,0.0,0.12,left_gain_loss,constrained_fisher,g0.60_1.00_s0.02,0.0200,0.3861,0.8944,12.6563,0.0596,0.1191,1.0715,0.0562,0.1584,0.1022,21248
10,16,square_waypoints,0.01,0.003,0.0,0.12,right_gain_loss,null_probe,g0.90_0.60_s0.02,0.1200,1.4751,0.4593,8.5700,0.0244,0.0835,0.7027,0.0819,0.0339,-0.0480,21249
10,16,square_waypoints,0.01,0.003,0.0,0.12,right_gain_loss,unpaired_null,g1.00_0.60_s0.02,0.0200,1.3095,0.4584,8.5700,0.0393,0.2869,2.3673,0.0263,0.0342,0.0079,21250
10,16,square_waypoints,0.01,0.003,0.0,0.12,right_gain_loss,random_probe,g1.00_0.75_s0.10,0.2100,2.6190,0.1585,4.1149,0.4340,0.4511,3.8044,0.0324,0.0333,0.0009,21251
10,16,square_waypoints,0.01,0.003,0.0,0.12,right_gain_loss,task_greedy,g0.90_0.60_s0.20,0.3000,1.9047,0.1863,8.2504,0.8644,0.8631,7.5866,0.0273,0.1531,0.1258,21252
10,16,square_waypoints,0.01,0.003,0.0,0.12,right_gain_loss,fisher_grid,g1.00_0.60_s0.02,0.0200,1.9188,0.3168,11.3400,0.1815,0.1935,1.7010,0.0677,0.1026,0.0349,21253
10,16,square_waypoints,0.01,0.003,0.0,0.12,right_gain_loss,constrained_fisher,g1.00_0.60_s0.02,0.0200,1.3941,0.5674,11.6438,0.1051,0.1159,1.2939,0.0415,0.1732,0.1318,21254
10,16,square_waypoints,0.01,0.003,0.0,0.12,symmetric_low_power,null_probe,g0.60_0.60_s0.10,0.3200,2.0343,0.2866,8.5700,0.0206,0.0698,0.5520,0.0113,0.0691,0.0578,21255
10,16,square_waypoints,0.01,0.003,0.0,0.12,symmetric_low_power,unpaired_null,g0.75_0.75_s0.10,0.1400,2.2687,0.2382,8.5700,0.0237,0.2139,1.8253,0.0254,0.0392,0.0138,21256
10,16,square_waypoints,0.01,0.003,0.0,0.12,symmetric_low_power,random_probe,g0.75_0.75_s0.02,0.0600,2.1701,0.3399,4.8471,0.1008,0.1134,1.0766,0.0568,0.0459,-0.0109,21257
10,16,square_waypoints,0.01,0.003,0.0,0.12,symmetric_low_power,task_greedy,g0.75_0.75_s0.02,0.0600,2.1526,0.2168,7.8404,0.8396,0.8268,7.0618,0.0220,0.0439,0.0219,21258
10,16,square_waypoints,0.01,0.003,0.0,0.12,symmetric_low_power,fisher_grid,g0.75_0.75_s0.02,0.0600,0.6008,0.8561,11.3400,0.1533,0.1393,1.2440,0.0436,0.0521,0.0085,21259
10,16,square_waypoints,0.01,0.003,0.0,0.12,symmetric_low_power,constrained_fisher,g0.75_0.75_s0.02,0.0600,0.6038,0.8225,12.9600,0.0177,0.0725,0.6506,0.0196,0.0228,0.0032,21260
10,16,square_waypoints,0.01,0.003,0.0,0.12,high_slip,null_probe,g1.00_1.00_s0.20,0.0000,0.9049,0.7148,8.5700,0.1253,0.1902,2.0445,0.0537,0.0537,0.0000,21261
10,16,square_waypoints,0.01,0.003,0.0,0.12,high_slip,unpaired_null,g1.00_1.00_s0.20,0.0000,1.0362,0.7066,8.5700,0.1317,0.3160,2.9964,0.1653,0.1653,0.0000,21262
10,16,square_waypoints,0.01,0.003,0.0,0.12,high_slip,random_probe,g1.00_1.00_s0.20,0.0000,1.3310,0.4789,4.7474,0.3038,0.3132,2.2736,0.1152,0.1152,0.0000,21263
10,16,square_waypoints,0.01,0.003,0.0,0.12,high_slip,task_greedy,g0.90_0.90_s0.02,0.3800,2.4052,0.1742,7.8404,1.1324,1.1243,9.4899,0.0831,0.1861,0.1030,21264
10,16,square_waypoints,0.01,0.003,0.0,0.12,high_slip,fisher_grid,g1.00_1.00_s0.20,0.0000,0.7556,0.7905,11.3400,0.1814,0.1832,1.7634,0.0885,0.0885,0.0000,21265
10,16,square_waypoints,0.01,0.003,0.0,0.12,high_slip,constrained_fisher,g1.00_1.00_s0.20,0.0000,1.2963,0.4972,6.4800,0.1422,0.1700,1.8917,0.1621,0.1621,0.0000,21266
11,16,square_waypoints,0.01,0.003,0.0,0.12,left_gain_loss,null_probe,g0.60_1.00_s0.02,0.0200,1.5262,0.4380,8.5700,0.0597,0.0877,0.8262,0.0819,0.0167,-0.0652,22267
11,16,square_waypoints,0.01,0.003,0.0,0.12,left_gain_loss,unpaired_null,g0.60_1.00_s0.02,0.0200,1.4123,0.4765,8.5700,0.0421,0.1746,1.6101,0.0562,0.0707,0.0145,22268
11,16,square_waypoints,0.01,0.003,0.0,0.12,left_gain_loss,random_probe,g0.60_1.00_s0.02,0.0200,1.5871,0.4669,3.7028,0.1665,0.1510,1.6082,0.0226,0.0159,-0.0067,22269
11,16,square_waypoints,0.01,0.003,0.0,0.12,left_gain_loss,task_greedy,g0.60_1.00_s0.02,0.0200,2.0381,0.2123,8.2517,0.8458,0.8569,7.4886,0.0642,0.0211,-0.0432,22270
11,16,square_waypoints,0.01,0.003,0.0,0.12,left_gain_loss,fisher_grid,g0.60_1.00_s0.10,0.1000,1.1013,0.6634,11.3400,0.2003,0.1864,1.6333,0.0214,0.1303,0.1089,22271
11,16,square_waypoints,0.01,0.003,0.0,0.12,left_gain_loss,constrained_fisher,g0.60_1.00_s0.02,0.0200,1.3817,0.5708,12.6563,0.0839,0.1057,1.0297,0.0481,0.0208,-0.0273,22272
11,16,square_waypoints,0.01,0.003,0.0,0.12,right_gain_loss,null_probe,g1.00_0.60_s0.02,0.0200,1.5335,0.3777,8.5700,0.0176,0.1030,0.7901,0.0754,0.0911,0.0157,22273
11,16,square_waypoints,0.01,0.003,0.0,0.12,right_gain_loss,unpaired_null,g1.00_0.60_s0.02,0.0200,1.4111,0.4355,8.5700,0.0392,0.2813,2.3951,0.0809,0.1110,0.0301,22274
11,16,square_waypoints,0.01,0.003,0.0,0.12,right_gain_loss,random_probe,g1.00_0.60_s0.02,0.0200,1.9581,0.3263,4.4962,0.0978,0.2186,2.0213,0.0235,0.1328,0.1092,22275
11,16,square_waypoints,0.01,0.003,0.0,0.12,right_gain_loss,task_greedy,g1.00_0.60_s0.02,0.0200,1.7661,0.2338,8.2770,0.8893,0.8633,7.5578,0.0241,0.0132,-0.0109,22276
11,16,square_waypoints,0.01,0.003,0.0,0.12,right_gain_loss,fisher_grid,g1.00_0.60_s0.02,0.0200,0.9528,0.6512,11.3400,0.2228,0.1973,1.5509,0.0237,0.1543,0.1306,22277
11,16,square_waypoints,0.01,0.003,0.0,0.12,right_gain_loss,constrained_fisher,g1.00_0.60_s0.10,0.1000,0.9215,0.6411,12.9600,0.0443,0.1106,0.9620,0.0511,0.0133,-0.0378,22278
11,16,square_waypoints,0.01,0.003,0.0,0.12,symmetric_low_power,null_probe,g0.75_0.75_s0.02,0.0600,1.5895,0.3770,8.5700,0.0231,0.0797,0.6644,0.0396,0.0196,-0.0200,22279
11,16,square_waypoints,0.01,0.003,0.0,0.12,symmetric_low_power,unpaired_null,g0.75_0.75_s0.20,0.2400,1.2650,0.5800,8.5700,0.0261,0.2051,1.6593,0.0307,0.0804,0.0497,22280
11,16,square_waypoints,0.01,0.003,0.0,0.12,symmetric_low_power,random_probe,g0.75_0.60_s0.02,0.1500,2.3411,0.1611,3.8145,0.0691,0.1630,1.2785,0.0173,0.0372,0.0200,22281
11,16,square_waypoints,0.01,0.003,0.0,0.12,symmetric_low_power,task_greedy,g0.75_0.75_s0.20,0.2400,2.3032,0.1692,7.8405,0.8049,0.8169,6.9887,0.0336,0.0846,0.0510,22282
11,16,square_waypoints,0.01,0.003,0.0,0.12,symmetric_low_power,fisher_grid,g0.75_0.75_s0.02,0.0600,1.7291,0.3504,11.3400,0.1231,0.1357,1.2822,0.0592,0.0353,-0.0239,22283
11,16,square_waypoints,0.01,0.003,0.0,0.12,symmetric_low_power,constrained_fisher,g0.75_0.75_s0.02,0.0600,1.0751,0.5197,12.9600,0.0372,0.0779,0.6744,0.0266,0.0596,0.0330,22284
11,16,square_waypoints,0.01,0.003,0.0,0.12,high_slip,null_probe,g1.00_1.00_s0.20,0.0000,0.7571,0.7354,8.5700,0.0324,0.1695,1.4836,0.2229,0.2229,0.0000,22285
11,16,square_waypoints,0.01,0.003,0.0,0.12,high_slip,unpaired_null,g1.00_1.00_s0.20,0.0000,1.9183,0.2771,8.5700,0.1039,0.2911,2.5543,0.1689,0.1689,0.0000,22286
11,16,square_waypoints,0.01,0.003,0.0,0.12,high_slip,random_probe,g0.90_1.00_s0.20,0.1000,1.8610,0.3456,4.5555,0.2565,0.2538,1.8302,0.0732,0.0418,-0.0314,22287
11,16,square_waypoints,0.01,0.003,0.0,0.12,high_slip,task_greedy,g1.00_1.00_s0.20,0.0000,1.5140,0.3001,7.8405,1.1085,1.1077,9.4308,0.0565,0.0565,0.0000,22288
11,16,square_waypoints,0.01,0.003,0.0,0.12,high_slip,fisher_grid,g1.00_1.00_s0.20,0.0000,0.7553,0.7702,11.3400,0.2218,0.2163,2.0172,0.1529,0.1529,0.0000,22289
11,16,square_waypoints,0.01,0.003,0.0,0.12,high_slip,constrained_fisher,g1.00_1.00_s0.20,0.0000,1.0528,0.4905,12.9600,0.0943,0.1043,1.3882,0.1926,0.1926,0.0000,22290
12,16,square_waypoints,0.01,0.003,0.0,0.12,left_gain_loss,null_probe,g0.60_1.00_s0.02,0.0200,1.2856,0.4188,8.5700,0.0331,0.0929,0.7379,0.0676,0.0942,0.0266,23291
12,16,square_waypoints,0.01,0.003,0.0,0.12,left_gain_loss,unpaired_null,g0.60_1.00_s0.02,0.0200,1.2341,0.5331,8.5700,0.0666,0.1914,1.7466,0.0590,0.1333,0.0743,23292
12,16,square_waypoints,0.01,0.003,0.0,0.12,left_gain_loss,random_probe,g0.60_1.00_s0.02,0.0200,1.6403,0.4825,2.6308,0.0602,0.1293,1.2814,0.0201,0.0677,0.0476,23293
12,16,square_waypoints,0.01,0.003,0.0,0.12,left_gain_loss,task_greedy,g0.60_1.00_s0.02,0.0200,1.9146,0.2177,8.2632,0.8687,0.8662,7.6143,0.0834,0.0189,-0.0645,23294
12,16,square_waypoints,0.01,0.003,0.0,0.12,left_gain_loss,fisher_grid,g0.60_1.00_s0.10,0.1000,0.9655,0.5744,11.3400,0.1656,0.1904,1.6521,0.0349,0.0217,-0.0132,23295
12,16,square_waypoints,0.01,0.003,0.0,0.12,left_gain_loss,constrained_fisher,g0.60_1.00_s0.02,0.0200,1.3563,0.5681,11.7450,0.1436,0.1181,1.2605,0.0181,0.1010,0.0829,23296
12,16,square_waypoints,0.01,0.003,0.0,0.12,right_gain_loss,null_probe,g1.00_0.60_s0.02,0.0200,1.8404,0.3674,8.5700,0.0354,0.0978,0.7224,0.0327,0.1076,0.0749,23297
12,16,square_waypoints,0.01,0.003,0.0,0.12,right_gain_loss,unpaired_null,g1.00_0.60_s0.02,0.0200,1.5528,0.4662,8.5700,0.0153,0.2728,2.2283,0.0304,0.0248,-0.0056,23298
12,16,square_waypoints,0.01,0.003,0.0,0.12,right_gain_loss,random_probe,g1.00_0.75_s0.02,0.1300,1.9913,0.3186,4.4662,0.1902,0.2244,2.3091,0.0461,0.2106,0.1646,23299
12,16,square_waypoints,0.01,0.003,0.0,0.12,right_gain_loss,task_greedy,g1.00_0.60_s0.02,0.0200,1.7795,0.2727,8.2776,0.8765,0.8675,7.5167,0.0726,0.0530,-0.0196,23300
12,16,square_waypoints,0.01,0.003,0.0,0.12,right_gain_loss,fisher_grid,g1.00_0.60_s0.02,0.0200,1.4880,0.4073,11.3400,0.1830,0.1926,1.6265,0.0301,0.1412,0.1111,23301
12,16,square_waypoints,0.01,0.003,0.0,0.12,right_gain_loss,constrained_fisher,g1.00_0.60_s0.02,0.0200,0.4799,0.8932,12.6563,0.0391,0.1172,1.0401,0.0463,0.0178,-0.0285,23302
12,16,square_waypoints,0.01,0.003,0.0,0.12,symmetric_low_power,null_probe,g0.75_0.75_s0.02,0.0600,1.3715,0.5636,8.5700,0.0202,0.0672,0.5659,0.0241,0.0945,0.0704,23303
12,16,square_waypoints,0.01,0.003,0.0,0.12,symmetric_low_power,unpaired_null,g0.75_0.75_s0.02,0.0600,1.7757,0.3531,8.5700,0.0338,0.2205,1.8551,0.0580,0.0851,0.0271,23304
12,16,square_waypoints,0.01,0.003,0.0,0.12,symmetric_low_power,random_probe,g0.75_0.75_s0.10,0.1400,2.5620,0.1994,4.2804,0.3983,0.4392,3.5830,0.0205,0.0876,0.0672,23305
12,16,square_waypoints,0.01,0.003,0.0,0.12,symmetric_low_power,task_greedy,g0.75_0.75_s0.02,0.0600,1.7895,0.2812,7.8412,0.8283,0.8014,6.8467,0.0377,0.0713,0.0336,23306
12,16,square_waypoints,0.01,0.003,0.0,0.12,symmetric_low_power,fisher_grid,g0.75_0.75_s0.02,0.0600,1.4467,0.4132,11.3400,0.1419,0.1374,1.2829,0.0308,0.0621,0.0314,23307
12,16,square_waypoints,0.01,0.003,0.0,0.12,symmetric_low_power,constrained_fisher,g0.75_0.75_s0.02,0.0600,0.8798,0.6800,12.9600,0.0428,0.0897,0.7770,0.0383,0.0347,-0.0036,23308
12,16,square_waypoints,0.01,0.003,0.0,0.12,high_slip,null_probe,g1.00_1.00_s0.20,0.0000,0.5762,0.8432,8.5700,0.2315,0.2572,2.7583,0.0175,0.0175,0.0000,23309
12,16,square_waypoints,0.01,0.003,0.0,0.12,high_slip,unpaired_null,g1.00_1.00_s0.20,0.0000,1.0949,0.5363,8.5700,0.0084,0.2831,2.1895,0.0817,0.0817,0.0000,23310
12,16,square_waypoints,0.01,0.003,0.0,0.12,high_slip,random_probe,g1.00_1.00_s0.20,0.0000,1.2114,0.4388,4.1538,0.2139,0.3819,3.1043,0.2062,0.2062,0.0000,23311
12,16,square_waypoints,0.01,0.003,0.0,0.12,high_slip,task_greedy,g1.00_1.00_s0.20,0.0000,2.1224,0.1979,7.8407,1.1041,1.1019,9.3519,0.0555,0.0555,0.0000,23312
12,16,square_waypoints,0.01,0.003,0.0,0.12,high_slip,fisher_grid,g1.00_1.00_s0.20,0.0000,0.6775,0.8000,11.3400,0.1448,0.1829,1.4257,0.0313,0.0313,0.0000,23313
12,16,square_waypoints,0.01,0.003,0.0,0.12,high_slip,constrained_fisher,g1.00_1.00_s0.20,0.0000,1.7478,0.3735,4.4550,0.1386,0.1548,2.0762,0.0551,0.0551,0.0000,23314
13,16,square_waypoints,0.01,0.003,0.0,0.12,left_gain_loss,null_probe,g0.60_1.00_s0.02,0.0200,1.3426,0.5369,8.5700,0.0581,0.1106,0.9003,0.0806,0.0347,-0.0459,24315
13,16,square_waypoints,0.01,0.003,0.0,0.12,left_gain_loss,unpaired_null,g0.60_1.00_s0.02,0.0200,1.7377,0.4037,8.5700,0.0553,0.1815,1.6714,0.0269,0.0231,-0.0038,24316
13,16,square_waypoints,0.01,0.003,0.0,0.12,left_gain_loss,random_probe,g0.60_1.00_s0.02,0.0200,1.8054,0.3723,5.3737,0.3133,0.3539,2.8272,0.0353,0.1747,0.1395,24317
13,16,square_waypoints,0.01,0.003,0.0,0.12,left_gain_loss,task_greedy,g0.60_1.00_s0.20,0.2000,1.8383,0.2603,8.2662,0.8527,0.8562,7.4579,0.0368,0.0273,-0.0095,24318
13,16,square_waypoints,0.01,0.003,0.0,0.12,left_gain_loss,fisher_grid,g0.60_1.00_s0.02,0.0200,1.6530,0.3933,11.3400,0.1772,0.1850,1.5685,0.0267,0.0288,0.0021,24319
13,16,square_waypoints,0.01,0.003,0.0,0.12,left_gain_loss,constrained_fisher,g0.60_1.00_s0.02,0.0200,0.3340,0.9313,12.3525,0.0822,0.1051,1.0934,0.0811,0.0232,-0.0580,24320
13,16,square_waypoints,0.01,0.003,0.0,0.12,right_gain_loss,null_probe,g1.00_0.60_s0.02,0.0200,1.0038,0.6393,8.5700,0.0181,0.0846,0.7679,0.0269,0.0679,0.0410,24321
13,16,square_waypoints,0.01,0.003,0.0,0.12,right_gain_loss,unpaired_null,g1.00_0.60_s0.02,0.0200,1.9979,0.2595,8.5700,0.0429,0.2894,2.3943,0.0454,0.1642,0.1188,24322
13,16,square_waypoints,0.01,0.003,0.0,0.12,right_gain_loss,random_probe,g1.00_0.60_s0.02,0.0200,1.8220,0.3868,4.7715,0.0663,0.1823,2.1290,0.0647,0.1472,0.0824,24323
13,16,square_waypoints,0.01,0.003,0.0,0.12,right_gain_loss,task_greedy,g0.90_0.60_s0.02,0.1200,1.9044,0.2127,8.2336,0.8493,0.8554,7.4619,0.0812,0.0230,-0.0582,24324
13,16,square_waypoints,0.01,0.003,0.0,0.12,right_gain_loss,fisher_grid,g1.00_0.60_s0.02,0.0200,0.5773,0.8481,11.3400,0.1955,0.1805,1.4466,0.0487,0.0150,-0.0337,24325
13,16,square_waypoints,0.01,0.003,0.0,0.12,right_gain_loss,constrained_fisher,g1.00_0.60_s0.02,0.0200,0.7770,0.6315,12.6563,0.0572,0.1055,1.2091,0.0260,0.0424,0.0164,24326
13,16,square_waypoints,0.01,0.003,0.0,0.12,symmetric_low_power,null_probe,g0.75_0.75_s0.20,0.2400,1.5264,0.4058,8.5700,0.0290,0.0707,0.6100,0.0375,0.0531,0.0156,24327
13,16,square_waypoints,0.01,0.003,0.0,0.12,symmetric_low_power,unpaired_null,g0.75_0.75_s0.02,0.0600,1.4288,0.4387,8.5700,0.0156,0.2010,1.5501,0.0557,0.0606,0.0049,24328
13,16,square_waypoints,0.01,0.003,0.0,0.12,symmetric_low_power,random_probe,g0.75_0.75_s0.02,0.0600,1.7337,0.3118,6.0914,0.2067,0.2285,2.0002,0.0213,0.0351,0.0138,24329
13,16,square_waypoints,0.01,0.003,0.0,0.12,symmetric_low_power,task_greedy,g0.75_0.75_s0.02,0.0600,1.9987,0.2407,7.8406,0.7824,0.7995,6.7919,0.0132,0.0796,0.0664,24330
13,16,square_waypoints,0.01,0.003,0.0,0.12,symmetric_low_power,fisher_grid,g0.75_0.75_s0.02,0.0600,0.8188,0.7223,11.3400,0.1178,0.1264,1.1640,0.0383,0.0461,0.0078,24331
13,16,square_waypoints,0.01,0.003,0.0,0.12,symmetric_low_power,constrained_fisher,g0.75_0.75_s0.02,0.0600,1.0908,0.6023,12.9600,0.0256,0.0865,0.7740,0.0312,0.0411,0.0099,24332
13,16,square_waypoints,0.01,0.003,0.0,0.12,high_slip,null_probe,g1.00_1.00_s0.20,0.0000,1.5795,0.3539,8.5700,0.0793,0.2004,1.7305,0.0506,0.0506,0.0000,24333
13,16,square_waypoints,0.01,0.003,0.0,0.12,high_slip,unpaired_null,g1.00_0.90_s0.20,0.1000,1.5560,0.3756,8.5700,0.0153,0.2816,2.3368,0.1061,0.0906,-0.0155,24334
13,16,square_waypoints,0.01,0.003,0.0,0.12,high_slip,random_probe,g1.00_0.90_s0.20,0.1000,1.7428,0.3997,4.1389,0.0577,0.1527,1.1366,0.0778,0.0545,-0.0233,24335
13,16,square_waypoints,0.01,0.003,0.0,0.12,high_slip,task_greedy,g1.00_1.00_s0.20,0.0000,2.0218,0.2143,7.8407,1.1199,1.1294,9.6296,0.1080,0.1080,0.0000,24336
13,16,square_waypoints,0.01,0.003,0.0,0.12,high_slip,fisher_grid,g1.00_1.00_s0.20,0.0000,0.6847,0.8208,11.3400,0.0977,0.2036,1.5720,0.1649,0.1649,0.0000,24337
13,16,square_waypoints,0.01,0.003,0.0,0.12,high_slip,constrained_fisher,g1.00_1.00_s0.20,0.0000,1.2765,0.6223,12.9600,0.0632,0.1687,1.5360,0.0480,0.0480,0.0000,24338
14,16,square_waypoints,0.01,0.003,0.0,0.12,left_gain_loss,null_probe,g0.75_1.00_s0.02,0.1300,1.6606,0.3647,8.5700,0.0525,0.0908,0.6871,0.0102,0.0235,0.0133,25339
14,16,square_waypoints,0.01,0.003,0.0,0.12,left_gain_loss,unpaired_null,g0.60_1.00_s0.02,0.0200,1.4384,0.4623,8.5700,0.0415,0.1715,1.5627,0.0221,0.1013,0.0792,25340
14,16,square_waypoints,0.01,0.003,0.0,0.12,left_gain_loss,random_probe,g0.75_1.00_s0.02,0.1300,1.9041,0.3567,5.3207,0.2387,0.2852,2.4715,0.0331,0.0511,0.0180,25341
14,16,square_waypoints,0.01,0.003,0.0,0.12,left_gain_loss,task_greedy,g0.60_1.00_s0.20,0.2000,1.9159,0.1731,8.2544,0.8738,0.8614,7.4828,0.0850,0.0295,-0.0555,25342
14,16,square_waypoints,0.01,0.003,0.0,0.12,left_gain_loss,fisher_grid,g0.60_1.00_s0.02,0.0200,0.5043,0.8724,11.3400,0.1741,0.1723,1.4967,0.0397,0.0273,-0.0124,25343
14,16,square_waypoints,0.01,0.003,0.0,0.12,left_gain_loss,constrained_fisher,g0.60_1.00_s0.02,0.0200,0.5271,0.8798,12.3525,0.1189,0.1088,1.1932,0.1181,0.0119,-0.1062,25344
14,16,square_waypoints,0.01,0.003,0.0,0.12,right_gain_loss,null_probe,g1.00_0.60_s0.02,0.0200,1.0843,0.6560,8.5700,0.0423,0.1112,0.8855,0.0810,0.0229,-0.0581,25345
14,16,square_waypoints,0.01,0.003,0.0,0.12,right_gain_loss,unpaired_null,g1.00_0.60_s0.02,0.0200,1.5575,0.3475,8.5700,0.0476,0.2728,2.1295,0.0266,0.0404,0.0139,25346
14,16,square_waypoints,0.01,0.003,0.0,0.12,right_gain_loss,random_probe,g1.00_0.60_s0.10,0.1000,2.4289,0.1819,4.3651,0.1986,0.2414,1.9601,0.0676,0.0275,-0.0401,25347
14,16,square_waypoints,0.01,0.003,0.0,0.12,right_gain_loss,task_greedy,g1.00_0.60_s0.20,0.2000,1.8064,0.2344,8.2778,0.8853,0.8745,7.5899,0.0188,0.0174,-0.0013,25348
14,16,square_waypoints,0.01,0.003,0.0,0.12,right_gain_loss,fisher_grid,g1.00_0.60_s0.02,0.0200,0.9185,0.6146,11.3400,0.1605,0.1788,1.4072,0.0374,0.0151,-0.0223,25349
14,16,square_waypoints,0.01,0.003,0.0,0.12,right_gain_loss,constrained_fisher,g1.00_0.60_s0.10,0.1000,0.8399,0.6514,12.9600,0.0371,0.0966,0.8752,0.0079,0.0232,0.0153,25350
14,16,square_waypoints,0.01,0.003,0.0,0.12,symmetric_low_power,null_probe,g0.75_0.75_s0.10,0.1400,1.6412,0.3964,8.5700,0.0270,0.0806,0.6789,0.0354,0.0515,0.0161,25351
14,16,square_waypoints,0.01,0.003,0.0,0.12,symmetric_low_power,unpaired_null,g0.60_0.60_s0.02,0.2400,2.1238,0.2155,8.5700,0.0148,0.2116,1.7281,0.0146,0.1190,0.1045,25352
14,16,square_waypoints,0.01,0.003,0.0,0.12,symmetric_low_power,random_probe,g0.75_0.75_s0.02,0.0600,2.2028,0.2248,5.6130,0.1601,0.2496,1.9856,0.0373,0.0586,0.0213,25353
14,16,square_waypoints,0.01,0.003,0.0,0.12,symmetric_low_power,task_greedy,g0.75_0.75_s0.20,0.2400,2.0812,0.2334,7.8405,0.8103,0.8004,6.7513,0.0549,0.0959,0.0410,25354
14,16,square_waypoints,0.01,0.003,0.0,0.12,symmetric_low_power,fisher_grid,g0.75_0.75_s0.02,0.0600,1.4465,0.4606,11.3400,0.1509,0.1302,1.1695,0.0262,0.0277,0.0015,25355
14,16,square_waypoints,0.01,0.003,0.0,0.12,symmetric_low_power,constrained_fisher,g0.75_0.75_s0.02,0.0600,0.3523,0.9241,12.9600,0.0196,0.0728,0.6156,0.0452,0.0670,0.0218,25356
14,16,square_waypoints,0.01,0.003,0.0,0.12,high_slip,null_probe,g1.00_1.00_s0.20,0.0000,1.0687,0.6196,8.5700,0.0547,0.1337,1.4607,0.1526,0.1526,0.0000,25357
14,16,square_waypoints,0.01,0.003,0.0,0.12,high_slip,unpaired_null,g0.90_0.90_s0.20,0.2000,1.6523,0.2937,8.5700,0.1282,0.3151,2.8437,0.1709,0.1289,-0.0420,25358
14,16,square_waypoints,0.01,0.003,0.0,0.12,high_slip,random_probe,g1.00_0.90_s0.20,0.1000,1.2399,0.4401,4.4701,0.2950,0.3268,3.1513,0.0923,0.1018,0.0095,25359
14,16,square_waypoints,0.01,0.003,0.0,0.12,high_slip,task_greedy,g1.00_1.00_s0.20,0.0000,1.6616,0.2848,7.8407,1.1070,1.1140,9.4785,0.0170,0.0170,0.0000,25360
14,16,square_waypoints,0.01,0.003,0.0,0.12,high_slip,fisher_grid,g1.00_1.00_s0.20,0.0000,0.6854,0.8183,11.3400,0.2326,0.2390,2.2865,0.0561,0.0561,0.0000,25361
14,16,square_waypoints,0.01,0.003,0.0,0.12,high_slip,constrained_fisher,g1.00_1.00_s0.20,0.0000,1.6165,0.3372,11.1375,0.1122,0.1383,1.6051,0.1884,0.1884,0.0000,25362
15,16,square_waypoints,0.01,0.003,0.0,0.12,left_gain_loss,null_probe,g0.60_1.00_s0.02,0.0200,1.1114,0.5815,8.5700,0.0511,0.0916,0.7253,0.0619,0.0344,-0.0275,26363
15,16,square_waypoints,0.01,0.003,0.0,0.12,left_gain_loss,unpaired_null,g0.60_1.00_s0.02,0.0200,1.3721,0.5597,8.5700,0.0505,0.1797,1.6766,0.0168,0.0623,0.0456,26364
15,16,square_waypoints,0.01,0.003,0.0,0.12,left_gain_loss,random_probe,g0.60_1.00_s0.02,0.0200,2.2590,0.2215,3.4875,0.1254,0.1474,1.3998,0.0155,0.0135,-0.0020,26365
15,16,square_waypoints,0.01,0.003,0.0,0.12,left_gain_loss,task_greedy,g0.60_1.00_s0.02,0.0200,1.8103,0.2334,8.2656,0.8734,0.8617,7.5103,0.0134,0.1609,0.1476,26366
15,16,square_waypoints,0.01,0.003,0.0,0.12,left_gain_loss,fisher_grid,g0.75_1.00_s0.02,0.1300,1.5688,0.3410,11.3400,0.1709,0.1870,1.6900,0.0010,0.0210,0.0200,26367
15,16,square_waypoints,0.01,0.003,0.0,0.12,left_gain_loss,constrained_fisher,g0.60_1.00_s0.02,0.0200,0.3613,0.9200,12.3525,0.0694,0.1076,1.2059,0.0235,0.1445,0.1210,26368
15,16,square_waypoints,0.01,0.003,0.0,0.12,right_gain_loss,null_probe,g1.00_0.60_s0.02,0.0200,1.6241,0.4690,8.5700,0.0488,0.0899,0.6822,0.0528,0.0214,-0.0314,26369
15,16,square_waypoints,0.01,0.003,0.0,0.12,right_gain_loss,unpaired_null,g1.00_0.75_s0.02,0.1300,1.5573,0.4299,8.5700,0.0369,0.2714,2.2260,0.1257,0.1557,0.0300,26370
15,16,square_waypoints,0.01,0.003,0.0,0.12,right_gain_loss,random_probe,g1.00_0.60_s0.02,0.0200,1.7591,0.3851,4.2570,0.1311,0.1216,1.0691,0.0595,0.0316,-0.0280,26371
15,16,square_waypoints,0.01,0.003,0.0,0.12,right_gain_loss,task_greedy,g1.00_0.60_s0.02,0.0200,1.6676,0.2901,8.2671,0.8812,0.8728,7.6617,0.0158,0.0172,0.0014,26372
15,16,square_waypoints,0.01,0.003,0.0,0.12,right_gain_loss,fisher_grid,g1.00_0.60_s0.02,0.0200,1.3032,0.5324,11.3400,0.1702,0.1787,1.5099,0.0222,0.0172,-0.0050,26373
15,16,square_waypoints,0.01,0.003,0.0,0.12,right_gain_loss,constrained_fisher,g1.00_0.60_s0.02,0.0200,1.3810,0.5328,12.3525,0.0807,0.1098,1.1620,0.0144,0.0042,-0.0102,26374
15,16,square_waypoints,0.01,0.003,0.0,0.12,symmetric_low_power,null_probe,g0.75_0.75_s0.10,0.1400,1.7827,0.3772,8.5700,0.0298,0.0675,0.5464,0.0345,0.0448,0.0103,26375
15,16,square_waypoints,0.01,0.003,0.0,0.12,symmetric_low_power,unpaired_null,g0.75_0.75_s0.02,0.0600,1.6962,0.4575,8.5700,0.0417,0.2187,1.8012,0.0355,0.0447,0.0092,26376
15,16,square_waypoints,0.01,0.003,0.0,0.12,symmetric_low_power,random_probe,g0.75_0.75_s0.02,0.0600,2.6914,0.1409,3.7728,0.2102,0.2260,2.3631,0.0384,0.0698,0.0314,26377
15,16,square_waypoints,0.01,0.003,0.0,0.12,symmetric_low_power,task_greedy,g0.60_0.60_s0.02,0.2400,2.3002,0.1583,7.8405,0.8122,0.7959,6.7571,0.0125,0.0539,0.0414,26378
15,16,square_waypoints,0.01,0.003,0.0,0.12,symmetric_low_power,fisher_grid,g0.75_0.75_s0.02,0.0600,0.9977,0.6908,11.3400,0.1338,0.1432,1.3181,0.0325,0.0411,0.0085,26379
15,16,square_waypoints,0.01,0.003,0.0,0.12,symmetric_low_power,constrained_fisher,g0.75_0.75_s0.02,0.0600,0.8026,0.7410,12.9600,0.0184,0.0820,0.6846,0.0504,0.0340,-0.0164,26380
15,16,square_waypoints,0.01,0.003,0.0,0.12,high_slip,null_probe,g1.00_1.00_s0.20,0.0000,1.2512,0.5346,8.5700,0.0531,0.1328,1.0747,0.1247,0.1247,0.0000,26381
15,16,square_waypoints,0.01,0.003,0.0,0.12,high_slip,unpaired_null,g1.00_1.00_s0.20,0.0000,1.1454,0.6571,8.5700,0.1525,0.3366,2.9689,0.2016,0.2016,0.0000,26382
15,16,square_waypoints,0.01,0.003,0.0,0.12,high_slip,random_probe,g1.00_1.00_s0.20,0.0000,1.8950,0.3240,4.2931,0.1619,0.3004,2.9641,0.0969,0.0969,0.0000,26383
15,16,square_waypoints,0.01,0.003,0.0,0.12,high_slip,task_greedy,g1.00_1.00_s0.02,0.1800,2.0930,0.2231,7.8412,1.0907,1.1085,9.5131,0.0408,0.0408,0.0000,26384
15,16,square_waypoints,0.01,0.003,0.0,0.12,high_slip,fisher_grid,g1.00_1.00_s0.20,0.0000,1.0261,0.4724,11.3400,0.3241,0.3128,2.6038,0.0410,0.0410,0.0000,26385
15,16,square_waypoints,0.01,0.003,0.0,0.12,high_slip,constrained_fisher,g1.00_1.00_s0.20,0.0000,1.3602,0.5790,12.9600,0.0750,0.1021,1.4505,0.0612,0.0612,0.0000,26386
16,16,square_waypoints,0.01,0.003,0.0,0.12,left_gain_loss,null_probe,g0.60_1.00_s0.02,0.0200,1.3410,0.5310,8.5700,0.0458,0.0959,0.8815,0.0793,0.0409,-0.0384,27387
16,16,square_waypoints,0.01,0.003,0.0,0.12,left_gain_loss,unpaired_null,g0.60_1.00_s0.02,0.0200,1.6951,0.4230,8.5700,0.0422,0.1816,1.6211,0.1198,0.1446,0.0248,27388
16,16,square_waypoints,0.01,0.003,0.0,0.12,left_gain_loss,random_probe,g0.60_0.90_s0.02,0.1200,2.2045,0.2501,4.1487,0.2207,0.2447,1.8703,0.1384,0.0623,-0.0761,27389
16,16,square_waypoints,0.01,0.003,0.0,0.12,left_gain_loss,task_greedy,g0.60_1.00_s0.10,0.1000,1.6430,0.2632,8.2770,0.8543,0.8608,7.4490,0.0430,0.0396,-0.0034,27390
16,16,square_waypoints,0.01,0.003,0.0,0.12,left_gain_loss,fisher_grid,g0.60_1.00_s0.02,0.0200,0.4811,0.8834,11.3400,0.1902,0.1840,1.6459,0.0836,0.0142,-0.0694,27391
16,16,square_waypoints,0.01,0.003,0.0,0.12,left_gain_loss,constrained_fisher,g0.60_1.00_s0.02,0.0200,0.2051,0.9625,12.3525,0.0624,0.1060,1.1436,0.0779,0.0180,-0.0598,27392
16,16,square_waypoints,0.01,0.003,0.0,0.12,right_gain_loss,null_probe,g1.00_0.60_s0.10,0.1000,1.8607,0.2887,8.5700,0.0343,0.0821,0.7708,0.0168,0.1528,0.1361,27393
16,16,square_waypoints,0.01,0.003,0.0,0.12,right_gain_loss,unpaired_null,g1.00_0.60_s0.02,0.0200,1.4577,0.5032,8.5700,0.0650,0.2776,2.3849,0.0097,0.0355,0.0258,27394
16,16,square_waypoints,0.01,0.003,0.0,0.12,right_gain_loss,random_probe,g1.00_0.60_s0.02,0.0200,1.3108,0.5824,3.9537,0.2448,0.2852,2.7905,0.0424,0.0580,0.0156,27395
16,16,square_waypoints,0.01,0.003,0.0,0.12,right_gain_loss,task_greedy,g1.00_0.60_s0.02,0.0200,1.6670,0.2741,8.2465,0.8563,0.8535,7.4621,0.0152,0.0716,0.0564,27396
16,16,square_waypoints,0.01,0.003,0.0,0.12,right_gain_loss,fisher_grid,g1.00_0.60_s0.02,0.0200,1.0104,0.6731,11.3400,0.2012,0.1898,1.5813,0.0161,0.0289,0.0129,27397
16,16,square_waypoints,0.01,0.003,0.0,0.12,right_gain_loss,constrained_fisher,g1.00_0.60_s0.02,0.0200,1.8643,0.2611,12.6563,0.0888,0.1080,1.0389,0.0162,0.0438,0.0275,27398
16,16,square_waypoints,0.01,0.003,0.0,0.12,symmetric_low_power,null_probe,g0.75_0.75_s0.02,0.0600,2.0549,0.3107,8.5700,0.0300,0.0646,0.5504,0.0239,0.0947,0.0708,27399
16,16,square_waypoints,0.01,0.003,0.0,0.12,symmetric_low_power,unpaired_null,g0.75_0.75_s0.02,0.0600,1.2733,0.5874,8.5700,0.0475,0.2086,1.7393,0.0243,0.0582,0.0338,27400
16,16,square_waypoints,0.01,0.003,0.0,0.12,symmetric_low_power,random_probe,g0.75_0.75_s0.02,0.0600,2.1549,0.3475,5.3586,0.1273,0.1562,1.6533,0.0245,0.0529,0.0284,27401
16,16,square_waypoints,0.01,0.003,0.0,0.12,symmetric_low_power,task_greedy,g0.75_0.75_s0.02,0.0600,2.3680,0.1782,7.8407,0.7973,0.8115,6.9231,0.0412,0.0732,0.0319,27402
16,16,square_waypoints,0.01,0.003,0.0,0.12,symmetric_low_power,fisher_grid,g0.75_0.75_s0.02,0.0600,1.3306,0.4717,11.3400,0.1648,0.1466,1.3122,0.0428,0.0817,0.0389,27403
16,16,square_waypoints,0.01,0.003,0.0,0.12,symmetric_low_power,constrained_fisher,g0.75_0.75_s0.02,0.0600,0.9298,0.5742,12.9600,0.0186,0.0714,0.5896,0.0298,0.0452,0.0155,27404
16,16,square_waypoints,0.01,0.003,0.0,0.12,high_slip,null_probe,g1.00_1.00_s0.20,0.0000,0.7937,0.7524,8.5700,0.0577,0.1129,1.2287,0.1182,0.1182,0.0000,27405
16,16,square_waypoints,0.01,0.003,0.0,0.12,high_slip,unpaired_null,g1.00_1.00_s0.20,0.0000,1.1280,0.6020,8.5700,0.1520,0.3130,2.8672,0.0081,0.0081,0.0000,27406
16,16,square_waypoints,0.01,0.003,0.0,0.12,high_slip,random_probe,g1.00_1.00_s0.20,0.0000,1.2719,0.5784,4.3876,0.1961,0.2229,2.3272,0.1885,0.1885,0.0000,27407
16,16,square_waypoints,0.01,0.003,0.0,0.12,high_slip,task_greedy,g1.00_1.00_s0.20,0.0000,2.3266,0.1407,7.8408,1.1364,1.1258,9.5573,0.1308,0.1308,0.0000,27408
16,16,square_waypoints,0.01,0.003,0.0,0.12,high_slip,fisher_grid,g1.00_0.90_s0.20,0.1000,1.2557,0.4328,11.3400,0.1577,0.2779,2.8520,0.1673,0.0728,-0.0945,27409
16,16,square_waypoints,0.01,0.003,0.0,0.12,high_slip,constrained_fisher,g1.00_1.00_s0.20,0.0000,0.3212,0.9342,12.9600,0.1319,0.1520,1.7210,0.1168,0.1168,0.0000,27410
17,16,square_waypoints,0.01,0.003,0.0,0.12,left_gain_loss,null_probe,g0.60_1.00_s0.10,0.1000,1.3956,0.5037,8.5700,0.1008,0.1113,1.0455,0.0499,0.0212,-0.0286,28411
17,16,square_waypoints,0.01,0.003,0.0,0.12,left_gain_loss,unpaired_null,g0.60_1.00_s0.02,0.0200,1.3751,0.5679,8.5700,0.0332,0.1911,1.7174,0.0202,0.1300,0.1097,28412
17,16,square_waypoints,0.01,0.003,0.0,0.12,left_gain_loss,random_probe,g0.60_1.00_s0.02,0.0200,2.0034,0.2985,4.2581,0.2633,0.2827,2.6171,0.0156,0.0203,0.0047,28413
17,16,square_waypoints,0.01,0.003,0.0,0.12,left_gain_loss,task_greedy,g0.60_1.00_s0.02,0.0200,1.8993,0.1732,8.2667,0.8424,0.8577,7.5276,0.0293,0.0887,0.0594,28414
17,16,square_waypoints,0.01,0.003,0.0,0.12,left_gain_loss,fisher_grid,g0.60_1.00_s0.02,0.0200,1.2255,0.5177,11.3400,0.2025,0.2005,1.6919,0.0169,0.0195,0.0025,28415
17,16,square_waypoints,0.01,0.003,0.0,0.12,left_gain_loss,constrained_fisher,g0.60_1.00_s0.02,0.0200,0.4683,0.8295,12.3525,0.1202,0.1046,1.0105,0.0840,0.0075,-0.0765,28416
17,16,square_waypoints,0.01,0.003,0.0,0.12,right_gain_loss,null_probe,g1.00_0.60_s0.02,0.0200,1.5925,0.4656,8.5700,0.0315,0.0935,0.7247,0.0245,0.0145,-0.0100,28417
17,16,square_waypoints,0.01,0.003,0.0,0.12,right_gain_loss,unpaired_null,g1.00_0.60_s0.02,0.0200,1.5723,0.4673,8.5700,0.0422,0.2819,2.3749,0.0769,0.0353,-0.0416,28418
17,16,square_waypoints,0.01,0.003,0.0,0.12,right_gain_loss,random_probe,g1.00_0.60_s0.02,0.0200,1.5243,0.3785,4.4601,0.1909,0.2276,2.3855,0.0308,0.0127,-0.0181,28419
17,16,square_waypoints,0.01,0.003,0.0,0.12,right_gain_loss,task_greedy,g0.90_0.60_s0.02,0.1200,1.8993,0.1924,8.2532,0.8370,0.8653,7.4729,0.0167,0.0126,-0.0041,28420
17,16,square_waypoints,0.01,0.003,0.0,0.12,right_gain_loss,fisher_grid,g1.00_0.60_s0.02,0.0200,1.2232,0.4685,11.3400,0.2250,0.1871,1.5016,0.0086,0.0147,0.0062,28421
17,16,square_waypoints,0.01,0.003,0.0,0.12,right_gain_loss,constrained_fisher,g1.00_0.60_s0.02,0.0200,0.6020,0.8363,12.6563,0.0856,0.1031,1.0357,0.0268,0.0216,-0.0053,28422
17,16,square_waypoints,0.01,0.003,0.0,0.12,symmetric_low_power,null_probe,g0.75_0.75_s0.02,0.0600,1.7284,0.4419,8.5700,0.0187,0.0615,0.5283,0.0447,0.0706,0.0258,28423
17,16,square_waypoints,0.01,0.003,0.0,0.12,symmetric_low_power,unpaired_null,g0.75_0.75_s0.02,0.0600,1.9031,0.3460,8.5700,0.0173,0.2186,1.8456,0.0166,0.0902,0.0736,28424
17,16,square_waypoints,0.01,0.003,0.0,0.12,symmetric_low_power,random_probe,g0.60_0.75_s0.10,0.2300,2.6238,0.1847,3.3097,0.1834,0.1885,1.5528,0.0558,0.0658,0.0100,28425
17,16,square_waypoints,0.01,0.003,0.0,0.12,symmetric_low_power,task_greedy,g0.75_0.75_s0.20,0.2400,2.1500,0.2161,7.8409,0.7983,0.8090,6.8254,0.0198,0.0398,0.0200,28426
17,16,square_waypoints,0.01,0.003,0.0,0.12,symmetric_low_power,fisher_grid,g0.75_0.75_s0.10,0.1400,1.1385,0.4736,11.3400,0.1247,0.1301,1.1343,0.0340,0.0780,0.0440,28427
17,16,square_waypoints,0.01,0.003,0.0,0.12,symmetric_low_power,constrained_fisher,g0.75_0.75_s0.02,0.0600,1.0853,0.5662,12.9600,0.0343,0.0984,0.9163,0.0360,0.0867,0.0507,28428
17,16,square_waypoints,0.01,0.003,0.0,0.12,high_slip,null_probe,g1.00_1.00_s0.20,0.0000,0.5367,0.8593,8.5700,0.1008,0.1555,1.3413,0.0705,0.0705,0.0000,28429
17,16,square_waypoints,0.01,0.003,0.0,0.12,high_slip,unpaired_null,g1.00_1.00_s0.10,0.1000,1.7272,0.4094,8.5700,0.1893,0.3290,3.2132,0.0916,0.0916,0.0000,28430
17,16,square_waypoints,0.01,0.003,0.0,0.12,high_slip,random_probe,g1.00_1.00_s0.20,0.0000,1.0087,0.6372,4.7521,0.3384,0.3149,2.9240,0.0766,0.0766,0.0000,28431
17,16,square_waypoints,0.01,0.003,0.0,0.12,high_slip,task_greedy,g1.00_1.00_s0.20,0.0000,1.8957,0.2532,7.8406,1.1360,1.1232,9.6033,0.1721,0.1721,0.0000,28432
17,16,square_waypoints,0.01,0.003,0.0,0.12,high_slip,fisher_grid,g1.00_1.00_s0.20,0.0000,1.1358,0.4891,11.3400,0.3190,0.3353,3.2112,0.0911,0.0911,0.0000,28433
17,16,square_waypoints,0.01,0.003,0.0,0.12,high_slip,constrained_fisher,g0.90_1.00_s0.20,0.1000,1.7554,0.3266,11.7450,0.0930,0.1586,1.6630,0.1661,0.0990,-0.0671,28434
18,16,square_waypoints,0.01,0.003,0.0,0.12,left_gain_loss,null_probe,g0.60_1.00_s0.02,0.0200,1.5033,0.4979,8.5700,0.0716,0.0941,0.8873,0.0235,0.0237,0.0002,29435
18,16,square_waypoints,0.01,0.003,0.0,0.12,left_gain_loss,unpaired_null,g0.60_1.00_s0.02,0.0200,1.4109,0.5073,8.5700,0.0275,0.1751,1.5283,0.0872,0.0679,-0.0193,29436
18,16,square_waypoints,0.01,0.003,0.0,0.12,left_gain_loss,random_probe,g0.60_0.90_s0.02,0.1200,1.7699,0.3536,5.1131,0.0768,0.1608,1.1156,0.0716,0.0143,-0.0573,29437
18,16,square_waypoints,0.01,0.003,0.0,0.12,left_gain_loss,task_greedy,g0.60_1.00_s0.20,0.2000,1.8782,0.2161,8.2480,0.8618,0.8715,7.6470,0.0450,0.0331,-0.0119,29438
18,16,square_waypoints,0.01,0.003,0.0,0.12,left_gain_loss,fisher_grid,g0.60_1.00_s0.02,0.0200,0.9203,0.7267,11.3400,0.1786,0.1716,1.5560,0.0238,0.1529,0.1291,29439
18,16,square_waypoints,0.01,0.003,0.0,0.12,left_gain_loss,constrained_fisher,g0.60_1.00_s0.02,0.0200,0.9551,0.7198,12.3525,0.0893,0.1089,1.2410,0.0381,0.1501,0.1120,29440
18,16,square_waypoints,0.01,0.003,0.0,0.12,right_gain_loss,null_probe,g1.00_0.60_s0.10,0.1000,1.5789,0.3830,8.5700,0.0317,0.1048,0.8928,0.0457,0.0217,-0.0241,29441
18,16,square_waypoints,0.01,0.003,0.0,0.12,right_gain_loss,unpaired_null,g1.00_0.60_s0.02,0.0200,1.0380,0.6354,8.5700,0.0458,0.2761,2.2060,0.0600,0.0990,0.0390,29442
18,16,square_waypoints,0.01,0.003,0.0,0.12,right_gain_loss,random_probe,g0.90_0.60_s0.02,0.1200,2.0862,0.3066,4.1904,0.2650,0.2893,2.5668,0.1019,0.0738,-0.0281,29443
18,16,square_waypoints,0.01,0.003,0.0,0.12,right_gain_loss,task_greedy,g1.00_0.60_s0.20,0.2000,1.6862,0.3446,8.2884,0.8705,0.8682,7.6151,0.0310,0.1555,0.1245,29444
18,16,square_waypoints,0.01,0.003,0.0,0.12,right_gain_loss,fisher_grid,g1.00_0.60_s0.02,0.0200,0.6987,0.7714,11.3400,0.1876,0.1768,1.4775,0.1381,0.0423,-0.0957,29445
18,16,square_waypoints,0.01,0.003,0.0,0.12,right_gain_loss,constrained_fisher,g1.00_0.60_s0.02,0.0200,1.0019,0.5657,12.6563,0.0691,0.1093,0.9757,0.0207,0.0193,-0.0013,29446
18,16,square_waypoints,0.01,0.003,0.0,0.12,symmetric_low_power,null_probe,g0.75_0.75_s0.02,0.0600,1.5689,0.4908,8.5700,0.0102,0.0634,0.5399,0.0300,0.0420,0.0120,29447
18,16,square_waypoints,0.01,0.003,0.0,0.12,symmetric_low_power,unpaired_null,g0.75_0.75_s0.02,0.0600,2.0594,0.2858,8.5700,0.0087,0.2056,1.6732,0.0290,0.0737,0.0446,29448
18,16,square_waypoints,0.01,0.003,0.0,0.12,symmetric_low_power,random_probe,g0.75_0.75_s0.10,0.1400,2.4814,0.1875,4.8278,0.1580,0.2089,2.1147,0.0620,0.0418,-0.0202,29449
18,16,square_waypoints,0.01,0.003,0.0,0.12,symmetric_low_power,task_greedy,g0.75_0.75_s0.02,0.0600,1.8300,0.2758,7.8405,0.7928,0.7817,6.5711,0.0291,0.0762,0.0471,29450
18,16,square_waypoints,0.01,0.003,0.0,0.12,symmetric_low_power,fisher_grid,g0.75_0.75_s0.10,0.1400,1.2039,0.5884,11.3400,0.1176,0.1273,1.1907,0.0591,0.0318,-0.0273,29451
18,16,square_waypoints,0.01,0.003,0.0,0.12,symmetric_low_power,constrained_fisher,g0.75_0.75_s0.02,0.0600,0.5516,0.8575,12.9600,0.0178,0.0690,0.5769,0.0281,0.0730,0.0449,29452
18,16,square_waypoints,0.01,0.003,0.0,0.12,high_slip,null_probe,g1.00_1.00_s0.02,0.1800,1.9035,0.3154,8.5700,0.0275,0.1216,0.9785,0.1155,0.1155,0.0000,29453
18,16,square_waypoints,0.01,0.003,0.0,0.12,high_slip,unpaired_null,g1.00_1.00_s0.20,0.0000,1.5470,0.4234,8.5700,0.0427,0.2869,2.3709,0.1268,0.1268,0.0000,29454
18,16,square_waypoints,0.01,0.003,0.0,0.12,high_slip,random_probe,g1.00_1.00_s0.20,0.0000,2.1825,0.2707,2.2745,0.1835,0.2800,2.6578,0.0558,0.0558,0.0000,29455
18,16,square_waypoints,0.01,0.003,0.0,0.12,high_slip,task_greedy,g1.00_1.00_s0.20,0.0000,2.4499,0.1287,7.8405,1.0822,1.0992,9.3535,0.0707,0.0707,0.0000,29456
18,16,square_waypoints,0.01,0.003,0.0,0.12,high_slip,fisher_grid,g1.00_1.00_s0.20,0.0000,1.4144,0.5203,11.3400,0.1950,0.2832,2.7073,0.1768,0.1768,0.0000,29457
18,16,square_waypoints,0.01,0.003,0.0,0.12,high_slip,constrained_fisher,g1.00_1.00_s0.20,0.0000,1.1218,0.6449,8.3025,0.1398,0.1538,1.7916,0.0861,0.0861,0.0000,29458
19,16,square_waypoints,0.01,0.003,0.0,0.12,left_gain_loss,null_probe,g0.60_1.00_s0.02,0.0200,1.4940,0.4427,8.5700,0.1018,0.1068,1.0068,0.0930,0.0136,-0.0795,30459
19,16,square_waypoints,0.01,0.003,0.0,0.12,left_gain_loss,unpaired_null,g0.60_1.00_s0.02,0.0200,1.3207,0.4830,8.5700,0.0328,0.1796,1.6526,0.1065,0.0199,-0.0866,30460
19,16,square_waypoints,0.01,0.003,0.0,0.12,left_gain_loss,random_probe,g0.60_1.00_s0.02,0.0200,1.5119,0.5073,5.3430,0.3085,0.3381,2.5697,0.0680,0.0356,-0.0325,30461
19,16,square_waypoints,0.01,0.003,0.0,0.12,left_gain_loss,task_greedy,g0.60_1.00_s0.20,0.2000,1.6213,0.2744,8.2608,0.9006,0.8700,7.5716,0.0071,0.0187,0.0116,30462
19,16,square_waypoints,0.01,0.003,0.0,0.12,left_gain_loss,fisher_grid,g0.60_1.00_s0.02,0.0200,1.0082,0.6754,11.3400,0.1622,0.1771,1.5411,0.0194,0.0475,0.0281,30463
19,16,square_waypoints,0.01,0.003,0.0,0.12,left_gain_loss,constrained_fisher,g0.60_1.00_s0.02,0.0200,0.6443,0.7652,12.6563,0.0495,0.1099,0.9788,0.0548,0.1541,0.0993,30464
19,16,square_waypoints,0.01,0.003,0.0,0.12,right_gain_loss,null_probe,g0.90_0.60_s0.02,0.1200,1.5807,0.3486,8.5700,0.0387,0.1099,0.8324,0.0404,0.0431,0.0026,30465
19,16,square_waypoints,0.01,0.003,0.0,0.12,right_gain_loss,unpaired_null,g1.00_0.75_s0.02,0.1300,1.7075,0.3324,8.5700,0.0412,0.2933,2.4446,0.0967,0.1427,0.0461,30466
19,16,square_waypoints,0.01,0.003,0.0,0.12,right_gain_loss,random_probe,g0.90_0.75_s0.02,0.2300,1.9251,0.2771,5.1364,0.3398,0.3830,4.5560,0.0914,0.0335,-0.0579,30467
19,16,square_waypoints,0.01,0.003,0.0,0.12,right_gain_loss,task_greedy,g1.00_0.60_s0.02,0.0200,1.9192,0.2288,8.2437,0.8595,0.8678,7.5257,0.0598,0.0181,-0.0416,30468
19,16,square_waypoints,0.01,0.003,0.0,0.12,right_gain_loss,fisher_grid,g1.00_0.60_s0.10,0.1000,1.4299,0.4029,11.3400,0.1698,0.1780,1.4948,0.0338,0.0581,0.0244,30469
19,16,square_waypoints,0.01,0.003,0.0,0.12,right_gain_loss,constrained_fisher,g1.00_0.60_s0.02,0.0200,0.5981,0.8290,12.6563,0.0783,0.0978,1.0510,0.0290,0.0167,-0.0123,30470
19,16,square_waypoints,0.01,0.003,0.0,0.12,symmetric_low_power,null_probe,g0.75_0.75_s0.10,0.1400,1.5152,0.4204,8.5700,0.0343,0.0716,0.6858,0.0435,0.0377,-0.0057,30471
19,16,square_waypoints,0.01,0.003,0.0,0.12,symmetric_low_power,unpaired_null,g0.75_0.75_s0.02,0.0600,1.6993,0.3841,8.5700,0.0105,0.1915,1.5391,0.0255,0.0830,0.0575,30472
19,16,square_waypoints,0.01,0.003,0.0,0.12,symmetric_low_power,random_probe,g0.75_0.60_s0.02,0.1500,2.2166,0.2568,4.2873,0.2181,0.2160,2.1992,0.0255,0.0269,0.0014,30473
19,16,square_waypoints,0.01,0.003,0.0,0.12,symmetric_low_power,task_greedy,g0.75_0.75_s0.02,0.0600,2.2995,0.1437,7.8407,0.8281,0.8117,6.9461,0.0533,0.0800,0.0267,30474
19,16,square_waypoints,0.01,0.003,0.0,0.12,symmetric_low_power,fisher_grid,g0.75_0.75_s0.02,0.0600,1.4978,0.4282,11.3400,0.1222,0.1418,1.2876,0.0234,0.0423,0.0189,30475
19,16,square_waypoints,0.01,0.003,0.0,0.12,symmetric_low_power,constrained_fisher,g0.90_0.60_s0.02,0.3000,0.7100,0.6660,12.9600,0.0388,0.0840,0.7770,0.0261,0.0469,0.0208,30476
19,16,square_waypoints,0.01,0.003,0.0,0.12,high_slip,null_probe,g1.00_1.00_s0.20,0.0000,0.3363,0.9096,8.5700,0.0766,0.1842,1.2861,0.1090,0.1090,0.0000,30477
19,16,square_waypoints,0.01,0.003,0.0,0.12,high_slip,unpaired_null,g1.00_1.00_s0.10,0.1000,1.8923,0.3165,8.5700,0.0913,0.2878,2.4935,0.0693,0.0693,0.0000,30478
19,16,square_waypoints,0.01,0.003,0.0,0.12,high_slip,random_probe,g1.00_1.00_s0.20,0.0000,1.2051,0.4914,4.8514,0.2510,0.2602,2.0168,0.1140,0.1140,0.0000,30479
19,16,square_waypoints,0.01,0.003,0.0,0.12,high_slip,task_greedy,g1.00_1.00_s0.02,0.1800,2.3172,0.1588,7.8408,1.1298,1.1364,9.6043,0.0881,0.0881,0.0000,30480
19,16,square_waypoints,0.01,0.003,0.0,0.12,high_slip,fisher_grid,g1.00_1.00_s0.20,0.0000,0.8527,0.5092,11.3400,0.3186,0.3307,3.0208,0.3052,0.3052,0.0000,30481
19,16,square_waypoints,0.01,0.003,0.0,0.12,high_slip,constrained_fisher,g1.00_1.00_s0.20,0.0000,1.4199,0.5034,8.9100,0.1305,0.1616,1.9144,0.0726,0.0726,0.0000,30482
20,16,square_waypoints,0.01,0.003,0.0,0.12,left_gain_loss,null_probe,g0.60_1.00_s0.02,0.0200,2.1890,0.1802,8.5700,0.0355,0.0955,0.6606,0.0739,0.0298,-0.0441,31483
20,16,square_waypoints,0.01,0.003,0.0,0.12,left_gain_loss,unpaired_null,g0.60_1.00_s0.02,0.0200,1.8843,0.3494,8.5700,0.0730,0.1602,1.4899,0.0030,0.0133,0.0103,31484
20,16,square_waypoints,0.01,0.003,0.0,0.12,left_gain_loss,random_probe,g0.60_1.00_s0.02,0.0200,1.5113,0.4810,4.1022,0.2789,0.2836,2.2860,0.0237,0.0384,0.0147,31485
20,16,square_waypoints,0.01,0.003,0.0,0.12,left_gain_loss,task_greedy,g0.60_1.00_s0.02,0.0200,1.8793,0.1709,8.2625,0.8637,0.8696,7.5553,0.0989,0.0125,-0.0864,31486
20,16,square_waypoints,0.01,0.003,0.0,0.12,left_gain_loss,fisher_grid,g0.60_1.00_s0.02,0.0200,1.0815,0.6626,11.3400,0.1747,0.1840,1.6217,0.0343,0.0235,-0.0108,31487
20,16,square_waypoints,0.01,0.003,0.0,0.12,left_gain_loss,constrained_fisher,g0.60_1.00_s0.02,0.0200,0.4862,0.8560,12.3525,0.0803,0.1169,1.0891,0.0280,0.0569,0.0290,31488
20,16,square_waypoints,0.01,0.003,0.0,0.12,right_gain_loss,null_probe,g1.00_0.60_s0.02,0.0200,1.1199,0.6283,8.5700,0.0718,0.1039,0.9198,0.0098,0.0238,0.0139,31489
20,16,square_waypoints,0.01,0.003,0.0,0.12,right_gain_loss,unpaired_null,g1.00_0.60_s0.02,0.0200,1.4265,0.5287,8.5700,0.0168,0.2772,2.2486,0.0355,0.0546,0.0191,31490
20,16,square_waypoints,0.01,0.003,0.0,0.12,right_gain_loss,random_probe,g0.90_0.60_s0.10,0.2000,2.3833,0.2137,4.6635,0.1877,0.2059,1.8749,0.0427,0.1476,0.1050,31491
20,16,square_waypoints,0.01,0.003,0.0,0.12,right_gain_loss,task_greedy,g1.00_0.60_s0.02,0.0200,1.7038,0.2524,8.2656,0.8754,0.8812,7.7265,0.0215,0.1429,0.1214,31492
20,16,square_waypoints,0.01,0.003,0.0,0.12,right_gain_loss,fisher_grid,g1.00_0.60_s0.02,0.0200,1.1439,0.6489,11.3400,0.2001,0.1728,1.5457,0.0630,0.1581,0.0951,31493
20,16,square_waypoints,0.01,0.003,0.0,0.12,right_gain_loss,constrained_fisher,g1.00_0.60_s0.02,0.0200,0.8050,0.7902,12.3525,0.0854,0.1086,1.1010,0.0628,0.0712,0.0084,31494
20,16,square_waypoints,0.01,0.003,0.0,0.12,symmetric_low_power,null_probe,g0.75_0.75_s0.02,0.0600,1.6485,0.4561,8.5700,0.0388,0.0686,0.5820,0.0152,0.0311,0.0159,31495
20,16,square_waypoints,0.01,0.003,0.0,0.12,symmetric_low_power,unpaired_null,g0.75_0.75_s0.02,0.0600,1.3603,0.5929,8.5700,0.0395,0.2006,1.6072,0.0401,0.0835,0.0434,31496
20,16,square_waypoints,0.01,0.003,0.0,0.12,symmetric_low_power,random_probe,g0.75_0.75_s0.02,0.0600,2.0019,0.3501,5.2144,0.3143,0.3312,3.8291,0.0768,0.0344,-0.0425,31497
20,16,square_waypoints,0.01,0.003,0.0,0.12,symmetric_low_power,task_greedy,g0.75_0.75_s0.02,0.0600,1.8028,0.2796,7.8409,0.8133,0.8029,6.8182,0.0297,0.0880,0.0583,31498
20,16,square_waypoints,0.01,0.003,0.0,0.12,symmetric_low_power,fisher_grid,g0.75_0.75_s0.02,0.0600,1.4764,0.5255,11.3400,0.1207,0.1260,1.1434,0.0384,0.0729,0.0346,31499
20,16,square_waypoints,0.01,0.003,0.0,0.12,symmetric_low_power,constrained_fisher,g0.75_0.60_s0.02,0.1500,1.0544,0.6233,12.9600,0.0464,0.0976,0.8675,0.0269,0.0822,0.0553,31500
20,16,square_waypoints,0.01,0.003,0.0,0.12,high_slip,null_probe,g1.00_1.00_s0.20,0.0000,1.1310,0.6460,8.5700,0.0990,0.1776,1.4974,0.1394,0.1394,0.0000,31501
20,16,square_waypoints,0.01,0.003,0.0,0.12,high_slip,unpaired_null,g1.00_1.00_s0.20,0.0000,1.0210,0.5952,8.5700,0.1296,0.2892,2.9789,0.0736,0.0736,0.0000,31502
20,16,square_waypoints,0.01,0.003,0.0,0.12,high_slip,random_probe,g1.00_1.00_s0.20,0.0000,1.2209,0.5229,4.8396,0.1259,0.1885,1.7305,0.0980,0.0980,0.0000,31503
20,16,square_waypoints,0.01,0.003,0.0,0.12,high_slip,task_greedy,g1.00_1.00_s0.20,0.0000,1.8666,0.2582,7.8407,1.1167,1.1255,9.5617,0.1300,0.1300,0.0000,31504
20,16,square_waypoints,0.01,0.003,0.0,0.12,high_slip,fisher_grid,g1.00_1.00_s0.20,0.0000,1.2561,0.5692,11.3400,0.2457,0.2434,2.3859,0.1844,0.1844,0.0000,31505
20,16,square_waypoints,0.01,0.003,0.0,0.12,high_slip,constrained_fisher,g1.00_1.00_s0.20,0.0000,0.8433,0.6267,7.6950,0.1376,0.1647,1.6842,0.2288,0.2288,0.0000,31506
21,16,square_waypoints,0.01,0.003,0.0,0.12,left_gain_loss,null_probe,g0.60_1.00_s0.02,0.0200,1.4365,0.4674,8.5700,0.0140,0.0813,0.6521,0.0308,0.0332,0.0025,32507
21,16,square_waypoints,0.01,0.003,0.0,0.12,left_gain_loss,unpaired_null,g0.60_1.00_s0.02,0.0200,1.5560,0.4099,8.5700,0.0424,0.1788,1.6185,0.0599,0.0205,-0.0394,32508
21,16,square_waypoints,0.01,0.003,0.0,0.12,left_gain_loss,random_probe,g0.60_1.00_s0.02,0.0200,2.1082,0.2813,4.4912,0.1062,0.1844,1.9392,0.1053,0.0274,-0.0779,32509
21,16,square_waypoints,0.01,0.003,0.0,0.12,left_gain_loss,task_greedy,g0.60_1.00_s0.02,0.0200,1.8094,0.2684,8.2700,0.8749,0.8708,7.5790,0.0447,0.1762,0.1315,32510
21,16,square_waypoints,0.01,0.003,0.0,0.12,left_gain_loss,fisher_grid,g0.60_1.00_s0.02,0.0200,1.1562,0.6453,11.3400,0.1930,0.1893,1.6606,0.0505,0.0286,-0.0219,32511
21,16,square_waypoints,0.01,0.003,0.0,0.12,left_gain_loss,constrained_fisher,g0.60_1.00_s0.02,0.0200,0.5316,0.8593,12.9600,0.0342,0.0974,0.7855,0.0410,0.1299,0.0888,32512
21,16,square_waypoints,0.01,0.003,0.0,0.12,right_gain_loss,null_probe,g1.00_0.60_s0.02,0.0200,1.7517,0.3532,8.5700,0.0121,0.0994,0.8000,0.0273,0.0177,-0.0096,32513
21,16,square_waypoints,0.01,0.003,0.0,0.12,right_gain_loss,unpaired_null,g0.90_0.60_s0.10,0.2000,2.0374,0.2939,8.5700,0.0171,0.2819,2.2717,0.0548,0.1428,0.0880,32514
21,16,square_waypoints,0.01,0.003,0.0,0.12,right_gain_loss,random_probe,g1.00_0.60_s0.02,0.0200,1.8909,0.3803,3.6131,0.1321,0.1674,1.5013,0.0612,0.0851,0.0239,32515
21,16,square_waypoints,0.01,0.003,0.0,0.12,right_gain_loss,task_greedy,g1.00_0.60_s0.20,0.2000,1.7639,0.2605,8.2473,0.8683,0.8727,7.5959,0.0321,0.1685,0.1364,32516
21,16,square_waypoints,0.01,0.003,0.0,0.12,right_gain_loss,fisher_grid,g1.00_0.60_s0.02,0.0200,1.4587,0.4744,11.3400,0.1626,0.1757,1.4321,0.0399,0.2092,0.1693,32517
21,16,square_waypoints,0.01,0.003,0.0,0.12,right_gain_loss,constrained_fisher,g1.00_0.60_s0.02,0.0200,0.3233,0.9272,12.0488,0.0619,0.1201,1.2206,0.0143,0.1060,0.0917,32518
21,16,square_waypoints,0.01,0.003,0.0,0.12,symmetric_low_power,null_probe,g0.75_0.75_s0.10,0.1400,1.6492,0.3843,8.5700,0.0308,0.0722,0.5762,0.0621,0.0635,0.0014,32519
21,16,square_waypoints,0.01,0.003,0.0,0.12,symmetric_low_power,unpaired_null,g0.75_0.75_s0.02,0.0600,1.7537,0.4619,8.5700,0.0287,0.1998,1.5874,0.0495,0.0380,-0.0116,32520
21,16,square_waypoints,0.01,0.003,0.0,0.12,symmetric_low_power,random_probe,g0.75_0.75_s0.02,0.0600,2.4735,0.2623,3.7827,0.2023,0.1952,1.6957,0.0411,0.0509,0.0098,32521
21,16,square_waypoints,0.01,0.003,0.0,0.12,symmetric_low_power,task_greedy,g0.75_0.75_s0.02,0.0600,2.2138,0.1832,7.8405,0.8203,0.8097,6.9021,0.0364,0.0716,0.0353,32522
21,16,square_waypoints,0.01,0.003,0.0,0.12,symmetric_low_power,fisher_grid,g0.75_0.75_s0.02,0.0600,0.9926,0.7067,11.3400,0.1219,0.1352,1.1978,0.0295,0.0581,0.0286,32523
21,16,square_waypoints,0.01,0.003,0.0,0.12,symmetric_low_power,constrained_fisher,g0.75_0.75_s0.02,0.0600,0.3214,0.9376,12.9600,0.0513,0.0722,0.6421,0.0435,0.0579,0.0144,32524
21,16,square_waypoints,0.01,0.003,0.0,0.12,high_slip,null_probe,g0.90_0.90_s0.20,0.2000,1.4642,0.3431,8.5700,0.1602,0.1930,2.2876,0.0885,0.1239,0.0353,32525
21,16,square_waypoints,0.01,0.003,0.0,0.12,high_slip,unpaired_null,g1.00_1.00_s0.20,0.0000,1.1321,0.6077,8.5700,0.0230,0.2827,2.2685,0.0721,0.0721,0.0000,32526
21,16,square_waypoints,0.01,0.003,0.0,0.12,high_slip,random_probe,g1.00_1.00_s0.20,0.0000,1.1305,0.6244,3.0582,0.1076,0.2208,2.5221,0.0671,0.0671,0.0000,32527
21,16,square_waypoints,0.01,0.003,0.0,0.12,high_slip,task_greedy,g1.00_1.00_s0.20,0.0000,1.5570,0.2930,7.8407,1.1288,1.1131,9.4271,0.1893,0.1893,0.0000,32528
21,16,square_waypoints,0.01,0.003,0.0,0.12,high_slip,fisher_grid,g1.00_1.00_s0.20,0.0000,0.4102,0.8657,11.3400,0.2252,0.2436,2.0432,0.0829,0.0829,0.0000,32529
21,16,square_waypoints,0.01,0.003,0.0,0.12,high_slip,constrained_fisher,g1.00_1.00_s0.20,0.0000,1.2096,0.4438,11.9475,0.0643,0.1635,1.4470,0.0057,0.0057,0.0000,32530
22,16,square_waypoints,0.01,0.003,0.0,0.12,left_gain_loss,null_probe,g0.60_1.00_s0.02,0.0200,1.5021,0.4518,8.5700,0.0414,0.0846,0.7650,0.1069,0.1476,0.0407,33531
22,16,square_waypoints,0.01,0.003,0.0,0.12,left_gain_loss,unpaired_null,g0.60_0.90_s0.10,0.2000,1.6987,0.3384,8.5700,0.0477,0.1802,1.6924,0.0832,0.1432,0.0599,33532
22,16,square_waypoints,0.01,0.003,0.0,0.12,left_gain_loss,random_probe,g0.60_1.00_s0.02,0.0200,1.6480,0.4205,4.4215,0.1297,0.1404,1.0883,0.0177,0.0797,0.0620,33533
22,16,square_waypoints,0.01,0.003,0.0,0.12,left_gain_loss,task_greedy,g0.60_0.90_s0.02,0.1200,1.8882,0.1919,8.2418,0.8713,0.8664,7.5956,0.0687,0.1422,0.0734,33534
22,16,square_waypoints,0.01,0.003,0.0,0.12,left_gain_loss,fisher_grid,g0.60_1.00_s0.02,0.0200,1.3969,0.4053,11.3400,0.1714,0.1796,1.5622,0.0799,0.0884,0.0085,33535
22,16,square_waypoints,0.01,0.003,0.0,0.12,left_gain_loss,constrained_fisher,g0.60_1.00_s0.02,0.0200,0.6021,0.7565,12.6563,0.0737,0.1003,1.0421,0.0992,0.0312,-0.0680,33536
22,16,square_waypoints,0.01,0.003,0.0,0.12,right_gain_loss,null_probe,g1.00_0.60_s0.02,0.0200,1.5953,0.3166,8.5700,0.0393,0.0966,0.8110,0.0681,0.0067,-0.0614,33537
22,16,square_waypoints,0.01,0.003,0.0,0.12,right_gain_loss,unpaired_null,g1.00_0.60_s0.02,0.0200,1.0799,0.5381,8.5700,0.0421,0.2885,2.4796,0.0395,0.0411,0.0016,33538
22,16,square_waypoints,0.01,0.003,0.0,0.12,right_gain_loss,random_probe,g0.90_0.60_s0.02,0.1200,1.9120,0.4058,4.7749,0.2992,0.3050,1.7915,0.0084,0.0514,0.0430,33539
22,16,square_waypoints,0.01,0.003,0.0,0.12,right_gain_loss,task_greedy,g1.00_0.60_s0.02,0.0200,1.6540,0.2755,8.2734,0.8561,0.8502,7.3302,0.0323,0.2079,0.1756,33540
22,16,square_waypoints,0.01,0.003,0.0,0.12,right_gain_loss,fisher_grid,g1.00_0.60_s0.02,0.0200,0.8833,0.6944,11.3400,0.1907,0.1875,1.6491,0.0522,0.0219,-0.0303,33541
22,16,square_waypoints,0.01,0.003,0.0,0.12,right_gain_loss,constrained_fisher,g1.00_0.60_s0.02,0.0200,1.3840,0.4991,9.9225,0.1108,0.1182,1.4754,0.0293,0.1049,0.0756,33542
22,16,square_waypoints,0.01,0.003,0.0,0.12,symmetric_low_power,null_probe,g0.75_0.75_s0.02,0.0600,1.4212,0.4849,8.5700,0.0510,0.0949,0.8482,0.0354,0.0830,0.0476,33543
22,16,square_waypoints,0.01,0.003,0.0,0.12,symmetric_low_power,unpaired_null,g0.75_0.75_s0.02,0.0600,1.7214,0.4105,8.5700,0.0110,0.2121,1.6868,0.0209,0.1011,0.0802,33544
22,16,square_waypoints,0.01,0.003,0.0,0.12,symmetric_low_power,random_probe,g0.75_0.75_s0.02,0.0600,2.2908,0.2732,4.6147,0.3691,0.3509,2.5899,0.0511,0.0549,0.0038,33545
22,16,square_waypoints,0.01,0.003,0.0,0.12,symmetric_low_power,task_greedy,g0.75_0.75_s0.20,0.2400,2.1295,0.2144,7.8407,0.8242,0.8171,6.9288,0.0393,0.0667,0.0274,33546
22,16,square_waypoints,0.01,0.003,0.0,0.12,symmetric_low_power,fisher_grid,g0.75_0.75_s0.20,0.2400,1.0582,0.4692,11.3400,0.1274,0.1336,1.1955,0.0402,0.0519,0.0117,33547
22,16,square_waypoints,0.01,0.003,0.0,0.12,symmetric_low_power,constrained_fisher,g0.75_0.75_s0.02,0.0600,0.8809,0.7611,12.9600,0.0262,0.0846,0.6878,0.0191,0.0301,0.0109,33548
22,16,square_waypoints,0.01,0.003,0.0,0.12,high_slip,null_probe,g1.00_1.00_s0.02,0.1800,1.7832,0.4336,8.5700,0.0258,0.0996,0.7907,0.0573,0.0573,0.0000,33549
22,16,square_waypoints,0.01,0.003,0.0,0.12,high_slip,unpaired_null,g0.90_0.90_s0.10,0.3000,2.2279,0.1748,8.5700,0.0034,0.2876,2.3508,0.1199,0.1106,-0.0092,33550
22,16,square_waypoints,0.01,0.003,0.0,0.12,high_slip,random_probe,g1.00_1.00_s0.10,0.1000,2.3707,0.2069,3.7898,0.1973,0.2392,2.0624,0.0371,0.0371,0.0000,33551
22,16,square_waypoints,0.01,0.003,0.0,0.12,high_slip,task_greedy,g1.00_1.00_s0.20,0.0000,2.2869,0.1681,7.8408,1.1280,1.1234,9.4765,0.1642,0.1642,0.0000,33552
22,16,square_waypoints,0.01,0.003,0.0,0.12,high_slip,fisher_grid,g1.00_1.00_s0.20,0.0000,0.9328,0.6963,11.3400,0.1317,0.2031,1.6768,0.2203,0.2203,0.0000,33553
22,16,square_waypoints,0.01,0.003,0.0,0.12,high_slip,constrained_fisher,g1.00_1.00_s0.20,0.0000,0.7876,0.6158,8.1000,0.1406,0.1662,1.8809,0.1527,0.1527,0.0000,33554
23,16,square_waypoints,0.01,0.003,0.0,0.12,left_gain_loss,null_probe,g0.75_1.00_s0.02,0.1300,1.3182,0.4361,8.5700,0.0554,0.0907,0.8335,0.0149,0.0154,0.0005,34555
23,16,square_waypoints,0.01,0.003,0.0,0.12,left_gain_loss,unpaired_null,g0.60_1.00_s0.02,0.0200,1.2967,0.5552,8.5700,0.0169,0.1810,1.6354,0.0935,0.0345,-0.0590,34556
23,16,square_waypoints,0.01,0.003,0.0,0.12,left_gain_loss,random_probe,g0.60_1.00_s0.02,0.0200,2.0768,0.2948,4.0010,0.2289,0.2310,1.8256,0.0842,0.0178,-0.0663,34557
23,16,square_waypoints,0.01,0.003,0.0,0.12,left_gain_loss,task_greedy,g0.60_1.00_s0.20,0.2000,1.8148,0.2754,8.2663,0.8828,0.8775,7.6180,0.0100,0.0141,0.0041,34558
23,16,square_waypoints,0.01,0.003,0.0,0.12,left_gain_loss,fisher_grid,g0.60_1.00_s0.02,0.0200,0.9588,0.5593,11.3400,0.1477,0.1597,1.4096,0.0322,0.1371,0.1049,34559
23,16,square_waypoints,0.01,0.003,0.0,0.12,left_gain_loss,constrained_fisher,g0.60_1.00_s0.02,0.0200,0.5673,0.8419,12.3525,0.1040,0.1045,1.1026,0.0842,0.0555,-0.0287,34560
23,16,square_waypoints,0.01,0.003,0.0,0.12,right_gain_loss,null_probe,g1.00_0.60_s0.10,0.1000,1.7774,0.3033,8.5700,0.0549,0.1081,0.8360,0.0160,0.0345,0.0184,34561
23,16,square_waypoints,0.01,0.003,0.0,0.12,right_gain_loss,unpaired_null,g1.00_0.60_s0.02,0.0200,1.4925,0.4456,8.5700,0.0307,0.2836,2.4040,0.0566,0.0209,-0.0357,34562
23,16,square_waypoints,0.01,0.003,0.0,0.12,right_gain_loss,random_probe,g1.00_0.60_s0.02,0.0200,2.3526,0.1968,3.0106,0.1461,0.1460,1.4187,0.0715,0.0816,0.0101,34563
23,16,square_waypoints,0.01,0.003,0.0,0.12,right_gain_loss,task_greedy,g1.00_0.60_s0.20,0.2000,1.9654,0.2464,8.2629,0.8890,0.8971,7.6811,0.0967,0.0149,-0.0818,34564
23,16,square_waypoints,0.01,0.003,0.0,0.12,right_gain_loss,fisher_grid,g1.00_0.60_s0.02,0.0200,1.1038,0.6320,11.3400,0.1760,0.1816,1.4498,0.0484,0.0165,-0.0319,34565
23,16,square_waypoints,0.01,0.003,0.0,0.12,right_gain_loss,constrained_fisher,g1.00_0.60_s0.02,0.0200,0.4856,0.8645,12.0488,0.1063,0.1104,1.0737,0.0892,0.1944,0.1053,34566
23,16,square_waypoints,0.01,0.003,0.0,0.12,symmetric_low_power,null_probe,g0.75_0.75_s0.02,0.0600,1.7034,0.4236,8.5700,0.0201,0.0813,0.6360,0.0623,0.0231,-0.0392,34567
23,16,square_waypoints,0.01,0.003,0.0,0.12,symmetric_low_power,unpaired_null,g0.75_0.75_s0.02,0.0600,2.0525,0.2462,8.5700,0.0410,0.2064,1.6564,0.0474,0.0870,0.0396,34568
23,16,square_waypoints,0.01,0.003,0.0,0.12,symmetric_low_power,random_probe,g0.75_0.75_s0.10,0.1400,2.3900,0.2195,5.4611,0.1472,0.2325,2.3822,0.0457,0.0340,-0.0117,34569
23,16,square_waypoints,0.01,0.003,0.0,0.12,symmetric_low_power,task_greedy,g0.75_0.75_s0.20,0.2400,1.9019,0.2671,7.8405,0.8004,0.8000,6.8543,0.0415,0.0245,-0.0171,34570
23,16,square_waypoints,0.01,0.003,0.0,0.12,symmetric_low_power,fisher_grid,g0.75_0.75_s0.02,0.0600,0.9642,0.7290,11.3400,0.1272,0.1359,1.2447,0.0286,0.0720,0.0434,34571
23,16,square_waypoints,0.01,0.003,0.0,0.12,symmetric_low_power,constrained_fisher,g0.60_0.75_s0.02,0.1500,1.3206,0.5417,12.9600,0.0117,0.0880,0.7223,0.0174,0.0358,0.0184,34572
23,16,square_waypoints,0.01,0.003,0.0,0.12,high_slip,null_probe,g1.00_1.00_s0.20,0.0000,0.8947,0.7529,8.5700,0.0761,0.1119,0.9106,0.0944,0.0944,0.0000,34573
23,16,square_waypoints,0.01,0.003,0.0,0.12,high_slip,unpaired_null,g0.90_1.00_s0.20,0.1000,1.4360,0.3611,8.5700,0.0680,0.3091,2.7427,0.0709,0.0572,-0.0137,34574
23,16,square_waypoints,0.01,0.003,0.0,0.12,high_slip,random_probe,g1.00_1.00_s0.20,0.0000,1.6055,0.3495,4.0250,0.2269,0.2889,2.4149,0.0794,0.0794,0.0000,34575
23,16,square_waypoints,0.01,0.003,0.0,0.12,high_slip,task_greedy,g1.00_1.00_s0.20,0.0000,1.8616,0.2578,7.8407,1.1045,1.1221,9.5761,0.0210,0.0210,0.0000,34576
23,16,square_waypoints,0.01,0.003,0.0,0.12,high_slip,fisher_grid,g1.00_1.00_s0.20,0.0000,1.2240,0.4977,11.3400,0.2046,0.2066,1.8391,0.0380,0.0380,0.0000,34577
23,16,square_waypoints,0.01,0.003,0.0,0.12,high_slip,constrained_fisher,g1.00_1.00_s0.20,0.0000,0.7934,0.7023,11.8463,0.0514,0.1601,1.4641,0.0351,0.0351,0.0000,34578
24,16,square_waypoints,0.01,0.003,0.0,0.12,left_gain_loss,null_probe,g0.60_1.00_s0.02,0.0200,1.2906,0.5645,8.5700,0.0377,0.1009,0.6954,0.0308,0.0181,-0.0127,35579
24,16,square_waypoints,0.01,0.003,0.0,0.12,left_gain_loss,unpaired_null,g0.60_1.00_s0.02,0.0200,1.2037,0.4670,8.5700,0.0357,0.1843,1.7303,0.0216,0.0282,0.0067,35580
24,16,square_waypoints,0.01,0.003,0.0,0.12,left_gain_loss,random_probe,g0.60_1.00_s0.02,0.0200,1.3142,0.5391,4.3455,0.1208,0.1932,1.8727,0.0248,0.0204,-0.0043,35581
24,16,square_waypoints,0.01,0.003,0.0,0.12,left_gain_loss,task_greedy,g0.60_1.00_s0.02,0.0200,2.0056,0.2265,8.2576,0.8858,0.8757,7.6155,0.0241,0.0625,0.0384,35582
24,16,square_waypoints,0.01,0.003,0.0,0.12,left_gain_loss,fisher_grid,g0.60_1.00_s0.02,0.0200,0.7370,0.7781,11.3400,0.1816,0.1946,1.6698,0.0242,0.0518,0.0275,35583
24,16,square_waypoints,0.01,0.003,0.0,0.12,left_gain_loss,constrained_fisher,g0.60_1.00_s0.02,0.0200,1.0846,0.6767,12.6563,0.0727,0.1134,1.0276,0.0588,0.0183,-0.0405,35584
24,16,square_waypoints,0.01,0.003,0.0,0.12,right_gain_loss,null_probe,g1.00_0.60_s0.02,0.0200,1.3714,0.4926,8.5700,0.0562,0.0857,0.6997,0.0279,0.0246,-0.0032,35585
24,16,square_waypoints,0.01,0.003,0.0,0.12,right_gain_loss,unpaired_null,g1.00_0.60_s0.10,0.1000,1.5593,0.4078,8.5700,0.0593,0.2828,2.3766,0.0498,0.0448,-0.0050,35586
24,16,square_waypoints,0.01,0.003,0.0,0.12,right_gain_loss,random_probe,g0.90_0.60_s0.02,0.1200,1.8500,0.2931,4.4610,0.2059,0.2400,2.4722,0.0650,0.0216,-0.0434,35587
24,16,square_waypoints,0.01,0.003,0.0,0.12,right_gain_loss,task_greedy,g1.00_0.60_s0.20,0.2000,1.7733,0.2332,8.2559,0.8669,0.8614,7.5152,0.0407,0.0434,0.0027,35588
24,16,square_waypoints,0.01,0.003,0.0,0.12,right_gain_loss,fisher_grid,g1.00_0.75_s0.02,0.1300,1.1575,0.4652,11.3400,0.1720,0.1827,1.4823,0.0481,0.0808,0.0327,35589
24,16,square_waypoints,0.01,0.003,0.0,0.12,right_gain_loss,constrained_fisher,g1.00_0.60_s0.02,0.0200,0.9543,0.7250,12.6563,0.1141,0.1086,1.0799,0.0196,0.0240,0.0045,35590
24,16,square_waypoints,0.01,0.003,0.0,0.12,symmetric_low_power,null_probe,g0.75_0.75_s0.10,0.1400,1.6727,0.4234,8.5700,0.0253,0.0730,0.5863,0.0213,0.0679,0.0466,35591
24,16,square_waypoints,0.01,0.003,0.0,0.12,symmetric_low_power,unpaired_null,g0.75_0.75_s0.10,0.1400,1.9968,0.2605,8.5700,0.0601,0.2214,1.7997,0.0306,0.0744,0.0438,35592
24,16,square_waypoints,0.01,0.003,0.0,0.12,symmetric_low_power,random_probe,g0.60_0.75_s0.02,0.1500,1.9562,0.3116,5.2277,0.1609,0.2434,2.5260,0.0095,0.0601,0.0506,35593
24,16,square_waypoints,0.01,0.003,0.0,0.12,symmetric_low_power,task_greedy,g0.60_0.60_s0.02,0.2400,2.3211,0.1428,7.8405,0.8208,0.8216,6.9637,0.0460,0.0452,-0.0009,35594
24,16,square_waypoints,0.01,0.003,0.0,0.12,symmetric_low_power,fisher_grid,g0.75_0.75_s0.02,0.0600,1.0330,0.5782,11.3400,0.1231,0.1328,1.2676,0.0187,0.0475,0.0288,35595
24,16,square_waypoints,0.01,0.003,0.0,0.12,symmetric_low_power,constrained_fisher,g0.60_0.75_s0.02,0.1500,0.7685,0.7210,12.9600,0.0284,0.0924,0.7786,0.0584,0.0464,-0.0120,35596
24,16,square_waypoints,0.01,0.003,0.0,0.12,high_slip,null_probe,g1.00_1.00_s0.10,0.1000,1.4803,0.3784,8.5700,0.0307,0.1011,0.8545,0.2222,0.2222,0.0000,35597
24,16,square_waypoints,0.01,0.003,0.0,0.12,high_slip,unpaired_null,g1.00_1.00_s0.20,0.0000,1.8351,0.2874,8.5700,0.0362,0.2958,2.3516,0.0827,0.0827,0.0000,35598
24,16,square_waypoints,0.01,0.003,0.0,0.12,high_slip,random_probe,g1.00_1.00_s0.02,0.1800,2.1480,0.2686,5.2754,0.1932,0.2828,2.4561,0.1120,0.1120,0.0000,35599
24,16,square_waypoints,0.01,0.003,0.0,0.12,high_slip,task_greedy,g1.00_1.00_s0.02,0.1800,2.0810,0.2253,7.8411,1.1212,1.1263,9.4222,0.0227,0.0227,0.0000,35600
24,16,square_waypoints,0.01,0.003,0.0,0.12,high_slip,fisher_grid,g1.00_1.00_s0.20,0.0000,0.5159,0.8509,11.3400,0.2324,0.2774,3.1216,0.1300,0.1300,0.0000,35601
24,16,square_waypoints,0.01,0.003,0.0,0.12,high_slip,constrained_fisher,g1.00_1.00_s0.20,0.0000,0.4682,0.8746,11.5425,0.1020,0.1865,1.6901,0.1407,0.1407,0.0000,35602
25,16,square_waypoints,0.01,0.003,0.0,0.12,left_gain_loss,null_probe,g0.60_1.00_s0.02,0.0200,1.0504,0.6633,8.5700,0.0387,0.1159,0.8938,0.0323,0.1967,0.1644,36603
25,16,square_waypoints,0.01,0.003,0.0,0.12,left_gain_loss,unpaired_null,g0.60_1.00_s0.10,0.1000,1.8572,0.2649,8.5700,0.0537,0.1704,1.5433,0.0397,0.0306,-0.0091,36604
25,16,square_waypoints,0.01,0.003,0.0,0.12,left_gain_loss,random_probe,g0.60_1.00_s0.02,0.0200,1.7304,0.4286,4.3274,0.0863,0.2054,1.7280,0.0270,0.0272,0.0002,36605
25,16,square_waypoints,0.01,0.003,0.0,0.12,left_gain_loss,task_greedy,g0.60_1.00_s0.02,0.0200,1.8628,0.1760,8.2779,0.8373,0.8514,7.4488,0.0361,0.1114,0.0753,36606
25,16,square_waypoints,0.01,0.003,0.0,0.12,left_gain_loss,fisher_grid,g0.60_1.00_s0.02,0.0200,0.5527,0.8587,11.3400,0.2120,0.1991,1.7032,0.0235,0.0509,0.0274,36607
25,16,square_waypoints,0.01,0.003,0.0,0.12,left_gain_loss,constrained_fisher,g0.60_1.00_s0.02,0.0200,0.2240,0.9563,12.9600,0.0725,0.0966,0.8656,0.0535,0.1392,0.0857,36608
25,16,square_waypoints,0.01,0.003,0.0,0.12,right_gain_loss,null_probe,g1.00_0.60_s0.10,0.1000,1.7719,0.3483,8.5700,0.0281,0.0943,0.7161,0.0507,0.1479,0.0972,36609
25,16,square_waypoints,0.01,0.003,0.0,0.12,right_gain_loss,unpaired_null,g1.00_0.60_s0.02,0.0200,1.4636,0.5195,8.5700,0.0344,0.2841,2.2867,0.0783,0.0355,-0.0428,36610
25,16,square_waypoints,0.01,0.003,0.0,0.12,right_gain_loss,random_probe,g0.90_0.75_s0.02,0.2300,2.2450,0.3069,4.1628,0.2715,0.4204,3.9827,0.0896,0.0566,-0.0330,36611
25,16,square_waypoints,0.01,0.003,0.0,0.12,right_gain_loss,task_greedy,g1.00_0.75_s0.02,0.1300,2.0097,0.2125,8.2645,0.8589,0.8581,7.3870,0.0439,0.0960,0.0521,36612
25,16,square_waypoints,0.01,0.003,0.0,0.12,right_gain_loss,fisher_grid,g1.00_0.60_s0.02,0.0200,1.1870,0.6287,11.3400,0.1771,0.1788,1.5169,0.0064,0.0139,0.0075,36613
25,16,square_waypoints,0.01,0.003,0.0,0.12,right_gain_loss,constrained_fisher,g1.00_0.60_s0.02,0.0200,0.6096,0.8010,12.6563,0.0506,0.1077,1.1747,0.0851,0.0240,-0.0611,36614
25,16,square_waypoints,0.01,0.003,0.0,0.12,symmetric_low_power,null_probe,g0.75_0.75_s0.10,0.1400,1.4985,0.4629,8.5700,0.0240,0.0714,0.5605,0.0524,0.0655,0.0132,36615
25,16,square_waypoints,0.01,0.003,0.0,0.12,symmetric_low_power,unpaired_null,g0.75_0.75_s0.02,0.0600,1.2291,0.6433,8.5700,0.0433,0.2050,1.6891,0.0239,0.0892,0.0653,36616
25,16,square_waypoints,0.01,0.003,0.0,0.12,symmetric_low_power,random_probe,g0.75_0.75_s0.02,0.0600,2.8509,0.1905,3.2232,0.2820,0.2533,2.1640,0.0337,0.0680,0.0343,36617
25,16,square_waypoints,0.01,0.003,0.0,0.12,symmetric_low_power,task_greedy,g0.75_0.75_s0.20,0.2400,1.8502,0.2742,7.8405,0.8073,0.8185,6.9656,0.0230,0.0940,0.0710,36618
25,16,square_waypoints,0.01,0.003,0.0,0.12,symmetric_low_power,fisher_grid,g0.75_0.75_s0.02,0.0600,1.0289,0.6041,11.3400,0.1389,0.1333,1.2000,0.0606,0.0679,0.0073,36619
25,16,square_waypoints,0.01,0.003,0.0,0.12,symmetric_low_power,constrained_fisher,g0.75_0.75_s0.02,0.0600,0.6237,0.8456,12.9600,0.0095,0.0869,0.7904,0.0290,0.0733,0.0444,36620
25,16,square_waypoints,0.01,0.003,0.0,0.12,high_slip,null_probe,g1.00_1.00_s0.20,0.0000,1.8675,0.2557,8.5700,0.0648,0.0940,0.8127,0.1277,0.1277,0.0000,36621
25,16,square_waypoints,0.01,0.003,0.0,0.12,high_slip,unpaired_null,g1.00_1.00_s0.20,0.0000,1.4692,0.4913,8.5700,0.0213,0.2767,2.1504,0.1618,0.1618,0.0000,36622
25,16,square_waypoints,0.01,0.003,0.0,0.12,high_slip,random_probe,g1.00_1.00_s0.20,0.0000,1.7910,0.2771,3.7489,0.1327,0.1892,1.7350,0.1876,0.1876,0.0000,36623
25,16,square_waypoints,0.01,0.003,0.0,0.12,high_slip,task_greedy,g1.00_1.00_s0.02,0.1800,2.2315,0.1867,7.8404,1.1013,1.1123,9.5092,0.0431,0.0431,0.0000,36624
25,16,square_waypoints,0.01,0.003,0.0,0.12,high_slip,fisher_grid,g1.00_0.90_s0.20,0.1000,0.7839,0.5329,11.3400,0.2402,0.2345,2.2712,0.0771,0.0870,0.0098,36625
25,16,square_waypoints,0.01,0.003,0.0,0.12,high_slip,constrained_fisher,g1.00_1.00_s0.20,0.0000,0.5712,0.8340,8.7075,0.1058,0.1413,1.6584,0.0363,0.0363,0.0000,36626
26,16,square_waypoints,0.01,0.003,0.0,0.12,left_gain_loss,null_probe,g0.60_1.00_s0.02,0.0200,1.2420,0.6136,8.5700,0.0480,0.0902,0.7733,0.0247,0.1597,0.1350,37627
26,16,square_waypoints,0.01,0.003,0.0,0.12,left_gain_loss,unpaired_null,g0.60_1.00_s0.02,0.0200,1.7328,0.4043,8.5700,0.0526,0.1718,1.5353,0.0126,0.1055,0.0929,37628
26,16,square_waypoints,0.01,0.003,0.0,0.12,left_gain_loss,random_probe,g0.60_1.00_s0.02,0.0200,1.7703,0.3931,5.6345,0.5719,0.5456,5.3559,0.0349,0.0308,-0.0041,37629
26,16,square_waypoints,0.01,0.003,0.0,0.12,left_gain_loss,task_greedy,g0.60_1.00_s0.02,0.0200,1.7241,0.2604,8.2531,0.8705,0.8741,7.6061,0.0735,0.1027,0.0292,37630
26,16,square_waypoints,0.01,0.003,0.0,0.12,left_gain_loss,fisher_grid,g0.60_1.00_s0.02,0.0200,0.5851,0.8593,11.3400,0.1859,0.1863,1.6003,0.0748,0.0125,-0.0622,37631
26,16,square_waypoints,0.01,0.003,0.0,0.12,left_gain_loss,constrained_fisher,g0.60_1.00_s0.02,0.0200,0.2221,0.9555,12.3525,0.0948,0.1070,1.0699,0.0127,0.1644,0.1518,37632
26,16,square_waypoints,0.01,0.003,0.0,0.12,right_gain_loss,null_probe,g1.00_0.60_s0.02,0.0200,1.6003,0.4780,8.5700,0.0660,0.1065,0.8548,0.0340,0.0173,-0.0167,37633
26,16,square_waypoints,0.01,0.003,0.0,0.12,right_gain_loss,unpaired_null,g1.00_0.75_s0.02,0.1300,1.5418,0.3995,8.5700,0.0268,0.2762,2.2435,0.0855,0.1343,0.0488,37634
26,16,square_waypoints,0.01,0.003,0.0,0.12,right_gain_loss,random_probe,g1.00_0.60_s0.02,0.0200,1.8788,0.2885,3.8627,0.1534,0.1593,1.5950,0.0283,0.1610,0.1327,37635
26,16,square_waypoints,0.01,0.003,0.0,0.12,right_gain_loss,task_greedy,g1.00_0.60_s0.20,0.2000,2.0736,0.2304,8.2582,0.8499,0.8486,7.3453,0.1071,0.0156,-0.0914,37636
26,16,square_waypoints,0.01,0.003,0.0,0.12,right_gain_loss,fisher_grid,g1.00_0.60_s0.02,0.0200,0.5057,0.8710,11.3400,0.2235,0.1948,1.6801,0.0503,0.0585,0.0082,37637
26,16,square_waypoints,0.01,0.003,0.0,0.12,right_gain_loss,constrained_fisher,g1.00_0.60_s0.02,0.0200,0.1737,0.9640,12.9600,0.0556,0.1042,0.8575,0.0186,0.1138,0.0952,37638
26,16,square_waypoints,0.01,0.003,0.0,0.12,symmetric_low_power,null_probe,g0.75_0.75_s0.02,0.0600,1.4066,0.4523,8.5700,0.0169,0.0697,0.5882,0.0462,0.0509,0.0047,37639
26,16,square_waypoints,0.01,0.003,0.0,0.12,symmetric_low_power,unpaired_null,g0.75_0.75_s0.10,0.1400,1.6221,0.3916,8.5700,0.0284,0.2064,1.6969,0.0252,0.0497,0.0245,37640
26,16,square_waypoints,0.01,0.003,0.0,0.12,symmetric_low_power,random_probe,g0.60_0.75_s0.02,0.1500,2.1777,0.2973,4.2601,0.3029,0.2979,2.3165,0.0253,0.0719,0.0467,37641
26,16,square_waypoints,0.01,0.003,0.0,0.12,symmetric_low_power,task_greedy,g0.75_0.75_s0.02,0.0600,1.9143,0.2641,7.8409,0.8377,0.8232,6.9773,0.0330,0.0880,0.0551,37642
26,16,square_waypoints,0.01,0.003,0.0,0.12,symmetric_low_power,fisher_grid,g0.75_0.75_s0.02,0.0600,1.0425,0.6939,11.3400,0.1416,0.1288,1.1612,0.0527,0.0826,0.0299,37643
26,16,square_waypoints,0.01,0.003,0.0,0.12,symmetric_low_power,constrained_fisher,g0.75_0.75_s0.02,0.0600,0.8695,0.6478,12.9600,0.0298,0.0772,0.6591,0.0406,0.0533,0.0127,37644
26,16,square_waypoints,0.01,0.003,0.0,0.12,high_slip,null_probe,g1.00_1.00_s0.20,0.0000,1.4078,0.5541,8.5700,0.0032,0.1242,0.9723,0.0396,0.0396,0.0000,37645
26,16,square_waypoints,0.01,0.003,0.0,0.12,high_slip,unpaired_null,g1.00_1.00_s0.20,0.0000,1.7869,0.2806,8.5700,0.0378,0.2642,2.1006,0.0278,0.0278,0.0000,37646
26,16,square_waypoints,0.01,0.003,0.0,0.12,high_slip,random_probe,g1.00_1.00_s0.20,0.0000,2.2696,0.2204,4.0744,0.0757,0.2638,2.6242,0.1926,0.1926,0.0000,37647
26,16,square_waypoints,0.01,0.003,0.0,0.12,high_slip,task_greedy,g1.00_1.00_s0.20,0.0000,2.2047,0.1940,7.8407,1.1192,1.1378,9.7062,0.1204,0.1204,0.0000,37648
26,16,square_waypoints,0.01,0.003,0.0,0.12,high_slip,fisher_grid,g1.00_1.00_s0.20,0.0000,0.9536,0.7136,11.3400,0.2166,0.2859,2.0575,0.1181,0.1181,0.0000,37649
26,16,square_waypoints,0.01,0.003,0.0,0.12,high_slip,constrained_fisher,g1.00_1.00_s0.20,0.0000,1.2810,0.5402,12.9600,0.1099,0.1043,1.5604,0.1041,0.1041,0.0000,37650
27,16,square_waypoints,0.01,0.003,0.0,0.12,left_gain_loss,null_probe,g0.60_1.00_s0.02,0.0200,1.4279,0.4815,8.5700,0.0173,0.0846,0.7016,0.0207,0.0533,0.0326,38651
27,16,square_waypoints,0.01,0.003,0.0,0.12,left_gain_loss,unpaired_null,g0.60_1.00_s0.02,0.0200,1.4192,0.5371,8.5700,0.0457,0.1819,1.6191,0.0739,0.0142,-0.0596,38652
27,16,square_waypoints,0.01,0.003,0.0,0.12,left_gain_loss,random_probe,g0.75_1.00_s0.02,0.1300,2.8666,0.1547,2.5027,0.1749,0.1852,2.0094,0.0467,0.0692,0.0225,38653
27,16,square_waypoints,0.01,0.003,0.0,0.12,left_gain_loss,task_greedy,g0.60_1.00_s0.10,0.1000,1.9719,0.2268,8.2542,0.8506,0.8486,7.3759,0.0029,0.1694,0.1665,38654
27,16,square_waypoints,0.01,0.003,0.0,0.12,left_gain_loss,fisher_grid,g0.60_1.00_s0.10,0.1000,1.4936,0.4984,11.3400,0.1608,0.1880,1.6403,0.0099,0.0920,0.0821,38655
27,16,square_waypoints,0.01,0.003,0.0,0.12,left_gain_loss,constrained_fisher,g0.60_1.00_s0.02,0.0200,1.0052,0.6961,12.6563,0.0984,0.1096,1.0498,0.0864,0.0923,0.0059,38656
27,16,square_waypoints,0.01,0.003,0.0,0.12,right_gain_loss,null_probe,g1.00_0.60_s0.02,0.0200,1.3685,0.5412,8.5700,0.0144,0.0949,0.6702,0.0625,0.0136,-0.0489,38657
27,16,square_waypoints,0.01,0.003,0.0,0.12,right_gain_loss,unpaired_null,g1.00_0.60_s0.10,0.1000,1.3998,0.5204,8.5700,0.0339,0.2823,2.2301,0.0347,0.0076,-0.0272,38658
27,16,square_waypoints,0.01,0.003,0.0,0.12,right_gain_loss,random_probe,g1.00_0.60_s0.02,0.0200,1.6420,0.4256,4.5551,0.1255,0.1705,1.4149,0.1113,0.0258,-0.0855,38659
27,16,square_waypoints,0.01,0.003,0.0,0.12,right_gain_loss,task_greedy,g1.00_0.60_s0.02,0.0200,1.9163,0.2387,8.2826,0.8584,0.8640,7.5207,0.0183,0.0744,0.0561,38660
27,16,square_waypoints,0.01,0.003,0.0,0.12,right_gain_loss,fisher_grid,g1.00_0.60_s0.02,0.0200,1.1340,0.5695,11.3400,0.1918,0.1795,1.4026,0.0135,0.0122,-0.0012,38661
27,16,square_waypoints,0.01,0.003,0.0,0.12,right_gain_loss,constrained_fisher,g1.00_0.60_s0.10,0.1000,0.9925,0.5086,12.9600,0.0557,0.1063,0.9111,0.0894,0.1393,0.0499,38662
27,16,square_waypoints,0.01,0.003,0.0,0.12,symmetric_low_power,null_probe,g0.75_0.75_s0.02,0.0600,1.3147,0.5660,8.5700,0.0320,0.0843,0.6149,0.0392,0.0365,-0.0028,38663
27,16,square_waypoints,0.01,0.003,0.0,0.12,symmetric_low_power,unpaired_null,g0.75_0.75_s0.02,0.0600,1.3239,0.5458,8.5700,0.0297,0.2002,1.5451,0.0378,0.0464,0.0086,38664
27,16,square_waypoints,0.01,0.003,0.0,0.12,symmetric_low_power,random_probe,g0.75_0.75_s0.02,0.0600,2.2227,0.2799,5.6602,0.2320,0.2127,1.7967,0.0664,0.0326,-0.0339,38665
27,16,square_waypoints,0.01,0.003,0.0,0.12,symmetric_low_power,task_greedy,g0.60_0.60_s0.02,0.2400,1.9250,0.2508,7.8404,0.8241,0.8133,6.9289,0.0173,0.0843,0.0670,38666
27,16,square_waypoints,0.01,0.003,0.0,0.12,symmetric_low_power,fisher_grid,g0.75_0.75_s0.02,0.0600,1.0306,0.6843,11.3400,0.1203,0.1430,1.3397,0.0612,0.0666,0.0055,38667
27,16,square_waypoints,0.01,0.003,0.0,0.12,symmetric_low_power,constrained_fisher,g0.75_0.75_s0.02,0.0600,0.9597,0.6657,12.9600,0.0423,0.0826,0.6765,0.0858,0.0850,-0.0009,38668
27,16,square_waypoints,0.01,0.003,0.0,0.12,high_slip,null_probe,g1.00_1.00_s0.20,0.0000,1.3349,0.4752,8.5700,0.0368,0.1199,0.9734,0.0096,0.0096,0.0000,38669
27,16,square_waypoints,0.01,0.003,0.0,0.12,high_slip,unpaired_null,g1.00_1.00_s0.20,0.0000,1.2609,0.5909,8.5700,0.0424,0.2970,2.4810,0.0781,0.0781,0.0000,38670
27,16,square_waypoints,0.01,0.003,0.0,0.12,high_slip,random_probe,g1.00_1.00_s0.20,0.0000,2.3274,0.2074,3.0054,0.2086,0.2197,1.7237,0.1316,0.1316,0.0000,38671
27,16,square_waypoints,0.01,0.003,0.0,0.12,high_slip,task_greedy,g1.00_1.00_s0.20,0.0000,2.0749,0.2260,7.8405,1.1310,1.1203,9.4099,0.0601,0.0601,0.0000,38672
27,16,square_waypoints,0.01,0.003,0.0,0.12,high_slip,fisher_grid,g1.00_1.00_s0.20,0.0000,0.8158,0.7663,11.3400,0.1766,0.1977,1.9491,0.0610,0.0610,0.0000,38673
27,16,square_waypoints,0.01,0.003,0.0,0.12,high_slip,constrained_fisher,g1.00_1.00_s0.20,0.0000,1.5272,0.4564,12.9600,0.1130,0.1324,1.7784,0.0516,0.0516,0.0000,38674
28,16,square_waypoints,0.01,0.003,0.0,0.12,left_gain_loss,null_probe,g0.60_1.00_s0.10,0.1000,1.7604,0.2565,8.5700,0.0448,0.0853,0.7324,0.0805,0.0155,-0.0650,39675
28,16,square_waypoints,0.01,0.003,0.0,0.12,left_gain_loss,unpaired_null,g0.60_0.90_s0.02,0.1200,1.6923,0.3306,8.5700,0.0206,0.1969,1.7449,0.0682,0.0662,-0.0020,39676
28,16,square_waypoints,0.01,0.003,0.0,0.12,left_gain_loss,random_probe,g0.60_1.00_s0.02,0.0200,1.9635,0.2306,4.8965,0.0430,0.1182,0.8376,0.0207,0.0263,0.0056,39677
28,16,square_waypoints,0.01,0.003,0.0,0.12,left_gain_loss,task_greedy,g0.60_1.00_s0.20,0.2000,1.8349,0.1910,8.2621,0.8260,0.8359,7.2389,0.0182,0.0333,0.0150,39678
28,16,square_waypoints,0.01,0.003,0.0,0.12,left_gain_loss,fisher_grid,g0.60_1.00_s0.02,0.0200,1.0148,0.6868,11.3400,0.1862,0.1837,1.6597,0.0643,0.1273,0.0630,39679
28,16,square_waypoints,0.01,0.003,0.0,0.12,left_gain_loss,constrained_fisher,g0.60_1.00_s0.02,0.0200,0.6981,0.8181,12.6563,0.0734,0.0992,0.9447,0.0829,0.0333,-0.0496,39680
28,16,square_waypoints,0.01,0.003,0.0,0.12,right_gain_loss,null_probe,g1.00_0.60_s0.02,0.0200,1.1724,0.6360,8.5700,0.0259,0.0927,0.6924,0.0478,0.0207,-0.0271,39681
28,16,square_waypoints,0.01,0.003,0.0,0.12,right_gain_loss,unpaired_null,g1.00_0.60_s0.02,0.0200,1.6753,0.4418,8.5700,0.0386,0.2769,2.2959,0.0182,0.0214,0.0032,39682
28,16,square_waypoints,0.01,0.003,0.0,0.12,right_gain_loss,random_probe,g1.00_0.60_s0.10,0.1000,1.5987,0.3805,4.2053,0.1401,0.1990,2.2124,0.0335,0.0134,-0.0201,39683
28,16,square_waypoints,0.01,0.003,0.0,0.12,right_gain_loss,task_greedy,g1.00_0.60_s0.02,0.0200,2.1823,0.1763,8.2645,0.8445,0.8663,7.4943,0.0523,0.0164,-0.0359,39684
28,16,square_waypoints,0.01,0.003,0.0,0.12,right_gain_loss,fisher_grid,g1.00_0.60_s0.02,0.0200,1.1932,0.5587,11.3400,0.1514,0.1772,1.5122,0.0207,0.0468,0.0260,39685
28,16,square_waypoints,0.01,0.003,0.0,0.12,right_gain_loss,constrained_fisher,g1.00_0.60_s0.02,0.0200,0.5457,0.8488,12.6563,0.0787,0.1067,1.0920,0.0445,0.0501,0.0055,39686
28,16,square_waypoints,0.01,0.003,0.0,0.12,symmetric_low_power,null_probe,g0.75_0.75_s0.02,0.0600,1.4839,0.5066,8.5700,0.0526,0.0854,0.7276,0.0430,0.0752,0.0322,39687
28,16,square_waypoints,0.01,0.003,0.0,0.12,symmetric_low_power,unpaired_null,g0.75_0.75_s0.02,0.0600,1.8875,0.3782,8.5700,0.0256,0.1990,1.6254,0.0381,0.0655,0.0274,39688
28,16,square_waypoints,0.01,0.003,0.0,0.12,symmetric_low_power,random_probe,g0.75_0.75_s0.02,0.0600,2.1779,0.3809,4.8176,0.0493,0.1281,1.1722,0.0587,0.0352,-0.0235,39689
28,16,square_waypoints,0.01,0.003,0.0,0.12,symmetric_low_power,task_greedy,g0.60_0.60_s0.20,0.4200,1.9168,0.2528,7.8408,0.8183,0.8085,6.8829,0.0788,0.0518,-0.0269,39690
28,16,square_waypoints,0.01,0.003,0.0,0.12,symmetric_low_power,fisher_grid,g0.75_0.60_s0.02,0.1500,1.2220,0.5471,11.3400,0.0962,0.1308,1.1040,0.0331,0.0918,0.0587,39691
28,16,square_waypoints,0.01,0.003,0.0,0.12,symmetric_low_power,constrained_fisher,g0.75_0.60_s0.02,0.1500,1.4909,0.3510,12.9600,0.0298,0.0726,0.5895,0.0169,0.0521,0.0352,39692
28,16,square_waypoints,0.01,0.003,0.0,0.12,high_slip,null_probe,g1.00_1.00_s0.10,0.1000,1.9464,0.3117,8.5700,0.0777,0.1356,1.1071,0.1067,0.1067,0.0000,39693
28,16,square_waypoints,0.01,0.003,0.0,0.12,high_slip,unpaired_null,g1.00_1.00_s0.20,0.0000,1.1474,0.5504,8.5700,0.0617,0.3037,2.5983,0.1606,0.1606,0.0000,39694
28,16,square_waypoints,0.01,0.003,0.0,0.12,high_slip,random_probe,g1.00_1.00_s0.20,0.0000,1.2151,0.4980,4.5382,0.4396,0.4461,4.8625,0.2138,0.2138,0.0000,39695
28,16,square_waypoints,0.01,0.003,0.0,0.12,high_slip,task_greedy,g1.00_1.00_s0.20,0.0000,2.2391,0.1912,7.8409,1.1400,1.1264,9.5420,0.1134,0.1134,0.0000,39696
28,16,square_waypoints,0.01,0.003,0.0,0.12,high_slip,fisher_grid,g1.00_1.00_s0.20,0.0000,1.0957,0.5273,11.3400,0.2746,0.2573,2.2456,0.0991,0.0991,0.0000,39697
28,16,square_waypoints,0.01,0.003,0.0,0.12,high_slip,constrained_fisher,g1.00_1.00_s0.20,0.0000,0.9697,0.6429,5.6700,0.1044,0.1569,1.9204,0.1333,0.1333,0.0000,39698
29,16,square_waypoints,0.01,0.003,0.0,0.12,left_gain_loss,null_probe,g0.60_1.00_s0.02,0.0200,1.4918,0.4036,8.5700,0.0605,0.1191,0.9088,0.0466,0.0142,-0.0324,40699
29,16,square_waypoints,0.01,0.003,0.0,0.12,left_gain_loss,unpaired_null,g0.60_1.00_s0.02,0.0200,1.1314,0.6175,8.5700,0.0176,0.1779,1.6132,0.0843,0.0164,-0.0679,40700
29,16,square_waypoints,0.01,0.003,0.0,0.12,left_gain_loss,random_probe,g0.60_1.00_s0.02,0.0200,2.0460,0.3068,4.2261,0.0699,0.1111,0.9208,0.0201,0.1445,0.1244,40701
29,16,square_waypoints,0.01,0.003,0.0,0.12,left_gain_loss,task_greedy,g0.60_1.00_s0.02,0.0200,1.6966,0.2755,8.2786,0.8730,0.8670,7.6028,0.0407,0.0192,-0.0215,40702
29,16,square_waypoints,0.01,0.003,0.0,0.12,left_gain_loss,fisher_grid,g0.60_1.00_s0.02,0.0200,0.7447,0.7271,11.3400,0.2281,0.1997,1.7972,0.0244,0.0871,0.0628,40703
29,16,square_waypoints,0.01,0.003,0.0,0.12,left_gain_loss,constrained_fisher,g0.60_1.00_s0.02,0.0200,1.6234,0.3998,12.6563,0.0503,0.1127,0.8840,0.0974,0.0340,-0.0634,40704
29,16,square_waypoints,0.01,0.003,0.0,0.12,right_gain_loss,null_probe,g1.00_0.60_s0.02,0.0200,1.5371,0.4047,8.5700,0.0241,0.0840,0.6509,0.0352,0.0246,-0.0106,40705
29,16,square_waypoints,0.01,0.003,0.0,0.12,right_gain_loss,unpaired_null,g1.00_0.60_s0.02,0.0200,1.4856,0.3808,8.5700,0.0347,0.2849,2.3159,0.0187,0.0197,0.0010,40706
29,16,square_waypoints,0.01,0.003,0.0,0.12,right_gain_loss,random_probe,g1.00_0.60_s0.02,0.0200,1.8325,0.3641,4.8220,0.2451,0.3347,3.1511,0.1043,0.0682,-0.0361,40707
29,16,square_waypoints,0.01,0.003,0.0,0.12,right_gain_loss,task_greedy,g0.90_0.60_s0.02,0.1200,1.9001,0.2000,8.2718,0.8549,0.8540,7.3475,0.0393,0.0887,0.0494,40708
29,16,square_waypoints,0.01,0.003,0.0,0.12,right_gain_loss,fisher_grid,g1.00_0.60_s0.10,0.1000,1.9635,0.2710,11.3400,0.1704,0.1778,1.5077,0.0550,0.0153,-0.0397,40709
29,16,square_waypoints,0.01,0.003,0.0,0.12,right_gain_loss,constrained_fisher,g1.00_0.60_s0.02,0.0200,1.4986,0.4917,12.6563,0.0787,0.1000,0.9150,0.0149,0.0511,0.0363,40710
29,16,square_waypoints,0.01,0.003,0.0,0.12,symmetric_low_power,null_probe,g0.75_0.75_s0.02,0.0600,1.8326,0.3854,8.5700,0.0195,0.0755,0.6072,0.0341,0.0359,0.0018,40711
29,16,square_waypoints,0.01,0.003,0.0,0.12,symmetric_low_power,unpaired_null,g0.75_0.75_s0.02,0.0600,1.2979,0.5958,8.5700,0.0148,0.2109,1.6907,0.0584,0.0424,-0.0159,40712
29,16,square_waypoints,0.01,0.003,0.0,0.12,symmetric_low_power,random_probe,g0.75_0.75_s0.02,0.0600,2.3800,0.3040,3.9099,0.2429,0.2382,2.1271,0.0386,0.0546,0.0159,40713
29,16,square_waypoints,0.01,0.003,0.0,0.12,symmetric_low_power,task_greedy,g0.75_0.75_s0.20,0.2400,1.8372,0.2756,7.8409,0.7848,0.8042,6.8970,0.0477,0.0300,-0.0177,40714
29,16,square_waypoints,0.01,0.003,0.0,0.12,symmetric_low_power,fisher_grid,g0.75_0.75_s0.10,0.1400,1.2870,0.5950,11.3400,0.1224,0.1246,1.0687,0.0130,0.0727,0.0597,40715
29,16,square_waypoints,0.01,0.003,0.0,0.12,symmetric_low_power,constrained_fisher,g0.75_0.75_s0.02,0.0600,1.0662,0.6864,12.9600,0.0127,0.0783,0.6308,0.0392,0.0393,0.0001,40716
29,16,square_waypoints,0.01,0.003,0.0,0.12,high_slip,null_probe,g1.00_1.00_s0.20,0.0000,0.9044,0.7229,8.5700,0.0403,0.1252,1.1298,0.1385,0.1385,0.0000,40717
29,16,square_waypoints,0.01,0.003,0.0,0.12,high_slip,unpaired_null,g1.00_1.00_s0.20,0.0000,1.5913,0.4640,8.5700,0.1516,0.2819,2.7120,0.0983,0.0983,0.0000,40718
29,16,square_waypoints,0.01,0.003,0.0,0.12,high_slip,random_probe,g0.90_1.00_s0.20,0.1000,1.8563,0.3704,4.0104,0.1665,0.2113,2.4999,0.0578,0.0634,0.0057,40719
29,16,square_waypoints,0.01,0.003,0.0,0.12,high_slip,task_greedy,g0.90_0.90_s0.02,0.3800,2.4735,0.1287,7.8408,1.1220,1.1137,9.4438,0.0577,0.1102,0.0525,40720
29,16,square_waypoints,0.01,0.003,0.0,0.12,high_slip,fisher_grid,g1.00_1.00_s0.10,0.1000,0.9140,0.5223,11.3400,0.2848,0.3542,2.6822,0.2056,0.2056,0.0000,40721
29,16,square_waypoints,0.01,0.003,0.0,0.12,high_slip,constrained_fisher,g0.90_0.90_s0.20,0.2000,1.8549,0.3548,6.2775,0.1502,0.1533,2.0827,0.0032,0.1873,0.1841,40722
30,16,square_waypoints,0.01,0.003,0.0,0.12,left_gain_loss,null_probe,g0.60_1.00_s0.02,0.0200,1.5155,0.4798,8.5700,0.0267,0.0884,0.7311,0.0739,0.0923,0.0183,41723
30,16,square_waypoints,0.01,0.003,0.0,0.12,left_gain_loss,unpaired_null,g0.60_1.00_s0.02,0.0200,1.2684,0.5985,8.5700,0.0314,0.1931,1.8636,0.0239,0.0141,-0.0098,41724
30,16,square_waypoints,0.01,0.003,0.0,0.12,left_gain_loss,random_probe,g0.60_1.00_s0.02,0.0200,1.7532,0.3734,4.4679,0.3400,0.4027,3.6451,0.0646,0.0258,-0.0388,41725
30,16,square_waypoints,0.01,0.003,0.0,0.12,left_gain_loss,task_greedy,g0.60_1.00_s0.02,0.0200,1.8411,0.2021,8.2551,0.8903,0.8711,7.5366,0.0509,0.0080,-0.0429,41726
30,16,square_waypoints,0.01,0.003,0.0,0.12,left_gain_loss,fisher_grid,g0.60_1.00_s0.02,0.0200,0.6707,0.7796,11.3400,0.1840,0.1883,1.6304,0.0113,0.1600,0.1487,41727
30,16,square_waypoints,0.01,0.003,0.0,0.12,left_gain_loss,constrained_fisher,g0.60_1.00_s0.02,0.0200,0.6435,0.8401,12.9600,0.0497,0.0980,0.8436,0.0503,0.0110,-0.0393,41728
30,16,square_waypoints,0.01,0.003,0.0,0.12,right_gain_loss,null_probe,g1.00_0.60_s0.02,0.0200,1.4023,0.5403,8.5700,0.0309,0.0933,0.7572,0.0284,0.0059,-0.0224,41729
30,16,square_waypoints,0.01,0.003,0.0,0.12,right_gain_loss,unpaired_null,g1.00_0.60_s0.02,0.0200,1.6942,0.4166,8.5700,0.0184,0.2902,2.3853,0.0311,0.1198,0.0887,41730
30,16,square_waypoints,0.01,0.003,0.0,0.12,right_gain_loss,random_probe,g1.00_0.60_s0.02,0.0200,2.0937,0.2841,5.6366,0.3675,0.3706,2.5189,0.0115,0.0455,0.0340,41731
30,16,square_waypoints,0.01,0.003,0.0,0.12,right_gain_loss,task_greedy,g1.00_0.60_s0.02,0.0200,1.7320,0.2536,8.2754,0.8509,0.8556,7.4529,0.0221,0.1600,0.1379,41732
30,16,square_waypoints,0.01,0.003,0.0,0.12,right_gain_loss,fisher_grid,g1.00_0.60_s0.02,0.0200,1.4608,0.5142,11.3400,0.1726,0.1837,1.6310,0.0856,0.0201,-0.0655,41733
30,16,square_waypoints,0.01,0.003,0.0,0.12,right_gain_loss,constrained_fisher,g1.00_0.60_s0.02,0.0200,0.2912,0.9410,12.6563,0.0754,0.1100,1.0611,0.0261,0.0365,0.0104,41734
30,16,square_waypoints,0.01,0.003,0.0,0.12,symmetric_low_power,null_probe,g0.75_0.75_s0.02,0.0600,1.8710,0.2689,8.5700,0.0238,0.0644,0.5202,0.0484,0.0550,0.0066,41735
30,16,square_waypoints,0.01,0.003,0.0,0.12,symmetric_low_power,unpaired_null,g0.75_0.75_s0.10,0.1400,1.5350,0.3431,8.5700,0.0278,0.2052,1.6956,0.0434,0.0483,0.0049,41736
30,16,square_waypoints,0.01,0.003,0.0,0.12,symmetric_low_power,random_probe,g0.60_0.75_s0.02,0.1500,2.3792,0.2164,4.3537,0.1090,0.1338,1.1594,0.0378,0.0676,0.0297,41737
30,16,square_waypoints,0.01,0.003,0.0,0.12,symmetric_low_power,task_greedy,g0.75_0.75_s0.02,0.0600,2.3229,0.1296,7.8406,0.7926,0.7971,6.8631,0.0418,0.0665,0.0246,41738
30,16,square_waypoints,0.01,0.003,0.0,0.12,symmetric_low_power,fisher_grid,g0.75_0.75_s0.10,0.1400,1.9595,0.3261,11.3400,0.1463,0.1433,1.3396,0.0449,0.0677,0.0228,41739
30,16,square_waypoints,0.01,0.003,0.0,0.12,symmetric_low_power,constrained_fisher,g0.75_0.75_s0.02,0.0600,1.2170,0.5912,12.9600,0.0264,0.0836,0.6317,0.0301,0.0549,0.0248,41740
30,16,square_waypoints,0.01,0.003,0.0,0.12,high_slip,null_probe,g1.00_1.00_s0.20,0.0000,1.0174,0.6985,8.5700,0.1250,0.1658,1.9113,0.1334,0.1334,0.0000,41741
30,16,square_waypoints,0.01,0.003,0.0,0.12,high_slip,unpaired_null,g0.90_1.00_s0.20,0.1000,1.5244,0.4387,8.5700,0.0112,0.3105,2.5948,0.1165,0.1472,0.0307,41742
30,16,square_waypoints,0.01,0.003,0.0,0.12,high_slip,random_probe,g1.00_1.00_s0.20,0.0000,1.2615,0.4749,5.0367,0.4987,0.5049,3.6150,0.2054,0.2054,0.0000,41743
30,16,square_waypoints,0.01,0.003,0.0,0.12,high_slip,task_greedy,g1.00_1.00_s0.02,0.1800,1.7096,0.2737,7.8407,1.1794,1.1599,9.8011,0.0382,0.0382,0.0000,41744
30,16,square_waypoints,0.01,0.003,0.0,0.12,high_slip,fisher_grid,g1.00_1.00_s0.20,0.0000,1.4473,0.4076,11.3400,0.1769,0.2118,1.9196,0.2087,0.2087,0.0000,41745
30,16,square_waypoints,0.01,0.003,0.0,0.12,high_slip,constrained_fisher,g1.00_1.00_s0.20,0.0000,1.3236,0.3785,5.6700,0.1439,0.1824,1.9742,0.1482,0.1482,0.0000,41746
31,16,square_waypoints,0.01,0.003,0.0,0.12,left_gain_loss,null_probe,g0.60_1.00_s0.02,0.0200,1.3531,0.4559,8.5700,0.0516,0.0971,0.8529,0.0355,0.0450,0.0095,42747
31,16,square_waypoints,0.01,0.003,0.0,0.12,left_gain_loss,unpaired_null,g0.75_1.00_s0.10,0.2100,1.9539,0.3608,8.5700,0.0647,0.2029,1.9323,0.1185,0.1026,-0.0159,42748
31,16,square_waypoints,0.01,0.003,0.0,0.12,left_gain_loss,random_probe,g0.60_1.00_s0.02,0.0200,1.6682,0.4540,4.6366,0.1640,0.2628,2.8548,0.0187,0.0318,0.0131,42749
31,16,square_waypoints,0.01,0.003,0.0,0.12,left_gain_loss,task_greedy,g0.60_1.00_s0.02,0.0200,1.8174,0.2437,8.2610,0.8553,0.8699,7.5987,0.0212,0.0667,0.0455,42750
31,16,square_waypoints,0.01,0.003,0.0,0.12,left_gain_loss,fisher_grid,g0.60_0.90_s0.10,0.2000,1.5315,0.3119,11.3400,0.1922,0.1915,1.7668,0.1015,0.1324,0.0309,42751
31,16,square_waypoints,0.01,0.003,0.0,0.12,left_gain_loss,constrained_fisher,g0.60_1.00_s0.02,0.0200,0.6764,0.8412,12.0488,0.0488,0.1103,1.1821,0.0311,0.0996,0.0685,42752
31,16,square_waypoints,0.01,0.003,0.0,0.12,right_gain_loss,null_probe,g1.00_0.60_s0.10,0.1000,1.3966,0.4726,8.5700,0.0106,0.0806,0.6211,0.0319,0.1452,0.1133,42753
31,16,square_waypoints,0.01,0.003,0.0,0.12,right_gain_loss,unpaired_null,g0.90_0.60_s0.02,0.1200,2.0367,0.2672,8.5700,0.0169,0.2813,2.2934,0.0121,0.0086,-0.0034,42754
31,16,square_waypoints,0.01,0.003,0.0,0.12,right_gain_loss,random_probe,g1.00_0.60_s0.02,0.0200,1.1159,0.6575,5.2141,0.1111,0.1961,1.9398,0.0411,0.0263,-0.0149,42755
31,16,square_waypoints,0.01,0.003,0.0,0.12,right_gain_loss,task_greedy,g0.90_0.60_s0.02,0.1200,1.9461,0.1754,8.2362,0.8553,0.8649,7.4582,0.0297,0.0835,0.0537,42756
31,16,square_waypoints,0.01,0.003,0.0,0.12,right_gain_loss,fisher_grid,g1.00_0.60_s0.10,0.1000,1.8651,0.2987,11.3400,0.1671,0.1932,1.5278,0.0779,0.0978,0.0199,42757
31,16,square_waypoints,0.01,0.003,0.0,0.12,right_gain_loss,constrained_fisher,g1.00_0.60_s0.02,0.0200,0.4426,0.9068,12.6563,0.0670,0.1007,0.9719,0.0557,0.0994,0.0438,42758
31,16,square_waypoints,0.01,0.003,0.0,0.12,symmetric_low_power,null_probe,g0.75_0.75_s0.10,0.1400,2.2349,0.1760,8.5700,0.0360,0.0675,0.5896,0.0399,0.0554,0.0155,42759
31,16,square_waypoints,0.01,0.003,0.0,0.12,symmetric_low_power,unpaired_null,g0.75_0.75_s0.02,0.0600,1.2609,0.6184,8.5700,0.0203,0.2005,1.5989,0.0274,0.0689,0.0415,42760
31,16,square_waypoints,0.01,0.003,0.0,0.12,symmetric_low_power,random_probe,g0.75_0.75_s0.02,0.0600,2.0523,0.3613,5.3921,0.3188,0.3265,2.8088,0.0288,0.1016,0.0728,42761
31,16,square_waypoints,0.01,0.003,0.0,0.12,symmetric_low_power,task_greedy,g0.75_0.75_s0.20,0.2400,2.1814,0.2216,7.8403,0.8268,0.8066,6.8778,0.0438,0.0531,0.0093,42762
31,16,square_waypoints,0.01,0.003,0.0,0.12,symmetric_low_power,fisher_grid,g0.75_0.75_s0.02,0.0600,1.0388,0.6753,11.3400,0.1508,0.1388,1.2505,0.0315,0.0589,0.0275,42763
31,16,square_waypoints,0.01,0.003,0.0,0.12,symmetric_low_power,constrained_fisher,g0.75_0.75_s0.02,0.0600,1.4713,0.3669,12.9600,0.0360,0.0863,0.6942,0.0537,0.0582,0.0045,42764
31,16,square_waypoints,0.01,0.003,0.0,0.12,high_slip,null_probe,g1.00_1.00_s0.20,0.0000,1.4539,0.4986,8.5700,0.0069,0.1149,0.9079,0.0592,0.0592,0.0000,42765
31,16,square_waypoints,0.01,0.003,0.0,0.12,high_slip,unpaired_null,g1.00_1.00_s0.20,0.0000,0.7323,0.7791,8.5700,0.0137,0.2990,2.7897,0.1424,0.1424,0.0000,42766
31,16,square_waypoints,0.01,0.003,0.0,0.12,high_slip,random_probe,g1.00_1.00_s0.20,0.0000,1.2628,0.5194,4.4234,0.1903,0.2521,2.6815,0.2342,0.2342,0.0000,42767
31,16,square_waypoints,0.01,0.003,0.0,0.12,high_slip,task_greedy,g1.00_1.00_s0.02,0.1800,2.1611,0.1997,7.8408,1.1436,1.1392,9.6527,0.0650,0.0650,0.0000,42768
31,16,square_waypoints,0.01,0.003,0.0,0.12,high_slip,fisher_grid,g1.00_1.00_s0.20,0.0000,0.5413,0.8694,11.3400,0.1692,0.2251,1.6815,0.1208,0.1208,0.0000,42769
31,16,square_waypoints,0.01,0.003,0.0,0.12,high_slip,constrained_fisher,g1.00_1.00_s0.20,0.0000,0.8217,0.7270,11.7450,0.0988,0.1282,1.7633,0.1800,0.1800,0.0000,42770
32,16,square_waypoints,0.01,0.003,0.0,0.12,left_gain_loss,null_probe,g0.75_1.00_s0.02,0.1300,1.5295,0.3465,8.5700,0.0765,0.1018,0.9326,0.0577,0.0102,-0.0475,43771
32,16,square_waypoints,0.01,0.003,0.0,0.12,left_gain_loss,unpaired_null,g0.60_1.00_s0.02,0.0200,1.2569,0.5854,8.5700,0.1089,0.1795,1.7249,0.0603,0.0067,-0.0536,43772
32,16,square_waypoints,0.01,0.003,0.0,0.12,left_gain_loss,random_probe,g0.60_1.00_s0.02,0.0200,1.9989,0.3508,4.0095,0.1420,0.1598,1.3204,0.0570,0.0269,-0.0300,43773
32,16,square_waypoints,0.01,0.003,0.0,0.12,left_gain_loss,task_greedy,g0.60_0.90_s0.02,0.1200,1.9023,0.1732,8.2823,0.8679,0.8666,7.4630,0.0624,0.0176,-0.0448,43774
32,16,square_waypoints,0.01,0.003,0.0,0.12,left_gain_loss,fisher_grid,g0.60_1.00_s0.02,0.0200,1.0302,0.4778,11.3400,0.1700,0.1764,1.5820,0.0453,0.0279,-0.0174,43775
32,16,square_waypoints,0.01,0.003,0.0,0.12,left_gain_loss,constrained_fisher,g0.60_1.00_s0.02,0.0200,0.3672,0.9249,12.6563,0.0605,0.1110,1.1168,0.0113,0.0248,0.0135,43776
32,16,square_waypoints,0.01,0.003,0.0,0.12,right_gain_loss,null_probe,g1.00_0.60_s0.10,0.1000,1.7209,0.3347,8.5700,0.0136,0.0904,0.7257,0.0174,0.0088,-0.0086,43777
32,16,square_waypoints,0.01,0.003,0.0,0.12,right_gain_loss,unpaired_null,g1.00_0.60_s0.02,0.0200,1.8756,0.3463,8.5700,0.0450,0.2887,2.3699,0.0913,0.0428,-0.0485,43778
32,16,square_waypoints,0.01,0.003,0.0,0.12,right_gain_loss,random_probe,g1.00_0.60_s0.02,0.0200,1.5980,0.4813,4.2141,0.3129,0.2765,2.5733,0.0452,0.0620,0.0168,43779
32,16,square_waypoints,0.01,0.003,0.0,0.12,right_gain_loss,task_greedy,g0.90_0.60_s0.02,0.1200,1.8979,0.1942,8.2672,0.8560,0.8458,7.3274,0.0363,0.0336,-0.0026,43780
32,16,square_waypoints,0.01,0.003,0.0,0.12,right_gain_loss,fisher_grid,g1.00_0.60_s0.02,0.0200,0.9781,0.6932,11.3400,0.1896,0.1929,1.6072,0.0816,0.1176,0.0360,43781
32,16,square_waypoints,0.01,0.003,0.0,0.12,right_gain_loss,constrained_fisher,g1.00_0.60_s0.02,0.0200,1.3033,0.5831,12.6563,0.0784,0.1031,1.0923,0.0219,0.0181,-0.0038,43782
32,16,square_waypoints,0.01,0.003,0.0,0.12,symmetric_low_power,null_probe,g0.75_0.75_s0.02,0.0600,1.4738,0.4869,8.5700,0.0210,0.0709,0.5634,0.0456,0.0893,0.0437,43783
32,16,square_waypoints,0.01,0.003,0.0,0.12,symmetric_low_power,unpaired_null,g0.60_0.75_s0.10,0.2300,1.8974,0.3262,8.5700,0.0230,0.2029,1.6183,0.0162,0.0414,0.0252,43784
32,16,square_waypoints,0.01,0.003,0.0,0.12,symmetric_low_power,random_probe,g0.75_0.75_s0.10,0.1400,2.4521,0.1956,5.2418,0.1582,0.1904,1.5903,0.0633,0.0620,-0.0013,43785
32,16,square_waypoints,0.01,0.003,0.0,0.12,symmetric_low_power,task_greedy,g0.75_0.75_s0.20,0.2400,2.1762,0.1804,7.8412,0.8344,0.8082,6.8036,0.0214,0.0787,0.0573,43786
32,16,square_waypoints,0.01,0.003,0.0,0.12,symmetric_low_power,fisher_grid,g0.75_0.75_s0.02,0.0600,0.8356,0.7485,11.3400,0.1379,0.1381,1.2333,0.0322,0.0423,0.0101,43787
32,16,square_waypoints,0.01,0.003,0.0,0.12,symmetric_low_power,constrained_fisher,g0.75_0.75_s0.02,0.0600,0.5285,0.8783,12.9600,0.0186,0.0903,0.7782,0.0283,0.0684,0.0402,43788
32,16,square_waypoints,0.01,0.003,0.0,0.12,high_slip,null_probe,g1.00_1.00_s0.20,0.0000,0.4254,0.8607,8.5700,0.2504,0.2442,2.4079,0.1831,0.1831,0.0000,43789
32,16,square_waypoints,0.01,0.003,0.0,0.12,high_slip,unpaired_null,g1.00_1.00_s0.20,0.0000,1.1301,0.5120,8.5700,0.0962,0.2767,2.2952,0.0156,0.0156,0.0000,43790
32,16,square_waypoints,0.01,0.003,0.0,0.12,high_slip,random_probe,g0.90_0.90_s0.20,0.2000,2.4654,0.2082,3.7305,0.0906,0.1854,1.6049,0.2670,0.1957,-0.0713,43791
32,16,square_waypoints,0.01,0.003,0.0,0.12,high_slip,task_greedy,g1.00_1.00_s0.02,0.1800,2.3302,0.1457,7.8406,1.1355,1.1317,9.5953,0.0450,0.0450,0.0000,43792
32,16,square_waypoints,0.01,0.003,0.0,0.12,high_slip,fisher_grid,g1.00_1.00_s0.20,0.0000,1.0899,0.6131,11.3400,0.2592,0.2631,2.6104,0.1200,0.1200,0.0000,43793
32,16,square_waypoints,0.01,0.003,0.0,0.12,high_slip,constrained_fisher,g1.00_1.00_s0.20,0.0000,0.6259,0.7415,11.9475,0.0621,0.1774,1.4518,0.1327,0.1327,0.0000,43794
33,16,square_waypoints,0.01,0.003,0.0,0.12,left_gain_loss,null_probe,g0.60_1.00_s0.02,0.0200,1.0511,0.6730,8.5700,0.0536,0.1095,0.9124,0.0138,0.0215,0.0076,44795
33,16,square_waypoints,0.01,0.003,0.0,0.12,left_gain_loss,unpaired_null,g0.60_1.00_s0.10,0.1000,1.6408,0.3594,8.5700,0.0158,0.1743,1.5741,0.0422,0.0230,-0.0192,44796
33,16,square_waypoints,0.01,0.003,0.0,0.12,left_gain_loss,random_probe,g0.60_1.00_s0.10,0.1000,2.6244,0.1205,3.3273,0.2745,0.3136,2.9820,0.0205,0.0685,0.0480,44797
33,16,square_waypoints,0.01,0.003,0.0,0.12,left_gain_loss,task_greedy,g0.60_1.00_s0.02,0.0200,1.8682,0.1896,8.2583,0.8718,0.8661,7.4839,0.0122,0.0278,0.0156,44798
33,16,square_waypoints,0.01,0.003,0.0,0.12,left_gain_loss,fisher_grid,g0.60_1.00_s0.02,0.0200,0.9176,0.6565,11.3400,0.1656,0.1884,1.6424,0.0566,0.1310,0.0744,44799
33,16,square_waypoints,0.01,0.003,0.0,0.12,left_gain_loss,constrained_fisher,g0.60_1.00_s0.02,0.0200,1.3040,0.5842,12.3525,0.0946,0.1118,1.1498,0.0130,0.1542,0.1412,44800
33,16,square_waypoints,0.01,0.003,0.0,0.12,right_gain_loss,null_probe,g1.00_0.60_s0.02,0.0200,1.0375,0.6791,8.5700,0.0337,0.0838,0.7371,0.0811,0.0318,-0.0493,44801
33,16,square_waypoints,0.01,0.003,0.0,0.12,right_gain_loss,unpaired_null,g1.00_0.60_s0.02,0.0200,1.5224,0.4607,8.5700,0.0602,0.2978,2.5280,0.0635,0.0104,-0.0530,44802
33,16,square_waypoints,0.01,0.003,0.0,0.12,right_gain_loss,random_probe,g1.00_0.60_s0.10,0.1000,1.8277,0.3082,4.6777,0.2544,0.2518,1.9243,0.0297,0.0498,0.0201,44803
33,16,square_waypoints,0.01,0.003,0.0,0.12,right_gain_loss,task_greedy,g1.00_0.60_s0.20,0.2000,1.8426,0.2222,8.2420,0.8597,0.8570,7.4104,0.0602,0.0193,-0.0409,44804
33,16,square_waypoints,0.01,0.003,0.0,0.12,right_gain_loss,fisher_grid,g1.00_0.60_s0.02,0.0200,1.3321,0.4434,11.3400,0.2001,0.1784,1.5358,0.0138,0.0110,-0.0028,44805
33,16,square_waypoints,0.01,0.003,0.0,0.12,right_gain_loss,constrained_fisher,g0.90_0.75_s0.02,0.2300,1.5108,0.3824,12.9600,0.0699,0.1042,0.8268,0.0181,0.1679,0.1498,44806
33,16,square_waypoints,0.01,0.003,0.0,0.12,symmetric_low_power,null_probe,g0.75_0.75_s0.02,0.0600,1.9458,0.3343,8.5700,0.0111,0.0786,0.5843,0.0659,0.0960,0.0301,44807
33,16,square_waypoints,0.01,0.003,0.0,0.12,symmetric_low_power,unpaired_null,g0.75_0.75_s0.02,0.0600,1.6066,0.3738,8.5700,0.0160,0.2188,1.8107,0.0579,0.0586,0.0006,44808
33,16,square_waypoints,0.01,0.003,0.0,0.12,symmetric_low_power,random_probe,g0.75_0.75_s0.02,0.0600,2.3087,0.2719,5.3782,0.1299,0.1684,1.6105,0.0412,0.0772,0.0360,44809
33,16,square_waypoints,0.01,0.003,0.0,0.12,symmetric_low_power,task_greedy,g0.75_0.75_s0.02,0.0600,2.0774,0.2331,7.8406,0.7790,0.7987,6.8783,0.0319,0.0917,0.0598,44810
33,16,square_waypoints,0.01,0.003,0.0,0.12,symmetric_low_power,fisher_grid,g0.75_0.75_s0.02,0.0600,0.8370,0.7343,11.3400,0.1454,0.1351,1.2034,0.0336,0.0682,0.0346,44811
33,16,square_waypoints,0.01,0.003,0.0,0.12,symmetric_low_power,constrained_fisher,g0.75_0.75_s0.02,0.0600,0.2857,0.9467,12.9600,0.0248,0.0864,0.7259,0.0560,0.0838,0.0278,44812
33,16,square_waypoints,0.01,0.003,0.0,0.12,high_slip,null_probe,g1.00_1.00_s0.20,0.0000,1.2653,0.6140,8.5700,0.0671,0.1316,0.9687,0.1192,0.1192,0.0000,44813
33,16,square_waypoints,0.01,0.003,0.0,0.12,high_slip,unpaired_null,g1.00_1.00_s0.20,0.0000,0.6508,0.8198,8.5700,0.1213,0.2867,2.5753,0.1925,0.1925,0.0000,44814
33,16,square_waypoints,0.01,0.003,0.0,0.12,high_slip,random_probe,g1.00_0.90_s0.20,0.1000,1.8610,0.3005,3.4730,0.2921,0.3115,2.6590,0.1077,0.0981,-0.0096,44815
33,16,square_waypoints,0.01,0.003,0.0,0.12,high_slip,task_greedy,g1.00_1.00_s0.02,0.1800,1.5231,0.2997,7.8409,1.0962,1.1076,9.3915,0.0485,0.0485,0.0000,44816
33,16,square_waypoints,0.01,0.003,0.0,0.12,high_slip,fisher_grid,g1.00_1.00_s0.20,0.0000,0.8075,0.6919,11.3400,0.1508,0.1910,1.6774,0.1034,0.1034,0.0000,44817
33,16,square_waypoints,0.01,0.003,0.0,0.12,high_slip,constrained_fisher,g0.90_0.90_s0.20,0.2000,1.7946,0.3372,11.7450,0.1266,0.1248,1.7291,0.1610,0.1701,0.0091,44818
34,16,square_waypoints,0.01,0.003,0.0,0.12,left_gain_loss,null_probe,g0.60_1.00_s0.02,0.0200,1.3051,0.4803,8.5700,0.0210,0.0911,0.7751,0.0103,0.0268,0.0164,45819
34,16,square_waypoints,0.01,0.003,0.0,0.12,left_gain_loss,unpaired_null,g0.60_1.00_s0.02,0.0200,1.1607,0.5635,8.5700,0.0364,0.1790,1.7034,0.0832,0.0637,-0.0194,45820
34,16,square_waypoints,0.01,0.003,0.0,0.12,left_gain_loss,random_probe,g0.60_1.00_s0.02,0.0200,1.5217,0.4818,3.7346,0.0988,0.1936,2.0412,0.0452,0.0298,-0.0154,45821
34,16,square_waypoints,0.01,0.003,0.0,0.12,left_gain_loss,task_greedy,g0.60_1.00_s0.02,0.0200,1.7192,0.2823,8.2813,0.8828,0.8679,7.6541,0.0175,0.0687,0.0512,45822
34,16,square_waypoints,0.01,0.003,0.0,0.12,left_gain_loss,fisher_grid,g0.60_1.00_s0.10,0.1000,1.7424,0.2620,11.3400,0.2215,0.1939,1.6830,0.0319,0.0253,-0.0066,45823
34,16,square_waypoints,0.01,0.003,0.0,0.12,left_gain_loss,constrained_fisher,g0.60_1.00_s0.02,0.0200,0.6836,0.8329,12.6563,0.0729,0.1089,1.1235,0.0171,0.0994,0.0823,45824
34,16,square_waypoints,0.01,0.003,0.0,0.12,right_gain_loss,null_probe,g1.00_0.60_s0.10,0.1000,1.4481,0.4748,8.5700,0.0588,0.1114,0.9191,0.0215,0.1465,0.1250,45825
34,16,square_waypoints,0.01,0.003,0.0,0.12,right_gain_loss,unpaired_null,g1.00_0.60_s0.02,0.0200,1.5999,0.3688,8.5700,0.0257,0.2876,2.4048,0.0193,0.0311,0.0117,45826
34,16,square_waypoints,0.01,0.003,0.0,0.12,right_gain_loss,random_probe,g1.00_0.75_s0.02,0.1300,2.0957,0.2686,4.5742,0.0296,0.1145,1.0615,0.0712,0.0276,-0.0436,45827
34,16,square_waypoints,0.01,0.003,0.0,0.12,right_gain_loss,task_greedy,g1.00_0.60_s0.02,0.0200,1.8477,0.1859,8.2546,0.8642,0.8544,7.4319,0.0906,0.0116,-0.0790,45828
34,16,square_waypoints,0.01,0.003,0.0,0.12,right_gain_loss,fisher_grid,g1.00_0.60_s0.10,0.1000,1.0989,0.5541,11.3400,0.1442,0.1864,1.6352,0.0152,0.0196,0.0044,45829
34,16,square_waypoints,0.01,0.003,0.0,0.12,right_gain_loss,constrained_fisher,g1.00_0.60_s0.02,0.0200,1.0681,0.6221,12.6563,0.0613,0.1105,1.0766,0.0255,0.0024,-0.0232,45830
34,16,square_waypoints,0.01,0.003,0.0,0.12,symmetric_low_power,null_probe,g0.75_0.75_s0.10,0.1400,1.7726,0.3803,8.5700,0.0298,0.0819,0.6456,0.0536,0.0880,0.0344,45831
34,16,square_waypoints,0.01,0.003,0.0,0.12,symmetric_low_power,unpaired_null,g0.75_0.75_s0.02,0.0600,1.5176,0.4145,8.5700,0.0262,0.1933,1.5373,0.0244,0.0382,0.0139,45832
34,16,square_waypoints,0.01,0.003,0.0,0.12,symmetric_low_power,random_probe,g0.75_0.75_s0.02,0.0600,2.3439,0.3045,4.4438,0.1164,0.1855,1.6611,0.0201,0.0757,0.0556,45833
34,16,square_waypoints,0.01,0.003,0.0,0.12,symmetric_low_power,task_greedy,g0.75_0.75_s0.10,0.1400,2.2940,0.1649,7.8412,0.8160,0.7972,6.6565,0.0742,0.0618,-0.0124,45834
34,16,square_waypoints,0.01,0.003,0.0,0.12,symmetric_low_power,fisher_grid,g0.75_0.75_s0.02,0.0600,1.1400,0.6202,11.3400,0.1007,0.1357,1.1866,0.0399,0.0587,0.0188,45835
34,16,square_waypoints,0.01,0.003,0.0,0.12,symmetric_low_power,constrained_fisher,g0.75_0.75_s0.02,0.0600,0.6897,0.8023,12.9600,0.0205,0.0858,0.7774,0.0581,0.0324,-0.0256,45836
34,16,square_waypoints,0.01,0.003,0.0,0.12,high_slip,null_probe,g1.00_1.00_s0.20,0.0000,1.2903,0.4350,8.5700,0.0587,0.1219,1.0704,0.2541,0.2541,0.0000,45837
34,16,square_waypoints,0.01,0.003,0.0,0.12,high_slip,unpaired_null,g1.00_1.00_s0.20,0.0000,1.6957,0.4063,8.5700,0.0564,0.2715,2.2021,0.1420,0.1420,0.0000,45838
34,16,square_waypoints,0.01,0.003,0.0,0.12,high_slip,random_probe,g1.00_1.00_s0.20,0.0000,1.0684,0.6530,4.7487,0.1286,0.2859,2.1925,0.1846,0.1846,0.0000,45839
34,16,square_waypoints,0.01,0.003,0.0,0.12,high_slip,task_greedy,g1.00_1.00_s0.02,0.1800,2.4449,0.1019,7.8415,1.1394,1.1183,9.4754,0.1229,0.1229,0.0000,45840
34,16,square_waypoints,0.01,0.003,0.0,0.12,high_slip,fisher_grid,g1.00_1.00_s0.10,0.1000,1.4616,0.5729,11.3400,0.2201,0.2044,1.9574,0.0448,0.0448,0.0000,45841
34,16,square_waypoints,0.01,0.003,0.0,0.12,high_slip,constrained_fisher,g1.00_1.00_s0.20,0.0000,0.9266,0.6593,6.4800,0.1259,0.1588,1.8052,0.1039,0.1039,0.0000,45842
35,16,square_waypoints,0.01,0.003,0.0,0.12,left_gain_loss,null_probe,g0.60_1.00_s0.02,0.0200,1.6609,0.3924,8.5700,0.0557,0.0932,0.7809,0.0435,0.0109,-0.0326,46843
35,16,square_waypoints,0.01,0.003,0.0,0.12,left_gain_loss,unpaired_null,g0.60_1.00_s0.02,0.0200,1.1222,0.6309,8.5700,0.0194,0.1740,1.5619,0.0233,0.0623,0.0390,46844
35,16,square_waypoints,0.01,0.003,0.0,0.12,left_gain_loss,random_probe,g0.60_1.00_s0.02,0.0200,1.6721,0.4073,5.3134,0.2699,0.3113,3.2667,0.0546,0.0311,-0.0236,46845
35,16,square_waypoints,0.01,0.003,0.0,0.12,left_gain_loss,task_greedy,g0.60_1.00_s0.10,0.1000,1.7394,0.2438,8.2293,0.8697,0.8776,7.6716,0.0391,0.0279,-0.0112,46846
35,16,square_waypoints,0.01,0.003,0.0,0.12,left_gain_loss,fisher_grid,g0.60_1.00_s0.02,0.0200,1.0031,0.5925,11.3400,0.1624,0.1826,1.6497,0.0790,0.1172,0.0382,46847
35,16,square_waypoints,0.01,0.003,0.0,0.12,left_gain_loss,constrained_fisher,g0.60_1.00_s0.02,0.0200,1.0607,0.7126,12.3525,0.1130,0.1146,1.1729,0.0304,0.0273,-0.0031,46848
35,16,square_waypoints,0.01,0.003,0.0,0.12,right_gain_loss,null_probe,g1.00_0.60_s0.10,0.1000,1.6908,0.3814,8.5700,0.0656,0.0920,0.8667,0.0050,0.0177,0.0127,46849
35,16,square_waypoints,0.01,0.003,0.0,0.12,right_gain_loss,unpaired_null,g1.00_0.60_s0.02,0.0200,1.4193,0.3960,8.5700,0.0611,0.2803,2.3009,0.0317,0.0811,0.0495,46850
35,16,square_waypoints,0.01,0.003,0.0,0.12,right_gain_loss,random_probe,g1.00_0.60_s0.02,0.0200,1.5871,0.4382,4.7328,0.1319,0.1233,1.0137,0.0554,0.0188,-0.0365,46851
35,16,square_waypoints,0.01,0.003,0.0,0.12,right_gain_loss,task_greedy,g1.00_0.60_s0.20,0.2000,1.8426,0.2266,8.2582,0.8770,0.8715,7.4560,0.0678,0.0226,-0.0453,46852
35,16,square_waypoints,0.01,0.003,0.0,0.12,right_gain_loss,fisher_grid,g1.00_0.60_s0.02,0.0200,1.1374,0.6535,11.3400,0.1615,0.1843,1.5861,0.0363,0.1342,0.0978,46853
35,16,square_waypoints,0.01,0.003,0.0,0.12,right_gain_loss,constrained_fisher,g1.00_0.60_s0.02,0.0200,0.6792,0.8275,12.6563,0.0596,0.1029,0.9182,0.0245,0.0509,0.0263,46854
35,16,square_waypoints,0.01,0.003,0.0,0.12,symmetric_low_power,null_probe,g0.75_0.75_s0.02,0.0600,1.5134,0.4165,8.5700,0.0247,0.0708,0.6501,0.0294,0.0684,0.0390,46855
35,16,square_waypoints,0.01,0.003,0.0,0.12,symmetric_low_power,unpaired_null,g0.75_0.75_s0.02,0.0600,1.2249,0.6023,8.5700,0.0292,0.2059,1.6486,0.0147,0.0500,0.0352,46856
35,16,square_waypoints,0.01,0.003,0.0,0.12,symmetric_low_power,random_probe,g0.75_0.75_s0.02,0.0600,2.5889,0.2886,3.5928,0.1413,0.1526,1.5997,0.0368,0.0325,-0.0043,46857
35,16,square_waypoints,0.01,0.003,0.0,0.12,symmetric_low_power,task_greedy,g0.60_0.60_s0.02,0.2400,2.1514,0.1911,7.8403,0.8217,0.8104,6.8797,0.0435,0.0597,0.0163,46858
35,16,square_waypoints,0.01,0.003,0.0,0.12,symmetric_low_power,fisher_grid,g0.60_0.75_s0.02,0.1500,1.4097,0.5245,11.3400,0.1357,0.1268,1.1250,0.0219,0.0406,0.0186,46859
35,16,square_waypoints,0.01,0.003,0.0,0.12,symmetric_low_power,constrained_fisher,g0.75_0.75_s0.02,0.0600,1.2586,0.5936,12.9600,0.0397,0.0726,0.6305,0.0552,0.0944,0.0392,46860
35,16,square_waypoints,0.01,0.003,0.0,0.12,high_slip,null_probe,g1.00_1.00_s0.20,0.0000,1.4560,0.5341,8.5700,0.1135,0.1238,1.0806,0.0740,0.0740,0.0000,46861
35,16,square_waypoints,0.01,0.003,0.0,0.12,high_slip,unpaired_null,g1.00_1.00_s0.20,0.0000,1.5894,0.4587,8.5700,0.1557,0.3030,2.5766,0.1025,0.1025,0.0000,46862
35,16,square_waypoints,0.01,0.003,0.0,0.12,high_slip,random_probe,g1.00_1.00_s0.10,0.1000,2.2615,0.1650,4.8035,0.2621,0.2551,2.2500,0.1342,0.1342,0.0000,46863
35,16,square_waypoints,0.01,0.003,0.0,0.12,high_slip,task_greedy,g1.00_1.00_s0.02,0.1800,2.4261,0.1357,7.8407,1.1219,1.1234,9.4684,0.0570,0.0570,0.0000,46864
35,16,square_waypoints,0.01,0.003,0.0,0.12,high_slip,fisher_grid,g1.00_1.00_s0.20,0.0000,0.4072,0.9013,11.3400,0.2875,0.3562,3.3876,0.0981,0.0981,0.0000,46865
35,16,square_waypoints,0.01,0.003,0.0,0.12,high_slip,constrained_fisher,g1.00_1.00_s0.20,0.0000,1.5990,0.3718,11.7450,0.1019,0.1377,1.6915,0.0754,0.0754,0.0000,46866
36,16,square_waypoints,0.01,0.003,0.0,0.12,left_gain_loss,null_probe,g0.60_1.00_s0.02,0.0200,1.8136,0.2704,8.5700,0.0180,0.0908,0.7619,0.0419,0.1588,0.1169,47867
36,16,square_waypoints,0.01,0.003,0.0,0.12,left_gain_loss,unpaired_null,g0.75_1.00_s0.10,0.2100,1.9068,0.4090,8.5700,0.0382,0.1869,1.6896,0.0804,0.1114,0.0310,47868
36,16,square_waypoints,0.01,0.003,0.0,0.12,left_gain_loss,random_probe,g0.60_1.00_s0.02,0.0200,2.0523,0.3134,3.9926,0.1630,0.3130,2.9862,0.0749,0.0445,-0.0304,47869
36,16,square_waypoints,0.01,0.003,0.0,0.12,left_gain_loss,task_greedy,g0.60_1.00_s0.20,0.2000,1.7457,0.3212,8.2861,0.8598,0.8730,7.5694,0.0120,0.0255,0.0135,47870
36,16,square_waypoints,0.01,0.003,0.0,0.12,left_gain_loss,fisher_grid,g0.60_1.00_s0.02,0.0200,1.5138,0.5004,11.3400,0.1569,0.1643,1.4843,0.0223,0.1721,0.1498,47871
36,16,square_waypoints,0.01,0.003,0.0,0.12,left_gain_loss,constrained_fisher,g0.60_1.00_s0.02,0.0200,0.3363,0.9279,12.6563,0.0774,0.1122,0.9900,0.0331,0.0191,-0.0140,47872
36,16,square_waypoints,0.01,0.003,0.0,0.12,right_gain_loss,null_probe,g1.00_0.75_s0.02,0.1300,1.9283,0.3428,8.5700,0.0444,0.0802,0.7963,0.0163,0.0301,0.0138,47873
36,16,square_waypoints,0.01,0.003,0.0,0.12,right_gain_loss,unpaired_null,g1.00_0.60_s0.02,0.0200,1.5525,0.4215,8.5700,0.0238,0.2794,2.2650,0.0813,0.0149,-0.0664,47874
36,16,square_waypoints,0.01,0.003,0.0,0.12,right_gain_loss,random_probe,g0.90_0.60_s0.02,0.1200,2.0395,0.2888,4.2330,0.1453,0.2746,2.7733,0.0942,0.1587,0.0645,47875
36,16,square_waypoints,0.01,0.003,0.0,0.12,right_gain_loss,task_greedy,g1.00_0.60_s0.02,0.0200,1.9581,0.1914,8.2663,0.8500,0.8727,7.5617,0.0256,0.0627,0.0371,47876
36,16,square_waypoints,0.01,0.003,0.0,0.12,right_gain_loss,fisher_grid,g1.00_0.60_s0.02,0.0200,0.3110,0.9262,11.3400,0.1701,0.1796,1.4515,0.0391,0.1701,0.1311,47877
36,16,square_waypoints,0.01,0.003,0.0,0.12,right_gain_loss,constrained_fisher,g1.00_0.60_s0.02,0.0200,0.5808,0.8612,12.6563,0.0276,0.1188,1.0229,0.0594,0.1219,0.0626,47878
36,16,square_waypoints,0.01,0.003,0.0,0.12,symmetric_low_power,null_probe,g0.75_0.75_s0.10,0.1400,1.5447,0.3820,8.5700,0.0144,0.0675,0.5245,0.0435,0.0436,0.0000,47879
36,16,square_waypoints,0.01,0.003,0.0,0.12,symmetric_low_power,unpaired_null,g0.75_0.75_s0.02,0.0600,1.6168,0.3947,8.5700,0.0374,0.2077,1.7298,0.0508,0.0886,0.0378,47880
36,16,square_waypoints,0.01,0.003,0.0,0.12,symmetric_low_power,random_probe,g0.75_0.75_s0.02,0.0600,2.2202,0.2900,4.3374,0.1878,0.1962,1.4558,0.0248,0.0376,0.0129,47881
36,16,square_waypoints,0.01,0.003,0.0,0.12,symmetric_low_power,task_greedy,g0.60_0.75_s0.02,0.1500,2.2675,0.1378,7.8410,0.7830,0.8004,6.8572,0.0186,0.0905,0.0719,47882
36,16,square_waypoints,0.01,0.003,0.0,0.12,symmetric_low_power,fisher_grid,g0.75_0.75_s0.02,0.0600,1.2216,0.5406,11.3400,0.1192,0.1275,1.0992,0.0565,0.0701,0.0136,47883
36,16,square_waypoints,0.01,0.003,0.0,0.12,symmetric_low_power,constrained_fisher,g0.75_0.75_s0.02,0.0600,1.0814,0.4713,12.9600,0.0283,0.0773,0.6786,0.0319,0.0762,0.0443,47884
36,16,square_waypoints,0.01,0.003,0.0,0.12,high_slip,null_probe,g1.00_1.00_s0.20,0.0000,0.7711,0.7904,8.5700,0.1597,0.1714,1.6268,0.1061,0.1061,0.0000,47885
36,16,square_waypoints,0.01,0.003,0.0,0.12,high_slip,unpaired_null,g1.00_1.00_s0.10,0.1000,1.8275,0.3355,8.5700,0.0498,0.2877,2.3988,0.1727,0.1727,0.0000,47886
36,16,square_waypoints,0.01,0.003,0.0,0.12,high_slip,random_probe,g1.00_1.00_s0.20,0.0000,1.4281,0.3344,4.5191,0.4940,0.4907,3.8572,0.1455,0.1455,0.0000,47887
36,16,square_waypoints,0.01,0.003,0.0,0.12,high_slip,task_greedy,g1.00_1.00_s0.02,0.1800,1.9948,0.2312,7.8409,1.1078,1.1107,9.4139,0.1465,0.1465,0.0000,47888
36,16,square_waypoints,0.01,0.003,0.0,0.12,high_slip,fisher_grid,g1.00_1.00_s0.20,0.0000,0.8857,0.7311,11.3400,0.2009,0.1767,1.6288,0.0838,0.0838,0.0000,47889
36,16,square_waypoints,0.01,0.003,0.0,0.12,high_slip,constrained_fisher,g1.00_1.00_s0.10,0.1000,1.0071,0.5874,9.1125,0.1163,0.1531,1.6780,0.1411,0.1411,0.0000,47890
37,16,square_waypoints,0.01,0.003,0.0,0.12,left_gain_loss,null_probe,g0.60_0.90_s0.02,0.1200,1.5005,0.4146,8.5700,0.0447,0.0989,0.9254,0.0503,0.0209,-0.0294,48891
37,16,square_waypoints,0.01,0.003,0.0,0.12,left_gain_loss,unpaired_null,g0.60_1.00_s0.02,0.0200,1.4586,0.4781,8.5700,0.0577,0.1872,1.7601,0.0562,0.0264,-0.0298,48892
37,16,square_waypoints,0.01,0.003,0.0,0.12,left_gain_loss,random_probe,g0.75_1.00_s0.02,0.1300,1.8477,0.4224,4.0928,0.1326,0.1919,1.1311,0.0694,0.1280,0.0586,48893
37,16,square_waypoints,0.01,0.003,0.0,0.12,left_gain_loss,task_greedy,g0.60_0.90_s0.02,0.1200,1.9754,0.2247,8.2626,0.8330,0.8537,7.4439,0.0760,0.0239,-0.0521,48894
37,16,square_waypoints,0.01,0.003,0.0,0.12,left_gain_loss,fisher_grid,g0.60_1.00_s0.02,0.0200,1.1680,0.6406,11.3400,0.1735,0.1631,1.4598,0.0560,0.1502,0.0942,48895
37,16,square_waypoints,0.01,0.003,0.0,0.12,left_gain_loss,constrained_fisher,g0.60_1.00_s0.02,0.0200,0.0998,0.9829,12.3525,0.1242,0.1098,1.1391,0.0519,0.1636,0.1117,48896
37,16,square_waypoints,0.01,0.003,0.0,0.12,right_gain_loss,null_probe,g1.00_0.60_s0.02,0.0200,1.2778,0.4425,8.5700,0.0644,0.0902,0.7671,0.0166,0.0307,0.0141,48897
37,16,square_waypoints,0.01,0.003,0.0,0.12,right_gain_loss,unpaired_null,g1.00_0.60_s0.02,0.0200,1.5976,0.4349,8.5700,0.0430,0.2861,2.3604,0.0899,0.0234,-0.0664,48898
37,16,square_waypoints,0.01,0.003,0.0,0.12,right_gain_loss,random_probe,g1.00_0.60_s0.02,0.0200,1.9887,0.2946,4.7527,0.2262,0.2244,1.9122,0.1510,0.1321,-0.0189,48899
37,16,square_waypoints,0.01,0.003,0.0,0.12,right_gain_loss,task_greedy,g1.00_0.60_s0.02,0.0200,1.8179,0.2151,8.2598,0.8313,0.8598,7.5008,0.0354,0.0101,-0.0253,48900
37,16,square_waypoints,0.01,0.003,0.0,0.12,right_gain_loss,fisher_grid,g1.00_0.60_s0.02,0.0200,0.9985,0.5383,11.3400,0.1617,0.1820,1.6675,0.0707,0.0389,-0.0319,48901
37,16,square_waypoints,0.01,0.003,0.0,0.12,right_gain_loss,constrained_fisher,g1.00_0.60_s0.02,0.0200,0.9777,0.6913,12.6563,0.0600,0.1084,0.9578,0.0694,0.0930,0.0236,48902
37,16,square_waypoints,0.01,0.003,0.0,0.12,symmetric_low_power,null_probe,g0.75_0.75_s0.02,0.0600,2.0132,0.3162,8.5700,0.0284,0.0611,0.5634,0.0479,0.0381,-0.0098,48903
37,16,square_waypoints,0.01,0.003,0.0,0.12,symmetric_low_power,unpaired_null,g0.75_0.75_s0.02,0.0600,1.6451,0.3834,8.5700,0.0103,0.2090,1.6751,0.0331,0.0430,0.0099,48904
37,16,square_waypoints,0.01,0.003,0.0,0.12,symmetric_low_power,random_probe,g0.75_0.75_s0.20,0.2400,2.3569,0.2641,4.8399,0.1716,0.1769,1.4227,0.0238,0.0430,0.0191,48905
37,16,square_waypoints,0.01,0.003,0.0,0.12,symmetric_low_power,task_greedy,g0.75_0.75_s0.02,0.0600,2.1475,0.2189,7.8413,0.8104,0.7989,6.8708,0.0406,0.0446,0.0040,48906
37,16,square_waypoints,0.01,0.003,0.0,0.12,symmetric_low_power,fisher_grid,g0.75_0.75_s0.02,0.0600,0.9313,0.7096,11.3400,0.1150,0.1289,1.0796,0.0334,0.0734,0.0400,48907
37,16,square_waypoints,0.01,0.003,0.0,0.12,symmetric_low_power,constrained_fisher,g0.75_0.75_s0.02,0.0600,0.4986,0.8871,12.9600,0.0073,0.0799,0.6914,0.0550,0.0313,-0.0238,48908
37,16,square_waypoints,0.01,0.003,0.0,0.12,high_slip,null_probe,g1.00_1.00_s0.20,0.0000,0.8948,0.7453,8.5700,0.1003,0.1313,1.1857,0.0426,0.0426,0.0000,48909
37,16,square_waypoints,0.01,0.003,0.0,0.12,high_slip,unpaired_null,g1.00_1.00_s0.10,0.1000,2.2760,0.1628,8.5700,0.0374,0.2631,2.1055,0.0395,0.0395,0.0000,48910
37,16,square_waypoints,0.01,0.003,0.0,0.12,high_slip,random_probe,g1.00_1.00_s0.20,0.0000,1.1559,0.6499,4.2698,0.3027,0.3519,3.1107,0.1212,0.1212,0.0000,48911
37,16,square_waypoints,0.01,0.003,0.0,0.12,high_slip,task_greedy,g0.90_0.90_s0.02,0.3800,2.4326,0.1236,7.8406,1.1198,1.1167,9.4137,0.0532,0.0645,0.0112,48912
37,16,square_waypoints,0.01,0.003,0.0,0.12,high_slip,fisher_grid,g1.00_1.00_s0.20,0.0000,0.8466,0.7176,11.3400,0.2462,0.2392,2.1570,0.1914,0.1914,0.0000,48913
37,16,square_waypoints,0.01,0.003,0.0,0.12,high_slip,constrained_fisher,g1.00_1.00_s0.10,0.1000,2.2800,0.2391,12.9600,0.0869,0.1352,1.4406,0.0505,0.0505,0.0000,48914
38,16,square_waypoints,0.01,0.003,0.0,0.12,left_gain_loss,null_probe,g0.60_1.00_s0.02,0.0200,1.2864,0.4835,8.5700,0.0323,0.0954,0.8641,0.0187,0.0459,0.0272,49915
38,16,square_waypoints,0.01,0.003,0.0,0.12,left_gain_loss,unpaired_null,g0.60_1.00_s0.10,0.1000,1.6877,0.3343,8.5700,0.0226,0.1932,1.8035,0.0596,0.0532,-0.0064,49916
38,16,square_waypoints,0.01,0.003,0.0,0.12,left_gain_loss,random_probe,g0.60_0.90_s0.02,0.1200,2.3992,0.2330,3.4410,0.1694,0.1625,1.3321,0.0452,0.0410,-0.0042,49917
38,16,square_waypoints,0.01,0.003,0.0,0.12,left_gain_loss,task_greedy,g0.60_1.00_s0.02,0.0200,2.3573,0.1249,8.2372,0.8655,0.8874,7.6881,0.0122,0.0155,0.0034,49918
38,16,square_waypoints,0.01,0.003,0.0,0.12,left_gain_loss,fisher_grid,g0.60_1.00_s0.02,0.0200,1.5127,0.4014,11.3400,0.1794,0.1912,1.6561,0.1242,0.0399,-0.0843,49919
38,16,square_waypoints,0.01,0.003,0.0,0.12,left_gain_loss,constrained_fisher,g0.60_1.00_s0.02,0.0200,1.2066,0.4472,12.6563,0.0889,0.1106,1.1149,0.0168,0.0151,-0.0017,49920
38,16,square_waypoints,0.01,0.003,0.0,0.12,right_gain_loss,null_probe,g1.00_0.60_s0.10,0.1000,1.5789,0.4173,8.5700,0.0176,0.1018,0.8449,0.0880,0.0184,-0.0696,49921
38,16,square_waypoints,0.01,0.003,0.0,0.12,right_gain_loss,unpaired_null,g1.00_0.60_s0.02,0.0200,1.2903,0.5487,8.5700,0.0725,0.3057,2.6172,0.0648,0.0209,-0.0439,49922
38,16,square_waypoints,0.01,0.003,0.0,0.12,right_gain_loss,random_probe,g0.90_0.60_s0.10,0.2000,2.0787,0.2181,4.9520,0.2480,0.2651,2.7436,0.0786,0.0471,-0.0316,49923
38,16,square_waypoints,0.01,0.003,0.0,0.12,right_gain_loss,task_greedy,g1.00_0.60_s0.02,0.0200,1.8510,0.1817,8.2474,0.8677,0.8794,7.6957,0.0182,0.1632,0.1450,49924
38,16,square_waypoints,0.01,0.003,0.0,0.12,right_gain_loss,fisher_grid,g1.00_0.60_s0.02,0.0200,1.4612,0.4029,11.3400,0.1525,0.1773,1.5110,0.0376,0.0326,-0.0051,49925
38,16,square_waypoints,0.01,0.003,0.0,0.12,right_gain_loss,constrained_fisher,g1.00_0.60_s0.02,0.0200,0.3827,0.9107,12.6563,0.0688,0.1010,1.1021,0.0954,0.0272,-0.0681,49926
38,16,square_waypoints,0.01,0.003,0.0,0.12,symmetric_low_power,null_probe,g0.75_0.75_s0.02,0.0600,1.2523,0.6059,8.5700,0.0300,0.0785,0.6412,0.0410,0.0691,0.0281,49927
38,16,square_waypoints,0.01,0.003,0.0,0.12,symmetric_low_power,unpaired_null,g0.75_0.75_s0.02,0.0600,1.9077,0.3269,8.5700,0.0130,0.1946,1.5194,0.0365,0.0396,0.0031,49928
38,16,square_waypoints,0.01,0.003,0.0,0.12,symmetric_low_power,random_probe,g0.75_0.75_s0.02,0.0600,2.7215,0.1768,3.9397,0.2917,0.3098,2.1517,0.0279,0.0471,0.0192,49929
38,16,square_waypoints,0.01,0.003,0.0,0.12,symmetric_low_power,task_greedy,g0.60_0.60_s0.02,0.2400,1.5283,0.3004,7.8409,0.8115,0.7846,6.6606,0.0261,0.0729,0.0467,49930
38,16,square_waypoints,0.01,0.003,0.0,0.12,symmetric_low_power,fisher_grid,g0.75_0.75_s0.02,0.0600,0.7049,0.7831,11.3400,0.1335,0.1307,1.1441,0.0179,0.0709,0.0530,49931
38,16,square_waypoints,0.01,0.003,0.0,0.12,symmetric_low_power,constrained_fisher,g0.75_0.75_s0.02,0.0600,0.9828,0.5638,12.9600,0.0484,0.0927,0.8143,0.0447,0.0316,-0.0130,49932
38,16,square_waypoints,0.01,0.003,0.0,0.12,high_slip,null_probe,g1.00_1.00_s0.20,0.0000,1.6908,0.4107,8.5700,0.0524,0.1049,0.8910,0.0784,0.0784,0.0000,49933
38,16,square_waypoints,0.01,0.003,0.0,0.12,high_slip,unpaired_null,g0.90_1.00_s0.20,0.1000,1.8149,0.2503,8.5700,0.0936,0.2775,2.4344,0.1906,0.1523,-0.0383,49934
38,16,square_waypoints,0.01,0.003,0.0,0.12,high_slip,random_probe,g1.00_1.00_s0.20,0.0000,1.2209,0.5047,4.5520,0.3344,0.3466,2.8011,0.0697,0.0697,0.0000,49935
38,16,square_waypoints,0.01,0.003,0.0,0.12,high_slip,task_greedy,g1.00_1.00_s0.20,0.0000,2.4120,0.1381,7.8410,1.1307,1.1282,9.7221,0.2188,0.2188,0.0000,49936
38,16,square_waypoints,0.01,0.003,0.0,0.12,high_slip,fisher_grid,g1.00_1.00_s0.20,0.0000,1.5616,0.4458,11.3400,0.1875,0.1906,1.8129,0.0370,0.0370,0.0000,49937
38,16,square_waypoints,0.01,0.003,0.0,0.12,high_slip,constrained_fisher,g1.00_1.00_s0.20,0.0000,0.9115,0.6911,5.2650,0.1431,0.1558,2.1120,0.1331,0.1331,0.0000,49938
39,16,square_waypoints,0.01,0.003,0.0,0.12,left_gain_loss,null_probe,g0.60_1.00_s0.02,0.0200,1.5770,0.4874,8.5700,0.0144,0.0880,0.6657,0.0093,0.0267,0.0174,50939
39,16,square_waypoints,0.01,0.003,0.0,0.12,left_gain_loss,unpaired_null,g0.60_1.00_s0.10,0.1000,1.8447,0.3076,8.5700,0.0674,0.1879,1.8029,0.0847,0.0160,-0.0687,50940
39,16,square_waypoints,0.01,0.003,0.0,0.12,left_gain_loss,random_probe,g0.75_0.90_s0.02,0.2300,2.2532,0.3399,4.2692,0.3110,0.3703,3.6787,0.1241,0.0790,-0.0451,50941
39,16,square_waypoints,0.01,0.003,0.0,0.12,left_gain_loss,task_greedy,g0.60_1.00_s0.10,0.1000,1.7843,0.2351,8.2540,0.8595,0.8728,7.6250,0.0470,0.0313,-0.0157,50942
39,16,square_waypoints,0.01,0.003,0.0,0.12,left_gain_loss,fisher_grid,g0.60_1.00_s0.02,0.0200,1.1209,0.6719,11.3400,0.2146,0.1978,1.6956,0.0154,0.0214,0.0059,50943
39,16,square_waypoints,0.01,0.003,0.0,0.12,left_gain_loss,constrained_fisher,g0.60_1.00_s0.02,0.0200,0.3524,0.9189,12.6563,0.0578,0.0993,0.9497,0.1118,0.0044,-0.1074,50944
39,16,square_waypoints,0.01,0.003,0.0,0.12,right_gain_loss,null_probe,g1.00_0.60_s0.02,0.0200,1.0782,0.6660,8.5700,0.0374,0.1078,0.8643,0.0805,0.0163,-0.0643,50945
39,16,square_waypoints,0.01,0.003,0.0,0.12,right_gain_loss,unpaired_null,g1.00_0.60_s0.02,0.0200,2.1360,0.2032,8.5700,0.0471,0.2833,2.3443,0.0579,0.0307,-0.0272,50946
39,16,square_waypoints,0.01,0.003,0.0,0.12,right_gain_loss,random_probe,g1.00_0.60_s0.02,0.0200,1.6186,0.4224,4.5625,0.2600,0.2589,2.1403,0.0847,0.1531,0.0684,50947
39,16,square_waypoints,0.01,0.003,0.0,0.12,right_gain_loss,task_greedy,g1.00_0.60_s0.02,0.0200,1.9295,0.2236,8.2783,0.8565,0.8671,7.5449,0.0079,0.0146,0.0067,50948
39,16,square_waypoints,0.01,0.003,0.0,0.12,right_gain_loss,fisher_grid,g1.00_0.60_s0.02,0.0200,0.6346,0.8405,11.3400,0.2005,0.1928,1.6306,0.1129,0.1480,0.0351,50949
39,16,square_waypoints,0.01,0.003,0.0,0.12,right_gain_loss,constrained_fisher,g1.00_0.60_s0.02,0.0200,1.0566,0.6891,11.4413,0.1019,0.1161,1.2652,0.0186,0.0382,0.0196,50950
39,16,square_waypoints,0.01,0.003,0.0,0.12,symmetric_low_power,null_probe,g0.75_0.75_s0.02,0.0600,1.3519,0.5671,8.5700,0.0316,0.0876,0.7249,0.0497,0.0959,0.0462,50951
39,16,square_waypoints,0.01,0.003,0.0,0.12,symmetric_low_power,unpaired_null,g0.75_0.75_s0.02,0.0600,1.6221,0.3891,8.5700,0.0379,0.2084,1.7377,0.0408,0.0551,0.0144,50952
39,16,square_waypoints,0.01,0.003,0.0,0.12,symmetric_low_power,random_probe,g0.75_0.90_s0.02,0.2100,2.5154,0.2296,4.7841,0.3900,0.3836,2.6863,0.0488,0.0853,0.0365,50953
39,16,square_waypoints,0.01,0.003,0.0,0.12,symmetric_low_power,task_greedy,g0.75_0.75_s0.20,0.2400,2.1126,0.2098,7.8408,0.8155,0.8075,7.0013,0.0469,0.0296,-0.0172,50954
39,16,square_waypoints,0.01,0.003,0.0,0.12,symmetric_low_power,fisher_grid,g0.75_0.75_s0.02,0.0600,1.0127,0.7113,11.3400,0.1432,0.1338,1.1416,0.0411,0.0424,0.0012,50955
39,16,square_waypoints,0.01,0.003,0.0,0.12,symmetric_low_power,constrained_fisher,g0.60_0.75_s0.02,0.1500,1.1933,0.4145,12.9600,0.0275,0.0802,0.6990,0.0292,0.0779,0.0486,50956
39,16,square_waypoints,0.01,0.003,0.0,0.12,high_slip,null_probe,g1.00_1.00_s0.20,0.0000,1.2961,0.5814,8.5700,0.0714,0.1565,1.4385,0.1118,0.1118,0.0000,50957
39,16,square_waypoints,0.01,0.003,0.0,0.12,high_slip,unpaired_null,g1.00_1.00_s0.20,0.0000,1.1925,0.4602,8.5700,0.0506,0.3074,2.4809,0.2231,0.2231,0.0000,50958
39,16,square_waypoints,0.01,0.003,0.0,0.12,high_slip,random_probe,g0.90_1.00_s0.20,0.1000,1.2927,0.4488,4.2127,0.1939,0.2141,2.4121,0.0278,0.0117,-0.0161,50959
39,16,square_waypoints,0.01,0.003,0.0,0.12,high_slip,task_greedy,g1.00_1.00_s0.20,0.0000,1.7223,0.2765,7.8407,1.1089,1.1266,9.6703,0.0932,0.0932,0.0000,50960
39,16,square_waypoints,0.01,0.003,0.0,0.12,high_slip,fisher_grid,g1.00_0.90_s0.20,0.1000,1.2816,0.4119,11.3400,0.1557,0.1909,1.6863,0.1177,0.1770,0.0593,50961
39,16,square_waypoints,0.01,0.003,0.0,0.12,high_slip,constrained_fisher,g1.00_1.00_s0.20,0.0000,1.2097,0.6398,12.3525,0.1093,0.1627,1.6710,0.1293,0.1293,0.0000,50962
40,16,square_waypoints,0.01,0.003,0.0,0.12,left_gain_loss,null_probe,g0.60_1.00_s0.02,0.0200,1.7916,0.3804,8.5700,0.0610,0.1020,0.9237,0.0605,0.0400,-0.0205,51963
40,16,square_waypoints,0.01,0.003,0.0,0.12,left_gain_loss,unpaired_null,g0.60_1.00_s0.02,0.0200,0.9447,0.5497,8.5700,0.1167,0.1988,1.9683,0.0198,0.1370,0.1172,51964
40,16,square_waypoints,0.01,0.003,0.0,0.12,left_gain_loss,random_probe,g0.75_1.00_s0.02,0.1300,2.2003,0.3532,3.4172,0.1155,0.2099,2.1941,0.0922,0.0127,-0.0795,51965
40,16,square_waypoints,0.01,0.003,0.0,0.12,left_gain_loss,task_greedy,g0.60_0.90_s0.02,0.1200,1.9587,0.1624,8.2572,0.8808,0.8673,7.5452,0.0831,0.0167,-0.0664,51966
40,16,square_waypoints,0.01,0.003,0.0,0.12,left_gain_loss,fisher_grid,g0.60_1.00_s0.02,0.0200,1.0716,0.6541,11.3400,0.1738,0.1717,1.4952,0.0065,0.0063,-0.0002,51967
40,16,square_waypoints,0.01,0.003,0.0,0.12,left_gain_loss,constrained_fisher,g0.60_1.00_s0.02,0.0200,0.3036,0.9177,12.9600,0.0390,0.1015,0.9252,0.0308,0.0187,-0.0121,51968
40,16,square_waypoints,0.01,0.003,0.0,0.12,right_gain_loss,null_probe,g1.00_0.60_s0.10,0.1000,1.7668,0.3815,8.5700,0.0668,0.0905,0.9213,0.0108,0.1913,0.1805,51969
40,16,square_waypoints,0.01,0.003,0.0,0.12,right_gain_loss,unpaired_null,g1.00_0.60_s0.02,0.0200,1.3174,0.3971,8.5700,0.0404,0.2808,2.3233,0.0422,0.1753,0.1331,51970
40,16,square_waypoints,0.01,0.003,0.0,0.12,right_gain_loss,random_probe,g1.00_0.75_s0.02,0.1300,1.7641,0.4410,4.7781,0.1274,0.1627,1.2519,0.0141,0.0241,0.0100,51971
40,16,square_waypoints,0.01,0.003,0.0,0.12,right_gain_loss,task_greedy,g0.90_0.60_s0.20,0.3000,1.8982,0.1696,8.2683,0.8791,0.8764,7.5922,0.0059,0.0193,0.0134,51972
40,16,square_waypoints,0.01,0.003,0.0,0.12,right_gain_loss,fisher_grid,g1.00_0.60_s0.02,0.0200,1.3138,0.5968,11.3400,0.1989,0.1992,1.7512,0.0590,0.0586,-0.0004,51973
40,16,square_waypoints,0.01,0.003,0.0,0.12,right_gain_loss,constrained_fisher,g1.00_0.60_s0.02,0.0200,0.9936,0.6726,12.9600,0.0284,0.0958,0.8402,0.0641,0.1085,0.0444,51974
40,16,square_waypoints,0.01,0.003,0.0,0.12,symmetric_low_power,null_probe,g0.75_0.75_s0.02,0.0600,1.4198,0.4878,8.5700,0.0120,0.0649,0.5442,0.0405,0.0819,0.0414,51975
40,16,square_waypoints,0.01,0.003,0.0,0.12,symmetric_low_power,unpaired_null,g0.75_0.75_s0.02,0.0600,1.7509,0.4065,8.5700,0.0137,0.2096,1.6875,0.0530,0.0195,-0.0335,51976
40,16,square_waypoints,0.01,0.003,0.0,0.12,symmetric_low_power,random_probe,g0.60_0.75_s0.10,0.2300,2.4501,0.2316,4.6299,0.2544,0.2539,2.1592,0.0074,0.0632,0.0558,51977
40,16,square_waypoints,0.01,0.003,0.0,0.12,symmetric_low_power,task_greedy,g0.75_0.75_s0.02,0.0600,2.0896,0.2286,7.8415,0.8344,0.8209,6.9724,0.0317,0.0382,0.0065,51978
40,16,square_waypoints,0.01,0.003,0.0,0.12,symmetric_low_power,fisher_grid,g0.60_0.75_s0.02,0.1500,1.6722,0.3679,11.3400,0.1461,0.1321,1.1651,0.0140,0.0566,0.0426,51979
40,16,square_waypoints,0.01,0.003,0.0,0.12,symmetric_low_power,constrained_fisher,g0.75_0.60_s0.02,0.1500,1.2309,0.4535,12.9600,0.0303,0.0799,0.6770,0.0198,0.0550,0.0352,51980
40,16,square_waypoints,0.01,0.003,0.0,0.12,high_slip,null_probe,g1.00_1.00_s0.20,0.0000,1.1295,0.6435,8.5700,0.1226,0.1984,1.9328,0.0428,0.0428,0.0000,51981
40,16,square_waypoints,0.01,0.003,0.0,0.12,high_slip,unpaired_null,g1.00_1.00_s0.20,0.0000,1.0656,0.6130,8.5700,0.0230,0.2841,2.4867,0.0648,0.0648,0.0000,51982
40,16,square_waypoints,0.01,0.003,0.0,0.12,high_slip,random_probe,g1.00_1.00_s0.20,0.0000,1.2125,0.5388,4.6536,0.3062,0.3075,2.3293,0.2571,0.2571,0.0000,51983
40,16,square_waypoints,0.01,0.003,0.0,0.12,high_slip,task_greedy,g1.00_1.00_s0.20,0.0000,1.5447,0.2973,7.8407,1.1391,1.1171,9.4048,0.1058,0.1058,0.0000,51984
40,16,square_waypoints,0.01,0.003,0.0,0.12,high_slip,fisher_grid,g1.00_1.00_s0.20,0.0000,1.1455,0.5813,11.3400,0.2200,0.2676,2.7677,0.1465,0.1465,0.0000,51985
40,16,square_waypoints,0.01,0.003,0.0,0.12,high_slip,constrained_fisher,g0.90_1.00_s0.20,0.1000,1.7889,0.3256,4.4550,0.1247,0.1477,2.1530,0.1068,0.0879,-0.0189,51986
41,16,square_waypoints,0.01,0.003,0.0,0.12,left_gain_loss,null_probe,g0.60_0.90_s0.02,0.1200,1.4222,0.4859,8.5700,0.0574,0.0982,0.8258,0.0566,0.0237,-0.0330,52987
41,16,square_waypoints,0.01,0.003,0.0,0.12,left_gain_loss,unpaired_null,g0.60_1.00_s0.02,0.0200,1.4284,0.4593,8.5700,0.0494,0.1862,1.7270,0.0198,0.1745,0.1547,52988
41,16,square_waypoints,0.01,0.003,0.0,0.12,left_gain_loss,random_probe,g0.60_1.00_s0.02,0.0200,1.8394,0.3682,4.1530,0.1371,0.2521,2.1514,0.0649,0.1161,0.0513,52989
41,16,square_waypoints,0.01,0.003,0.0,0.12,left_gain_loss,task_greedy,g0.60_0.90_s0.20,0.3000,1.9001,0.1812,8.2384,0.8815,0.8726,7.5805,0.0789,0.0826,0.0037,52990
41,16,square_waypoints,0.01,0.003,0.0,0.12,left_gain_loss,fisher_grid,g0.60_1.00_s0.02,0.0200,1.8260,0.3204,11.3400,0.1990,0.1919,1.6706,0.0578,0.0126,-0.0452,52991
41,16,square_waypoints,0.01,0.003,0.0,0.12,left_gain_loss,constrained_fisher,g0.60_1.00_s0.02,0.0200,0.9553,0.7393,12.3525,0.1043,0.1100,1.2605,0.0324,0.0275,-0.0049,52992
41,16,square_waypoints,0.01,0.003,0.0,0.12,right_gain_loss,null_probe,g1.00_0.60_s0.02,0.0200,1.1843,0.6109,8.5700,0.0610,0.0876,0.7086,0.0132,0.0176,0.0045,52993
41,16,square_waypoints,0.01,0.003,0.0,0.12,right_gain_loss,unpaired_null,g1.00_0.60_s0.02,0.0200,1.5232,0.4403,8.5700,0.0426,0.2854,2.3773,0.0926,0.0982,0.0057,52994
41,16,square_waypoints,0.01,0.003,0.0,0.12,right_gain_loss,random_probe,g1.00_0.60_s0.02,0.0200,2.3513,0.1711,4.5889,0.3037,0.2962,2.5422,0.0762,0.0151,-0.0611,52995
41,16,square_waypoints,0.01,0.003,0.0,0.12,right_gain_loss,task_greedy,g0.90_0.60_s0.02,0.1200,1.9002,0.1898,8.2748,0.8757,0.8738,7.6287,0.0370,0.0305,-0.0065,52996
41,16,square_waypoints,0.01,0.003,0.0,0.12,right_gain_loss,fisher_grid,g1.00_0.60_s0.02,0.0200,1.1413,0.4826,11.3400,0.1835,0.1877,1.7062,0.0206,0.0187,-0.0019,52997
41,16,square_waypoints,0.01,0.003,0.0,0.12,right_gain_loss,constrained_fisher,g1.00_0.60_s0.02,0.0200,0.8318,0.6723,12.3525,0.1107,0.1119,1.1663,0.0800,0.0100,-0.0700,52998
41,16,square_waypoints,0.01,0.003,0.0,0.12,symmetric_low_power,null_probe,g0.75_0.75_s0.02,0.0600,1.8125,0.3280,8.5700,0.0185,0.0647,0.5612,0.0393,0.1149,0.0756,52999
41,16,square_waypoints,0.01,0.003,0.0,0.12,symmetric_low_power,unpaired_null,g0.75_0.75_s0.10,0.1400,2.0462,0.2519,8.5700,0.0363,0.2244,1.8252,0.0295,0.0479,0.0184,53000
41,16,square_waypoints,0.01,0.003,0.0,0.12,symmetric_low_power,random_probe,g0.60_0.75_s0.02,0.1500,2.4748,0.2147,4.5765,0.0726,0.1630,1.5580,0.0372,0.0345,-0.0027,53001
41,16,square_waypoints,0.01,0.003,0.0,0.12,symmetric_low_power,task_greedy,g0.75_0.75_s0.02,0.0600,2.3135,0.1526,7.8407,0.8069,0.8001,6.8075,0.0324,0.0489,0.0165,53002
41,16,square_waypoints,0.01,0.003,0.0,0.12,symmetric_low_power,fisher_grid,g0.75_0.75_s0.02,0.0600,1.2607,0.4840,11.3400,0.1582,0.1460,1.3725,0.0445,0.0726,0.0281,53003
41,16,square_waypoints,0.01,0.003,0.0,0.12,symmetric_low_power,constrained_fisher,g0.75_0.75_s0.02,0.0600,0.8772,0.7070,12.9600,0.0371,0.0919,0.7482,0.0437,0.0392,-0.0046,53004
41,16,square_waypoints,0.01,0.003,0.0,0.12,high_slip,null_probe,g1.00_1.00_s0.20,0.0000,0.2007,0.9615,8.5700,0.0544,0.1213,1.0492,0.2122,0.2122,0.0000,53005
41,16,square_waypoints,0.01,0.003,0.0,0.12,high_slip,unpaired_null,g1.00_1.00_s0.20,0.0000,0.5751,0.7831,8.5700,0.0541,0.2765,2.2813,0.2052,0.2052,0.0000,53006
41,16,square_waypoints,0.01,0.003,0.0,0.12,high_slip,random_probe,g1.00_1.00_s0.20,0.0000,1.5505,0.4637,3.8012,0.2587,0.2701,2.8673,0.0246,0.0246,0.0000,53007
41,16,square_waypoints,0.01,0.003,0.0,0.12,high_slip,task_greedy,g1.00_1.00_s0.20,0.0000,2.0024,0.2294,7.8406,1.1337,1.1346,9.5374,0.0267,0.0267,0.0000,53008
41,16,square_waypoints,0.01,0.003,0.0,0.12,high_slip,fisher_grid,g1.00_1.00_s0.20,0.0000,0.7522,0.5130,11.3400,0.1713,0.2439,2.1340,0.1314,0.1314,0.0000,53009
41,16,square_waypoints,0.01,0.003,0.0,0.12,high_slip,constrained_fisher,g1.00_1.00_s0.20,0.0000,0.7885,0.6351,12.3525,0.0679,0.1421,1.3416,0.0876,0.0876,0.0000,53010
42,16,square_waypoints,0.01,0.003,0.0,0.12,left_gain_loss,null_probe,g0.60_0.90_s0.02,0.1200,1.8640,0.2714,8.5700,0.0356,0.0969,0.8257,0.0851,0.0807,-0.0044,54011
42,16,square_waypoints,0.01,0.003,0.0,0.12,left_gain_loss,unpaired_null,g0.60_1.00_s0.02,0.0200,1.4021,0.5549,8.5700,0.0540,0.1788,1.6960,0.0437,0.1408,0.0971,54012
42,16,square_waypoints,0.01,0.003,0.0,0.12,left_gain_loss,random_probe,g0.60_1.00_s0.02,0.0200,2.0072,0.3033,4.4976,0.1609,0.1677,1.6101,0.0793,0.1379,0.0586,54013
42,16,square_waypoints,0.01,0.003,0.0,0.12,left_gain_loss,task_greedy,g0.60_1.00_s0.02,0.0200,1.6923,0.2609,8.2837,0.8646,0.8662,7.5435,0.0743,0.0058,-0.0685,54014
42,16,square_waypoints,0.01,0.003,0.0,0.12,left_gain_loss,fisher_grid,g0.60_1.00_s0.02,0.0200,1.2114,0.4980,11.3400,0.1897,0.1803,1.5734,0.0173,0.1132,0.0959,54015
42,16,square_waypoints,0.01,0.003,0.0,0.12,left_gain_loss,constrained_fisher,g0.60_1.00_s0.02,0.0200,0.9465,0.6488,12.6563,0.0752,0.1120,1.0174,0.0243,0.1790,0.1547,54016
42,16,square_waypoints,0.01,0.003,0.0,0.12,right_gain_loss,null_probe,g1.00_0.60_s0.10,0.1000,1.5808,0.3826,8.5700,0.0266,0.1099,0.7783,0.0643,0.0242,-0.0401,54017
42,16,square_waypoints,0.01,0.003,0.0,0.12,right_gain_loss,unpaired_null,g1.00_0.60_s0.02,0.0200,1.6302,0.3989,8.5700,0.0802,0.2755,2.2453,0.0290,0.0086,-0.0204,54018
42,16,square_waypoints,0.01,0.003,0.0,0.12,right_gain_loss,random_probe,g1.00_0.60_s0.10,0.1000,1.9742,0.2024,5.0840,0.2585,0.3357,3.4281,0.0186,0.0256,0.0070,54019
42,16,square_waypoints,0.01,0.003,0.0,0.12,right_gain_loss,task_greedy,g0.90_0.60_s0.20,0.3000,1.9208,0.2108,8.2467,0.8858,0.8855,7.6978,0.0823,0.0956,0.0133,54020
42,16,square_waypoints,0.01,0.003,0.0,0.12,right_gain_loss,fisher_grid,g1.00_0.60_s0.02,0.0200,0.7736,0.7586,11.3400,0.1881,0.1886,1.5728,0.0601,0.1148,0.0546,54021
42,16,square_waypoints,0.01,0.003,0.0,0.12,right_gain_loss,constrained_fisher,g0.90_0.75_s0.02,0.2300,0.9214,0.7009,12.9600,0.0474,0.1031,0.8692,0.0188,0.0276,0.0088,54022
42,16,square_waypoints,0.01,0.003,0.0,0.12,symmetric_low_power,null_probe,g0.75_0.75_s0.02,0.0600,1.8444,0.3521,8.5700,0.0366,0.0755,0.5698,0.0524,0.0704,0.0180,54023
42,16,square_waypoints,0.01,0.003,0.0,0.12,symmetric_low_power,unpaired_null,g0.75_0.75_s0.10,0.1400,1.9833,0.2885,8.5700,0.0372,0.2208,1.7634,0.0213,0.0320,0.0107,54024
42,16,square_waypoints,0.01,0.003,0.0,0.12,symmetric_low_power,random_probe,g0.75_0.75_s0.20,0.2400,2.7139,0.1718,3.8578,0.3337,0.3306,2.7646,0.0569,0.0298,-0.0271,54025
42,16,square_waypoints,0.01,0.003,0.0,0.12,symmetric_low_power,task_greedy,g0.75_0.75_s0.20,0.2400,1.8048,0.2789,7.8404,0.7876,0.7965,6.7668,0.0195,0.0445,0.0250,54026
42,16,square_waypoints,0.01,0.003,0.0,0.12,symmetric_low_power,fisher_grid,g0.75_0.75_s0.02,0.0600,1.6530,0.3453,11.3400,0.1543,0.1310,1.2067,0.0269,0.0400,0.0131,54027
42,16,square_waypoints,0.01,0.003,0.0,0.12,symmetric_low_power,constrained_fisher,g0.75_0.75_s0.02,0.0600,0.6318,0.8297,12.9600,0.0282,0.0732,0.6399,0.0429,0.0631,0.0203,54028
42,16,square_waypoints,0.01,0.003,0.0,0.12,high_slip,null_probe,g1.00_1.00_s0.20,0.0000,1.2249,0.5124,8.5700,0.0224,0.1041,0.9870,0.0760,0.0760,0.0000,54029
42,16,square_waypoints,0.01,0.003,0.0,0.12,high_slip,unpaired_null,g1.00_1.00_s0.20,0.0000,1.1028,0.5813,8.5700,0.0847,0.2778,2.3864,0.0576,0.0576,0.0000,54030
42,16,square_waypoints,0.01,0.003,0.0,0.12,high_slip,random_probe,g1.00_0.90_s0.20,0.1000,1.3241,0.4078,4.2951,0.4342,0.4146,4.1112,0.0647,0.1940,0.1293,54031
42,16,square_waypoints,0.01,0.003,0.0,0.12,high_slip,task_greedy,g1.00_1.00_s0.02,0.1800,2.3387,0.1603,7.8411,1.1252,1.1266,9.6320,0.0935,0.0935,0.0000,54032
42,16,square_waypoints,0.01,0.003,0.0,0.12,high_slip,fisher_grid,g1.00_1.00_s0.20,0.0000,0.5947,0.8515,11.3400,0.3244,0.3399,3.1065,0.0937,0.0937,0.0000,54033
42,16,square_waypoints,0.01,0.003,0.0,0.12,high_slip,constrained_fisher,g1.00_1.00_s0.10,0.1000,1.9199,0.2431,8.3025,0.1091,0.1500,1.7750,0.1544,0.1544,0.0000,54034
43,16,square_waypoints,0.01,0.003,0.0,0.12,left_gain_loss,null_probe,g0.60_1.00_s0.10,0.1000,1.8897,0.2980,8.5700,0.0616,0.0957,0.7971,0.0115,0.0182,0.0068,55035
43,16,square_waypoints,0.01,0.003,0.0,0.12,left_gain_loss,unpaired_null,g0.75_1.00_s0.02,0.1300,1.5095,0.5128,8.5700,0.0075,0.1805,1.6288,0.1573,0.0528,-0.1044,55036
43,16,square_waypoints,0.01,0.003,0.0,0.12,left_gain_loss,random_probe,g0.75_0.90_s0.10,0.3100,3.0442,0.1359,2.6278,0.1088,0.1918,1.5518,0.1493,0.0668,-0.0825,55037
43,16,square_waypoints,0.01,0.003,0.0,0.12,left_gain_loss,task_greedy,g0.60_1.00_s0.02,0.0200,1.7978,0.2371,8.2709,0.8729,0.8602,7.5074,0.0278,0.0221,-0.0057,55038
43,16,square_waypoints,0.01,0.003,0.0,0.12,left_gain_loss,fisher_grid,g0.60_1.00_s0.02,0.0200,0.7894,0.7615,11.3400,0.1855,0.1863,1.6026,0.0342,0.1251,0.0909,55039
43,16,square_waypoints,0.01,0.003,0.0,0.12,left_gain_loss,constrained_fisher,g0.60_1.00_s0.02,0.0200,0.6150,0.8399,12.6563,0.0854,0.0976,0.9567,0.0421,0.1306,0.0886,55040
43,16,square_waypoints,0.01,0.003,0.0,0.12,right_gain_loss,null_probe,g1.00_0.60_s0.02,0.0200,1.8237,0.3108,8.5700,0.0462,0.0770,0.6985,0.0217,0.2131,0.1913,55041
43,16,square_waypoints,0.01,0.003,0.0,0.12,right_gain_loss,unpaired_null,g1.00_0.75_s0.02,0.1300,1.6928,0.4108,8.5700,0.0237,0.2726,2.1967,0.0240,0.0246,0.0006,55042
43,16,square_waypoints,0.01,0.003,0.0,0.12,right_gain_loss,random_probe,g1.00_0.60_s0.02,0.0200,1.8788,0.3111,3.6082,0.1342,0.1265,1.1657,0.0264,0.0326,0.0062,55043
43,16,square_waypoints,0.01,0.003,0.0,0.12,right_gain_loss,task_greedy,g1.00_0.60_s0.02,0.0200,1.6013,0.2907,8.2805,0.8978,0.8849,7.7558,0.0292,0.0870,0.0578,55044
43,16,square_waypoints,0.01,0.003,0.0,0.12,right_gain_loss,fisher_grid,g1.00_0.60_s0.02,0.0200,0.7364,0.7789,11.3400,0.2044,0.1964,1.6673,0.0260,0.0175,-0.0085,55045
43,16,square_waypoints,0.01,0.003,0.0,0.12,right_gain_loss,constrained_fisher,g0.90_0.60_s0.02,0.1200,0.9594,0.5298,12.9600,0.0300,0.1028,0.8254,0.0510,0.0090,-0.0420,55046
43,16,square_waypoints,0.01,0.003,0.0,0.12,symmetric_low_power,null_probe,g0.75_0.75_s0.10,0.1400,2.1288,0.2749,8.5700,0.0088,0.0717,0.6206,0.0254,0.0653,0.0399,55047
43,16,square_waypoints,0.01,0.003,0.0,0.12,symmetric_low_power,unpaired_null,g0.75_0.75_s0.10,0.1400,1.7619,0.4289,8.5700,0.0231,0.2108,1.7050,0.0401,0.0207,-0.0194,55048
43,16,square_waypoints,0.01,0.003,0.0,0.12,symmetric_low_power,random_probe,g0.75_0.75_s0.02,0.0600,2.7483,0.2122,3.5044,0.1663,0.1779,1.6400,0.0383,0.0500,0.0117,55049
43,16,square_waypoints,0.01,0.003,0.0,0.12,symmetric_low_power,task_greedy,g0.75_0.75_s0.02,0.0600,1.9938,0.2538,7.8410,0.8231,0.8207,6.9677,0.0480,0.0260,-0.0219,55050
43,16,square_waypoints,0.01,0.003,0.0,0.12,symmetric_low_power,fisher_grid,g0.75_0.75_s0.10,0.1400,1.0457,0.5881,11.3400,0.1619,0.1487,1.3251,0.0566,0.0829,0.0264,55051
43,16,square_waypoints,0.01,0.003,0.0,0.12,symmetric_low_power,constrained_fisher,g0.75_0.75_s0.02,0.0600,0.5506,0.8573,12.9600,0.0186,0.0710,0.6228,0.0254,0.0338,0.0083,55052
43,16,square_waypoints,0.01,0.003,0.0,0.12,high_slip,null_probe,g1.00_1.00_s0.20,0.0000,1.4215,0.5789,8.5700,0.0305,0.1011,0.8376,0.2630,0.2630,0.0000,55053
43,16,square_waypoints,0.01,0.003,0.0,0.12,high_slip,unpaired_null,g1.00_1.00_s0.20,0.0000,1.3609,0.4240,8.5700,0.0906,0.3115,2.7089,0.1605,0.1605,0.0000,55054
43,16,square_waypoints,0.01,0.003,0.0,0.12,high_slip,random_probe,g1.00_1.00_s0.20,0.0000,1.3056,0.5301,3.6961,0.1034,0.1410,1.3340,0.0129,0.0129,0.0000,55055
43,16,square_waypoints,0.01,0.003,0.0,0.12,high_slip,task_greedy,g0.90_1.00_s0.20,0.1000,2.4362,0.1104,7.8404,1.1023,1.1146,9.5004,0.1015,0.1982,0.0967,55056
43,16,square_waypoints,0.01,0.003,0.0,0.12,high_slip,fisher_grid,g1.00_0.90_s0.20,0.1000,1.3208,0.3766,11.3400,0.2397,0.3455,3.4870,0.1500,0.2406,0.0906,55057
43,16,square_waypoints,0.01,0.003,0.0,0.12,high_slip,constrained_fisher,g1.00_1.00_s0.20,0.0000,1.7922,0.3460,9.3150,0.1066,0.1240,1.7260,0.0742,0.0742,0.0000,55058
44,16,square_waypoints,0.01,0.003,0.0,0.12,left_gain_loss,null_probe,g0.60_1.00_s0.02,0.0200,1.4667,0.3806,8.5700,0.0388,0.1040,0.8055,0.0723,0.0427,-0.0295,56059
44,16,square_waypoints,0.01,0.003,0.0,0.12,left_gain_loss,unpaired_null,g0.60_1.00_s0.02,0.0200,1.0204,0.6181,8.5700,0.0166,0.1635,1.3969,0.0540,0.0278,-0.0262,56060
44,16,square_waypoints,0.01,0.003,0.0,0.12,left_gain_loss,random_probe,g0.60_1.00_s0.02,0.0200,2.1363,0.2521,3.5808,0.1067,0.1597,1.6424,0.0626,0.1870,0.1244,56061
44,16,square_waypoints,0.01,0.003,0.0,0.12,left_gain_loss,task_greedy,g0.60_1.00_s0.02,0.0200,2.1377,0.1892,8.2388,0.9065,0.8899,7.6836,0.0931,0.0236,-0.0695,56062
44,16,square_waypoints,0.01,0.003,0.0,0.12,left_gain_loss,fisher_grid,g0.60_1.00_s0.02,0.0200,0.9869,0.5759,11.3400,0.1980,0.1975,1.6807,0.0580,0.0413,-0.0167,56063
44,16,square_waypoints,0.01,0.003,0.0,0.12,left_gain_loss,constrained_fisher,g0.60_1.00_s0.02,0.0200,0.6168,0.8408,12.9600,0.0407,0.0980,0.7967,0.0755,0.0893,0.0137,56064
44,16,square_waypoints,0.01,0.003,0.0,0.12,right_gain_loss,null_probe,g1.00_0.60_s0.02,0.0200,1.6638,0.4123,8.5700,0.0014,0.0912,0.7131,0.0888,0.1501,0.0614,56065
44,16,square_waypoints,0.01,0.003,0.0,0.12,right_gain_loss,unpaired_null,g1.00_0.60_s0.02,0.0200,1.5247,0.4942,8.5700,0.0087,0.2779,2.2487,0.0267,0.0321,0.0054,56066
44,16,square_waypoints,0.01,0.003,0.0,0.12,right_gain_loss,random_probe,g1.00_0.60_s0.02,0.0200,2.2008,0.2310,4.3830,0.1904,0.1906,2.1996,0.0119,0.0369,0.0249,56067
44,16,square_waypoints,0.01,0.003,0.0,0.12,right_gain_loss,task_greedy,g1.00_0.60_s0.02,0.0200,1.6773,0.2876,8.2791,0.8664,0.8834,7.6278,0.0214,0.0505,0.0291,56068
44,16,square_waypoints,0.01,0.003,0.0,0.12,right_gain_loss,fisher_grid,g1.00_0.60_s0.02,0.0200,1.0689,0.6978,11.3400,0.1570,0.1789,1.5420,0.0460,0.0481,0.0020,56069
44,16,square_waypoints,0.01,0.003,0.0,0.12,right_gain_loss,constrained_fisher,g1.00_0.60_s0.02,0.0200,1.1938,0.6247,12.9600,0.0435,0.1102,0.9594,0.0214,0.0339,0.0125,56070
44,16,square_waypoints,0.01,0.003,0.0,0.12,symmetric_low_power,null_probe,g0.75_0.75_s0.02,0.0600,1.7956,0.4179,8.5700,0.0157,0.0784,0.6906,0.0505,0.0398,-0.0107,56071
44,16,square_waypoints,0.01,0.003,0.0,0.12,symmetric_low_power,unpaired_null,g0.60_0.75_s0.02,0.1500,1.7745,0.3790,8.5700,0.0180,0.2011,1.5882,0.0264,0.0511,0.0247,56072
44,16,square_waypoints,0.01,0.003,0.0,0.12,symmetric_low_power,random_probe,g0.75_0.75_s0.02,0.0600,2.3763,0.2105,5.0130,0.2474,0.2354,1.7290,0.0296,0.0972,0.0676,56073
44,16,square_waypoints,0.01,0.003,0.0,0.12,symmetric_low_power,task_greedy,g0.75_0.75_s0.20,0.2400,2.0250,0.2450,7.8405,0.8079,0.8032,6.8207,0.0503,0.0366,-0.0137,56074
44,16,square_waypoints,0.01,0.003,0.0,0.12,symmetric_low_power,fisher_grid,g0.60_0.75_s0.20,0.3300,1.9719,0.2470,11.3400,0.1059,0.1312,1.2349,0.0259,0.0759,0.0501,56075
44,16,square_waypoints,0.01,0.003,0.0,0.12,symmetric_low_power,constrained_fisher,g0.75_0.75_s0.02,0.0600,1.6743,0.3179,12.9600,0.0340,0.0833,0.6585,0.0347,0.0766,0.0419,56076
44,16,square_waypoints,0.01,0.003,0.0,0.12,high_slip,null_probe,g0.90_1.00_s0.20,0.1000,1.3713,0.3903,8.5700,0.1227,0.1494,1.2830,0.3211,0.0367,-0.2844,56077
44,16,square_waypoints,0.01,0.003,0.0,0.12,high_slip,unpaired_null,g1.00_1.00_s0.20,0.0000,0.5129,0.8692,8.5700,0.0574,0.3238,2.6925,0.2663,0.2663,0.0000,56078
44,16,square_waypoints,0.01,0.003,0.0,0.12,high_slip,random_probe,g1.00_1.00_s0.20,0.0000,1.3365,0.4796,3.9289,0.3385,0.3248,3.0958,0.2681,0.2681,0.0000,56079
44,16,square_waypoints,0.01,0.003,0.0,0.12,high_slip,task_greedy,g1.00_1.00_s0.02,0.1800,1.5629,0.2948,7.8407,1.1531,1.1435,9.7208,0.2156,0.2156,0.0000,56080
44,16,square_waypoints,0.01,0.003,0.0,0.12,high_slip,fisher_grid,g1.00_1.00_s0.20,0.0000,0.8476,0.7284,11.3400,0.2391,0.2471,2.5526,0.1017,0.1017,0.0000,56081
44,16,square_waypoints,0.01,0.003,0.0,0.12,high_slip,constrained_fisher,g1.00_1.00_s0.20,0.0000,1.1052,0.5520,6.8850,0.1331,0.2000,2.1235,0.1616,0.1616,0.0000,56082
45,16,square_waypoints,0.01,0.003,0.0,0.12,left_gain_loss,null_probe,g0.75_1.00_s0.02,0.1300,1.6880,0.4710,8.5700,0.0584,0.0920,0.8628,0.0140,0.2160,0.2020,57083
45,16,square_waypoints,0.01,0.003,0.0,0.12,left_gain_loss,unpaired_null,g0.60_0.90_s0.02,0.1200,1.5238,0.3864,8.5700,0.0898,0.1870,1.8191,0.0623,0.0270,-0.0353,57084
45,16,square_waypoints,0.01,0.003,0.0,0.12,left_gain_loss,random_probe,g0.60_1.00_s0.02,0.0200,1.8457,0.3499,3.1773,0.1603,0.1959,1.9082,0.0275,0.0146,-0.0129,57085
45,16,square_waypoints,0.01,0.003,0.0,0.12,left_gain_loss,task_greedy,g0.60_1.00_s0.20,0.2000,1.7458,0.2305,8.2532,0.8568,0.8594,7.5731,0.0332,0.0337,0.0005,57086
45,16,square_waypoints,0.01,0.003,0.0,0.12,left_gain_loss,fisher_grid,g0.60_1.00_s0.02,0.0200,1.0339,0.6514,11.3400,0.1985,0.1824,1.6265,0.0518,0.1465,0.0947,57087
45,16,square_waypoints,0.01,0.003,0.0,0.12,left_gain_loss,constrained_fisher,g0.60_1.00_s0.02,0.0200,0.2414,0.9487,12.9600,0.0356,0.1034,0.9271,0.0702,0.0255,-0.0447,57088
45,16,square_waypoints,0.01,0.003,0.0,0.12,right_gain_loss,null_probe,g1.00_0.60_s0.02,0.0200,1.4099,0.4546,8.5700,0.0551,0.0833,0.7530,0.0796,0.1563,0.0767,57089
45,16,square_waypoints,0.01,0.003,0.0,0.12,right_gain_loss,unpaired_null,g1.00_0.60_s0.10,0.1000,1.5851,0.3608,8.5700,0.0506,0.2799,2.2642,0.0126,0.0237,0.0111,57090
45,16,square_waypoints,0.01,0.003,0.0,0.12,right_gain_loss,random_probe,g1.00_0.60_s0.10,0.1000,2.1501,0.2633,4.5863,0.2066,0.2307,1.8522,0.0169,0.0140,-0.0029,57091
45,16,square_waypoints,0.01,0.003,0.0,0.12,right_gain_loss,task_greedy,g1.00_0.60_s0.02,0.0200,1.6687,0.2704,8.2470,0.8509,0.8790,7.7700,0.0147,0.0271,0.0124,57092
45,16,square_waypoints,0.01,0.003,0.0,0.12,right_gain_loss,fisher_grid,g1.00_0.60_s0.10,0.1000,1.0690,0.5390,11.3400,0.1969,0.1986,1.6000,0.0651,0.0479,-0.0172,57093
45,16,square_waypoints,0.01,0.003,0.0,0.12,right_gain_loss,constrained_fisher,g1.00_0.60_s0.02,0.0200,0.4478,0.9043,12.9600,0.0359,0.0930,0.7465,0.0878,0.1008,0.0129,57094
45,16,square_waypoints,0.01,0.003,0.0,0.12,symmetric_low_power,null_probe,g0.75_0.75_s0.02,0.0600,1.5680,0.4911,8.5700,0.0233,0.0654,0.5798,0.0195,0.0977,0.0782,57095
45,16,square_waypoints,0.01,0.003,0.0,0.12,symmetric_low_power,unpaired_null,g0.75_0.75_s0.02,0.0600,1.0611,0.7021,8.5700,0.0153,0.2137,1.8045,0.0196,0.0336,0.0140,57096
45,16,square_waypoints,0.01,0.003,0.0,0.12,symmetric_low_power,random_probe,g0.75_0.75_s0.02,0.0600,2.5430,0.2333,4.4759,0.1094,0.1498,1.0781,0.0389,0.0379,-0.0010,57097
45,16,square_waypoints,0.01,0.003,0.0,0.12,symmetric_low_power,task_greedy,g0.75_0.75_s0.02,0.0600,1.9372,0.2549,7.8410,0.8531,0.8222,7.0144,0.0191,0.0644,0.0453,57098
45,16,square_waypoints,0.01,0.003,0.0,0.12,symmetric_low_power,fisher_grid,g0.60_0.75_s0.02,0.1500,1.4669,0.4498,11.3400,0.1630,0.1636,1.4543,0.0459,0.0748,0.0289,57099
45,16,square_waypoints,0.01,0.003,0.0,0.12,symmetric_low_power,constrained_fisher,g0.75_0.75_s0.02,0.0600,1.1945,0.5906,12.9600,0.0319,0.0979,0.8404,0.0311,0.0231,-0.0080,57100
45,16,square_waypoints,0.01,0.003,0.0,0.12,high_slip,null_probe,g1.00_1.00_s0.20,0.0000,1.3868,0.5602,8.5700,0.1869,0.2698,2.3343,0.1541,0.1541,0.0000,57101
45,16,square_waypoints,0.01,0.003,0.0,0.12,high_slip,unpaired_null,g1.00_1.00_s0.20,0.0000,1.4602,0.4860,8.5700,0.0548,0.2913,2.4324,0.0120,0.0120,0.0000,57102
45,16,square_waypoints,0.01,0.003,0.0,0.12,high_slip,random_probe,g1.00_1.00_s0.20,0.0000,1.1170,0.6068,3.3625,0.1204,0.1496,1.3134,0.1970,0.1970,0.0000,57103
45,16,square_waypoints,0.01,0.003,0.0,0.12,high_slip,task_greedy,g1.00_1.00_s0.02,0.1800,1.8228,0.2639,7.8405,1.1301,1.1276,9.6989,0.0735,0.0735,0.0000,57104
45,16,square_waypoints,0.01,0.003,0.0,0.12,high_slip,fisher_grid,g1.00_1.00_s0.20,0.0000,0.9543,0.6856,11.3400,0.2237,0.2554,2.5109,0.1704,0.1704,0.0000,57105
45,16,square_waypoints,0.01,0.003,0.0,0.12,high_slip,constrained_fisher,g1.00_1.00_s0.20,0.0000,0.9571,0.6764,12.3525,0.1405,0.1633,1.7593,0.1384,0.1384,0.0000,57106
46,16,square_waypoints,0.01,0.003,0.0,0.12,left_gain_loss,null_probe,g0.60_0.90_s0.02,0.1200,1.6442,0.4023,8.5700,0.0429,0.0977,0.7847,0.0154,0.0187,0.0033,58107
46,16,square_waypoints,0.01,0.003,0.0,0.12,left_gain_loss,unpaired_null,g0.75_1.00_s0.02,0.1300,1.8918,0.2951,8.5700,0.0332,0.1723,1.5296,0.0281,0.1714,0.1433,58108
46,16,square_waypoints,0.01,0.003,0.0,0.12,left_gain_loss,random_probe,g0.60_1.00_s0.02,0.0200,1.9555,0.2793,3.8679,0.0836,0.1426,1.3248,0.0361,0.0260,-0.0100,58109
46,16,square_waypoints,0.01,0.003,0.0,0.12,left_gain_loss,task_greedy,g0.60_1.00_s0.02,0.0200,1.7811,0.2312,8.2479,0.8564,0.8670,7.5923,0.0116,0.1794,0.1677,58110
46,16,square_waypoints,0.01,0.003,0.0,0.12,left_gain_loss,fisher_grid,g0.60_1.00_s0.02,0.0200,0.8192,0.6662,11.3400,0.1969,0.1869,1.5764,0.0849,0.0676,-0.0173,58111
46,16,square_waypoints,0.01,0.003,0.0,0.12,left_gain_loss,constrained_fisher,g0.60_1.00_s0.02,0.0200,0.7179,0.7955,12.9600,0.0111,0.0952,0.8178,0.0421,0.1424,0.1003,58112
46,16,square_waypoints,0.01,0.003,0.0,0.12,right_gain_loss,null_probe,g1.00_0.60_s0.02,0.0200,1.0870,0.5952,8.5700,0.0554,0.1006,0.9100,0.0396,0.1005,0.0609,58113
46,16,square_waypoints,0.01,0.003,0.0,0.12,right_gain_loss,unpaired_null,g1.00_0.60_s0.02,0.0200,1.5624,0.4950,8.5700,0.0538,0.2772,2.3406,0.0958,0.0183,-0.0775,58114
46,16,square_waypoints,0.01,0.003,0.0,0.12,right_gain_loss,random_probe,g1.00_0.60_s0.02,0.0200,1.8418,0.3442,4.2411,0.2034,0.2828,2.8678,0.0680,0.0228,-0.0452,58115
46,16,square_waypoints,0.01,0.003,0.0,0.12,right_gain_loss,task_greedy,g1.00_0.60_s0.02,0.0200,1.5635,0.2962,8.2628,0.8530,0.8629,7.5122,0.0849,0.0259,-0.0590,58116
46,16,square_waypoints,0.01,0.003,0.0,0.12,right_gain_loss,fisher_grid,g1.00_0.60_s0.02,0.0200,1.9926,0.2664,11.3400,0.1874,0.1849,1.6135,0.0952,0.1144,0.0192,58117
46,16,square_waypoints,0.01,0.003,0.0,0.12,right_gain_loss,constrained_fisher,g1.00_0.60_s0.02,0.0200,0.9814,0.7278,12.0488,0.0884,0.1071,1.2235,0.0176,0.0385,0.0209,58118
46,16,square_waypoints,0.01,0.003,0.0,0.12,symmetric_low_power,null_probe,g0.75_0.75_s0.02,0.0600,1.3257,0.5692,8.5700,0.0309,0.0725,0.5692,0.0378,0.0464,0.0085,58119
46,16,square_waypoints,0.01,0.003,0.0,0.12,symmetric_low_power,unpaired_null,g0.75_0.75_s0.02,0.0600,1.4427,0.5604,8.5700,0.0359,0.1933,1.5329,0.0273,0.0484,0.0211,58120
46,16,square_waypoints,0.01,0.003,0.0,0.12,symmetric_low_power,random_probe,g0.75_0.75_s0.02,0.0600,2.5893,0.2012,3.3221,0.1250,0.1456,1.4621,0.0579,0.0830,0.0251,58121
46,16,square_waypoints,0.01,0.003,0.0,0.12,symmetric_low_power,task_greedy,g0.75_0.75_s0.20,0.2400,2.1651,0.2168,7.8404,0.8359,0.8279,7.1445,0.0515,0.0699,0.0184,58122
46,16,square_waypoints,0.01,0.003,0.0,0.12,symmetric_low_power,fisher_grid,g0.75_0.75_s0.02,0.0600,1.0366,0.5893,11.3400,0.1338,0.1355,1.2651,0.0405,0.0675,0.0270,58123
46,16,square_waypoints,0.01,0.003,0.0,0.12,symmetric_low_power,constrained_fisher,g0.60_0.75_s0.10,0.2300,1.4254,0.3976,12.9600,0.0164,0.0703,0.5972,0.0226,0.0491,0.0265,58124
46,16,square_waypoints,0.01,0.003,0.0,0.12,high_slip,null_probe,g1.00_1.00_s0.20,0.0000,0.8554,0.7716,8.5700,0.0356,0.0969,0.9645,0.1404,0.1404,0.0000,58125
46,16,square_waypoints,0.01,0.003,0.0,0.12,high_slip,unpaired_null,g1.00_1.00_s0.10,0.1000,1.3137,0.5828,8.5700,0.0358,0.2716,2.1491,0.1099,0.1099,0.0000,58126
46,16,square_waypoints,0.01,0.003,0.0,0.12,high_slip,random_probe,g0.90_1.00_s0.20,0.1000,1.4496,0.4108,5.0060,0.3007,0.3576,3.5428,0.1725,0.0730,-0.0995,58127
46,16,square_waypoints,0.01,0.003,0.0,0.12,high_slip,task_greedy,g1.00_1.00_s0.02,0.1800,2.2383,0.1943,7.8411,1.1386,1.1210,9.4905,0.0953,0.0953,0.0000,58128
46,16,square_waypoints,0.01,0.003,0.0,0.12,high_slip,fisher_grid,g1.00_1.00_s0.20,0.0000,1.3352,0.5499,11.3400,0.2443,0.2651,2.1128,0.1833,0.1833,0.0000,58129
46,16,square_waypoints,0.01,0.003,0.0,0.12,high_slip,constrained_fisher,g1.00_1.00_s0.20,0.0000,0.8441,0.7636,11.5425,0.1081,0.1562,1.5286,0.0726,0.0726,0.0000,58130
47,16,square_waypoints,0.01,0.003,0.0,0.12,left_gain_loss,null_probe,g0.60_1.00_s0.02,0.0200,1.2990,0.5527,8.5700,0.0569,0.0883,0.7440,0.0799,0.0453,-0.0346,59131
47,16,square_waypoints,0.01,0.003,0.0,0.12,left_gain_loss,unpaired_null,g0.60_1.00_s0.10,0.1000,1.8077,0.4132,8.5700,0.0343,0.1828,1.6924,0.0315,0.0196,-0.0120,59132
47,16,square_waypoints,0.01,0.003,0.0,0.12,left_gain_loss,random_probe,g0.75_0.90_s0.10,0.3100,2.7051,0.1212,3.5161,0.4088,0.4321,3.0230,0.0931,0.1021,0.0089,59133
47,16,square_waypoints,0.01,0.003,0.0,0.12,left_gain_loss,task_greedy,g0.75_1.00_s0.02,0.1300,2.0709,0.1667,8.2678,0.8892,0.8827,7.7385,0.1027,0.0097,-0.0930,59134
47,16,square_waypoints,0.01,0.003,0.0,0.12,left_gain_loss,fisher_grid,g0.60_1.00_s0.02,0.0200,0.8819,0.6955,11.3400,0.2193,0.2024,1.8190,0.0111,0.0124,0.0013,59135
47,16,square_waypoints,0.01,0.003,0.0,0.12,left_gain_loss,constrained_fisher,g0.60_1.00_s0.10,0.1000,0.6192,0.7902,12.6563,0.0848,0.1045,0.9336,0.0757,0.0133,-0.0624,59136
47,16,square_waypoints,0.01,0.003,0.0,0.12,right_gain_loss,null_probe,g1.00_0.60_s0.10,0.1000,1.8653,0.3232,8.5700,0.0353,0.0932,0.7365,0.0222,0.0363,0.0142,59137
47,16,square_waypoints,0.01,0.003,0.0,0.12,right_gain_loss,unpaired_null,g1.00_0.75_s0.10,0.2100,1.8329,0.2451,8.5700,0.0656,0.2910,2.4072,0.0979,0.1751,0.0772,59138
47,16,square_waypoints,0.01,0.003,0.0,0.12,right_gain_loss,random_probe,g1.00_0.60_s0.02,0.0200,2.1007,0.2372,4.0516,0.0781,0.1294,1.0638,0.0214,0.0614,0.0400,59139
47,16,square_waypoints,0.01,0.003,0.0,0.12,right_gain_loss,task_greedy,g0.90_0.60_s0.20,0.3000,1.8759,0.2084,8.2632,0.8573,0.8465,7.4572,0.0668,0.1531,0.0863,59140
47,16,square_waypoints,0.01,0.003,0.0,0.12,right_gain_loss,fisher_grid,g0.90_0.60_s0.02,0.1200,1.4703,0.4229,11.3400,0.1794,0.1756,1.4670,0.0437,0.1514,0.1077,59141
47,16,square_waypoints,0.01,0.003,0.0,0.12,right_gain_loss,constrained_fisher,g1.00_0.60_s0.02,0.0200,1.4227,0.4652,12.9600,0.0372,0.0988,0.8543,0.1032,0.1607,0.0575,59142
47,16,square_waypoints,0.01,0.003,0.0,0.12,symmetric_low_power,null_probe,g0.75_0.75_s0.02,0.0600,2.0136,0.3476,8.5700,0.0191,0.0755,0.6534,0.0560,0.0587,0.0027,59143
47,16,square_waypoints,0.01,0.003,0.0,0.12,symmetric_low_power,unpaired_null,g0.75_0.75_s0.02,0.0600,1.3299,0.5641,8.5700,0.0335,0.2100,1.6852,0.0178,0.0696,0.0518,59144
47,16,square_waypoints,0.01,0.003,0.0,0.12,symmetric_low_power,random_probe,g0.75_0.75_s0.02,0.0600,2.5172,0.1902,4.0522,0.1668,0.1561,1.4385,0.0305,0.0846,0.0541,59145
47,16,square_waypoints,0.01,0.003,0.0,0.12,symmetric_low_power,task_greedy,g0.75_0.75_s0.02,0.0600,1.7280,0.2889,7.8406,0.7933,0.8130,6.8027,0.0391,0.0502,0.0111,59146
47,16,square_waypoints,0.01,0.003,0.0,0.12,symmetric_low_power,fisher_grid,g0.60_0.75_s0.02,0.1500,1.7309,0.2831,11.3400,0.1340,0.1470,1.3260,0.0604,0.0793,0.0189,59147
47,16,square_waypoints,0.01,0.003,0.0,0.12,symmetric_low_power,constrained_fisher,g0.75_0.60_s0.02,0.1500,1.2241,0.4575,12.9600,0.0081,0.0819,0.7620,0.0226,0.0390,0.0165,59148
47,16,square_waypoints,0.01,0.003,0.0,0.12,high_slip,null_probe,g0.90_0.90_s0.20,0.2000,1.3986,0.3625,8.5700,0.0657,0.0991,1.1320,0.1363,0.1522,0.0160,59149
47,16,square_waypoints,0.01,0.003,0.0,0.12,high_slip,unpaired_null,g1.00_1.00_s0.20,0.0000,0.9191,0.7184,8.5700,0.1217,0.3017,2.5423,0.1006,0.1006,0.0000,59150
47,16,square_waypoints,0.01,0.003,0.0,0.12,high_slip,random_probe,g1.00_1.00_s0.10,0.1000,2.1765,0.2440,2.7157,0.4029,0.4034,3.7022,0.0671,0.0671,0.0000,59151
47,16,square_waypoints,0.01,0.003,0.0,0.12,high_slip,task_greedy,g1.00_1.00_s0.20,0.0000,1.8315,0.2616,7.8407,1.1472,1.1251,9.5774,0.1185,0.1185,0.0000,59152
47,16,square_waypoints,0.01,0.003,0.0,0.12,high_slip,fisher_grid,g1.00_1.00_s0.20,0.0000,0.2803,0.9440,11.3400,0.1997,0.2216,2.3166,0.0847,0.0847,0.0000,59153
47,16,square_waypoints,0.01,0.003,0.0,0.12,high_slip,constrained_fisher,g1.00_1.00_s0.20,0.0000,1.1296,0.6435,12.9600,0.1098,0.1013,1.3811,0.1688,0.1688,0.0000,59154
48,16,square_waypoints,0.01,0.003,0.0,0.12,left_gain_loss,null_probe,g0.60_1.00_s0.02,0.0200,1.2324,0.5008,8.5700,0.0076,0.0875,0.7027,0.0349,0.0299,-0.0050,60155
48,16,square_waypoints,0.01,0.003,0.0,0.12,left_gain_loss,unpaired_null,g0.60_1.00_s0.02,0.0200,1.2929,0.5262,8.5700,0.0243,0.1923,1.7943,0.0414,0.0151,-0.0263,60156
48,16,square_waypoints,0.01,0.003,0.0,0.12,left_gain_loss,random_probe,g0.60_1.00_s0.10,0.1000,2.3563,0.2202,2.9559,0.1426,0.1557,1.5292,0.0637,0.1560,0.0923,60157
48,16,square_waypoints,0.01,0.003,0.0,0.12,left_gain_loss,task_greedy,g0.60_1.00_s0.20,0.2000,1.7301,0.2615,8.2755,0.8453,0.8715,7.5694,0.0295,0.1300,0.1005,60158
48,16,square_waypoints,0.01,0.003,0.0,0.12,left_gain_loss,fisher_grid,g0.60_1.00_s0.02,0.0200,0.5776,0.8439,11.3400,0.1729,0.1762,1.5446,0.0872,0.0782,-0.0091,60159
48,16,square_waypoints,0.01,0.003,0.0,0.12,left_gain_loss,constrained_fisher,g0.60_1.00_s0.02,0.0200,1.4736,0.3884,12.6563,0.0555,0.1034,1.0038,0.0154,0.0501,0.0347,60160
48,16,square_waypoints,0.01,0.003,0.0,0.12,right_gain_loss,null_probe,g1.00_0.60_s0.10,0.1000,1.6508,0.3648,8.5700,0.0310,0.1023,0.7817,0.0305,0.0571,0.0266,60161
48,16,square_waypoints,0.01,0.003,0.0,0.12,right_gain_loss,unpaired_null,g1.00_0.60_s0.02,0.0200,1.0291,0.7009,8.5700,0.0437,0.2799,2.3311,0.0236,0.0266,0.0030,60162
48,16,square_waypoints,0.01,0.003,0.0,0.12,right_gain_loss,random_probe,g0.90_0.60_s0.02,0.1200,2.1820,0.2744,4.3741,0.1609,0.1741,1.2930,0.0613,0.0116,-0.0497,60163
48,16,square_waypoints,0.01,0.003,0.0,0.12,right_gain_loss,task_greedy,g1.00_0.60_s0.20,0.2000,1.7784,0.2267,8.2566,0.8666,0.8833,7.7290,0.0285,0.0727,0.0442,60164
48,16,square_waypoints,0.01,0.003,0.0,0.12,right_gain_loss,fisher_grid,g1.00_0.60_s0.02,0.0200,1.5614,0.3710,11.3400,0.1883,0.1783,1.4917,0.0387,0.0406,0.0019,60165
48,16,square_waypoints,0.01,0.003,0.0,0.12,right_gain_loss,constrained_fisher,g1.00_0.60_s0.02,0.0200,0.3230,0.9300,12.9600,0.0397,0.1109,0.9006,0.0221,0.0196,-0.0025,60166
48,16,square_waypoints,0.01,0.003,0.0,0.12,symmetric_low_power,null_probe,g0.75_0.75_s0.02,0.0600,1.5683,0.4815,8.5700,0.0316,0.0760,0.6904,0.0203,0.0747,0.0544,60167
48,16,square_waypoints,0.01,0.003,0.0,0.12,symmetric_low_power,unpaired_null,g0.75_0.75_s0.02,0.0600,1.8124,0.3390,8.5700,0.0161,0.2230,1.8262,0.0491,0.0534,0.0042,60168
48,16,square_waypoints,0.01,0.003,0.0,0.12,symmetric_low_power,random_probe,g0.90_0.60_s0.02,0.3000,2.3193,0.2765,3.6565,0.0549,0.1164,0.9773,0.0321,0.0543,0.0222,60169
48,16,square_waypoints,0.01,0.003,0.0,0.12,symmetric_low_power,task_greedy,g0.75_0.75_s0.20,0.2400,1.9214,0.2642,7.8403,0.8023,0.7910,6.7527,0.0350,0.0559,0.0210,60170
48,16,square_waypoints,0.01,0.003,0.0,0.12,symmetric_low_power,fisher_grid,g0.75_0.75_s0.02,0.0600,1.2205,0.6004,11.3400,0.1259,0.1259,1.1384,0.0298,0.0604,0.0307,60171
48,16,square_waypoints,0.01,0.003,0.0,0.12,symmetric_low_power,constrained_fisher,g0.75_0.75_s0.02,0.0600,1.3623,0.5423,12.9600,0.0282,0.0868,0.6644,0.0507,0.0768,0.0260,60172
48,16,square_waypoints,0.01,0.003,0.0,0.12,high_slip,null_probe,g1.00_1.00_s0.20,0.0000,1.2153,0.6306,8.5700,0.0452,0.1172,1.0706,0.0611,0.0611,0.0000,60173
48,16,square_waypoints,0.01,0.003,0.0,0.12,high_slip,unpaired_null,g1.00_1.00_s0.20,0.0000,1.4755,0.4665,8.5700,0.0095,0.2926,2.5345,0.0951,0.0951,0.0000,60174
48,16,square_waypoints,0.01,0.003,0.0,0.12,high_slip,random_probe,g1.00_1.00_s0.20,0.0000,1.4417,0.4517,5.0146,0.2922,0.3663,3.7711,0.0590,0.0590,0.0000,60175
48,16,square_waypoints,0.01,0.003,0.0,0.12,high_slip,task_greedy,g1.00_1.00_s0.02,0.1800,1.7891,0.2667,7.8411,1.1063,1.1147,9.5259,0.1951,0.1951,0.0000,60176
48,16,square_waypoints,0.01,0.003,0.0,0.12,high_slip,fisher_grid,g1.00_1.00_s0.20,0.0000,0.8209,0.7758,11.3400,0.2744,0.2891,2.6088,0.1004,0.1004,0.0000,60177
48,16,square_waypoints,0.01,0.003,0.0,0.12,high_slip,constrained_fisher,g1.00_1.00_s0.20,0.0000,1.1814,0.5612,8.3025,0.1759,0.1701,1.9144,0.1142,0.1142,0.0000,60178
49,16,square_waypoints,0.01,0.003,0.0,0.12,left_gain_loss,null_probe,g0.60_1.00_s0.02,0.0200,1.1024,0.6679,8.5700,0.0529,0.1105,0.8733,0.0349,0.0213,-0.0136,61179
49,16,square_waypoints,0.01,0.003,0.0,0.12,left_gain_loss,unpaired_null,g0.60_1.00_s0.10,0.1000,1.6717,0.3655,8.5700,0.0245,0.1773,1.5868,0.0077,0.0102,0.0025,61180
49,16,square_waypoints,0.01,0.003,0.0,0.12,left_gain_loss,random_probe,g0.60_1.00_s0.02,0.0200,2.3057,0.2330,3.8319,0.2243,0.2277,1.8401,0.0334,0.1104,0.0770,61181
49,16,square_waypoints,0.01,0.003,0.0,0.12,left_gain_loss,task_greedy,g0.60_1.00_s0.20,0.2000,1.7754,0.2793,8.2636,0.8703,0.8681,7.5782,0.0866,0.1656,0.0790,61182
49,16,square_waypoints,0.01,0.003,0.0,0.12,left_gain_loss,fisher_grid,g0.60_1.00_s0.02,0.0200,0.3741,0.9089,11.3400,0.1868,0.1807,1.6386,0.1109,0.0380,-0.0729,61183
49,16,square_waypoints,0.01,0.003,0.0,0.12,left_gain_loss,constrained_fisher,g0.60_1.00_s0.02,0.0200,1.3076,0.4762,12.6563,0.0742,0.1038,1.0654,0.0215,0.1135,0.0920,61184
49,16,square_waypoints,0.01,0.003,0.0,0.12,right_gain_loss,null_probe,g1.00_0.60_s0.10,0.1000,1.8086,0.3111,8.5700,0.0558,0.1127,0.8913,0.0676,0.0173,-0.0502,61185
49,16,square_waypoints,0.01,0.003,0.0,0.12,right_gain_loss,unpaired_null,g1.00_0.60_s0.02,0.0200,1.5419,0.3653,8.5700,0.0406,0.2732,2.1402,0.0159,0.1599,0.1440,61186
49,16,square_waypoints,0.01,0.003,0.0,0.12,right_gain_loss,random_probe,g0.90_0.60_s0.02,0.1200,1.9558,0.3017,4.0839,0.1376,0.1144,1.1678,0.1001,0.0995,-0.0006,61187
49,16,square_waypoints,0.01,0.003,0.0,0.12,right_gain_loss,task_greedy,g1.00_0.60_s0.20,0.2000,1.7569,0.2614,8.2578,0.8616,0.8462,7.4309,0.0292,0.0157,-0.0136,61188
49,16,square_waypoints,0.01,0.003,0.0,0.12,right_gain_loss,fisher_grid,g1.00_0.60_s0.02,0.0200,1.0874,0.5828,11.3400,0.1842,0.1775,1.4783,0.0793,0.0206,-0.0588,61189
49,16,square_waypoints,0.01,0.003,0.0,0.12,right_gain_loss,constrained_fisher,g1.00_0.60_s0.02,0.0200,1.6189,0.4486,12.6563,0.0781,0.1082,1.0336,0.0171,0.1528,0.1357,61190
49,16,square_waypoints,0.01,0.003,0.0,0.12,symmetric_low_power,null_probe,g0.75_0.75_s0.10,0.1400,1.4168,0.4127,8.5700,0.0277,0.0666,0.5515,0.0133,0.0778,0.0645,61191
49,16,square_waypoints,0.01,0.003,0.0,0.12,symmetric_low_power,unpaired_null,g0.75_0.75_s0.02,0.0600,1.4761,0.5187,8.5700,0.0168,0.2028,1.6092,0.0424,0.0524,0.0101,61192
49,16,square_waypoints,0.01,0.003,0.0,0.12,symmetric_low_power,random_probe,g0.75_0.75_s0.02,0.0600,2.6598,0.1633,2.9533,0.1688,0.1693,1.3648,0.0191,0.0850,0.0659,61193
49,16,square_waypoints,0.01,0.003,0.0,0.12,symmetric_low_power,task_greedy,g0.75_0.75_s0.20,0.2400,1.8087,0.2789,7.8404,0.8302,0.8300,7.0683,0.0413,0.0784,0.0370,61194
49,16,square_waypoints,0.01,0.003,0.0,0.12,symmetric_low_power,fisher_grid,g0.75_0.75_s0.10,0.1400,1.5657,0.4193,11.3400,0.1069,0.1324,1.1876,0.0432,0.0861,0.0429,61195
49,16,square_waypoints,0.01,0.003,0.0,0.12,symmetric_low_power,constrained_fisher,g0.75_0.60_s0.02,0.1500,0.8367,0.6038,12.9600,0.0361,0.0865,0.7496,0.0133,0.0684,0.0551,61196
49,16,square_waypoints,0.01,0.003,0.0,0.12,high_slip,null_probe,g1.00_1.00_s0.10,0.1000,1.2883,0.5554,8.5700,0.1275,0.1762,1.7374,0.0855,0.0855,0.0000,61197
49,16,square_waypoints,0.01,0.003,0.0,0.12,high_slip,unpaired_null,g1.00_1.00_s0.10,0.1000,1.4887,0.4903,8.5700,0.0390,0.2935,2.4947,0.1898,0.1898,0.0000,61198
49,16,square_waypoints,0.01,0.003,0.0,0.12,high_slip,random_probe,g1.00_1.00_s0.10,0.1000,2.2477,0.2190,4.3630,0.1609,0.2502,1.8201,0.1666,0.1666,0.0000,61199
49,16,square_waypoints,0.01,0.003,0.0,0.12,high_slip,task_greedy,g1.00_1.00_s0.20,0.0000,2.1880,0.2046,7.8404,1.1168,1.1282,9.5934,0.1031,0.1031,0.0000,61200
49,16,square_waypoints,0.01,0.003,0.0,0.12,high_slip,fisher_grid,g1.00_1.00_s0.10,0.1000,1.0136,0.4736,11.3400,0.1449,0.2015,1.8009,0.1052,0.1052,0.0000,61201
49,16,square_waypoints,0.01,0.003,0.0,0.12,high_slip,constrained_fisher,g1.00_1.00_s0.10,0.1000,1.2342,0.4938,12.9600,0.0967,0.1070,1.3905,0.1245,0.1245,0.0000,61202
50,16,square_waypoints,0.01,0.003,0.0,0.12,left_gain_loss,null_probe,g0.60_1.00_s0.10,0.1000,1.6990,0.4274,8.5700,0.0263,0.0945,0.7019,0.0887,0.0773,-0.0114,62203
50,16,square_waypoints,0.01,0.003,0.0,0.12,left_gain_loss,unpaired_null,g0.75_1.00_s0.02,0.1300,1.4717,0.4976,8.5700,0.0229,0.1911,1.8056,0.0863,0.0334,-0.0528,62204
50,16,square_waypoints,0.01,0.003,0.0,0.12,left_gain_loss,random_probe,g0.60_1.00_s0.02,0.0200,1.6508,0.4016,4.7668,0.1168,0.1470,1.3345,0.0092,0.0176,0.0084,62205
50,16,square_waypoints,0.01,0.003,0.0,0.12,left_gain_loss,task_greedy,g0.60_0.90_s0.20,0.3000,1.9668,0.1924,8.2467,0.8538,0.8696,7.5671,0.0771,0.1110,0.0340,62206
50,16,square_waypoints,0.01,0.003,0.0,0.12,left_gain_loss,fisher_grid,g0.60_1.00_s0.02,0.0200,1.0190,0.6080,11.3400,0.2051,0.2117,1.8457,0.0227,0.2068,0.1841,62207
50,16,square_waypoints,0.01,0.003,0.0,0.12,left_gain_loss,constrained_fisher,g0.60_1.00_s0.02,0.0200,0.6880,0.7517,12.9600,0.0236,0.1024,0.8353,0.0386,0.0957,0.0572,62208
50,16,square_waypoints,0.01,0.003,0.0,0.12,right_gain_loss,null_probe,g1.00_0.75_s0.02,0.1300,2.0801,0.2681,8.5700,0.0392,0.0915,0.8335,0.0669,0.0474,-0.0195,62209
50,16,square_waypoints,0.01,0.003,0.0,0.12,right_gain_loss,unpaired_null,g1.00_0.60_s0.02,0.0200,1.8034,0.3536,8.5700,0.0320,0.2805,2.4257,0.0788,0.0156,-0.0632,62210
50,16,square_waypoints,0.01,0.003,0.0,0.12,right_gain_loss,random_probe,g1.00_0.60_s0.02,0.0200,2.1356,0.2007,5.1803,0.3509,0.3753,3.1382,0.0541,0.0450,-0.0091,62211
50,16,square_waypoints,0.01,0.003,0.0,0.12,right_gain_loss,task_greedy,g1.00_0.60_s0.02,0.0200,1.9070,0.2495,8.2603,0.8657,0.8635,7.5852,0.0577,0.0480,-0.0098,62212
50,16,square_waypoints,0.01,0.003,0.0,0.12,right_gain_loss,fisher_grid,g1.00_0.60_s0.10,0.1000,1.2907,0.5657,11.3400,0.1825,0.1857,1.5336,0.0573,0.0793,0.0220,62213
50,16,square_waypoints,0.01,0.003,0.0,0.12,right_gain_loss,constrained_fisher,g1.00_0.60_s0.02,0.0200,0.9105,0.7149,12.6563,0.0270,0.1072,0.9731,0.0268,0.1458,0.1190,62214
50,16,square_waypoints,0.01,0.003,0.0,0.12,symmetric_low_power,null_probe,g0.75_0.75_s0.02,0.0600,2.0388,0.2249,8.5700,0.0241,0.0708,0.6373,0.0427,0.0382,-0.0045,62215
50,16,square_waypoints,0.01,0.003,0.0,0.12,symmetric_low_power,unpaired_null,g0.75_0.75_s0.10,0.1400,2.3755,0.1550,8.5700,0.0324,0.1991,1.6033,0.0281,0.0409,0.0127,62216
50,16,square_waypoints,0.01,0.003,0.0,0.12,symmetric_low_power,random_probe,g0.75_0.75_s0.02,0.0600,2.4063,0.2306,4.4750,0.1423,0.2121,2.2293,0.0423,0.0293,-0.0130,62217
50,16,square_waypoints,0.01,0.003,0.0,0.12,symmetric_low_power,task_greedy,g0.75_0.75_s0.02,0.0600,2.0297,0.2403,7.8406,0.7892,0.8048,6.8776,0.0123,0.0657,0.0534,62218
50,16,square_waypoints,0.01,0.003,0.0,0.12,symmetric_low_power,fisher_grid,g0.75_0.75_s0.02,0.0600,1.2991,0.5431,11.3400,0.1262,0.1302,1.2245,0.0607,0.0962,0.0355,62219
50,16,square_waypoints,0.01,0.003,0.0,0.12,symmetric_low_power,constrained_fisher,g0.75_0.75_s0.02,0.0600,1.2296,0.6044,12.9600,0.0163,0.0731,0.6157,0.0438,0.0569,0.0131,62220
50,16,square_waypoints,0.01,0.003,0.0,0.12,high_slip,null_probe,g1.00_1.00_s0.20,0.0000,1.2365,0.5707,8.5700,0.0209,0.1096,1.0154,0.0286,0.0286,0.0000,62221
50,16,square_waypoints,0.01,0.003,0.0,0.12,high_slip,unpaired_null,g1.00_1.00_s0.10,0.1000,2.0619,0.2533,8.5700,0.1146,0.3201,2.9211,0.0378,0.0378,0.0000,62222
50,16,square_waypoints,0.01,0.003,0.0,0.12,high_slip,random_probe,g1.00_1.00_s0.10,0.1000,1.5949,0.5211,6.3411,0.3160,0.2939,2.8665,0.1502,0.1502,0.0000,62223
50,16,square_waypoints,0.01,0.003,0.0,0.12,high_slip,task_greedy,g1.00_1.00_s0.02,0.1800,1.8353,0.2625,7.8405,1.1096,1.1210,9.5319,0.0747,0.0747,0.0000,62224
50,16,square_waypoints,0.01,0.003,0.0,0.12,high_slip,fisher_grid,g1.00_1.00_s0.20,0.0000,0.7656,0.7457,11.3400,0.2337,0.2563,2.5169,0.1243,0.1243,0.0000,62225
50,16,square_waypoints,0.01,0.003,0.0,0.12,high_slip,constrained_fisher,g1.00_1.00_s0.20,0.0000,1.1558,0.6471,10.5300,0.0952,0.1420,1.8527,0.1505,0.1505,0.0000,62226
51,16,square_waypoints,0.01,0.003,0.0,0.12,left_gain_loss,null_probe,g0.60_1.00_s0.02,0.0200,1.2430,0.5473,8.5700,0.0159,0.0860,0.6500,0.0616,0.0160,-0.0457,63227
51,16,square_waypoints,0.01,0.003,0.0,0.12,left_gain_loss,unpaired_null,g0.60_1.00_s0.02,0.0200,1.3549,0.4571,8.5700,0.0447,0.1764,1.6760,0.0158,0.0168,0.0010,63228
51,16,square_waypoints,0.01,0.003,0.0,0.12,left_gain_loss,random_probe,g0.60_1.00_s0.02,0.0200,1.6865,0.4402,4.7710,0.1457,0.1489,1.7547,0.0408,0.1442,0.1034,63229
51,16,square_waypoints,0.01,0.003,0.0,0.12,left_gain_loss,task_greedy,g0.60_1.00_s0.02,0.0200,1.6793,0.2608,8.2661,0.8629,0.8728,7.5571,0.0305,0.0363,0.0058,63230
51,16,square_waypoints,0.01,0.003,0.0,0.12,left_gain_loss,fisher_grid,g0.60_1.00_s0.02,0.0200,0.9880,0.5311,11.3400,0.1641,0.1762,1.5494,0.0266,0.0335,0.0069,63231
51,16,square_waypoints,0.01,0.003,0.0,0.12,left_gain_loss,constrained_fisher,g0.60_1.00_s0.02,0.0200,0.3712,0.9112,12.3525,0.0523,0.1024,0.9539,0.0192,0.1809,0.1618,63232
51,16,square_waypoints,0.01,0.003,0.0,0.12,right_gain_loss,null_probe,g1.00_0.60_s0.02,0.0200,1.6434,0.3437,8.5700,0.0620,0.0914,0.7396,0.0523,0.0462,-0.0060,63233
51,16,square_waypoints,0.01,0.003,0.0,0.12,right_gain_loss,unpaired_null,g1.00_0.60_s0.10,0.1000,1.3763,0.5208,8.5700,0.0485,0.2918,2.4274,0.0233,0.0186,-0.0047,63234
51,16,square_waypoints,0.01,0.003,0.0,0.12,right_gain_loss,random_probe,g1.00_0.60_s0.10,0.1000,1.3572,0.4080,4.1937,0.2442,0.2399,2.1070,0.0802,0.1600,0.0798,63235
51,16,square_waypoints,0.01,0.003,0.0,0.12,right_gain_loss,task_greedy,g1.00_0.60_s0.02,0.0200,1.6497,0.2709,8.2590,0.8629,0.8721,7.5620,0.0297,0.0187,-0.0110,63236
51,16,square_waypoints,0.01,0.003,0.0,0.12,right_gain_loss,fisher_grid,g1.00_0.60_s0.02,0.0200,1.0955,0.5116,11.3400,0.1739,0.1854,1.6234,0.0748,0.1785,0.1038,63237
51,16,square_waypoints,0.01,0.003,0.0,0.12,right_gain_loss,constrained_fisher,g1.00_0.60_s0.02,0.0200,0.4817,0.8698,12.3525,0.1307,0.1064,1.2194,0.0340,0.1548,0.1209,63238
51,16,square_waypoints,0.01,0.003,0.0,0.12,symmetric_low_power,null_probe,g0.75_0.75_s0.02,0.0600,1.8894,0.3294,8.5700,0.0191,0.0681,0.5734,0.0333,0.0430,0.0097,63239
51,16,square_waypoints,0.01,0.003,0.0,0.12,symmetric_low_power,unpaired_null,g0.75_0.75_s0.02,0.0600,1.5748,0.3816,8.5700,0.0366,0.2036,1.6565,0.0519,0.0850,0.0331,63240
51,16,square_waypoints,0.01,0.003,0.0,0.12,symmetric_low_power,random_probe,g0.75_0.75_s0.02,0.0600,2.4592,0.3001,3.9710,0.0863,0.1182,0.8494,0.0431,0.0487,0.0057,63241
51,16,square_waypoints,0.01,0.003,0.0,0.12,symmetric_low_power,task_greedy,g0.75_0.75_s0.02,0.0600,1.8223,0.2773,7.8405,0.7911,0.7962,6.7812,0.0307,0.0760,0.0453,63242
51,16,square_waypoints,0.01,0.003,0.0,0.12,symmetric_low_power,fisher_grid,g0.75_0.75_s0.10,0.1400,1.8602,0.3672,11.3400,0.1107,0.1412,1.2795,0.0198,0.0207,0.0010,63243
51,16,square_waypoints,0.01,0.003,0.0,0.12,symmetric_low_power,constrained_fisher,g0.75_0.60_s0.02,0.1500,0.9432,0.7205,12.9600,0.0200,0.0786,0.6801,0.0290,0.0520,0.0230,63244
51,16,square_waypoints,0.01,0.003,0.0,0.12,high_slip,null_probe,g1.00_1.00_s0.20,0.0000,1.0933,0.6707,8.5700,0.0639,0.1374,1.1451,0.1179,0.1179,0.0000,63245
51,16,square_waypoints,0.01,0.003,0.0,0.12,high_slip,unpaired_null,g1.00_1.00_s0.20,0.0000,1.3235,0.4664,8.5700,0.1740,0.3298,3.3151,0.0406,0.0406,0.0000,63246
51,16,square_waypoints,0.01,0.003,0.0,0.12,high_slip,random_probe,g1.00_1.00_s0.20,0.0000,1.8283,0.3037,3.9196,0.1639,0.1602,1.2469,0.1401,0.1401,0.0000,63247
51,16,square_waypoints,0.01,0.003,0.0,0.12,high_slip,task_greedy,g0.90_0.90_s0.02,0.3800,2.4737,0.1287,7.8406,1.0988,1.1000,9.5007,0.0088,0.0335,0.0247,63248
51,16,square_waypoints,0.01,0.003,0.0,0.12,high_slip,fisher_grid,g1.00_1.00_s0.20,0.0000,0.8099,0.6281,11.3400,0.2383,0.2872,2.3661,0.0204,0.0204,0.0000,63249
51,16,square_waypoints,0.01,0.003,0.0,0.12,high_slip,constrained_fisher,g1.00_1.00_s0.20,0.0000,0.7966,0.7282,12.0488,0.1493,0.1738,1.4868,0.0598,0.0598,0.0000,63250
52,16,square_waypoints,0.01,0.003,0.0,0.12,left_gain_loss,null_probe,g0.60_1.00_s0.02,0.0200,1.8475,0.3404,8.5700,0.0329,0.0838,0.6745,0.0050,0.0722,0.0672,64251
52,16,square_waypoints,0.01,0.003,0.0,0.12,left_gain_loss,unpaired_null,g0.60_1.00_s0.02,0.0200,1.6192,0.4574,8.5700,0.0390,0.1723,1.4919,0.0866,0.0202,-0.0664,64252
52,16,square_waypoints,0.01,0.003,0.0,0.12,left_gain_loss,random_probe,g0.60_1.00_s0.02,0.0200,0.9986,0.6627,5.2563,0.3063,0.2750,2.4926,0.0521,0.0436,-0.0086,64253
52,16,square_waypoints,0.01,0.003,0.0,0.12,left_gain_loss,task_greedy,g0.60_0.90_s0.02,0.1200,1.9386,0.2365,8.2562,0.8441,0.8637,7.5627,0.0262,0.1239,0.0977,64254
52,16,square_waypoints,0.01,0.003,0.0,0.12,left_gain_loss,fisher_grid,g0.60_1.00_s0.10,0.1000,1.9545,0.2302,11.3400,0.2310,0.2159,1.7786,0.0724,0.2311,0.1587,64255
52,16,square_waypoints,0.01,0.003,0.0,0.12,left_gain_loss,constrained_fisher,g0.75_0.90_s0.02,0.2300,1.7950,0.3045,12.0488,0.0654,0.1201,1.2263,0.1067,0.0309,-0.0758,64256
52,16,square_waypoints,0.01,0.003,0.0,0.12,right_gain_loss,null_probe,g1.00_0.60_s0.02,0.0200,1.0139,0.6934,8.5700,0.0806,0.1012,0.8939,0.0297,0.0446,0.0149,64257
52,16,square_waypoints,0.01,0.003,0.0,0.12,right_gain_loss,unpaired_null,g1.00_0.60_s0.02,0.0200,1.2143,0.5631,8.5700,0.0245,0.2769,2.2623,0.1005,0.0339,-0.0666,64258
52,16,square_waypoints,0.01,0.003,0.0,0.12,right_gain_loss,random_probe,g0.90_0.75_s0.10,0.3100,2.8880,0.1105,3.1287,0.2455,0.3226,2.8907,0.0335,0.0115,-0.0221,64259
52,16,square_waypoints,0.01,0.003,0.0,0.12,right_gain_loss,task_greedy,g1.00_0.60_s0.02,0.0200,1.7089,0.2546,8.2577,0.8865,0.8667,7.5292,0.0084,0.1086,0.1002,64260
52,16,square_waypoints,0.01,0.003,0.0,0.12,right_gain_loss,fisher_grid,g1.00_0.60_s0.10,0.1000,1.4437,0.4234,11.3400,0.2018,0.1996,1.6347,0.0236,0.0517,0.0281,64261
52,16,square_waypoints,0.01,0.003,0.0,0.12,right_gain_loss,constrained_fisher,g1.00_0.60_s0.02,0.0200,0.3497,0.9096,12.3525,0.0939,0.1174,1.2438,0.0164,0.0710,0.0546,64262
52,16,square_waypoints,0.01,0.003,0.0,0.12,symmetric_low_power,null_probe,g0.75_0.75_s0.02,0.0600,1.3183,0.6090,8.5700,0.0324,0.0625,0.5735,0.0522,0.0374,-0.0148,64263
52,16,square_waypoints,0.01,0.003,0.0,0.12,symmetric_low_power,unpaired_null,g0.75_0.75_s0.20,0.2400,1.8237,0.2774,8.5700,0.0418,0.2032,1.6688,0.0302,0.0995,0.0693,64264
52,16,square_waypoints,0.01,0.003,0.0,0.12,symmetric_low_power,random_probe,g0.60_0.75_s0.02,0.1500,2.0801,0.3150,5.3908,0.1750,0.1566,1.2065,0.0531,0.0684,0.0153,64265
52,16,square_waypoints,0.01,0.003,0.0,0.12,symmetric_low_power,task_greedy,g0.75_0.75_s0.20,0.2400,2.2102,0.2054,7.8402,0.8182,0.8088,6.7395,0.0341,0.0456,0.0115,64266
52,16,square_waypoints,0.01,0.003,0.0,0.12,symmetric_low_power,fisher_grid,g0.75_0.75_s0.02,0.0600,0.9795,0.7361,11.3400,0.1553,0.1331,1.2183,0.0207,0.0169,-0.0038,64267
52,16,square_waypoints,0.01,0.003,0.0,0.12,symmetric_low_power,constrained_fisher,g0.60_0.90_s0.02,0.3000,1.2851,0.4477,12.9600,0.0298,0.0824,0.7278,0.0666,0.0600,-0.0065,64268
52,16,square_waypoints,0.01,0.003,0.0,0.12,high_slip,null_probe,g1.00_1.00_s0.20,0.0000,1.6207,0.4411,8.5700,0.1533,0.1579,1.3306,0.1068,0.1068,0.0000,64269
52,16,square_waypoints,0.01,0.003,0.0,0.12,high_slip,unpaired_null,g1.00_1.00_s0.20,0.0000,1.0527,0.6161,8.5700,0.0515,0.2796,2.3556,0.1580,0.1580,0.0000,64270
52,16,square_waypoints,0.01,0.003,0.0,0.12,high_slip,random_probe,g1.00_1.00_s0.20,0.0000,1.3870,0.5405,4.2238,0.3728,0.3483,2.5693,0.1133,0.1133,0.0000,64271
52,16,square_waypoints,0.01,0.003,0.0,0.12,high_slip,task_greedy,g1.00_1.00_s0.20,0.0000,1.9150,0.2501,7.8408,1.1574,1.1535,9.8344,0.2167,0.2167,0.0000,64272
52,16,square_waypoints,0.01,0.003,0.0,0.12,high_slip,fisher_grid,g1.00_1.00_s0.20,0.0000,0.6332,0.8407,11.3400,0.1553,0.1741,1.7116,0.0923,0.0923,0.0000,64273
52,16,square_waypoints,0.01,0.003,0.0,0.12,high_slip,constrained_fisher,g1.00_1.00_s0.20,0.0000,0.8134,0.7853,12.9600,0.0995,0.1044,1.5372,0.1519,0.1519,0.0000,64274
53,16,square_waypoints,0.01,0.003,0.0,0.12,left_gain_loss,null_probe,g0.60_0.90_s0.10,0.2000,1.7126,0.3176,8.5700,0.0447,0.1158,1.0365,0.0858,0.0608,-0.0250,65275
53,16,square_waypoints,0.01,0.003,0.0,0.12,left_gain_loss,unpaired_null,g0.60_1.00_s0.10,0.1000,1.3431,0.4938,8.5700,0.0836,0.1790,1.6911,0.0402,0.0238,-0.0164,65276
53,16,square_waypoints,0.01,0.003,0.0,0.12,left_gain_loss,random_probe,g0.60_1.00_s0.10,0.1000,2.1427,0.2507,3.7495,0.1559,0.2000,1.6336,0.0598,0.1481,0.0883,65277
53,16,square_waypoints,0.01,0.003,0.0,0.12,left_gain_loss,task_greedy,g0.60_0.90_s0.02,0.1200,1.9259,0.1953,8.2577,0.8584,0.8586,7.4993,0.0334,0.0424,0.0090,65278
53,16,square_waypoints,0.01,0.003,0.0,0.12,left_gain_loss,fisher_grid,g0.60_1.00_s0.02,0.0200,0.6144,0.8301,11.3400,0.2037,0.1917,1.6500,0.0149,0.0432,0.0283,65279
53,16,square_waypoints,0.01,0.003,0.0,0.12,left_gain_loss,constrained_fisher,g0.60_1.00_s0.02,0.0200,0.9717,0.7217,12.9600,0.0587,0.1088,0.9543,0.0306,0.0345,0.0039,65280
53,16,square_waypoints,0.01,0.003,0.0,0.12,right_gain_loss,null_probe,g1.00_0.75_s0.02,0.1300,1.6592,0.4247,8.5700,0.0180,0.0904,0.6838,0.0172,0.0266,0.0094,65281
53,16,square_waypoints,0.01,0.003,0.0,0.12,right_gain_loss,unpaired_null,g1.00_0.60_s0.02,0.0200,1.4918,0.4488,8.5700,0.0377,0.2802,2.3536,0.0469,0.0127,-0.0342,65282
53,16,square_waypoints,0.01,0.003,0.0,0.12,right_gain_loss,random_probe,g1.00_0.60_s0.02,0.0200,1.9473,0.3261,2.6582,0.1138,0.1868,1.5474,0.0273,0.1026,0.0753,65283
53,16,square_waypoints,0.01,0.003,0.0,0.12,right_gain_loss,task_greedy,g1.00_0.60_s0.02,0.0200,1.8938,0.2365,8.2720,0.8669,0.8804,7.6948,0.0736,0.0251,-0.0485,65284
53,16,square_waypoints,0.01,0.003,0.0,0.12,right_gain_loss,fisher_grid,g1.00_0.60_s0.02,0.0200,0.8585,0.7235,11.3400,0.1684,0.1800,1.4864,0.0402,0.0122,-0.0279,65285
53,16,square_waypoints,0.01,0.003,0.0,0.12,right_gain_loss,constrained_fisher,g1.00_0.60_s0.02,0.0200,0.3868,0.9181,12.6563,0.0622,0.1129,1.0875,0.0625,0.0348,-0.0276,65286
53,16,square_waypoints,0.01,0.003,0.0,0.12,symmetric_low_power,null_probe,g0.75_0.75_s0.10,0.1400,1.4761,0.4037,8.5700,0.0421,0.0757,0.6446,0.0391,0.0657,0.0266,65287
53,16,square_waypoints,0.01,0.003,0.0,0.12,symmetric_low_power,unpaired_null,g0.75_0.75_s0.02,0.0600,1.4631,0.4770,8.5700,0.0353,0.2023,1.6422,0.0341,0.0821,0.0480,65288
53,16,square_waypoints,0.01,0.003,0.0,0.12,symmetric_low_power,random_probe,g0.75_0.75_s0.02,0.0600,2.2776,0.3573,4.3685,0.1680,0.1760,1.7227,0.0285,0.0247,-0.0038,65289
53,16,square_waypoints,0.01,0.003,0.0,0.12,symmetric_low_power,task_greedy,g0.75_0.75_s0.02,0.0600,1.8502,0.2718,7.8405,0.8145,0.8068,6.8973,0.0338,0.0896,0.0558,65290
53,16,square_waypoints,0.01,0.003,0.0,0.12,symmetric_low_power,fisher_grid,g0.75_0.75_s0.02,0.0600,1.7002,0.3883,11.3400,0.1350,0.1343,1.2786,0.0498,0.0507,0.0009,65291
53,16,square_waypoints,0.01,0.003,0.0,0.12,symmetric_low_power,constrained_fisher,g0.75_0.75_s0.02,0.0600,1.2969,0.4560,12.9600,0.0283,0.0734,0.6498,0.0508,0.0140,-0.0368,65292
53,16,square_waypoints,0.01,0.003,0.0,0.12,high_slip,null_probe,g1.00_1.00_s0.20,0.0000,1.4525,0.4148,8.5700,0.0059,0.1202,1.1438,0.0997,0.0997,0.0000,65293
53,16,square_waypoints,0.01,0.003,0.0,0.12,high_slip,unpaired_null,g1.00_1.00_s0.02,0.1800,1.6257,0.3269,8.5700,0.0903,0.2941,2.5330,0.0453,0.0453,0.0000,65294
53,16,square_waypoints,0.01,0.003,0.0,0.12,high_slip,random_probe,g0.90_1.00_s0.20,0.1000,2.6033,0.1753,3.6318,0.1751,0.2338,2.4821,0.1236,0.1803,0.0567,65295
53,16,square_waypoints,0.01,0.003,0.0,0.12,high_slip,task_greedy,g0.90_0.90_s0.20,0.2000,2.4514,0.1157,7.8412,1.1214,1.1169,9.5597,0.0880,0.1069,0.0189,65296
53,16,square_waypoints,0.01,0.003,0.0,0.12,high_slip,fisher_grid,g1.00_1.00_s0.20,0.0000,0.9717,0.4764,11.3400,0.2289,0.2059,1.9971,0.0289,0.0289,0.0000,65297
53,16,square_waypoints,0.01,0.003,0.0,0.12,high_slip,constrained_fisher,g1.00_1.00_s0.20,0.0000,1.6241,0.3682,4.4550,0.1260,0.1274,1.9752,0.0139,0.0139,0.0000,65298
54,16,square_waypoints,0.01,0.003,0.0,0.12,left_gain_loss,null_probe,g0.75_1.00_s0.10,0.2100,2.3068,0.1892,8.5700,0.0521,0.0845,0.6915,0.0559,0.0749,0.0191,66299
54,16,square_waypoints,0.01,0.003,0.0,0.12,left_gain_loss,unpaired_null,g0.60_1.00_s0.02,0.0200,1.3759,0.4980,8.5700,0.0590,0.1766,1.6566,0.0425,0.0714,0.0290,66300
54,16,square_waypoints,0.01,0.003,0.0,0.12,left_gain_loss,random_probe,g0.60_1.00_s0.02,0.0200,2.0777,0.2780,4.0744,0.1983,0.1806,1.4496,0.0163,0.0472,0.0309,66301
54,16,square_waypoints,0.01,0.003,0.0,0.12,left_gain_loss,task_greedy,g0.60_0.90_s0.02,0.1200,1.9057,0.1759,8.2735,0.8491,0.8441,7.3757,0.0663,0.0287,-0.0377,66302
54,16,square_waypoints,0.01,0.003,0.0,0.12,left_gain_loss,fisher_grid,g0.60_1.00_s0.02,0.0200,0.9752,0.7120,11.3400,0.1607,0.1620,1.4457,0.0232,0.0152,-0.0080,66303
54,16,square_waypoints,0.01,0.003,0.0,0.12,left_gain_loss,constrained_fisher,g0.60_1.00_s0.02,0.0200,1.3970,0.5350,12.6563,0.0769,0.1049,1.0444,0.0419,0.1612,0.1193,66304
54,16,square_waypoints,0.01,0.003,0.0,0.12,right_gain_loss,null_probe,g1.00_0.60_s0.20,0.2000,1.2712,0.4676,8.5700,0.0485,0.0842,0.6572,0.0564,0.0181,-0.0382,66305
54,16,square_waypoints,0.01,0.003,0.0,0.12,right_gain_loss,unpaired_null,g1.00_0.60_s0.02,0.0200,0.7895,0.7734,8.5700,0.0280,0.2977,2.5359,0.0614,0.0876,0.0263,66306
54,16,square_waypoints,0.01,0.003,0.0,0.12,right_gain_loss,random_probe,g1.00_0.60_s0.02,0.0200,1.9470,0.3089,3.9808,0.1531,0.3275,2.7132,0.0251,0.1195,0.0944,66307
54,16,square_waypoints,0.01,0.003,0.0,0.12,right_gain_loss,task_greedy,g1.00_0.60_s0.02,0.0200,1.9127,0.2397,8.2693,0.8925,0.8772,7.6886,0.0537,0.0554,0.0017,66308
54,16,square_waypoints,0.01,0.003,0.0,0.12,right_gain_loss,fisher_grid,g1.00_0.75_s0.02,0.1300,1.6859,0.3219,11.3400,0.1205,0.1811,1.4139,0.0200,0.0062,-0.0138,66309
54,16,square_waypoints,0.01,0.003,0.0,0.12,right_gain_loss,constrained_fisher,g1.00_0.60_s0.02,0.0200,0.1127,0.9818,12.6563,0.0749,0.1038,0.9784,0.0170,0.0171,0.0001,66310
54,16,square_waypoints,0.01,0.003,0.0,0.12,symmetric_low_power,null_probe,g0.75_0.75_s0.02,0.0600,1.6886,0.3571,8.5700,0.0236,0.0800,0.7028,0.0256,0.0544,0.0288,66311
54,16,square_waypoints,0.01,0.003,0.0,0.12,symmetric_low_power,unpaired_null,g0.75_0.75_s0.10,0.1400,1.5833,0.3586,8.5700,0.0317,0.2057,1.7085,0.0489,0.0906,0.0417,66312
54,16,square_waypoints,0.01,0.003,0.0,0.12,symmetric_low_power,random_probe,g0.75_0.75_s0.10,0.1400,2.5148,0.1567,4.4697,0.2151,0.2080,1.9955,0.0418,0.0536,0.0118,66313
54,16,square_waypoints,0.01,0.003,0.0,0.12,symmetric_low_power,task_greedy,g0.75_0.75_s0.20,0.2400,2.1666,0.2085,7.8404,0.8509,0.8285,7.0603,0.0682,0.0295,-0.0387,66314
54,16,square_waypoints,0.01,0.003,0.0,0.12,symmetric_low_power,fisher_grid,g0.75_0.75_s0.02,0.0600,0.9722,0.6565,11.3400,0.1324,0.1460,1.2564,0.0412,0.0765,0.0352,66315
54,16,square_waypoints,0.01,0.003,0.0,0.12,symmetric_low_power,constrained_fisher,g0.75_0.75_s0.02,0.0600,0.8818,0.6808,12.9600,0.0324,0.0771,0.6626,0.0535,0.0603,0.0069,66316
54,16,square_waypoints,0.01,0.003,0.0,0.12,high_slip,null_probe,g1.00_1.00_s0.20,0.0000,0.9048,0.6543,8.5700,0.0653,0.1642,1.7500,0.1192,0.1192,0.0000,66317
54,16,square_waypoints,0.01,0.003,0.0,0.12,high_slip,unpaired_null,g1.00_1.00_s0.20,0.0000,1.4104,0.5047,8.5700,0.2009,0.2937,2.9546,0.0505,0.0505,0.0000,66318
54,16,square_waypoints,0.01,0.003,0.0,0.12,high_slip,random_probe,g0.90_1.00_s0.20,0.1000,1.9250,0.2948,3.5380,0.2100,0.1929,1.8759,0.0432,0.0648,0.0216,66319
54,16,square_waypoints,0.01,0.003,0.0,0.12,high_slip,task_greedy,g1.00_1.00_s0.02,0.1800,2.0776,0.2170,7.8411,1.1447,1.1295,9.5884,0.0460,0.0460,0.0000,66320
54,16,square_waypoints,0.01,0.003,0.0,0.12,high_slip,fisher_grid,g1.00_0.90_s0.20,0.1000,1.2156,0.4552,11.3400,0.3422,0.3409,3.5503,0.1910,0.1998,0.0088,66321
54,16,square_waypoints,0.01,0.003,0.0,0.12,high_slip,constrained_fisher,g1.00_1.00_s0.20,0.0000,0.7090,0.8160,8.9100,0.1744,0.1653,1.8543,0.0465,0.0465,0.0000,66322
55,16,square_waypoints,0.01,0.003,0.0,0.12,left_gain_loss,null_probe,g0.60_1.00_s0.02,0.0200,1.3574,0.4081,8.5700,0.0509,0.1020,0.9348,0.0515,0.0226,-0.0289,67323
55,16,square_waypoints,0.01,0.003,0.0,0.12,left_gain_loss,unpaired_null,g0.60_1.00_s0.02,0.0200,1.2742,0.5514,8.5700,0.0575,0.1975,1.7896,0.0270,0.0182,-0.0088,67324
55,16,square_waypoints,0.01,0.003,0.0,0.12,left_gain_loss,random_probe,g0.60_1.00_s0.02,0.0200,1.4383,0.5139,4.1041,0.0500,0.1302,0.9867,0.0740,0.0158,-0.0583,67325
55,16,square_waypoints,0.01,0.003,0.0,0.12,left_gain_loss,task_greedy,g0.60_1.00_s0.20,0.2000,2.0617,0.2444,8.2825,0.8480,0.8688,7.6237,0.0233,0.0222,-0.0011,67326
55,16,square_waypoints,0.01,0.003,0.0,0.12,left_gain_loss,fisher_grid,g0.60_1.00_s0.02,0.0200,0.9542,0.5953,11.3400,0.2133,0.2199,1.8587,0.0091,0.0568,0.0476,67327
55,16,square_waypoints,0.01,0.003,0.0,0.12,left_gain_loss,constrained_fisher,g0.60_1.00_s0.02,0.0200,0.5052,0.8689,12.0488,0.0710,0.1084,1.2495,0.0844,0.0198,-0.0646,67328
55,16,square_waypoints,0.01,0.003,0.0,0.12,right_gain_loss,null_probe,g1.00_0.60_s0.02,0.0200,1.8366,0.3499,8.5700,0.0511,0.0928,0.7614,0.0394,0.0181,-0.0213,67329
55,16,square_waypoints,0.01,0.003,0.0,0.12,right_gain_loss,unpaired_null,g1.00_0.60_s0.10,0.1000,1.5137,0.3921,8.5700,0.0235,0.2719,2.2281,0.0081,0.1123,0.1041,67330
55,16,square_waypoints,0.01,0.003,0.0,0.12,right_gain_loss,random_probe,g1.00_0.60_s0.02,0.0200,1.6633,0.4062,3.5655,0.2080,0.2066,2.1173,0.0538,0.0172,-0.0366,67331
55,16,square_waypoints,0.01,0.003,0.0,0.12,right_gain_loss,task_greedy,g1.00_0.60_s0.02,0.0200,2.0128,0.1786,8.2511,0.8718,0.8571,7.3919,0.0478,0.0271,-0.0207,67332
55,16,square_waypoints,0.01,0.003,0.0,0.12,right_gain_loss,fisher_grid,g1.00_0.60_s0.02,0.0200,1.4947,0.4456,11.3400,0.1868,0.1781,1.4553,0.0549,0.1414,0.0865,67333
55,16,square_waypoints,0.01,0.003,0.0,0.12,right_gain_loss,constrained_fisher,g1.00_0.60_s0.02,0.0200,0.7693,0.8020,12.6563,0.0721,0.0982,1.0007,0.0315,0.1086,0.0771,67334
55,16,square_waypoints,0.01,0.003,0.0,0.12,symmetric_low_power,null_probe,g0.75_0.75_s0.10,0.1400,2.3849,0.1424,8.5700,0.0356,0.0692,0.5471,0.0131,0.0383,0.0253,67335
55,16,square_waypoints,0.01,0.003,0.0,0.12,symmetric_low_power,unpaired_null,g0.75_0.75_s0.02,0.0600,1.9461,0.3222,8.5700,0.0125,0.1961,1.5396,0.0420,0.0389,-0.0031,67336
55,16,square_waypoints,0.01,0.003,0.0,0.12,symmetric_low_power,random_probe,g0.75_0.75_s0.10,0.1400,2.7950,0.2002,3.6664,0.0646,0.1515,1.5981,0.0564,0.0445,-0.0119,67337
55,16,square_waypoints,0.01,0.003,0.0,0.12,symmetric_low_power,task_greedy,g0.60_0.60_s0.20,0.4200,2.3197,0.1322,7.8409,0.7911,0.8019,6.8464,0.0245,0.0506,0.0261,67338
55,16,square_waypoints,0.01,0.003,0.0,0.12,symmetric_low_power,fisher_grid,g0.75_0.75_s0.10,0.1400,1.3508,0.4629,11.3400,0.1237,0.1337,1.0866,0.0598,0.0418,-0.0180,67339
55,16,square_waypoints,0.01,0.003,0.0,0.12,symmetric_low_power,constrained_fisher,g0.75_0.60_s0.10,0.2300,1.2565,0.5796,12.9600,0.0351,0.0861,0.7408,0.0270,0.0904,0.0635,67340
55,16,square_waypoints,0.01,0.003,0.0,0.12,high_slip,null_probe,g1.00_1.00_s0.20,0.0000,0.9902,0.6095,8.5700,0.1616,0.1854,1.6666,0.0426,0.0426,0.0000,67341
55,16,square_waypoints,0.01,0.003,0.0,0.12,high_slip,unpaired_null,g0.90_1.00_s0.20,0.1000,1.4700,0.4664,8.5700,0.0426,0.3072,2.5319,0.0547,0.0676,0.0129,67342
55,16,square_waypoints,0.01,0.003,0.0,0.12,high_slip,random_probe,g1.00_0.90_s0.20,0.1000,1.7495,0.2841,4.4383,0.3044,0.3264,2.4204,0.1518,0.0802,-0.0715,67343
55,16,square_waypoints,0.01,0.003,0.0,0.12,high_slip,task_greedy,g1.00_1.00_s0.02,0.1800,2.2614,0.1895,7.8409,1.1186,1.1235,9.5272,0.1280,0.1280,0.0000,67344
55,16,square_waypoints,0.01,0.003,0.0,0.12,high_slip,fisher_grid,g1.00_1.00_s0.20,0.0000,0.8654,0.7451,11.3400,0.2263,0.2736,2.5958,0.0333,0.0333,0.0000,67345
55,16,square_waypoints,0.01,0.003,0.0,0.12,high_slip,constrained_fisher,g1.00_1.00_s0.10,0.1000,1.6769,0.3487,12.3525,0.1111,0.1289,1.6820,0.0320,0.0320,0.0000,67346
56,16,square_waypoints,0.01,0.003,0.0,0.12,left_gain_loss,null_probe,g0.60_1.00_s0.10,0.1000,1.5511,0.4566,8.5700,0.0483,0.1026,0.9169,0.0238,0.0270,0.0032,68347
56,16,square_waypoints,0.01,0.003,0.0,0.12,left_gain_loss,unpaired_null,g0.60_1.00_s0.02,0.0200,1.2967,0.5610,8.5700,0.0451,0.1793,1.6744,0.0222,0.0226,0.0004,68348
56,16,square_waypoints,0.01,0.003,0.0,0.12,left_gain_loss,random_probe,g0.60_1.00_s0.10,0.1000,2.0269,0.3573,4.9422,0.1888,0.2506,2.4838,0.0284,0.0723,0.0439,68349
56,16,square_waypoints,0.01,0.003,0.0,0.12,left_gain_loss,task_greedy,g0.60_0.90_s0.20,0.3000,1.8839,0.1731,8.2876,0.8857,0.8699,7.6831,0.0981,0.1630,0.0648,68350
56,16,square_waypoints,0.01,0.003,0.0,0.12,left_gain_loss,fisher_grid,g0.60_1.00_s0.02,0.0200,1.1245,0.6180,11.3400,0.1807,0.1769,1.5489,0.0357,0.0988,0.0631,68351
56,16,square_waypoints,0.01,0.003,0.0,0.12,left_gain_loss,constrained_fisher,g0.60_1.00_s0.02,0.0200,0.2957,0.9374,12.3525,0.0757,0.1030,1.2005,0.0132,0.0252,0.0120,68352
56,16,square_waypoints,0.01,0.003,0.0,0.12,right_gain_loss,null_probe,g1.00_0.75_s0.02,0.1300,1.5382,0.5203,8.5700,0.0508,0.0948,0.7978,0.0879,0.0167,-0.0713,68353
56,16,square_waypoints,0.01,0.003,0.0,0.12,right_gain_loss,unpaired_null,g1.00_0.60_s0.02,0.0200,1.2838,0.4708,8.5700,0.0235,0.2909,2.4039,0.0990,0.0688,-0.0303,68354
56,16,square_waypoints,0.01,0.003,0.0,0.12,right_gain_loss,random_probe,g1.00_0.60_s0.02,0.0200,1.5365,0.4583,5.1612,0.1426,0.1993,1.4325,0.0413,0.1001,0.0588,68355
56,16,square_waypoints,0.01,0.003,0.0,0.12,right_gain_loss,task_greedy,g1.00_0.60_s0.02,0.0200,1.9478,0.1887,8.2463,0.8629,0.8662,7.4635,0.0885,0.1759,0.0874,68356
56,16,square_waypoints,0.01,0.003,0.0,0.12,right_gain_loss,fisher_grid,g1.00_0.60_s0.02,0.0200,1.0222,0.6987,11.3400,0.2072,0.1895,1.5491,0.0217,0.1161,0.0944,68357
56,16,square_waypoints,0.01,0.003,0.0,0.12,right_gain_loss,constrained_fisher,g1.00_0.60_s0.02,0.0200,1.0534,0.4913,12.9600,0.0356,0.1007,0.8192,0.0150,0.0267,0.0117,68358
56,16,square_waypoints,0.01,0.003,0.0,0.12,symmetric_low_power,null_probe,g0.75_0.75_s0.02,0.0600,1.5180,0.4438,8.5700,0.0220,0.0640,0.5156,0.0785,0.0514,-0.0271,68359
56,16,square_waypoints,0.01,0.003,0.0,0.12,symmetric_low_power,unpaired_null,g0.75_0.75_s0.10,0.1400,1.7783,0.3798,8.5700,0.0257,0.2079,1.6872,0.0217,0.0582,0.0365,68360
56,16,square_waypoints,0.01,0.003,0.0,0.12,symmetric_low_power,random_probe,g0.60_0.60_s0.02,0.2400,2.2639,0.2411,4.1900,0.1767,0.2421,2.5106,0.0051,0.0958,0.0907,68361
56,16,square_waypoints,0.01,0.003,0.0,0.12,symmetric_low_power,task_greedy,g0.75_0.75_s0.02,0.0600,2.4008,0.1477,7.8404,0.8161,0.8124,6.9808,0.0518,0.0306,-0.0211,68362
56,16,square_waypoints,0.01,0.003,0.0,0.12,symmetric_low_power,fisher_grid,g0.75_0.75_s0.10,0.1400,1.4026,0.4635,11.3400,0.1497,0.1450,1.2688,0.0379,0.0599,0.0221,68363
56,16,square_waypoints,0.01,0.003,0.0,0.12,symmetric_low_power,constrained_fisher,g0.75_0.75_s0.02,0.0600,0.8874,0.6904,12.9600,0.0202,0.0813,0.6314,0.0542,0.0300,-0.0242,68364
56,16,square_waypoints,0.01,0.003,0.0,0.12,high_slip,null_probe,g1.00_1.00_s0.20,0.0000,1.4301,0.3870,8.5700,0.1127,0.1550,1.3376,0.2535,0.2535,0.0000,68365
56,16,square_waypoints,0.01,0.003,0.0,0.12,high_slip,unpaired_null,g0.90_0.90_s0.20,0.2000,1.4263,0.3072,8.5700,0.0512,0.2808,2.3796,0.1380,0.1043,-0.0338,68366
56,16,square_waypoints,0.01,0.003,0.0,0.12,high_slip,random_probe,g0.90_1.00_s0.20,0.1000,1.9201,0.3489,3.6730,0.1968,0.2257,2.2633,0.1309,0.0757,-0.0552,68367
56,16,square_waypoints,0.01,0.003,0.0,0.12,high_slip,task_greedy,g1.00_1.00_s0.20,0.0000,2.1228,0.2131,7.8413,1.1064,1.1285,9.6821,0.1604,0.1604,0.0000,68368
56,16,square_waypoints,0.01,0.003,0.0,0.12,high_slip,fisher_grid,g1.00_1.00_s0.20,0.0000,0.4327,0.8973,11.3400,0.2181,0.2156,2.0047,0.0522,0.0522,0.0000,68369
56,16,square_waypoints,0.01,0.003,0.0,0.12,high_slip,constrained_fisher,g0.90_0.90_s0.20,0.2000,2.0832,0.1734,6.2775,0.1236,0.1266,1.8095,0.1097,0.1179,0.0082,68370
57,16,square_waypoints,0.01,0.003,0.0,0.12,left_gain_loss,null_probe,g0.60_1.00_s0.02,0.0200,1.3984,0.4279,8.5700,0.0104,0.0849,0.6819,0.0440,0.1248,0.0808,69371
57,16,square_waypoints,0.01,0.003,0.0,0.12,left_gain_loss,unpaired_null,g0.60_1.00_s0.02,0.0200,1.6205,0.4745,8.5700,0.0594,0.1769,1.5032,0.0818,0.0492,-0.0327,69372
57,16,square_waypoints,0.01,0.003,0.0,0.12,left_gain_loss,random_probe,g0.60_1.00_s0.10,0.1000,1.8624,0.3023,4.1766,0.1542,0.1718,1.6246,0.0228,0.0093,-0.0135,69373
57,16,square_waypoints,0.01,0.003,0.0,0.12,left_gain_loss,task_greedy,g0.60_1.00_s0.02,0.0200,1.5284,0.3041,8.2764,0.8360,0.8681,7.6426,0.0774,0.0189,-0.0585,69374
57,16,square_waypoints,0.01,0.003,0.0,0.12,left_gain_loss,fisher_grid,g0.60_1.00_s0.10,0.1000,1.0488,0.5391,11.3400,0.2017,0.2023,1.7575,0.0902,0.0902,0.0001,69375
57,16,square_waypoints,0.01,0.003,0.0,0.12,left_gain_loss,constrained_fisher,g0.60_1.00_s0.02,0.0200,1.3135,0.4779,12.9600,0.0215,0.1050,0.9484,0.0639,0.1112,0.0473,69376
57,16,square_waypoints,0.01,0.003,0.0,0.12,right_gain_loss,null_probe,g1.00_0.60_s0.02,0.0200,1.8177,0.2919,8.5700,0.0297,0.0877,0.7840,0.0335,0.0249,-0.0086,69377
57,16,square_waypoints,0.01,0.003,0.0,0.12,right_gain_loss,unpaired_null,g1.00_0.60_s0.02,0.0200,1.4902,0.4955,8.5700,0.0717,0.2803,2.3297,0.0696,0.0246,-0.0450,69378
57,16,square_waypoints,0.01,0.003,0.0,0.12,right_gain_loss,random_probe,g1.00_0.60_s0.02,0.0200,1.7304,0.4447,4.0943,0.0893,0.1991,1.8910,0.0128,0.0710,0.0582,69379
57,16,square_waypoints,0.01,0.003,0.0,0.12,right_gain_loss,task_greedy,g1.00_0.60_s0.02,0.0200,1.8866,0.1877,8.2624,0.8625,0.8571,7.4876,0.0648,0.0841,0.0193,69380
57,16,square_waypoints,0.01,0.003,0.0,0.12,right_gain_loss,fisher_grid,g0.90_0.60_s0.02,0.1200,1.5427,0.3618,11.3400,0.2116,0.1868,1.5509,0.0434,0.2173,0.1739,69381
57,16,square_waypoints,0.01,0.003,0.0,0.12,right_gain_loss,constrained_fisher,g1.00_0.60_s0.02,0.0200,0.3424,0.9288,12.6563,0.0802,0.1106,1.0470,0.0177,0.0147,-0.0030,69382
57,16,square_waypoints,0.01,0.003,0.0,0.12,symmetric_low_power,null_probe,g0.75_0.75_s0.02,0.0600,1.7977,0.3454,8.5700,0.0265,0.0720,0.6000,0.0442,0.0413,-0.0028,69383
57,16,square_waypoints,0.01,0.003,0.0,0.12,symmetric_low_power,unpaired_null,g0.75_0.75_s0.02,0.0600,1.6960,0.4105,8.5700,0.0069,0.2105,1.7142,0.0299,0.0657,0.0358,69384
57,16,square_waypoints,0.01,0.003,0.0,0.12,symmetric_low_power,random_probe,g0.75_0.75_s0.02,0.0600,2.8542,0.1948,3.5127,0.3097,0.2866,1.5203,0.0616,0.0619,0.0002,69385
57,16,square_waypoints,0.01,0.003,0.0,0.12,symmetric_low_power,task_greedy,g0.60_0.60_s0.02,0.2400,2.2283,0.1851,7.8414,0.7955,0.8031,6.8568,0.0281,0.0809,0.0528,69386
57,16,square_waypoints,0.01,0.003,0.0,0.12,symmetric_low_power,fisher_grid,g0.75_0.75_s0.02,0.0600,1.5948,0.4943,11.3400,0.1527,0.1465,1.3276,0.0152,0.0532,0.0381,69387
57,16,square_waypoints,0.01,0.003,0.0,0.12,symmetric_low_power,constrained_fisher,g0.75_0.75_s0.02,0.0600,0.9403,0.6829,12.9600,0.0272,0.0824,0.7075,0.0155,0.0793,0.0638,69388
57,16,square_waypoints,0.01,0.003,0.0,0.12,high_slip,null_probe,g1.00_1.00_s0.20,0.0000,1.0962,0.6383,8.5700,0.0475,0.1300,1.0217,0.1276,0.1276,0.0000,69389
57,16,square_waypoints,0.01,0.003,0.0,0.12,high_slip,unpaired_null,g1.00_1.00_s0.10,0.1000,1.6938,0.4586,8.5700,0.0636,0.2792,2.2285,0.0908,0.0908,0.0000,69390
57,16,square_waypoints,0.01,0.003,0.0,0.12,high_slip,random_probe,g1.00_0.90_s0.20,0.1000,1.8102,0.4166,3.9815,0.4376,0.4184,2.9151,0.1581,0.1440,-0.0141,69391
57,16,square_waypoints,0.01,0.003,0.0,0.12,high_slip,task_greedy,g1.00_1.00_s0.20,0.0000,1.7911,0.2679,7.8409,1.1379,1.1190,9.4232,0.0456,0.0456,0.0000,69392
57,16,square_waypoints,0.01,0.003,0.0,0.12,high_slip,fisher_grid,g1.00_1.00_s0.20,0.0000,0.9839,0.6142,11.3400,0.2678,0.3717,3.2161,0.1588,0.1588,0.0000,69393
57,16,square_waypoints,0.01,0.003,0.0,0.12,high_slip,constrained_fisher,g1.00_1.00_s0.20,0.0000,1.5273,0.3655,6.8850,0.1058,0.1526,1.8386,0.0988,0.0988,0.0000,69394
58,16,square_waypoints,0.01,0.003,0.0,0.12,left_gain_loss,null_probe,g0.60_1.00_s0.02,0.0200,1.2976,0.5320,8.5700,0.0184,0.0987,0.8287,0.0766,0.0138,-0.0628,70395
58,16,square_waypoints,0.01,0.003,0.0,0.12,left_gain_loss,unpaired_null,g0.60_1.00_s0.02,0.0200,1.8455,0.2967,8.5700,0.0251,0.1872,1.7304,0.0200,0.0211,0.0011,70396
58,16,square_waypoints,0.01,0.003,0.0,0.12,left_gain_loss,random_probe,g0.60_1.00_s0.02,0.0200,2.1237,0.2836,3.5752,0.1306,0.1538,1.0598,0.0405,0.1198,0.0793,70397
58,16,square_waypoints,0.01,0.003,0.0,0.12,left_gain_loss,task_greedy,g0.60_1.00_s0.02,0.0200,1.9225,0.2476,8.2647,0.8421,0.8609,7.6227,0.0774,0.0171,-0.0603,70398
58,16,square_waypoints,0.01,0.003,0.0,0.12,left_gain_loss,fisher_grid,g0.60_1.00_s0.10,0.1000,1.3825,0.4025,11.3400,0.1733,0.1852,1.6035,0.0934,0.0747,-0.0186,70399
58,16,square_waypoints,0.01,0.003,0.0,0.12,left_gain_loss,constrained_fisher,g0.60_1.00_s0.10,0.1000,1.3438,0.5953,12.6563,0.0470,0.1182,0.9874,0.0542,0.0135,-0.0407,70400
58,16,square_waypoints,0.01,0.003,0.0,0.12,right_gain_loss,null_probe,g1.00_0.60_s0.02,0.0200,1.5122,0.4064,8.5700,0.0458,0.1148,1.0220,0.0794,0.1470,0.0675,70401
58,16,square_waypoints,0.01,0.003,0.0,0.12,right_gain_loss,unpaired_null,g1.00_0.60_s0.02,0.0200,1.6490,0.3036,8.5700,0.0397,0.3037,2.5553,0.0272,0.0241,-0.0031,70402
58,16,square_waypoints,0.01,0.003,0.0,0.12,right_gain_loss,random_probe,g1.00_0.75_s0.02,0.1300,2.2186,0.2714,4.5645,0.1063,0.1097,0.8318,0.0898,0.1300,0.0402,70403
58,16,square_waypoints,0.01,0.003,0.0,0.12,right_gain_loss,task_greedy,g1.00_0.60_s0.20,0.2000,1.7994,0.2657,8.2512,0.8645,0.8466,7.4416,0.0417,0.0265,-0.0152,70404
58,16,square_waypoints,0.01,0.003,0.0,0.12,right_gain_loss,fisher_grid,g1.00_0.60_s0.02,0.0200,0.7946,0.7078,11.3400,0.1741,0.1790,1.5195,0.0626,0.1298,0.0671,70405
58,16,square_waypoints,0.01,0.003,0.0,0.12,right_gain_loss,constrained_fisher,g1.00_0.60_s0.02,0.0200,0.9454,0.7074,12.6563,0.0860,0.1067,0.9609,0.0212,0.0237,0.0026,70406
58,16,square_waypoints,0.01,0.003,0.0,0.12,symmetric_low_power,null_probe,g0.75_0.75_s0.02,0.0600,1.4031,0.4805,8.5700,0.0335,0.0816,0.7542,0.0516,0.0830,0.0315,70407
58,16,square_waypoints,0.01,0.003,0.0,0.12,symmetric_low_power,unpaired_null,g0.75_0.75_s0.02,0.0600,1.3236,0.5702,8.5700,0.0504,0.1997,1.6479,0.0596,0.0979,0.0383,70408
58,16,square_waypoints,0.01,0.003,0.0,0.12,symmetric_low_power,random_probe,g0.60_0.75_s0.02,0.1500,2.5649,0.1727,3.4328,0.0479,0.1494,1.4910,0.0687,0.0909,0.0223,70409
58,16,square_waypoints,0.01,0.003,0.0,0.12,symmetric_low_power,task_greedy,g0.75_0.75_s0.20,0.2400,1.7826,0.2825,7.8407,0.8203,0.8154,6.9388,0.0580,0.0475,-0.0104,70410
58,16,square_waypoints,0.01,0.003,0.0,0.12,symmetric_low_power,fisher_grid,g0.75_0.75_s0.10,0.1400,1.1808,0.5824,11.3400,0.1317,0.1464,1.2685,0.0174,0.0285,0.0110,70411
58,16,square_waypoints,0.01,0.003,0.0,0.12,symmetric_low_power,constrained_fisher,g0.75_0.60_s0.02,0.1500,1.3777,0.4664,12.9600,0.0418,0.0844,0.7261,0.0325,0.0155,-0.0170,70412
58,16,square_waypoints,0.01,0.003,0.0,0.12,high_slip,null_probe,g1.00_1.00_s0.20,0.0000,0.4815,0.8484,8.5700,0.1409,0.1954,1.6866,0.1034,0.1034,0.0000,70413
58,16,square_waypoints,0.01,0.003,0.0,0.12,high_slip,unpaired_null,g1.00_1.00_s0.20,0.0000,1.3542,0.5244,8.5700,0.1908,0.3219,3.0264,0.2009,0.2009,0.0000,70414
58,16,square_waypoints,0.01,0.003,0.0,0.12,high_slip,random_probe,g1.00_1.00_s0.20,0.0000,1.1059,0.5460,4.0227,0.0977,0.2181,2.0081,0.1257,0.1257,0.0000,70415
58,16,square_waypoints,0.01,0.003,0.0,0.12,high_slip,task_greedy,g1.00_1.00_s0.02,0.1800,1.6937,0.2781,7.8409,1.0989,1.1091,9.4190,0.1207,0.1207,0.0000,70416
58,16,square_waypoints,0.01,0.003,0.0,0.12,high_slip,fisher_grid,g1.00_1.00_s0.20,0.0000,0.2970,0.9349,11.3400,0.2135,0.2524,2.5774,0.1005,0.1005,0.0000,70417
58,16,square_waypoints,0.01,0.003,0.0,0.12,high_slip,constrained_fisher,g1.00_1.00_s0.20,0.0000,1.1089,0.6459,5.6700,0.1109,0.1742,1.9634,0.1069,0.1069,0.0000,70418
59,16,square_waypoints,0.01,0.003,0.0,0.12,left_gain_loss,null_probe,g0.60_1.00_s0.10,0.1000,1.3230,0.4164,8.5700,0.0517,0.0836,0.6683,0.0717,0.1447,0.0730,71419
59,16,square_waypoints,0.01,0.003,0.0,0.12,left_gain_loss,unpaired_null,g0.60_1.00_s0.02,0.0200,1.6360,0.3843,8.5700,0.0688,0.1747,1.6761,0.0248,0.0287,0.0039,71420
59,16,square_waypoints,0.01,0.003,0.0,0.12,left_gain_loss,random_probe,g0.60_1.00_s0.10,0.1000,2.1454,0.2462,2.7659,0.0423,0.1118,1.0034,0.0638,0.2313,0.1675,71421
59,16,square_waypoints,0.01,0.003,0.0,0.12,left_gain_loss,task_greedy,g0.60_1.00_s0.02,0.0200,1.8302,0.2240,8.2745,0.8498,0.8478,7.3271,0.0221,0.0732,0.0511,71422
59,16,square_waypoints,0.01,0.003,0.0,0.12,left_gain_loss,fisher_grid,g0.60_1.00_s0.02,0.0200,1.4756,0.4442,11.3400,0.1901,0.1892,1.6660,0.0577,0.0228,-0.0349,71423
59,16,square_waypoints,0.01,0.003,0.0,0.12,left_gain_loss,constrained_fisher,g0.60_1.00_s0.02,0.0200,0.7371,0.7506,12.6563,0.0728,0.1056,1.0058,0.0968,0.0168,-0.0800,71424
59,16,square_waypoints,0.01,0.003,0.0,0.12,right_gain_loss,null_probe,g0.90_0.60_s0.02,0.1200,1.2975,0.5425,8.5700,0.0618,0.0965,0.8495,0.0788,0.0404,-0.0384,71425
59,16,square_waypoints,0.01,0.003,0.0,0.12,right_gain_loss,unpaired_null,g1.00_0.60_s0.02,0.0200,1.6503,0.3454,8.5700,0.0452,0.2899,2.3832,0.0293,0.1509,0.1216,71426
59,16,square_waypoints,0.01,0.003,0.0,0.12,right_gain_loss,random_probe,g1.00_0.60_s0.02,0.0200,1.5182,0.5198,4.1428,0.2138,0.2106,1.2851,0.0158,0.1399,0.1241,71427
59,16,square_waypoints,0.01,0.003,0.0,0.12,right_gain_loss,task_greedy,g1.00_0.60_s0.20,0.2000,1.7261,0.2397,8.2698,0.8704,0.8781,7.7288,0.0612,0.1644,0.1032,71428
59,16,square_waypoints,0.01,0.003,0.0,0.12,right_gain_loss,fisher_grid,g1.00_0.60_s0.02,0.0200,0.9666,0.6810,11.3400,0.1853,0.1910,1.5561,0.0795,0.0218,-0.0577,71429
59,16,square_waypoints,0.01,0.003,0.0,0.12,right_gain_loss,constrained_fisher,g1.00_0.60_s0.02,0.0200,0.2285,0.9497,12.3525,0.0948,0.1091,1.1947,0.0822,0.0184,-0.0639,71430
59,16,square_waypoints,0.01,0.003,0.0,0.12,symmetric_low_power,null_probe,g0.75_0.60_s0.02,0.1500,1.8090,0.3251,8.5700,0.0303,0.0740,0.6478,0.0438,0.0638,0.0199,71431
59,16,square_waypoints,0.01,0.003,0.0,0.12,symmetric_low_power,unpaired_null,g0.75_0.75_s0.02,0.0600,2.1040,0.2614,8.5700,0.0323,0.2122,1.7694,0.0383,0.0792,0.0409,71432
59,16,square_waypoints,0.01,0.003,0.0,0.12,symmetric_low_power,random_probe,g0.75_0.75_s0.02,0.0600,2.5143,0.2504,3.6120,0.1650,0.1591,1.3802,0.0332,0.0448,0.0116,71433
59,16,square_waypoints,0.01,0.003,0.0,0.12,symmetric_low_power,task_greedy,g0.75_0.75_s0.02,0.0600,1.8657,0.2693,7.8408,0.8205,0.8163,7.0403,0.0376,0.0550,0.0174,71434
59,16,square_waypoints,0.01,0.003,0.0,0.12,symmetric_low_power,fisher_grid,g0.75_0.75_s0.02,0.0600,0.9149,0.7277,11.3400,0.1430,0.1453,1.3114,0.0457,0.0588,0.0131,71435
59,16,square_waypoints,0.01,0.003,0.0,0.12,symmetric_low_power,constrained_fisher,g0.75_0.60_s0.02,0.1500,1.2111,0.4393,12.9600,0.0208,0.0818,0.6539,0.0589,0.0582,-0.0007,71436
59,16,square_waypoints,0.01,0.003,0.0,0.12,high_slip,null_probe,g0.90_0.90_s0.20,0.2000,2.1028,0.1987,8.5700,0.0520,0.1649,1.4688,0.0434,0.1698,0.1264,71437
59,16,square_waypoints,0.01,0.003,0.0,0.12,high_slip,unpaired_null,g1.00_1.00_s0.20,0.0000,0.6559,0.8202,8.5700,0.0681,0.2799,2.3279,0.0288,0.0288,0.0000,71438
59,16,square_waypoints,0.01,0.003,0.0,0.12,high_slip,random_probe,g1.00_1.00_s0.02,0.1800,2.2064,0.2398,4.0451,0.3620,0.3531,3.4150,0.1123,0.1123,0.0000,71439
59,16,square_waypoints,0.01,0.003,0.0,0.12,high_slip,task_greedy,g1.00_1.00_s0.20,0.0000,2.2770,0.1844,7.8408,1.1353,1.1229,9.5490,0.0333,0.0333,0.0000,71440
59,16,square_waypoints,0.01,0.003,0.0,0.12,high_slip,fisher_grid,g1.00_1.00_s0.20,0.0000,0.4221,0.8996,11.3400,0.1632,0.2064,2.1453,0.1006,0.1006,0.0000,71441
59,16,square_waypoints,0.01,0.003,0.0,0.12,high_slip,constrained_fisher,g1.00_1.00_s0.20,0.0000,1.1025,0.5736,10.1250,0.1112,0.1439,1.5569,0.0730,0.0730,0.0000,71442
0,24,square_waypoints,0.01,0.003,0.0,0.12,left_gain_loss,null_probe,g0.60_1.00_s0.10,0.1000,1.0759,0.4627,12.8550,0.0404,0.1018,1.1491,0.0940,0.0199,-0.0741,11003
0,24,square_waypoints,0.01,0.003,0.0,0.12,left_gain_loss,unpaired_null,g0.60_1.00_s0.10,0.1000,1.2777,0.5807,12.8550,0.0449,0.1803,2.4961,0.0546,0.0768,0.0222,11004
0,24,square_waypoints,0.01,0.003,0.0,0.12,left_gain_loss,random_probe,g0.60_1.00_s0.02,0.0200,2.0497,0.2398,5.8891,0.1941,0.2410,3.1402,0.0530,0.0263,-0.0267,11005
0,24,square_waypoints,0.01,0.003,0.0,0.12,left_gain_loss,task_greedy,g0.60_1.00_s0.20,0.2000,1.6971,0.2553,12.4271,1.2869,1.2943,16.4160,0.0414,0.1242,0.0828,11006
0,24,square_waypoints,0.01,0.003,0.0,0.12,left_gain_loss,fisher_grid,g0.60_1.00_s0.10,0.1000,1.0619,0.5912,16.2000,0.3715,0.3521,3.9213,0.1182,0.1500,0.0318,11007
0,24,square_waypoints,0.01,0.003,0.0,0.12,left_gain_loss,constrained_fisher,g0.60_1.00_s0.10,0.1000,1.6504,0.3138,17.3138,0.1083,0.1161,1.9998,0.0195,0.0657,0.0462,11008
0,24,square_waypoints,0.01,0.003,0.0,0.12,right_gain_loss,null_probe,g1.00_0.60_s0.02,0.0200,1.3105,0.5808,12.8550,0.0577,0.1097,1.3586,0.0155,0.0220,0.0065,11009
0,24,square_waypoints,0.01,0.003,0.0,0.12,right_gain_loss,unpaired_null,g1.00_0.60_s0.02,0.0200,1.1854,0.5675,12.8550,0.0382,0.2884,3.6344,0.0770,0.0610,-0.0160,11010
0,24,square_waypoints,0.01,0.003,0.0,0.12,right_gain_loss,random_probe,g1.00_0.60_s0.10,0.1000,2.3556,0.1809,6.7154,0.1828,0.2857,3.6211,0.0593,0.0182,-0.0411,11011
0,24,square_waypoints,0.01,0.003,0.0,0.12,right_gain_loss,task_greedy,g1.00_0.60_s0.20,0.2000,1.6510,0.2712,12.4231,1.2520,1.2605,16.0531,0.0161,0.0217,0.0056,11012
0,24,square_waypoints,0.01,0.003,0.0,0.12,right_gain_loss,fisher_grid,g1.00_0.60_s0.10,0.1000,1.0232,0.6105,16.2000,0.3250,0.3469,3.3847,0.0537,0.0287,-0.0250,11013
0,24,square_waypoints,0.01,0.003,0.0,0.12,right_gain_loss,constrained_fisher,g1.00_0.60_s0.02,0.0200,0.1654,0.9644,16.0988,0.0622,0.1108,1.9471,0.0291,0.0980,0.0690,11014
0,24,square_waypoints,0.01,0.003,0.0,0.12,symmetric_low_power,null_probe,g0.75_0.75_s0.10,0.1400,2.0478,0.2097,12.8550,0.0370,0.0905,1.0540,0.0520,0.0259,-0.0261,11015
0,24,square_waypoints,0.01,0.003,0.0,0.12,symmetric_low_power,unpaired_null,g0.75_0.75_s0.02,0.0600,0.8222,0.7863,12.8550,0.0345,0.2038,2.4535,0.0278,0.0936,0.0658,11016
0,24,square_waypoints,0.01,0.003,0.0,0.12,symmetric_low_power,random_probe,g0.75_0.60_s0.02,0.1500,1.9063,0.3615,6.5051,0.1041,0.1637,2.4017,0.0435,0.0629,0.0194,11017
0,24,square_waypoints,0.01,0.003,0.0,0.12,symmetric_low_power,task_greedy,g0.75_0.75_s0.02,0.0600,1.4572,0.3066,11.7612,1.1704,1.1984,14.8131,0.0153,0.1004,0.0851,11018
0,24,square_waypoints,0.01,0.003,0.0,0.12,symmetric_low_power,fisher_grid,g0.75_0.75_s0.02,0.0600,0.7654,0.6121,16.2000,0.2129,0.2239,2.3984,0.0476,0.0611,0.0135,11019
0,24,square_waypoints,0.01,0.003,0.0,0.12,symmetric_low_power,constrained_fisher,g0.75_0.75_s0.02,0.0600,0.0728,0.9889,19.4400,0.0409,0.0906,1.1942,0.0375,0.0876,0.0501,11020
0,24,square_waypoints,0.01,0.003,0.0,0.12,high_slip,null_probe,g1.00_0.90_s0.20,0.1000,1.1028,0.4355,12.8550,0.0720,0.1227,1.3911,0.0826,0.1320,0.0493,11021
0,24,square_waypoints,0.01,0.003,0.0,0.12,high_slip,unpaired_null,g1.00_1.00_s0.20,0.0000,1.3579,0.4962,12.8550,0.2571,0.3353,4.6932,0.0767,0.0767,0.0000,11022
0,24,square_waypoints,0.01,0.003,0.0,0.12,high_slip,random_probe,g1.00_1.00_s0.20,0.0000,1.0274,0.6552,6.2089,0.5154,0.5015,6.7867,0.1248,0.1248,0.0000,11023
0,24,square_waypoints,0.01,0.003,0.0,0.12,high_slip,task_greedy,g1.00_1.00_s0.20,0.0000,1.7837,0.2499,11.7608,1.6654,1.6775,20.8807,0.1387,0.1387,0.0000,11024
0,24,square_waypoints,0.01,0.003,0.0,0.12,high_slip,fisher_grid,g1.00_1.00_s0.20,0.0000,1.0737,0.5298,16.2000,0.4569,0.4572,6.3193,0.0314,0.0314,0.0000,11025
0,24,square_waypoints,0.01,0.003,0.0,0.12,high_slip,constrained_fisher,g1.00_1.00_s0.20,0.0000,0.4411,0.9011,15.7950,0.1036,0.1722,2.5153,0.0338,0.0338,0.0000,11026
1,24,square_waypoints,0.01,0.003,0.0,0.12,left_gain_loss,null_probe,g0.60_1.00_s0.02,0.0200,1.1360,0.5640,12.8550,0.0919,0.1454,2.0399,0.0514,0.0823,0.0309,12027
1,24,square_waypoints,0.01,0.003,0.0,0.12,left_gain_loss,unpaired_null,g0.60_1.00_s0.02,0.0200,1.3150,0.4721,12.8550,0.0503,0.1867,2.5606,0.0218,0.1403,0.1186,12028
1,24,square_waypoints,0.01,0.003,0.0,0.12,left_gain_loss,random_probe,g0.60_1.00_s0.02,0.0200,1.4314,0.5233,6.9374,0.2190,0.2406,3.5104,0.0196,0.1707,0.1511,12029
1,24,square_waypoints,0.01,0.003,0.0,0.12,left_gain_loss,task_greedy,g0.60_1.00_s0.02,0.0200,1.7658,0.2212,12.4264,1.2413,1.2538,15.9336,0.0417,0.0784,0.0367,12030
1,24,square_waypoints,0.01,0.003,0.0,0.12,left_gain_loss,fisher_grid,g0.60_1.00_s0.02,0.0200,0.6518,0.7248,16.2000,0.3879,0.3738,3.9214,0.0291,0.1215,0.0924,12031
1,24,square_waypoints,0.01,0.003,0.0,0.12,left_gain_loss,constrained_fisher,g0.75_0.90_s0.02,0.2300,0.9308,0.6684,18.8325,0.1070,0.1090,1.6127,0.0941,0.0386,-0.0554,12032
1,24,square_waypoints,0.01,0.003,0.0,0.12,right_gain_loss,null_probe,g1.00_0.60_s0.02,0.0200,0.9925,0.6506,12.8550,0.0491,0.0924,1.0340,0.0209,0.0174,-0.0035,12033
1,24,square_waypoints,0.01,0.003,0.0,0.12,right_gain_loss,unpaired_null,g1.00_0.60_s0.02,0.0200,1.0945,0.5530,12.8550,0.0441,0.2847,3.5007,0.0195,0.0410,0.0214,12034
1,24,square_waypoints,0.01,0.003,0.0,0.12,right_gain_loss,random_probe,g0.90_0.60_s0.02,0.1200,1.4112,0.4739,7.0893,0.3452,0.3727,4.2714,0.0231,0.0263,0.0032,12035
1,24,square_waypoints,0.01,0.003,0.0,0.12,right_gain_loss,task_greedy,g1.00_0.60_s0.02,0.0200,1.8050,0.1817,12.4457,1.2991,1.2965,16.6037,0.1047,0.1556,0.0508,12036
1,24,square_waypoints,0.01,0.003,0.0,0.12,right_gain_loss,fisher_grid,g1.00_0.60_s0.02,0.0200,0.8434,0.7006,16.2000,0.4049,0.3774,3.7145,0.0228,0.1226,0.0998,12037
1,24,square_waypoints,0.01,0.003,0.0,0.12,right_gain_loss,constrained_fisher,g1.00_0.60_s0.02,0.0200,0.0912,0.9854,18.8325,0.0812,0.1067,1.6090,0.0436,0.0122,-0.0314,12038
1,24,square_waypoints,0.01,0.003,0.0,0.12,symmetric_low_power,null_probe,g0.75_0.75_s0.02,0.0600,1.2328,0.6353,12.8550,0.0186,0.0648,0.8996,0.0266,0.0763,0.0497,12039
1,24,square_waypoints,0.01,0.003,0.0,0.12,symmetric_low_power,unpaired_null,g0.60_0.60_s0.02,0.2400,1.7205,0.4198,12.8550,0.0417,0.2315,2.8467,0.0121,0.0439,0.0318,12040
1,24,square_waypoints,0.01,0.003,0.0,0.12,symmetric_low_power,random_probe,g0.75_0.75_s0.10,0.1400,2.0760,0.2817,6.4131,0.1004,0.2228,2.6552,0.0441,0.0644,0.0203,12041
1,24,square_waypoints,0.01,0.003,0.0,0.12,symmetric_low_power,task_greedy,g0.60_0.60_s0.20,0.4200,2.1514,0.1711,11.7607,1.2074,1.2121,15.2845,0.0225,0.0401,0.0176,12042
1,24,square_waypoints,0.01,0.003,0.0,0.12,symmetric_low_power,fisher_grid,g0.75_0.75_s0.02,0.0600,0.4678,0.8897,16.2000,0.2881,0.2642,2.7723,0.0389,0.0866,0.0476,12043
1,24,square_waypoints,0.01,0.003,0.0,0.12,symmetric_low_power,constrained_fisher,g0.75_0.75_s0.02,0.0600,0.5769,0.7948,19.4400,0.0516,0.0778,1.1002,0.0293,0.0654,0.0361,12044
1,24,square_waypoints,0.01,0.003,0.0,0.12,high_slip,null_probe,g0.90_1.00_s0.20,0.1000,1.3127,0.4050,12.8550,0.0333,0.2028,1.9259,0.1653,0.1600,-0.0053,12045
1,24,square_waypoints,0.01,0.003,0.0,0.12,high_slip,unpaired_null,g1.00_1.00_s0.20,0.0000,0.5527,0.8029,12.8550,0.0332,0.3016,3.6644,0.0695,0.0695,0.0000,12046
1,24,square_waypoints,0.01,0.003,0.0,0.12,high_slip,random_probe,g1.00_1.00_s0.20,0.0000,1.0919,0.5692,7.1977,0.1285,0.4386,5.4175,0.0564,0.0564,0.0000,12047
1,24,square_waypoints,0.01,0.003,0.0,0.12,high_slip,task_greedy,g1.00_1.00_s0.02,0.1800,1.8567,0.2442,11.7613,1.6704,1.6625,20.8225,0.1312,0.1312,0.0000,12048
1,24,square_waypoints,0.01,0.003,0.0,0.12,high_slip,fisher_grid,g1.00_1.00_s0.20,0.0000,0.6913,0.7866,16.2000,0.4495,0.4421,5.1224,0.0738,0.0738,0.0000,12049
1,24,square_waypoints,0.01,0.003,0.0,0.12,high_slip,constrained_fisher,g1.00_0.90_s0.20,0.1000,1.4145,0.2914,13.5675,0.1002,0.1485,2.3222,0.1905,0.0838,-0.1066,12050
2,24,square_waypoints,0.01,0.003,0.0,0.12,left_gain_loss,null_probe,g0.60_1.00_s0.02,0.0200,1.0226,0.5800,12.8550,0.0437,0.1122,1.5573,0.0193,0.0209,0.0017,13051
2,24,square_waypoints,0.01,0.003,0.0,0.12,left_gain_loss,unpaired_null,g0.60_1.00_s0.02,0.0200,0.9593,0.6628,12.8550,0.0447,0.1926,2.6810,0.0283,0.0369,0.0086,13052
2,24,square_waypoints,0.01,0.003,0.0,0.12,left_gain_loss,random_probe,g0.60_1.00_s0.10,0.1000,1.8643,0.3388,5.4169,0.1871,0.1756,2.4047,0.0099,0.0509,0.0409,13053
2,24,square_waypoints,0.01,0.003,0.0,0.12,left_gain_loss,task_greedy,g0.60_1.00_s0.20,0.2000,1.7571,0.2310,12.4287,1.3066,1.2867,16.4426,0.0900,0.0588,-0.0312,13054
2,24,square_waypoints,0.01,0.003,0.0,0.12,left_gain_loss,fisher_grid,g0.60_1.00_s0.02,0.0200,1.2166,0.4884,16.2000,0.3675,0.3485,3.6977,0.0340,0.0894,0.0554,13055
2,24,square_waypoints,0.01,0.003,0.0,0.12,left_gain_loss,constrained_fisher,g0.60_1.00_s0.02,0.0200,0.7756,0.7935,19.1363,0.1122,0.1099,1.4794,0.0168,0.0282,0.0113,13056
2,24,square_waypoints,0.01,0.003,0.0,0.12,right_gain_loss,null_probe,g1.00_0.60_s0.10,0.1000,1.5535,0.3971,12.8550,0.0454,0.0956,1.2947,0.0786,0.0136,-0.0650,13057
2,24,square_waypoints,0.01,0.003,0.0,0.12,right_gain_loss,unpaired_null,g1.00_0.60_s0.02,0.0200,0.7706,0.7488,12.8550,0.0467,0.2831,3.5147,0.0360,0.1353,0.0993,13058
2,24,square_waypoints,0.01,0.003,0.0,0.12,right_gain_loss,random_probe,g1.00_0.60_s0.10,0.1000,1.7730,0.3718,5.1901,0.5025,0.5089,7.1085,0.0932,0.1582,0.0650,13059
2,24,square_waypoints,0.01,0.003,0.0,0.12,right_gain_loss,task_greedy,g1.00_0.60_s0.02,0.0200,1.7783,0.2159,12.4496,1.2797,1.2934,16.5296,0.0377,0.0759,0.0382,13060
2,24,square_waypoints,0.01,0.003,0.0,0.12,right_gain_loss,fisher_grid,g0.90_0.60_s0.02,0.1200,0.9574,0.5784,16.2000,0.3844,0.3723,3.5075,0.0499,0.1606,0.1107,13061
2,24,square_waypoints,0.01,0.003,0.0,0.12,right_gain_loss,constrained_fisher,g1.00_0.60_s0.02,0.0200,0.2944,0.9236,18.2250,0.0978,0.1107,1.8677,0.0257,0.0292,0.0035,13062
2,24,square_waypoints,0.01,0.003,0.0,0.12,symmetric_low_power,null_probe,g0.75_0.75_s0.02,0.0600,0.8194,0.7444,12.8550,0.0233,0.0934,1.1051,0.0386,0.0741,0.0355,13063
2,24,square_waypoints,0.01,0.003,0.0,0.12,symmetric_low_power,unpaired_null,g0.75_0.75_s0.02,0.0600,1.2536,0.5759,12.8550,0.0118,0.1912,2.1975,0.0178,0.1111,0.0932,13064
2,24,square_waypoints,0.01,0.003,0.0,0.12,symmetric_low_power,random_probe,g0.75_0.60_s0.02,0.1500,1.7229,0.3563,6.0370,0.1133,0.1691,2.0886,0.0265,0.0458,0.0194,13065
2,24,square_waypoints,0.01,0.003,0.0,0.12,symmetric_low_power,task_greedy,g0.75_0.75_s0.20,0.2400,1.4427,0.3089,11.7610,1.2075,1.2289,15.3798,0.0310,0.0428,0.0117,13066
2,24,square_waypoints,0.01,0.003,0.0,0.12,symmetric_low_power,fisher_grid,g0.75_0.75_s0.02,0.0600,0.2630,0.9378,16.2000,0.2601,0.2688,2.7811,0.0492,0.0711,0.0218,13067
2,24,square_waypoints,0.01,0.003,0.0,0.12,symmetric_low_power,constrained_fisher,g0.75_0.75_s0.02,0.0600,0.1254,0.9787,19.4400,0.0327,0.0961,1.2912,0.0283,0.0418,0.0135,13068
2,24,square_waypoints,0.01,0.003,0.0,0.12,high_slip,null_probe,g1.00_1.00_s0.20,0.0000,0.5575,0.8514,12.8550,0.1745,0.2621,3.5731,0.0954,0.0954,0.0000,13069
2,24,square_waypoints,0.01,0.003,0.0,0.12,high_slip,unpaired_null,g1.00_1.00_s0.20,0.0000,0.1777,0.9681,12.8550,0.0575,0.2933,3.5974,0.0413,0.0413,0.0000,13070
2,24,square_waypoints,0.01,0.003,0.0,0.12,high_slip,random_probe,g0.90_1.00_s0.20,0.1000,0.9641,0.4820,7.0025,0.4512,0.4958,6.8624,0.0530,0.1119,0.0589,13071
2,24,square_waypoints,0.01,0.003,0.0,0.12,high_slip,task_greedy,g1.00_1.00_s0.02,0.1800,1.6439,0.2868,11.7615,1.6284,1.6561,20.9061,0.1467,0.1467,0.0000,13072
2,24,square_waypoints,0.01,0.003,0.0,0.12,high_slip,fisher_grid,g1.00_1.00_s0.20,0.0000,0.6479,0.7830,16.2000,0.3910,0.3762,4.9784,0.0816,0.0816,0.0000,13073
2,24,square_waypoints,0.01,0.003,0.0,0.12,high_slip,constrained_fisher,g1.00_1.00_s0.02,0.1800,1.0947,0.4690,19.4400,0.0500,0.1150,2.0782,0.2420,0.2420,0.0000,13074
3,24,square_waypoints,0.01,0.003,0.0,0.12,left_gain_loss,null_probe,g0.60_1.00_s0.10,0.1000,1.0496,0.5549,12.8550,0.0325,0.0914,1.2192,0.0645,0.0282,-0.0363,14075
3,24,square_waypoints,0.01,0.003,0.0,0.12,left_gain_loss,unpaired_null,g0.60_1.00_s0.02,0.0200,0.7499,0.7758,12.8550,0.0505,0.1811,2.4944,0.0219,0.0197,-0.0022,14076
3,24,square_waypoints,0.01,0.003,0.0,0.12,left_gain_loss,random_probe,g0.60_1.00_s0.02,0.0200,1.7839,0.3485,6.8687,0.0680,0.1018,1.4617,0.0851,0.1062,0.0211,14077
3,24,square_waypoints,0.01,0.003,0.0,0.12,left_gain_loss,task_greedy,g0.60_1.00_s0.02,0.0200,1.8046,0.1888,12.4571,1.2972,1.2959,16.4637,0.1030,0.0211,-0.0819,14078
3,24,square_waypoints,0.01,0.003,0.0,0.12,left_gain_loss,fisher_grid,g0.60_1.00_s0.02,0.0200,0.2577,0.9467,16.2000,0.3701,0.3724,4.1492,0.0719,0.1443,0.0724,14079
3,24,square_waypoints,0.01,0.003,0.0,0.12,left_gain_loss,constrained_fisher,g0.60_1.00_s0.02,0.0200,0.5503,0.8740,16.8075,0.1170,0.1092,1.9440,0.0152,0.0133,-0.0019,14080
3,24,square_waypoints,0.01,0.003,0.0,0.12,right_gain_loss,null_probe,g1.00_0.60_s0.10,0.1000,1.0398,0.5909,12.8550,0.0729,0.0908,1.2101,0.0201,0.1110,0.0909,14081
3,24,square_waypoints,0.01,0.003,0.0,0.12,right_gain_loss,unpaired_null,g1.00_0.60_s0.02,0.0200,0.7160,0.7829,12.8550,0.0576,0.3002,3.8731,0.0496,0.0644,0.0149,14082
3,24,square_waypoints,0.01,0.003,0.0,0.12,right_gain_loss,random_probe,g1.00_0.60_s0.02,0.0200,1.5265,0.4033,6.4673,0.1533,0.2405,3.8046,0.0103,0.0042,-0.0061,14083
3,24,square_waypoints,0.01,0.003,0.0,0.12,right_gain_loss,task_greedy,g1.00_0.60_s0.20,0.2000,1.8474,0.2361,12.4488,1.2824,1.2879,16.2874,0.0894,0.0270,-0.0625,14084
3,24,square_waypoints,0.01,0.003,0.0,0.12,right_gain_loss,fisher_grid,g1.00_0.60_s0.02,0.0200,0.3538,0.9174,16.2000,0.3807,0.3779,3.4625,0.0459,0.0063,-0.0396,14085
3,24,square_waypoints,0.01,0.003,0.0,0.12,right_gain_loss,constrained_fisher,g1.00_0.60_s0.02,0.0200,0.4097,0.9055,17.9213,0.1177,0.1091,1.8679,0.0361,0.1448,0.1087,14086
3,24,square_waypoints,0.01,0.003,0.0,0.12,symmetric_low_power,null_probe,g0.75_0.60_s0.10,0.2300,1.8530,0.2698,12.8550,0.0337,0.0919,1.1666,0.0377,0.0431,0.0054,14087
3,24,square_waypoints,0.01,0.003,0.0,0.12,symmetric_low_power,unpaired_null,g0.75_0.75_s0.02,0.0600,1.4409,0.5859,12.8550,0.0366,0.2169,2.7286,0.0507,0.0251,-0.0256,14088
3,24,square_waypoints,0.01,0.003,0.0,0.12,symmetric_low_power,random_probe,g0.75_0.75_s0.02,0.0600,2.1691,0.2876,5.2427,0.1283,0.1539,2.8640,0.0625,0.0986,0.0361,14089
3,24,square_waypoints,0.01,0.003,0.0,0.12,symmetric_low_power,task_greedy,g0.75_0.75_s0.20,0.2400,1.3422,0.3181,11.7618,1.2534,1.2350,15.5443,0.0675,0.0251,-0.0423,14090
3,24,square_waypoints,0.01,0.003,0.0,0.12,symmetric_low_power,fisher_grid,g0.75_0.75_s0.02,0.0600,0.4968,0.8606,16.2000,0.2385,0.2508,2.5341,0.0505,0.0429,-0.0076,14091
3,24,square_waypoints,0.01,0.003,0.0,0.12,symmetric_low_power,constrained_fisher,g0.75_0.75_s0.02,0.0600,0.6235,0.8147,19.4400,0.0288,0.0836,1.0186,0.0350,0.0306,-0.0044,14092
3,24,square_waypoints,0.01,0.003,0.0,0.12,high_slip,null_probe,g1.00_1.00_s0.20,0.0000,0.6904,0.8226,12.8550,0.0274,0.1521,1.6323,0.0601,0.0601,0.0000,14093
3,24,square_waypoints,0.01,0.003,0.0,0.12,high_slip,unpaired_null,g1.00_1.00_s0.20,0.0000,1.2952,0.5908,12.8550,0.1580,0.3138,4.0672,0.0134,0.0134,0.0000,14094
3,24,square_waypoints,0.01,0.003,0.0,0.12,high_slip,random_probe,g1.00_0.90_s0.20,0.1000,1.6538,0.3098,6.1833,0.5128,0.4751,6.3692,0.0677,0.0704,0.0027,14095
3,24,square_waypoints,0.01,0.003,0.0,0.12,high_slip,task_greedy,g0.90_0.90_s0.20,0.2000,2.2407,0.1947,11.7619,1.6579,1.6741,20.9877,0.1200,0.1214,0.0014,14096
3,24,square_waypoints,0.01,0.003,0.0,0.12,high_slip,fisher_grid,g1.00_1.00_s0.20,0.0000,0.4102,0.9056,16.2000,0.3868,0.3602,3.8512,0.2046,0.2046,0.0000,14097
3,24,square_waypoints,0.01,0.003,0.0,0.12,high_slip,constrained_fisher,g1.00_1.00_s0.20,0.0000,0.6813,0.8288,6.0750,0.0952,0.1418,3.2504,0.1051,0.1051,0.0000,14098
4,24,square_waypoints,0.01,0.003,0.0,0.12,left_gain_loss,null_probe,g0.60_1.00_s0.02,0.0200,1.2564,0.4158,12.8550,0.0102,0.1080,1.0572,0.0315,0.0227,-0.0088,15099
4,24,square_waypoints,0.01,0.003,0.0,0.12,left_gain_loss,unpaired_null,g0.60_1.00_s0.02,0.0200,1.0079,0.6379,12.8550,0.0620,0.1751,2.3682,0.0083,0.0223,0.0140,15100
4,24,square_waypoints,0.01,0.003,0.0,0.12,left_gain_loss,random_probe,g0.60_1.00_s0.10,0.1000,2.2000,0.2358,7.1207,0.2699,0.3330,5.4950,0.0278,0.0141,-0.0137,15101
4,24,square_waypoints,0.01,0.003,0.0,0.12,left_gain_loss,task_greedy,g0.60_1.00_s0.20,0.2000,1.8018,0.2049,12.4094,1.2647,1.2770,16.4652,0.0556,0.0456,-0.0100,15102
4,24,square_waypoints,0.01,0.003,0.0,0.12,left_gain_loss,fisher_grid,g0.60_1.00_s0.02,0.0200,0.7065,0.7823,16.2000,0.3589,0.3557,3.7770,0.0459,0.1264,0.0806,15103
4,24,square_waypoints,0.01,0.003,0.0,0.12,left_gain_loss,constrained_fisher,g0.60_1.00_s0.02,0.0200,0.4804,0.8868,19.1363,0.1061,0.1113,1.2967,0.0394,0.0340,-0.0055,15104
4,24,square_waypoints,0.01,0.003,0.0,0.12,right_gain_loss,null_probe,g1.00_0.60_s0.02,0.0200,1.0637,0.6393,12.8550,0.0860,0.1100,1.4022,0.0521,0.0888,0.0367,15105
4,24,square_waypoints,0.01,0.003,0.0,0.12,right_gain_loss,unpaired_null,g1.00_0.60_s0.02,0.0200,0.7296,0.7888,12.8550,0.0286,0.2977,3.7084,0.0425,0.1612,0.1187,15106
4,24,square_waypoints,0.01,0.003,0.0,0.12,right_gain_loss,random_probe,g1.00_0.60_s0.02,0.0200,1.8947,0.2699,3.4561,0.0958,0.1800,3.1367,0.0259,0.1556,0.1297,15107
4,24,square_waypoints,0.01,0.003,0.0,0.12,right_gain_loss,task_greedy,g1.00_0.60_s0.02,0.0200,1.6916,0.2875,12.4238,1.2814,1.2815,16.1697,0.0757,0.0203,-0.0555,15108
4,24,square_waypoints,0.01,0.003,0.0,0.12,right_gain_loss,fisher_grid,g1.00_0.60_s0.02,0.0200,0.9948,0.6519,16.2000,0.3484,0.3606,3.4677,0.0459,0.0196,-0.0262,15109
4,24,square_waypoints,0.01,0.003,0.0,0.12,right_gain_loss,constrained_fisher,g1.00_0.60_s0.02,0.0200,0.5584,0.8523,17.4150,0.1277,0.1208,1.8856,0.0134,0.0535,0.0401,15110
4,24,square_waypoints,0.01,0.003,0.0,0.12,symmetric_low_power,null_probe,g0.75_0.75_s0.02,0.0600,0.9258,0.6572,12.8550,0.0109,0.0700,0.8408,0.0174,0.0725,0.0551,15111
4,24,square_waypoints,0.01,0.003,0.0,0.12,symmetric_low_power,unpaired_null,g0.75_0.75_s0.02,0.0600,1.5318,0.3990,12.8550,0.0205,0.2109,2.6460,0.0258,0.0492,0.0235,15112
4,24,square_waypoints,0.01,0.003,0.0,0.12,symmetric_low_power,random_probe,g0.75_0.75_s0.02,0.0600,1.7141,0.5110,5.7318,0.2088,0.2293,4.0441,0.0383,0.1003,0.0620,15113
4,24,square_waypoints,0.01,0.003,0.0,0.12,symmetric_low_power,task_greedy,g0.75_0.75_s0.02,0.0600,1.3240,0.3198,11.7610,1.2089,1.2177,15.2862,0.0686,0.0663,-0.0023,15114
4,24,square_waypoints,0.01,0.003,0.0,0.12,symmetric_low_power,fisher_grid,g0.75_0.75_s0.02,0.0600,1.4920,0.4192,16.2000,0.2732,0.2610,2.7007,0.0461,0.0674,0.0213,15115
4,24,square_waypoints,0.01,0.003,0.0,0.12,symmetric_low_power,constrained_fisher,g0.75_0.75_s0.02,0.0600,0.3766,0.9070,19.4400,0.0347,0.0909,1.1962,0.0624,0.0453,-0.0172,15116
4,24,square_waypoints,0.01,0.003,0.0,0.12,high_slip,null_probe,g1.00_1.00_s0.10,0.1000,0.8466,0.7258,12.8550,0.1220,0.1646,1.9060,0.1436,0.1436,0.0000,15117
4,24,square_waypoints,0.01,0.003,0.0,0.12,high_slip,unpaired_null,g1.00_1.00_s0.20,0.0000,0.4533,0.8808,12.8550,0.1002,0.3304,4.4096,0.1827,0.1827,0.0000,15118
4,24,square_waypoints,0.01,0.003,0.0,0.12,high_slip,random_probe,g1.00_1.00_s0.20,0.0000,0.9908,0.6259,7.5095,0.4552,0.4266,4.7978,0.0135,0.0135,0.0000,15119
4,24,square_waypoints,0.01,0.003,0.0,0.12,high_slip,task_greedy,g1.00_1.00_s0.20,0.0000,2.0500,0.2281,11.7615,1.6910,1.6901,21.2178,0.2004,0.2004,0.0000,15120
4,24,square_waypoints,0.01,0.003,0.0,0.12,high_slip,fisher_grid,g1.00_1.00_s0.10,0.1000,0.6227,0.8059,16.2000,0.3212,0.3318,4.3078,0.1841,0.1841,0.0000,15121
4,24,square_waypoints,0.01,0.003,0.0,0.12,high_slip,constrained_fisher,g1.00_1.00_s0.20,0.0000,1.5518,0.4471,12.7575,0.1107,0.1416,2.7352,0.0407,0.0407,0.0000,15122
5,24,square_waypoints,0.01,0.003,0.0,0.12,left_gain_loss,null_probe,g0.60_1.00_s0.02,0.0200,1.1716,0.6243,12.8550,0.0293,0.1139,1.3547,0.0414,0.0912,0.0498,16123
5,24,square_waypoints,0.01,0.003,0.0,0.12,left_gain_loss,unpaired_null,g0.60_1.00_s0.02,0.0200,0.9275,0.7071,12.8550,0.0624,0.1773,2.6510,0.1261,0.0750,-0.0511,16124
5,24,square_waypoints,0.01,0.003,0.0,0.12,left_gain_loss,random_probe,g0.75_1.00_s0.10,0.2100,2.2541,0.2027,5.4496,0.1194,0.1727,2.5249,0.1114,0.1972,0.0858,16125
5,24,square_waypoints,0.01,0.003,0.0,0.12,left_gain_loss,task_greedy,g0.60_1.00_s0.02,0.0200,1.7127,0.2471,12.4578,1.2951,1.2866,16.3167,0.0611,0.0266,-0.0346,16126
5,24,square_waypoints,0.01,0.003,0.0,0.12,left_gain_loss,fisher_grid,g0.60_1.00_s0.02,0.0200,0.7347,0.7749,16.2000,0.3435,0.3486,3.7493,0.0366,0.1481,0.1115,16127
5,24,square_waypoints,0.01,0.003,0.0,0.12,left_gain_loss,constrained_fisher,g0.60_1.00_s0.02,0.0200,0.0549,0.9918,18.5288,0.1161,0.1103,1.6638,0.0597,0.1324,0.0727,16128
5,24,square_waypoints,0.01,0.003,0.0,0.12,right_gain_loss,null_probe,g1.00_0.60_s0.02,0.0200,1.2832,0.5047,12.8550,0.0113,0.0896,0.9672,0.0422,0.1195,0.0774,16129
5,24,square_waypoints,0.01,0.003,0.0,0.12,right_gain_loss,unpaired_null,g1.00_0.60_s0.02,0.0200,1.0675,0.6272,12.8550,0.0658,0.2898,3.7415,0.0271,0.0176,-0.0095,16130
5,24,square_waypoints,0.01,0.003,0.0,0.12,right_gain_loss,random_probe,g1.00_0.75_s0.02,0.1300,1.8806,0.3216,6.2852,0.4714,0.5472,8.1414,0.0377,0.1714,0.1337,16131
5,24,square_waypoints,0.01,0.003,0.0,0.12,right_gain_loss,task_greedy,g1.00_0.60_s0.02,0.0200,1.6295,0.2879,12.4295,1.2780,1.2990,16.6015,0.0810,0.0217,-0.0594,16132
5,24,square_waypoints,0.01,0.003,0.0,0.12,right_gain_loss,fisher_grid,g1.00_0.60_s0.02,0.0200,0.3048,0.9353,16.2000,0.3653,0.3617,3.6637,0.0905,0.0168,-0.0737,16133
5,24,square_waypoints,0.01,0.003,0.0,0.12,right_gain_loss,constrained_fisher,g1.00_0.60_s0.02,0.0200,1.1540,0.5968,17.2125,0.1207,0.1291,1.9989,0.0297,0.0233,-0.0064,16134
5,24,square_waypoints,0.01,0.003,0.0,0.12,symmetric_low_power,null_probe,g0.75_0.75_s0.02,0.0600,1.2652,0.5400,12.8550,0.0492,0.0875,1.1540,0.0195,0.0391,0.0197,16135
5,24,square_waypoints,0.01,0.003,0.0,0.12,symmetric_low_power,unpaired_null,g0.75_0.75_s0.02,0.0600,1.8356,0.3488,12.8550,0.0274,0.1973,2.2775,0.0432,0.0557,0.0125,16136
5,24,square_waypoints,0.01,0.003,0.0,0.12,symmetric_low_power,random_probe,g0.75_0.75_s0.10,0.1400,1.9621,0.2737,6.3702,0.0960,0.1468,1.7948,0.0289,0.0492,0.0203,16137
5,24,square_waypoints,0.01,0.003,0.0,0.12,symmetric_low_power,task_greedy,g0.75_0.75_s0.02,0.0600,1.5049,0.3035,11.7615,1.2196,1.2272,15.1725,0.0618,0.0449,-0.0169,16138
5,24,square_waypoints,0.01,0.003,0.0,0.12,symmetric_low_power,fisher_grid,g0.75_0.75_s0.02,0.0600,0.4482,0.8911,16.2000,0.2113,0.2360,2.5593,0.0110,0.0762,0.0652,16139
5,24,square_waypoints,0.01,0.003,0.0,0.12,symmetric_low_power,constrained_fisher,g0.75_0.75_s0.02,0.0600,0.1627,0.9681,19.4400,0.0647,0.0979,1.2343,0.0398,0.0597,0.0199,16140
5,24,square_waypoints,0.01,0.003,0.0,0.12,high_slip,null_probe,g1.00_1.00_s0.20,0.0000,0.4128,0.9019,12.8550,0.1763,0.2585,3.2969,0.1591,0.1591,0.0000,16141
5,24,square_waypoints,0.01,0.003,0.0,0.12,high_slip,unpaired_null,g0.90_1.00_s0.20,0.1000,1.6968,0.3829,12.8550,0.1451,0.3289,4.2470,0.0762,0.0634,-0.0127,16142
5,24,square_waypoints,0.01,0.003,0.0,0.12,high_slip,random_probe,g1.00_1.00_s0.20,0.0000,1.1060,0.5423,7.5593,0.2127,0.2716,4.4222,0.0532,0.0532,0.0000,16143
5,24,square_waypoints,0.01,0.003,0.0,0.12,high_slip,task_greedy,g1.00_1.00_s0.20,0.0000,2.0860,0.2098,11.7625,1.6604,1.6569,20.7298,0.1406,0.1406,0.0000,16144
5,24,square_waypoints,0.01,0.003,0.0,0.12,high_slip,fisher_grid,g1.00_1.00_s0.20,0.0000,0.2724,0.9310,16.2000,0.4063,0.4076,5.2293,0.1574,0.1574,0.0000,16145
5,24,square_waypoints,0.01,0.003,0.0,0.12,high_slip,constrained_fisher,g1.00_1.00_s0.20,0.0000,0.6066,0.8056,19.4400,0.0817,0.1603,2.2140,0.1595,0.1595,0.0000,16146
6,24,square_waypoints,0.01,0.003,0.0,0.12,left_gain_loss,null_probe,g0.60_1.00_s0.02,0.0200,1.1788,0.4952,12.8550,0.0281,0.0891,1.0694,0.0811,0.0786,-0.0025,17147
6,24,square_waypoints,0.01,0.003,0.0,0.12,left_gain_loss,unpaired_null,g0.60_1.00_s0.02,0.0200,0.7843,0.7738,12.8550,0.0556,0.2009,2.7704,0.0283,0.0162,-0.0121,17148
6,24,square_waypoints,0.01,0.003,0.0,0.12,left_gain_loss,random_probe,g0.60_1.00_s0.02,0.0200,1.9107,0.2894,6.3885,0.2419,0.2866,3.9810,0.0137,0.1391,0.1254,17149
6,24,square_waypoints,0.01,0.003,0.0,0.12,left_gain_loss,task_greedy,g0.60_1.00_s0.20,0.2000,1.7883,0.2178,12.4182,1.3037,1.2844,16.3955,0.0224,0.1721,0.1497,17150
6,24,square_waypoints,0.01,0.003,0.0,0.12,left_gain_loss,fisher_grid,g0.60_1.00_s0.02,0.0200,0.4099,0.9070,16.2000,0.3420,0.3586,3.8794,0.0152,0.0136,-0.0015,17151
6,24,square_waypoints,0.01,0.003,0.0,0.12,left_gain_loss,constrained_fisher,g0.60_1.00_s0.02,0.0200,0.0524,0.9914,18.2250,0.1044,0.1046,1.9632,0.0274,0.0442,0.0167,17152
6,24,square_waypoints,0.01,0.003,0.0,0.12,right_gain_loss,null_probe,g1.00_0.60_s0.02,0.0200,1.2672,0.5487,12.8550,0.0546,0.1098,1.3318,0.0148,0.0172,0.0024,17153
6,24,square_waypoints,0.01,0.003,0.0,0.12,right_gain_loss,unpaired_null,g1.00_0.60_s0.02,0.0200,0.7720,0.7705,12.8550,0.0894,0.2818,3.4624,0.0037,0.0138,0.0101,17154
6,24,square_waypoints,0.01,0.003,0.0,0.12,right_gain_loss,random_probe,g1.00_0.60_s0.02,0.0200,1.9666,0.2993,5.4347,0.4063,0.4438,4.9538,0.0245,0.0444,0.0199,17155
6,24,square_waypoints,0.01,0.003,0.0,0.12,right_gain_loss,task_greedy,g1.00_0.60_s0.20,0.2000,1.7201,0.3123,12.4550,1.2926,1.2835,16.2759,0.0147,0.0120,-0.0027,17156
6,24,square_waypoints,0.01,0.003,0.0,0.12,right_gain_loss,fisher_grid,g1.00_0.60_s0.02,0.0200,1.1594,0.5579,16.2000,0.3466,0.3491,3.2355,0.0562,0.1139,0.0577,17157
6,24,square_waypoints,0.01,0.003,0.0,0.12,right_gain_loss,constrained_fisher,g1.00_0.60_s0.02,0.0200,0.6103,0.7377,18.8325,0.0938,0.1114,1.7488,0.0396,0.0750,0.0355,17158
6,24,square_waypoints,0.01,0.003,0.0,0.12,symmetric_low_power,null_probe,g0.60_0.75_s0.10,0.2300,2.2038,0.1586,12.8550,0.0522,0.0710,0.8310,0.0488,0.0665,0.0177,17159
6,24,square_waypoints,0.01,0.003,0.0,0.12,symmetric_low_power,unpaired_null,g0.75_0.75_s0.02,0.0600,0.9574,0.6808,12.8550,0.0144,0.2121,2.6159,0.0388,0.0761,0.0373,17160
6,24,square_waypoints,0.01,0.003,0.0,0.12,symmetric_low_power,random_probe,g0.75_0.75_s0.02,0.0600,2.2402,0.3118,5.0899,0.2759,0.2841,5.2478,0.0635,0.0618,-0.0016,17161
6,24,square_waypoints,0.01,0.003,0.0,0.12,symmetric_low_power,task_greedy,g0.75_0.75_s0.20,0.2400,1.3827,0.3149,11.7611,1.2001,1.2161,15.1415,0.0571,0.0722,0.0151,17162
6,24,square_waypoints,0.01,0.003,0.0,0.12,symmetric_low_power,fisher_grid,g0.75_0.75_s0.02,0.0600,0.7458,0.7819,16.2000,0.2390,0.2523,2.7249,0.0349,0.0635,0.0286,17163
6,24,square_waypoints,0.01,0.003,0.0,0.12,symmetric_low_power,constrained_fisher,g0.75_0.75_s0.02,0.0600,0.7053,0.6884,19.4400,0.0331,0.0813,1.0262,0.0301,0.0320,0.0019,17164
6,24,square_waypoints,0.01,0.003,0.0,0.12,high_slip,null_probe,g1.00_1.00_s0.20,0.0000,0.5593,0.7794,12.8550,0.1142,0.1478,1.9624,0.2081,0.2081,0.0000,17165
6,24,square_waypoints,0.01,0.003,0.0,0.12,high_slip,unpaired_null,g1.00_1.00_s0.20,0.0000,0.7185,0.7864,12.8550,0.0504,0.3010,3.5627,0.2812,0.2812,0.0000,17166
6,24,square_waypoints,0.01,0.003,0.0,0.12,high_slip,random_probe,g1.00_1.00_s0.20,0.0000,1.0307,0.4804,6.6385,0.3371,0.4173,7.0974,0.2178,0.2178,0.0000,17167
6,24,square_waypoints,0.01,0.003,0.0,0.12,high_slip,task_greedy,g1.00_1.00_s0.20,0.0000,1.3662,0.3177,11.7622,1.7164,1.6974,21.4531,0.1098,0.1098,0.0000,17168
6,24,square_waypoints,0.01,0.003,0.0,0.12,high_slip,fisher_grid,g1.00_1.00_s0.20,0.0000,0.5077,0.8116,16.2000,0.4341,0.4540,6.5013,0.0759,0.0759,0.0000,17169
6,24,square_waypoints,0.01,0.003,0.0,0.12,high_slip,constrained_fisher,g1.00_1.00_s0.20,0.0000,1.5456,0.4928,6.0750,0.1415,0.1620,3.1156,0.1584,0.1584,0.0000,17170
7,24,square_waypoints,0.01,0.003,0.0,0.12,left_gain_loss,null_probe,g0.60_1.00_s0.02,0.0200,0.8059,0.7087,12.8550,0.0210,0.0878,1.0794,0.0310,0.0264,-0.0046,18171
7,24,square_waypoints,0.01,0.003,0.0,0.12,left_gain_loss,unpaired_null,g0.60_1.00_s0.02,0.0200,1.2512,0.5274,12.8550,0.0639,0.1985,2.8292,0.0319,0.1111,0.0792,18172
7,24,square_waypoints,0.01,0.003,0.0,0.12,left_gain_loss,random_probe,g0.60_1.00_s0.02,0.0200,1.0665,0.6726,8.2135,0.1803,0.1931,3.1393,0.0924,0.0434,-0.0490,18173
7,24,square_waypoints,0.01,0.003,0.0,0.12,left_gain_loss,task_greedy,g0.60_0.90_s0.10,0.2000,1.8020,0.2098,12.4506,1.3062,1.2916,16.4426,0.1043,0.0803,-0.0240,18174
7,24,square_waypoints,0.01,0.003,0.0,0.12,left_gain_loss,fisher_grid,g0.60_1.00_s0.02,0.0200,0.7285,0.6805,16.2000,0.3768,0.3811,4.1033,0.0938,0.0255,-0.0683,18175
7,24,square_waypoints,0.01,0.003,0.0,0.12,left_gain_loss,constrained_fisher,g0.60_1.00_s0.02,0.0200,0.2581,0.9335,17.9213,0.1066,0.1094,1.6871,0.0885,0.0949,0.0063,18176
7,24,square_waypoints,0.01,0.003,0.0,0.12,right_gain_loss,null_probe,g1.00_0.60_s0.02,0.0200,1.1962,0.6366,12.8550,0.0665,0.1146,1.5142,0.0456,0.1510,0.1054,18177
7,24,square_waypoints,0.01,0.003,0.0,0.12,right_gain_loss,unpaired_null,g1.00_0.60_s0.02,0.0200,0.8234,0.7632,12.8550,0.0418,0.2755,3.4611,0.0662,0.0966,0.0304,18178
7,24,square_waypoints,0.01,0.003,0.0,0.12,right_gain_loss,random_probe,g1.00_0.60_s0.02,0.0200,1.4465,0.4062,6.2081,0.2998,0.2988,4.8866,0.0213,0.0100,-0.0113,18179
7,24,square_waypoints,0.01,0.003,0.0,0.12,right_gain_loss,task_greedy,g0.90_0.60_s0.20,0.3000,1.8112,0.2072,12.4378,1.3243,1.3047,16.6300,0.0137,0.0380,0.0243,18180
7,24,square_waypoints,0.01,0.003,0.0,0.12,right_gain_loss,fisher_grid,g1.00_0.60_s0.02,0.0200,0.4182,0.8927,16.2000,0.3903,0.4109,3.9859,0.0284,0.1568,0.1283,18181
7,24,square_waypoints,0.01,0.003,0.0,0.12,right_gain_loss,constrained_fisher,g1.00_0.60_s0.02,0.0200,0.4626,0.8761,17.2125,0.1084,0.1217,2.0060,0.0376,0.0244,-0.0132,18182
7,24,square_waypoints,0.01,0.003,0.0,0.12,symmetric_low_power,null_probe,g0.75_0.75_s0.02,0.0600,1.0904,0.4593,12.8550,0.0145,0.0763,0.8617,0.0323,0.0765,0.0442,18183
7,24,square_waypoints,0.01,0.003,0.0,0.12,symmetric_low_power,unpaired_null,g0.75_0.75_s0.02,0.0600,0.7147,0.7579,12.8550,0.0380,0.2205,2.8281,0.0677,0.0834,0.0157,18184
7,24,square_waypoints,0.01,0.003,0.0,0.12,symmetric_low_power,random_probe,g0.75_0.75_s0.02,0.0600,1.3114,0.6629,6.4168,0.1422,0.2211,2.8884,0.0254,0.0526,0.0272,18185
7,24,square_waypoints,0.01,0.003,0.0,0.12,symmetric_low_power,task_greedy,g0.75_0.75_s0.02,0.0600,1.5405,0.2955,11.7609,1.2296,1.2083,15.0885,0.0239,0.0637,0.0398,18186
7,24,square_waypoints,0.01,0.003,0.0,0.12,symmetric_low_power,fisher_grid,g0.75_0.75_s0.02,0.0600,0.7040,0.7206,16.2000,0.2588,0.2663,2.7764,0.0318,0.0588,0.0270,18187
7,24,square_waypoints,0.01,0.003,0.0,0.12,symmetric_low_power,constrained_fisher,g0.75_0.75_s0.02,0.0600,0.4217,0.8945,19.4400,0.0143,0.0857,1.0142,0.0382,0.0213,-0.0169,18188
7,24,square_waypoints,0.01,0.003,0.0,0.12,high_slip,null_probe,g1.00_1.00_s0.20,0.0000,1.4036,0.5269,12.8550,0.0591,0.1088,1.2987,0.0896,0.0896,0.0000,18189
7,24,square_waypoints,0.01,0.003,0.0,0.12,high_slip,unpaired_null,g1.00_1.00_s0.20,0.0000,0.7704,0.7617,12.8550,0.1697,0.3097,4.0194,0.0664,0.0664,0.0000,18190
7,24,square_waypoints,0.01,0.003,0.0,0.12,high_slip,random_probe,g1.00_1.00_s0.20,0.0000,1.0467,0.6079,5.8172,0.3900,0.5293,7.3173,0.1254,0.1254,0.0000,18191
7,24,square_waypoints,0.01,0.003,0.0,0.12,high_slip,task_greedy,g1.00_1.00_s0.02,0.1800,1.3773,0.3139,11.7608,1.7076,1.6946,21.1795,0.1497,0.1497,0.0000,18192
7,24,square_waypoints,0.01,0.003,0.0,0.12,high_slip,fisher_grid,g1.00_1.00_s0.20,0.0000,0.9295,0.5742,16.2000,0.3378,0.3522,3.9430,0.0190,0.0190,0.0000,18193
7,24,square_waypoints,0.01,0.003,0.0,0.12,high_slip,constrained_fisher,g1.00_1.00_s0.20,0.0000,1.3588,0.4634,9.1125,0.1485,0.1635,2.8440,0.1383,0.1383,0.0000,18194
8,24,square_waypoints,0.01,0.003,0.0,0.12,left_gain_loss,null_probe,g0.75_1.00_s0.02,0.1300,1.1581,0.5679,12.8550,0.0644,0.1102,1.4617,0.0909,0.1630,0.0721,19195
8,24,square_waypoints,0.01,0.003,0.0,0.12,left_gain_loss,unpaired_null,g0.60_1.00_s0.02,0.0200,0.6552,0.7931,12.8550,0.0544,0.1860,2.5318,0.0595,0.0369,-0.0226,19196
8,24,square_waypoints,0.01,0.003,0.0,0.12,left_gain_loss,random_probe,g0.75_1.00_s0.10,0.2100,2.2147,0.2162,6.5203,0.2978,0.3079,4.0159,0.0824,0.0448,-0.0376,19197
8,24,square_waypoints,0.01,0.003,0.0,0.12,left_gain_loss,task_greedy,g0.60_1.00_s0.20,0.2000,1.5994,0.2740,12.4353,1.2859,1.2989,16.4090,0.0458,0.0936,0.0478,19198
8,24,square_waypoints,0.01,0.003,0.0,0.12,left_gain_loss,fisher_grid,g0.60_1.00_s0.02,0.0200,0.2213,0.9559,16.2000,0.3566,0.3650,3.7766,0.0279,0.0722,0.0443,19199
8,24,square_waypoints,0.01,0.003,0.0,0.12,left_gain_loss,constrained_fisher,g0.60_1.00_s0.02,0.0200,0.1742,0.9640,19.1363,0.0940,0.1029,1.7298,0.0465,0.0174,-0.0291,19200
8,24,square_waypoints,0.01,0.003,0.0,0.12,right_gain_loss,null_probe,g1.00_0.60_s0.02,0.0200,0.8978,0.7307,12.8550,0.0744,0.1124,1.5526,0.0064,0.0800,0.0736,19201
8,24,square_waypoints,0.01,0.003,0.0,0.12,right_gain_loss,unpaired_null,g1.00_0.60_s0.10,0.1000,1.6920,0.3382,12.8550,0.0654,0.2832,3.4913,0.0279,0.0439,0.0161,19202
8,24,square_waypoints,0.01,0.003,0.0,0.12,right_gain_loss,random_probe,g1.00_0.60_s0.02,0.0200,1.8752,0.3245,5.2462,0.5710,0.5505,9.5349,0.0144,0.1598,0.1454,19203
8,24,square_waypoints,0.01,0.003,0.0,0.12,right_gain_loss,task_greedy,g0.90_0.60_s0.20,0.3000,1.8267,0.1983,12.4064,1.2870,1.2781,16.1892,0.0668,0.0200,-0.0468,19204
8,24,square_waypoints,0.01,0.003,0.0,0.12,right_gain_loss,fisher_grid,g1.00_0.60_s0.02,0.0200,0.2679,0.9310,16.2000,0.3666,0.3775,3.6737,0.0082,0.0276,0.0194,19205
8,24,square_waypoints,0.01,0.003,0.0,0.12,right_gain_loss,constrained_fisher,g1.00_0.60_s0.02,0.0200,0.7260,0.7868,17.8200,0.0877,0.1176,1.8210,0.0903,0.1600,0.0697,19206
8,24,square_waypoints,0.01,0.003,0.0,0.12,symmetric_low_power,null_probe,g0.75_0.75_s0.02,0.0600,1.5202,0.3981,12.8550,0.0138,0.0641,0.8165,0.0525,0.0783,0.0257,19207
8,24,square_waypoints,0.01,0.003,0.0,0.12,symmetric_low_power,unpaired_null,g0.75_0.75_s0.02,0.0600,1.0868,0.4415,12.8550,0.0192,0.2125,2.5824,0.0208,0.0709,0.0501,19208
8,24,square_waypoints,0.01,0.003,0.0,0.12,symmetric_low_power,random_probe,g0.75_0.75_s0.02,0.0600,1.5731,0.5559,6.6270,0.5467,0.5324,5.5814,0.0836,0.0345,-0.0491,19209
8,24,square_waypoints,0.01,0.003,0.0,0.12,symmetric_low_power,task_greedy,g0.75_0.75_s0.02,0.0600,1.4215,0.3116,11.7607,1.2220,1.2114,15.3057,0.0346,0.0454,0.0108,19210
8,24,square_waypoints,0.01,0.003,0.0,0.12,symmetric_low_power,fisher_grid,g0.75_0.75_s0.02,0.0600,0.5262,0.8653,16.2000,0.2909,0.2648,2.8768,0.0305,0.0409,0.0104,19211
8,24,square_waypoints,0.01,0.003,0.0,0.12,symmetric_low_power,constrained_fisher,g0.75_0.75_s0.02,0.0600,0.4915,0.8636,19.4400,0.0338,0.0915,1.2577,0.0501,0.0297,-0.0203,19212
8,24,square_waypoints,0.01,0.003,0.0,0.12,high_slip,null_probe,g1.00_1.00_s0.20,0.0000,0.2951,0.9370,12.8550,0.0863,0.1691,2.2267,0.1256,0.1256,0.0000,19213
8,24,square_waypoints,0.01,0.003,0.0,0.12,high_slip,unpaired_null,g1.00_1.00_s0.20,0.0000,0.7078,0.8159,12.8550,0.0894,0.2758,3.7136,0.1458,0.1458,0.0000,19214
8,24,square_waypoints,0.01,0.003,0.0,0.12,high_slip,random_probe,g1.00_1.00_s0.20,0.0000,2.0109,0.2909,6.2790,0.5822,0.5753,7.0056,0.0315,0.0315,0.0000,19215
8,24,square_waypoints,0.01,0.003,0.0,0.12,high_slip,task_greedy,g1.00_0.90_s0.20,0.1000,2.3304,0.1293,11.7607,1.6544,1.6517,20.6082,0.0662,0.0612,-0.0050,19216
8,24,square_waypoints,0.01,0.003,0.0,0.12,high_slip,fisher_grid,g1.00_1.00_s0.20,0.0000,0.7228,0.8002,16.2000,0.3458,0.3380,4.0021,0.1401,0.1401,0.0000,19217
8,24,square_waypoints,0.01,0.003,0.0,0.12,high_slip,constrained_fisher,g1.00_1.00_s0.20,0.0000,1.0991,0.6096,18.2250,0.1062,0.1792,2.4183,0.1208,0.1208,0.0000,19218
9,24,square_waypoints,0.01,0.003,0.0,0.12,left_gain_loss,null_probe,g0.60_1.00_s0.02,0.0200,1.1070,0.5147,12.8550,0.0474,0.1043,1.3993,0.1043,0.0103,-0.0939,20219
9,24,square_waypoints,0.01,0.003,0.0,0.12,left_gain_loss,unpaired_null,g0.60_1.00_s0.02,0.0200,1.3270,0.5041,12.8550,0.0685,0.1852,2.5694,0.0378,0.0274,-0.0104,20220
9,24,square_waypoints,0.01,0.003,0.0,0.12,left_gain_loss,random_probe,g0.60_1.00_s0.02,0.0200,1.7467,0.3357,5.2818,0.1402,0.2888,4.8447,0.0178,0.0253,0.0075,20221
9,24,square_waypoints,0.01,0.003,0.0,0.12,left_gain_loss,task_greedy,g0.60_0.90_s0.02,0.1200,1.8095,0.1991,12.4390,1.2861,1.2690,16.2940,0.0703,0.1279,0.0577,20222
9,24,square_waypoints,0.01,0.003,0.0,0.12,left_gain_loss,fisher_grid,g0.60_1.00_s0.02,0.0200,0.5916,0.8374,16.2000,0.3653,0.3743,4.0125,0.0312,0.0313,0.0001,20223
9,24,square_waypoints,0.01,0.003,0.0,0.12,left_gain_loss,constrained_fisher,g0.60_1.00_s0.02,0.0200,0.4964,0.8563,18.5288,0.1242,0.1141,1.7954,0.0276,0.0259,-0.0017,20224
9,24,square_waypoints,0.01,0.003,0.0,0.12,right_gain_loss,null_probe,g1.00_0.60_s0.20,0.2000,1.4247,0.4631,12.8550,0.0594,0.1063,1.3316,0.0253,0.0601,0.0348,20225
9,24,square_waypoints,0.01,0.003,0.0,0.12,right_gain_loss,unpaired_null,g1.00_0.60_s0.02,0.0200,1.3322,0.5634,12.8550,0.0225,0.2878,3.6069,0.0202,0.1636,0.1434,20226
9,24,square_waypoints,0.01,0.003,0.0,0.12,right_gain_loss,random_probe,g1.00_0.60_s0.02,0.0200,1.8908,0.3471,5.0327,0.3322,0.3237,4.2244,0.0181,0.1145,0.0964,20227
9,24,square_waypoints,0.01,0.003,0.0,0.12,right_gain_loss,task_greedy,g1.00_0.60_s0.02,0.0200,1.8341,0.1711,12.4566,1.2793,1.2965,16.5437,0.0367,0.1030,0.0663,20228
9,24,square_waypoints,0.01,0.003,0.0,0.12,right_gain_loss,fisher_grid,g1.00_0.60_s0.02,0.0200,0.3987,0.9044,16.2000,0.3660,0.3710,3.6490,0.0759,0.1651,0.0892,20229
9,24,square_waypoints,0.01,0.003,0.0,0.12,right_gain_loss,constrained_fisher,g1.00_0.60_s0.02,0.0200,0.2824,0.9339,17.5163,0.0967,0.1207,1.9164,0.0300,0.0463,0.0164,20230
9,24,square_waypoints,0.01,0.003,0.0,0.12,symmetric_low_power,null_probe,g0.75_0.75_s0.02,0.0600,0.9858,0.7114,12.8550,0.0405,0.0791,1.0381,0.0616,0.0693,0.0077,20231
9,24,square_waypoints,0.01,0.003,0.0,0.12,symmetric_low_power,unpaired_null,g0.75_0.75_s0.02,0.0600,1.1883,0.6175,12.8550,0.0295,0.2090,2.5839,0.0500,0.0586,0.0086,20232
9,24,square_waypoints,0.01,0.003,0.0,0.12,symmetric_low_power,random_probe,g0.75_0.60_s0.02,0.1500,2.2114,0.2317,5.9121,0.3168,0.3330,3.2028,0.0316,0.0225,-0.0090,20233
9,24,square_waypoints,0.01,0.003,0.0,0.12,symmetric_low_power,task_greedy,g0.75_0.75_s0.02,0.0600,1.5757,0.2913,11.7618,1.1769,1.1949,14.8735,0.0531,0.0299,-0.0232,20234
9,24,square_waypoints,0.01,0.003,0.0,0.12,symmetric_low_power,fisher_grid,g0.75_0.75_s0.02,0.0600,0.5449,0.8641,16.2000,0.2492,0.2684,2.9120,0.0464,0.0660,0.0197,20235
9,24,square_waypoints,0.01,0.003,0.0,0.12,symmetric_low_power,constrained_fisher,g0.75_0.75_s0.02,0.0600,0.5845,0.7611,19.4400,0.0153,0.0748,0.9464,0.0505,0.0479,-0.0026,20236
9,24,square_waypoints,0.01,0.003,0.0,0.12,high_slip,null_probe,g1.00_1.00_s0.20,0.0000,1.0673,0.6671,12.8550,0.0436,0.1255,1.6674,0.1468,0.1468,0.0000,20237
9,24,square_waypoints,0.01,0.003,0.0,0.12,high_slip,unpaired_null,g1.00_1.00_s0.20,0.0000,1.0034,0.6932,12.8550,0.1249,0.3246,4.5426,0.2462,0.2462,0.0000,20238
9,24,square_waypoints,0.01,0.003,0.0,0.12,high_slip,random_probe,g1.00_1.00_s0.10,0.1000,1.7333,0.4168,7.3188,0.4456,0.5125,7.8106,0.2719,0.2719,0.0000,20239
9,24,square_waypoints,0.01,0.003,0.0,0.12,high_slip,task_greedy,g1.00_1.00_s0.02,0.1800,1.4678,0.3073,11.7641,1.6962,1.7000,21.4168,0.0952,0.0952,0.0000,20240
9,24,square_waypoints,0.01,0.003,0.0,0.12,high_slip,fisher_grid,g1.00_0.90_s0.20,0.1000,0.7354,0.6572,16.2000,0.4420,0.4098,4.3813,0.2040,0.1954,-0.0086,20241
9,24,square_waypoints,0.01,0.003,0.0,0.12,high_slip,constrained_fisher,g1.00_1.00_s0.20,0.0000,0.3360,0.9227,10.9350,0.0776,0.1527,2.5521,0.0355,0.0355,0.0000,20242
10,24,square_waypoints,0.01,0.003,0.0,0.12,left_gain_loss,null_probe,g0.60_1.00_s0.02,0.0200,0.7851,0.6605,12.8550,0.0406,0.1058,1.4519,0.0502,0.0460,-0.0042,21243
10,24,square_waypoints,0.01,0.003,0.0,0.12,left_gain_loss,unpaired_null,g0.60_1.00_s0.02,0.0200,1.0736,0.6369,12.8550,0.0317,0.1841,2.5317,0.0320,0.0200,-0.0120,21244
10,24,square_waypoints,0.01,0.003,0.0,0.12,left_gain_loss,random_probe,g0.60_1.00_s0.10,0.1000,1.5557,0.3658,6.1448,0.2043,0.2725,3.5824,0.0493,0.0591,0.0098,21245
10,24,square_waypoints,0.01,0.003,0.0,0.12,left_gain_loss,task_greedy,g0.60_1.00_s0.20,0.2000,1.4100,0.3069,12.4353,1.3130,1.2948,16.3888,0.0733,0.1528,0.0795,21246
10,24,square_waypoints,0.01,0.003,0.0,0.12,left_gain_loss,fisher_grid,g0.60_1.00_s0.02,0.0200,1.3694,0.3370,16.2000,0.3449,0.3532,3.5799,0.0308,0.0453,0.0145,21247
10,24,square_waypoints,0.01,0.003,0.0,0.12,left_gain_loss,constrained_fisher,g0.60_1.00_s0.02,0.0200,0.2220,0.9562,19.1363,0.0535,0.1191,1.6988,0.0562,0.1584,0.1022,21248
10,24,square_waypoints,0.01,0.003,0.0,0.12,right_gain_loss,null_probe,g1.00_0.60_s0.02,0.0200,1.4295,0.4171,12.8550,0.0485,0.0835,1.1257,0.0210,0.0339,0.0130,21249
10,24,square_waypoints,0.01,0.003,0.0,0.12,right_gain_loss,unpaired_null,g0.90_0.60_s0.02,0.1200,1.0282,0.5362,12.8550,0.0738,0.3136,3.7900,0.1232,0.0342,-0.0890,21250
10,24,square_waypoints,0.01,0.003,0.0,0.12,right_gain_loss,random_probe,g1.00_0.60_s0.02,0.0200,1.9101,0.2843,7.3110,0.4115,0.5086,7.4756,0.0301,0.0333,0.0032,21251
10,24,square_waypoints,0.01,0.003,0.0,0.12,right_gain_loss,task_greedy,g0.90_0.60_s0.10,0.2000,1.8127,0.1722,12.4385,1.2949,1.2794,16.3350,0.0273,0.1531,0.1258,21252
10,24,square_waypoints,0.01,0.003,0.0,0.12,right_gain_loss,fisher_grid,g1.00_0.60_s0.10,0.1000,1.0914,0.5678,16.2000,0.3452,0.3474,3.6395,0.0677,0.1026,0.0349,21253
10,24,square_waypoints,0.01,0.003,0.0,0.12,right_gain_loss,constrained_fisher,g1.00_0.60_s0.02,0.0200,0.9987,0.6964,13.9725,0.1080,0.1261,2.2175,0.0415,0.1732,0.1318,21254
10,24,square_waypoints,0.01,0.003,0.0,0.12,symmetric_low_power,null_probe,g0.60_0.60_s0.10,0.3200,2.1388,0.2844,12.8550,0.0263,0.0698,0.8319,0.0113,0.0691,0.0578,21255
10,24,square_waypoints,0.01,0.003,0.0,0.12,symmetric_low_power,unpaired_null,g0.75_0.75_s0.02,0.0600,1.5698,0.4037,12.8550,0.0267,0.2201,2.7681,0.0254,0.0392,0.0138,21256
10,24,square_waypoints,0.01,0.003,0.0,0.12,symmetric_low_power,random_probe,g0.75_0.75_s0.10,0.1400,2.1944,0.2666,7.5182,0.2091,0.1884,2.2174,0.0568,0.0459,-0.0109,21257
10,24,square_waypoints,0.01,0.003,0.0,0.12,symmetric_low_power,task_greedy,g0.75_0.75_s0.02,0.0600,2.0230,0.2202,11.7611,1.2342,1.2283,15.5165,0.0220,0.0439,0.0219,21258
10,24,square_waypoints,0.01,0.003,0.0,0.12,symmetric_low_power,fisher_grid,g0.75_0.75_s0.02,0.0600,0.6914,0.6728,16.2000,0.2764,0.2511,2.7593,0.0436,0.0521,0.0085,21259
10,24,square_waypoints,0.01,0.003,0.0,0.12,symmetric_low_power,constrained_fisher,g0.75_0.75_s0.02,0.0600,0.2866,0.9285,19.4400,0.0208,0.0725,0.9515,0.0196,0.0228,0.0032,21260
10,24,square_waypoints,0.01,0.003,0.0,0.12,high_slip,null_probe,g1.00_1.00_s0.20,0.0000,0.6389,0.8386,12.8550,0.1091,0.2248,3.2868,0.0537,0.0537,0.0000,21261
10,24,square_waypoints,0.01,0.003,0.0,0.12,high_slip,unpaired_null,g1.00_1.00_s0.20,0.0000,0.9878,0.6568,12.8550,0.1718,0.3204,4.7119,0.1653,0.1653,0.0000,21262
10,24,square_waypoints,0.01,0.003,0.0,0.12,high_slip,random_probe,g1.00_1.00_s0.20,0.0000,1.1316,0.5809,6.8628,0.1213,0.3624,4.2261,0.1152,0.1152,0.0000,21263
10,24,square_waypoints,0.01,0.003,0.0,0.12,high_slip,task_greedy,g0.90_0.90_s0.02,0.3800,2.3148,0.1314,11.7612,1.6953,1.6842,20.9732,0.0831,0.1861,0.1030,21264
10,24,square_waypoints,0.01,0.003,0.0,0.12,high_slip,fisher_grid,g1.00_1.00_s0.20,0.0000,0.7386,0.7582,16.2000,0.3148,0.3193,3.6907,0.0885,0.0885,0.0000,21265
10,24,square_waypoints,0.01,0.003,0.0,0.12,high_slip,constrained_fisher,g1.00_1.00_s0.20,0.0000,1.0802,0.6231,8.1000,0.1367,0.1700,2.9772,0.1621,0.1621,0.0000,21266
11,24,square_waypoints,0.01,0.003,0.0,0.12,left_gain_loss,null_probe,g0.60_1.00_s0.02,0.0200,0.9259,0.7103,12.8550,0.1056,0.1101,1.4646,0.0819,0.0167,-0.0652,22267
11,24,square_waypoints,0.01,0.003,0.0,0.12,left_gain_loss,unpaired_null,g0.60_1.00_s0.02,0.0200,0.9220,0.7015,12.8550,0.0288,0.1808,2.5033,0.0562,0.0707,0.0145,22268
11,24,square_waypoints,0.01,0.003,0.0,0.12,left_gain_loss,random_probe,g0.60_1.00_s0.02,0.0200,1.3633,0.5270,5.8555,0.1511,0.2496,3.1061,0.0226,0.0159,-0.0067,22269
11,24,square_waypoints,0.01,0.003,0.0,0.12,left_gain_loss,task_greedy,g0.60_1.00_s0.02,0.0200,1.8599,0.2591,12.4449,1.2572,1.2777,16.2374,0.0642,0.0211,-0.0432,22270
11,24,square_waypoints,0.01,0.003,0.0,0.12,left_gain_loss,fisher_grid,g0.60_1.00_s0.10,0.1000,1.0027,0.7040,16.2000,0.3563,0.3602,3.8109,0.0214,0.1303,0.1089,22271
11,24,square_waypoints,0.01,0.003,0.0,0.12,left_gain_loss,constrained_fisher,g0.60_1.00_s0.02,0.0200,0.1677,0.9695,18.2250,0.1070,0.1064,1.7916,0.0481,0.0208,-0.0273,22272
11,24,square_waypoints,0.01,0.003,0.0,0.12,right_gain_loss,null_probe,g1.00_0.60_s0.02,0.0200,1.2727,0.4469,12.8550,0.0600,0.1091,1.3088,0.0754,0.0911,0.0157,22273
11,24,square_waypoints,0.01,0.003,0.0,0.12,right_gain_loss,unpaired_null,g1.00_0.60_s0.02,0.0200,0.8762,0.6880,12.8550,0.0641,0.2813,3.6666,0.0809,0.1110,0.0301,22274
11,24,square_waypoints,0.01,0.003,0.0,0.12,right_gain_loss,random_probe,g1.00_0.60_s0.02,0.0200,1.9466,0.3212,6.1258,0.1590,0.2216,3.2068,0.0235,0.1328,0.1092,22275
11,24,square_waypoints,0.01,0.003,0.0,0.12,right_gain_loss,task_greedy,g1.00_0.60_s0.02,0.0200,1.7108,0.2434,12.4574,1.3101,1.2912,16.3630,0.0241,0.0132,-0.0109,22276
11,24,square_waypoints,0.01,0.003,0.0,0.12,right_gain_loss,fisher_grid,g1.00_0.60_s0.02,0.0200,0.6982,0.7898,16.2000,0.3889,0.3866,3.6392,0.0237,0.1543,0.1306,22277
11,24,square_waypoints,0.01,0.003,0.0,0.12,right_gain_loss,constrained_fisher,g1.00_0.60_s0.10,0.1000,0.4588,0.8514,19.1363,0.0639,0.1106,1.5689,0.0511,0.0133,-0.0378,22278
11,24,square_waypoints,0.01,0.003,0.0,0.12,symmetric_low_power,null_probe,g0.75_0.75_s0.02,0.0600,0.9124,0.5829,12.8550,0.0285,0.0797,0.9811,0.0396,0.0196,-0.0200,22279
11,24,square_waypoints,0.01,0.003,0.0,0.12,symmetric_low_power,unpaired_null,g0.75_0.75_s0.20,0.2400,0.9460,0.5230,12.8550,0.0408,0.2051,2.4918,0.0307,0.0804,0.0497,22280
11,24,square_waypoints,0.01,0.003,0.0,0.12,symmetric_low_power,random_probe,g0.75_0.60_s0.02,0.1500,2.1007,0.2763,5.2850,0.1048,0.1630,1.9257,0.0173,0.0372,0.0200,22281
11,24,square_waypoints,0.01,0.003,0.0,0.12,symmetric_low_power,task_greedy,g0.75_0.75_s0.20,0.2400,1.8670,0.2562,11.7613,1.2109,1.2077,15.2741,0.0336,0.0846,0.0510,22282
11,24,square_waypoints,0.01,0.003,0.0,0.12,symmetric_low_power,fisher_grid,g0.75_0.75_s0.02,0.0600,0.8668,0.6401,16.2000,0.2465,0.2570,2.8780,0.0592,0.0353,-0.0239,22283
11,24,square_waypoints,0.01,0.003,0.0,0.12,symmetric_low_power,constrained_fisher,g0.75_0.75_s0.02,0.0600,0.5540,0.8424,19.4400,0.0232,0.0779,1.0038,0.0266,0.0596,0.0330,22284
11,24,square_waypoints,0.01,0.003,0.0,0.12,high_slip,null_probe,g1.00_1.00_s0.20,0.0000,0.2657,0.9396,12.8550,0.0277,0.1695,1.9025,0.2229,0.2229,0.0000,22285
11,24,square_waypoints,0.01,0.003,0.0,0.12,high_slip,unpaired_null,g1.00_1.00_s0.20,0.0000,1.1029,0.5782,12.8550,0.1522,0.2911,4.1593,0.1689,0.1689,0.0000,22286
11,24,square_waypoints,0.01,0.003,0.0,0.12,high_slip,random_probe,g1.00_1.00_s0.20,0.0000,1.2894,0.4505,6.8723,0.2794,0.3963,4.2555,0.0418,0.0418,0.0000,22287
11,24,square_waypoints,0.01,0.003,0.0,0.12,high_slip,task_greedy,g1.00_1.00_s0.02,0.1800,1.2559,0.3235,11.7614,1.6608,1.6543,20.7715,0.0565,0.0565,0.0000,22288
11,24,square_waypoints,0.01,0.003,0.0,0.12,high_slip,fisher_grid,g1.00_1.00_s0.20,0.0000,0.1962,0.9569,16.2000,0.4125,0.4149,4.5221,0.1529,0.1529,0.0000,22289
11,24,square_waypoints,0.01,0.003,0.0,0.12,high_slip,constrained_fisher,g1.00_1.00_s0.20,0.0000,0.9107,0.5127,19.4400,0.0753,0.1043,2.1073,0.1926,0.1926,0.0000,22290
12,24,square_waypoints,0.01,0.003,0.0,0.12,left_gain_loss,null_probe,g0.60_1.00_s0.02,0.0200,0.9290,0.5632,12.8550,0.0492,0.1039,1.2431,0.0676,0.0942,0.0266,23291
12,24,square_waypoints,0.01,0.003,0.0,0.12,left_gain_loss,unpaired_null,g0.60_1.00_s0.02,0.0200,0.9674,0.6834,12.8550,0.0794,0.2038,2.8152,0.0590,0.1333,0.0743,23292
12,24,square_waypoints,0.01,0.003,0.0,0.12,left_gain_loss,random_probe,g0.60_1.00_s0.02,0.0200,1.0229,0.6923,5.3083,0.1753,0.1732,2.1821,0.0201,0.0677,0.0476,23293
12,24,square_waypoints,0.01,0.003,0.0,0.12,left_gain_loss,task_greedy,g0.60_1.00_s0.02,0.0200,1.5206,0.3023,12.4520,1.2845,1.2875,16.4513,0.0834,0.0189,-0.0645,23294
12,24,square_waypoints,0.01,0.003,0.0,0.12,left_gain_loss,fisher_grid,g0.60_1.00_s0.02,0.0200,0.8023,0.6775,16.2000,0.3648,0.3631,3.8500,0.0349,0.0217,-0.0132,23295
12,24,square_waypoints,0.01,0.003,0.0,0.12,left_gain_loss,constrained_fisher,g0.60_1.00_s0.02,0.0200,0.9728,0.7138,14.7825,0.1239,0.1243,2.1564,0.0181,0.1010,0.0829,23296
12,24,square_waypoints,0.01,0.003,0.0,0.12,right_gain_loss,null_probe,g1.00_0.60_s0.02,0.0200,1.7305,0.3546,12.8550,0.0307,0.0978,1.1101,0.0327,0.1076,0.0749,23297
12,24,square_waypoints,0.01,0.003,0.0,0.12,right_gain_loss,unpaired_null,g1.00_0.60_s0.02,0.0200,0.8143,0.7813,12.8550,0.0331,0.2728,3.3752,0.0304,0.0248,-0.0056,23298
12,24,square_waypoints,0.01,0.003,0.0,0.12,right_gain_loss,random_probe,g1.00_0.75_s0.02,0.1300,1.4981,0.4666,7.5150,0.2327,0.2680,4.0100,0.0461,0.2106,0.1646,23299
12,24,square_waypoints,0.01,0.003,0.0,0.12,right_gain_loss,task_greedy,g1.00_0.60_s0.02,0.0200,1.5408,0.3061,12.4422,1.2901,1.2885,16.3560,0.0726,0.0530,-0.0196,23300
12,24,square_waypoints,0.01,0.003,0.0,0.12,right_gain_loss,fisher_grid,g1.00_0.60_s0.02,0.0200,0.8030,0.7196,16.2000,0.3699,0.3683,3.6049,0.0301,0.1412,0.1111,23301
12,24,square_waypoints,0.01,0.003,0.0,0.12,right_gain_loss,constrained_fisher,g1.00_0.60_s0.02,0.0200,0.3597,0.9247,19.1363,0.0488,0.1172,1.4709,0.0463,0.0178,-0.0285,23302
12,24,square_waypoints,0.01,0.003,0.0,0.12,symmetric_low_power,null_probe,g0.75_0.75_s0.02,0.0600,1.0909,0.6111,12.8550,0.0298,0.0691,0.8464,0.0241,0.0945,0.0704,23303
12,24,square_waypoints,0.01,0.003,0.0,0.12,symmetric_low_power,unpaired_null,g0.75_0.75_s0.02,0.0600,1.2867,0.4703,12.8550,0.0216,0.2273,2.8544,0.0580,0.0851,0.0271,23304
12,24,square_waypoints,0.01,0.003,0.0,0.12,symmetric_low_power,random_probe,g0.75_0.75_s0.10,0.1400,2.1668,0.2741,5.5381,0.3265,0.4392,6.5545,0.0205,0.0876,0.0672,23305
12,24,square_waypoints,0.01,0.003,0.0,0.12,symmetric_low_power,task_greedy,g0.75_0.75_s0.02,0.0600,1.3916,0.3141,11.7623,1.2175,1.2091,15.1197,0.0377,0.0713,0.0336,23306
12,24,square_waypoints,0.01,0.003,0.0,0.12,symmetric_low_power,fisher_grid,g0.75_0.75_s0.02,0.0600,1.3811,0.4632,16.2000,0.2713,0.2763,2.9196,0.0308,0.0621,0.0314,23307
12,24,square_waypoints,0.01,0.003,0.0,0.12,symmetric_low_power,constrained_fisher,g0.75_0.75_s0.02,0.0600,0.3471,0.9137,19.1363,0.0611,0.0927,1.2624,0.0383,0.0347,-0.0036,23308
12,24,square_waypoints,0.01,0.003,0.0,0.12,high_slip,null_probe,g1.00_1.00_s0.20,0.0000,0.5095,0.8477,12.8550,0.2404,0.2677,4.7110,0.0175,0.0175,0.0000,23309
12,24,square_waypoints,0.01,0.003,0.0,0.12,high_slip,unpaired_null,g1.00_1.00_s0.20,0.0000,0.8173,0.6792,12.8550,0.0348,0.2831,3.3109,0.0817,0.0817,0.0000,23310
12,24,square_waypoints,0.01,0.003,0.0,0.12,high_slip,random_probe,g1.00_1.00_s0.20,0.0000,1.0663,0.5041,6.9492,0.4746,0.4482,5.6388,0.2062,0.2062,0.0000,23311
12,24,square_waypoints,0.01,0.003,0.0,0.12,high_slip,task_greedy,g1.00_1.00_s0.20,0.0000,1.6421,0.2877,11.7616,1.6576,1.6701,20.7209,0.0555,0.0555,0.0000,23312
12,24,square_waypoints,0.01,0.003,0.0,0.12,high_slip,fisher_grid,g1.00_1.00_s0.20,0.0000,0.6222,0.8082,16.2000,0.3037,0.3303,3.4153,0.0313,0.0313,0.0000,23313
12,24,square_waypoints,0.01,0.003,0.0,0.12,high_slip,constrained_fisher,g1.00_1.00_s0.20,0.0000,1.7587,0.3761,6.0750,0.1378,0.1548,3.1386,0.0551,0.0551,0.0000,23314
13,24,square_waypoints,0.01,0.003,0.0,0.12,left_gain_loss,null_probe,g0.60_1.00_s0.02,0.0200,0.9496,0.7067,12.8550,0.0592,0.1173,1.4616,0.0806,0.0347,-0.0459,24315
13,24,square_waypoints,0.01,0.003,0.0,0.12,left_gain_loss,unpaired_null,g0.60_1.00_s0.02,0.0200,0.9618,0.6991,12.8550,0.0775,0.1872,2.6076,0.0269,0.0231,-0.0038,24316
13,24,square_waypoints,0.01,0.003,0.0,0.12,left_gain_loss,random_probe,g0.60_1.00_s0.02,0.0200,1.6301,0.3499,7.2605,0.3458,0.4227,5.8245,0.0353,0.1747,0.1395,24317
13,24,square_waypoints,0.01,0.003,0.0,0.12,left_gain_loss,task_greedy,g0.60_1.00_s0.20,0.2000,1.4862,0.3085,12.4385,1.2581,1.2622,16.1149,0.0368,0.0273,-0.0095,24318
13,24,square_waypoints,0.01,0.003,0.0,0.12,left_gain_loss,fisher_grid,g0.60_1.00_s0.02,0.0200,0.7737,0.7683,16.2000,0.3623,0.3619,3.7405,0.0267,0.0288,0.0021,24319
13,24,square_waypoints,0.01,0.003,0.0,0.12,left_gain_loss,constrained_fisher,g0.60_1.00_s0.02,0.0200,0.2982,0.9225,17.1113,0.1287,0.1310,1.9866,0.0811,0.0232,-0.0580,24320
13,24,square_waypoints,0.01,0.003,0.0,0.12,right_gain_loss,null_probe,g1.00_0.60_s0.02,0.0200,0.6674,0.7993,12.8550,0.0475,0.0914,1.2729,0.0269,0.0679,0.0410,24321
13,24,square_waypoints,0.01,0.003,0.0,0.12,right_gain_loss,unpaired_null,g1.00_0.60_s0.02,0.0200,1.7676,0.3692,12.8550,0.0305,0.2894,3.6236,0.0454,0.1642,0.1188,24322
13,24,square_waypoints,0.01,0.003,0.0,0.12,right_gain_loss,random_probe,g1.00_0.60_s0.02,0.0200,1.4840,0.5334,6.7882,0.0566,0.1823,3.2310,0.0647,0.1472,0.0824,24323
13,24,square_waypoints,0.01,0.003,0.0,0.12,right_gain_loss,task_greedy,g0.90_0.60_s0.02,0.1200,1.7893,0.2200,12.4011,1.2734,1.2832,16.2166,0.0812,0.0230,-0.0582,24324
13,24,square_waypoints,0.01,0.003,0.0,0.12,right_gain_loss,fisher_grid,g1.00_0.60_s0.02,0.0200,0.2628,0.9437,16.2000,0.3639,0.3526,3.2922,0.0487,0.0150,-0.0337,24325
13,24,square_waypoints,0.01,0.003,0.0,0.12,right_gain_loss,constrained_fisher,g1.00_0.60_s0.02,0.0200,0.3239,0.9082,18.8325,0.0919,0.1055,1.9408,0.0260,0.0424,0.0164,24326
13,24,square_waypoints,0.01,0.003,0.0,0.12,symmetric_low_power,null_probe,g0.75_0.75_s0.10,0.1400,1.1795,0.5455,12.8550,0.0278,0.0707,0.9401,0.0375,0.0531,0.0156,24327
13,24,square_waypoints,0.01,0.003,0.0,0.12,symmetric_low_power,unpaired_null,g0.75_0.75_s0.02,0.0600,0.9791,0.6197,12.8550,0.0355,0.2010,2.3476,0.0557,0.0606,0.0049,24328
13,24,square_waypoints,0.01,0.003,0.0,0.12,symmetric_low_power,random_probe,g0.75_0.75_s0.02,0.0600,1.3545,0.5475,7.9400,0.2085,0.2804,3.8553,0.0213,0.0351,0.0138,24329
13,24,square_waypoints,0.01,0.003,0.0,0.12,symmetric_low_power,task_greedy,g0.75_0.75_s0.02,0.0600,1.4166,0.3114,11.7618,1.1946,1.2098,15.0186,0.0132,0.0796,0.0664,24330
13,24,square_waypoints,0.01,0.003,0.0,0.12,symmetric_low_power,fisher_grid,g0.75_0.75_s0.02,0.0600,0.4526,0.8733,16.2000,0.2458,0.2449,2.6083,0.0383,0.0461,0.0078,24331
13,24,square_waypoints,0.01,0.003,0.0,0.12,symmetric_low_power,constrained_fisher,g0.75_0.75_s0.02,0.0600,0.6382,0.7729,19.4400,0.0212,0.0865,1.1333,0.0312,0.0411,0.0099,24332
13,24,square_waypoints,0.01,0.003,0.0,0.12,high_slip,null_probe,g1.00_1.00_s0.20,0.0000,0.5339,0.8354,12.8550,0.0400,0.2004,2.3157,0.0506,0.0506,0.0000,24333
13,24,square_waypoints,0.01,0.003,0.0,0.12,high_slip,unpaired_null,g1.00_1.00_s0.20,0.0000,1.2965,0.5375,12.8550,0.0793,0.2816,3.5915,0.0906,0.0906,0.0000,24334
13,24,square_waypoints,0.01,0.003,0.0,0.12,high_slip,random_probe,g1.00_1.00_s0.20,0.0000,1.1003,0.5325,7.4270,0.2509,0.3443,3.0721,0.0545,0.0545,0.0000,24335
13,24,square_waypoints,0.01,0.003,0.0,0.12,high_slip,task_greedy,g1.00_1.00_s0.20,0.0000,1.3069,0.3187,11.7618,1.6867,1.7001,21.1999,0.1080,0.1080,0.0000,24336
13,24,square_waypoints,0.01,0.003,0.0,0.12,high_slip,fisher_grid,g1.00_1.00_s0.20,0.0000,0.7435,0.7059,16.2000,0.2728,0.2904,3.1821,0.1649,0.1649,0.0000,24337
13,24,square_waypoints,0.01,0.003,0.0,0.12,high_slip,constrained_fisher,g1.00_1.00_s0.20,0.0000,0.7396,0.7858,19.4400,0.0660,0.1687,2.2611,0.0480,0.0480,0.0000,24338
14,24,square_waypoints,0.01,0.003,0.0,0.12,left_gain_loss,null_probe,g0.75_1.00_s0.02,0.1300,1.4189,0.4184,12.8550,0.0568,0.0970,1.1732,0.0102,0.0235,0.0133,25339
14,24,square_waypoints,0.01,0.003,0.0,0.12,left_gain_loss,unpaired_null,g0.60_1.00_s0.10,0.1000,1.2657,0.6020,12.8550,0.0404,0.1715,2.3536,0.0221,0.1013,0.0792,25340
14,24,square_waypoints,0.01,0.003,0.0,0.12,left_gain_loss,random_probe,g0.60_1.00_s0.02,0.0200,1.7665,0.4051,6.7356,0.2472,0.3225,4.5779,0.0344,0.0511,0.0167,25341
14,24,square_waypoints,0.01,0.003,0.0,0.12,left_gain_loss,task_greedy,g0.60_1.00_s0.20,0.2000,1.7875,0.2105,12.4426,1.2809,1.2908,16.3150,0.0850,0.0295,-0.0555,25342
14,24,square_waypoints,0.01,0.003,0.0,0.12,left_gain_loss,fisher_grid,g0.60_1.00_s0.02,0.0200,0.3576,0.9154,16.2000,0.3556,0.3588,3.5755,0.0397,0.0273,-0.0124,25343
14,24,square_waypoints,0.01,0.003,0.0,0.12,left_gain_loss,constrained_fisher,g0.60_1.00_s0.02,0.0200,0.6070,0.8405,16.3013,0.1056,0.1243,2.0564,0.1181,0.0119,-0.1062,25344
14,24,square_waypoints,0.01,0.003,0.0,0.12,right_gain_loss,null_probe,g1.00_0.60_s0.02,0.0200,0.9031,0.7057,12.8550,0.0756,0.1175,1.5755,0.0810,0.0229,-0.0581,25345
14,24,square_waypoints,0.01,0.003,0.0,0.12,right_gain_loss,unpaired_null,g1.00_0.60_s0.02,0.0200,1.1945,0.4683,12.8550,0.1012,0.2728,3.1840,0.0266,0.0404,0.0139,25346
14,24,square_waypoints,0.01,0.003,0.0,0.12,right_gain_loss,random_probe,g1.00_0.60_s0.10,0.1000,1.7744,0.3253,6.3969,0.2706,0.2878,4.0810,0.0676,0.0275,-0.0401,25347
14,24,square_waypoints,0.01,0.003,0.0,0.12,right_gain_loss,task_greedy,g1.00_0.60_s0.20,0.2000,1.6869,0.2722,12.4698,1.2863,1.2888,16.4655,0.0188,0.0174,-0.0013,25348
14,24,square_waypoints,0.01,0.003,0.0,0.12,right_gain_loss,fisher_grid,g1.00_0.60_s0.02,0.0200,0.8879,0.5818,16.2000,0.3644,0.3332,3.1421,0.0374,0.0151,-0.0223,25349
14,24,square_waypoints,0.01,0.003,0.0,0.12,right_gain_loss,constrained_fisher,g1.00_0.60_s0.02,0.0200,0.9794,0.7203,19.4400,0.0381,0.1168,1.3812,0.0079,0.0232,0.0153,25350
14,24,square_waypoints,0.01,0.003,0.0,0.12,symmetric_low_power,null_probe,g0.75_0.75_s0.10,0.1400,1.1706,0.5613,12.8550,0.0092,0.0806,0.9874,0.0354,0.0515,0.0161,25351
14,24,square_waypoints,0.01,0.003,0.0,0.12,symmetric_low_power,unpaired_null,g0.75_0.75_s0.02,0.0600,2.0191,0.3140,12.8550,0.0254,0.2116,2.5972,0.0635,0.1190,0.0555,25352
14,24,square_waypoints,0.01,0.003,0.0,0.12,symmetric_low_power,random_probe,g0.75_0.75_s0.02,0.0600,1.8037,0.3228,7.1690,0.2631,0.2596,3.6262,0.0373,0.0586,0.0213,25353
14,24,square_waypoints,0.01,0.003,0.0,0.12,symmetric_low_power,task_greedy,g0.75_0.75_s0.20,0.2400,1.6771,0.2830,11.7607,1.2291,1.1998,14.8968,0.0549,0.0959,0.0410,25354
14,24,square_waypoints,0.01,0.003,0.0,0.12,symmetric_low_power,fisher_grid,g0.75_0.60_s0.02,0.1500,1.4315,0.3357,16.2000,0.2485,0.2514,2.6902,0.0042,0.0277,0.0234,25355
14,24,square_waypoints,0.01,0.003,0.0,0.12,symmetric_low_power,constrained_fisher,g0.75_0.75_s0.02,0.0600,0.0970,0.9836,19.4400,0.0174,0.0728,0.9077,0.0452,0.0670,0.0218,25356
14,24,square_waypoints,0.01,0.003,0.0,0.12,high_slip,null_probe,g1.00_1.00_s0.20,0.0000,0.9687,0.6910,12.8550,0.0443,0.1471,2.1280,0.1526,0.1526,0.0000,25357
14,24,square_waypoints,0.01,0.003,0.0,0.12,high_slip,unpaired_null,g1.00_1.00_s0.20,0.0000,1.4586,0.5171,12.8550,0.1456,0.3221,4.4173,0.1289,0.1289,0.0000,25358
14,24,square_waypoints,0.01,0.003,0.0,0.12,high_slip,random_probe,g1.00_1.00_s0.20,0.0000,1.1243,0.5037,6.5414,0.1456,0.3268,4.6951,0.1018,0.1018,0.0000,25359
14,24,square_waypoints,0.01,0.003,0.0,0.12,high_slip,task_greedy,g1.00_1.00_s0.20,0.0000,1.2680,0.3236,11.7615,1.6736,1.6682,20.8404,0.0170,0.0170,0.0000,25360
14,24,square_waypoints,0.01,0.003,0.0,0.12,high_slip,fisher_grid,g1.00_1.00_s0.20,0.0000,0.1265,0.9769,16.2000,0.3888,0.3992,4.7734,0.0561,0.0561,0.0000,25361
14,24,square_waypoints,0.01,0.003,0.0,0.12,high_slip,constrained_fisher,g1.00_1.00_s0.20,0.0000,1.6167,0.3170,12.7575,0.1009,0.1383,2.4890,0.1884,0.1884,0.0000,25362
15,24,square_waypoints,0.01,0.003,0.0,0.12,left_gain_loss,null_probe,g0.60_1.00_s0.02,0.0200,0.7922,0.7089,12.8550,0.0971,0.0985,1.2769,0.0619,0.0344,-0.0275,26363
15,24,square_waypoints,0.01,0.003,0.0,0.12,left_gain_loss,unpaired_null,g0.60_1.00_s0.02,0.0200,1.2034,0.5801,12.8550,0.0858,0.1797,2.6185,0.0168,0.0623,0.0456,26364
15,24,square_waypoints,0.01,0.003,0.0,0.12,left_gain_loss,random_probe,g0.60_1.00_s0.02,0.0200,1.5203,0.4953,5.6749,0.0636,0.1474,2.1402,0.0155,0.0135,-0.0020,26365
15,24,square_waypoints,0.01,0.003,0.0,0.12,left_gain_loss,task_greedy,g0.60_1.00_s0.02,0.0200,1.7479,0.2353,12.4424,1.2984,1.2854,16.2882,0.0134,0.1609,0.1476,26366
15,24,square_waypoints,0.01,0.003,0.0,0.12,left_gain_loss,fisher_grid,g0.60_1.00_s0.10,0.1000,1.4367,0.3870,16.2000,0.3647,0.3691,3.8805,0.0253,0.0210,-0.0044,26367
15,24,square_waypoints,0.01,0.003,0.0,0.12,left_gain_loss,constrained_fisher,g0.60_1.00_s0.02,0.0200,0.1819,0.9659,18.2250,0.1197,0.1111,1.9905,0.0235,0.1445,0.1210,26368
15,24,square_waypoints,0.01,0.003,0.0,0.12,right_gain_loss,null_probe,g1.00_0.60_s0.10,0.1000,1.6353,0.4307,12.8550,0.0543,0.0921,1.1836,0.0528,0.0214,-0.0314,26369
15,24,square_waypoints,0.01,0.003,0.0,0.12,right_gain_loss,unpaired_null,g1.00_0.75_s0.02,0.1300,1.3148,0.4752,12.8550,0.0420,0.2775,3.4108,0.1257,0.1557,0.0300,26370
15,24,square_waypoints,0.01,0.003,0.0,0.12,right_gain_loss,random_probe,g1.00_0.60_s0.02,0.0200,1.0430,0.6715,6.8296,0.2018,0.2605,2.6591,0.0595,0.0316,-0.0280,26371
15,24,square_waypoints,0.01,0.003,0.0,0.12,right_gain_loss,task_greedy,g1.00_0.60_s0.02,0.0200,1.5026,0.3075,12.4295,1.2848,1.2892,16.5016,0.0158,0.0172,0.0014,26372
15,24,square_waypoints,0.01,0.003,0.0,0.12,right_gain_loss,fisher_grid,g1.00_0.60_s0.02,0.0200,0.7494,0.7238,16.2000,0.3717,0.3606,3.3903,0.0222,0.0172,-0.0050,26373
15,24,square_waypoints,0.01,0.003,0.0,0.12,right_gain_loss,constrained_fisher,g1.00_0.60_s0.02,0.0200,0.2967,0.9424,18.5288,0.1334,0.1212,1.9629,0.0144,0.0042,-0.0102,26374
15,24,square_waypoints,0.01,0.003,0.0,0.12,symmetric_low_power,null_probe,g0.75_0.75_s0.10,0.1400,1.2533,0.4305,12.8550,0.0121,0.0675,0.8305,0.0345,0.0448,0.0103,26375
15,24,square_waypoints,0.01,0.003,0.0,0.12,symmetric_low_power,unpaired_null,g0.75_0.75_s0.02,0.0600,0.7954,0.7361,12.8550,0.0427,0.2230,2.7752,0.0355,0.0447,0.0092,26376
15,24,square_waypoints,0.01,0.003,0.0,0.12,symmetric_low_power,random_probe,g0.75_0.60_s0.02,0.1500,2.0599,0.3202,5.7171,0.3105,0.3688,4.7517,0.0429,0.0698,0.0269,26377
15,24,square_waypoints,0.01,0.003,0.0,0.12,symmetric_low_power,task_greedy,g0.60_0.60_s0.20,0.4200,2.1167,0.1953,11.7608,1.2187,1.2099,14.9988,0.0125,0.0539,0.0414,26378
15,24,square_waypoints,0.01,0.003,0.0,0.12,symmetric_low_power,fisher_grid,g0.75_0.75_s0.02,0.0600,0.3995,0.9065,16.2000,0.2708,0.2777,2.9943,0.0325,0.0411,0.0085,26379
15,24,square_waypoints,0.01,0.003,0.0,0.12,symmetric_low_power,constrained_fisher,g0.60_0.75_s0.02,0.1500,0.8683,0.5735,19.1363,0.0669,0.0894,1.2279,0.0434,0.0340,-0.0094,26380
15,24,square_waypoints,0.01,0.003,0.0,0.12,high_slip,null_probe,g1.00_1.00_s0.20,0.0000,0.9337,0.6507,12.8550,0.1079,0.1609,1.9104,0.1247,0.1247,0.0000,26381
15,24,square_waypoints,0.01,0.003,0.0,0.12,high_slip,unpaired_null,g1.00_1.00_s0.20,0.0000,1.0393,0.5518,12.8550,0.2203,0.3404,4.9217,0.2016,0.2016,0.0000,26382
15,24,square_waypoints,0.01,0.003,0.0,0.12,high_slip,random_probe,g1.00_1.00_s0.20,0.0000,1.0392,0.5586,7.2626,0.3492,0.3563,5.2046,0.0969,0.0969,0.0000,26383
15,24,square_waypoints,0.01,0.003,0.0,0.12,high_slip,task_greedy,g1.00_1.00_s0.20,0.0000,1.4251,0.3085,11.7618,1.6557,1.6757,20.9116,0.0408,0.0408,0.0000,26384
15,24,square_waypoints,0.01,0.003,0.0,0.12,high_slip,fisher_grid,g1.00_1.00_s0.20,0.0000,0.8044,0.6874,16.2000,0.4778,0.4822,5.8513,0.0410,0.0410,0.0000,26385
15,24,square_waypoints,0.01,0.003,0.0,0.12,high_slip,constrained_fisher,g1.00_1.00_s0.20,0.0000,0.4988,0.8419,19.4400,0.0948,0.1143,2.2450,0.0612,0.0612,0.0000,26386
16,24,square_waypoints,0.01,0.003,0.0,0.12,left_gain_loss,null_probe,g0.60_1.00_s0.02,0.0200,1.3416,0.4370,12.8550,0.0719,0.1126,1.5358,0.0793,0.0409,-0.0384,27387
16,24,square_waypoints,0.01,0.003,0.0,0.12,left_gain_loss,unpaired_null,g0.60_1.00_s0.02,0.0200,1.2727,0.5611,12.8550,0.0672,0.1816,2.5385,0.1198,0.1446,0.0248,27388
16,24,square_waypoints,0.01,0.003,0.0,0.12,left_gain_loss,random_probe,g0.60_0.90_s0.02,0.1200,1.8009,0.3722,6.4610,0.3547,0.3772,3.9861,0.1384,0.0623,-0.0761,27389
16,24,square_waypoints,0.01,0.003,0.0,0.12,left_gain_loss,task_greedy,g0.60_1.00_s0.10,0.1000,1.5771,0.2753,12.4516,1.2693,1.2780,16.2075,0.0430,0.0396,-0.0034,27390
16,24,square_waypoints,0.01,0.003,0.0,0.12,left_gain_loss,fisher_grid,g0.60_1.00_s0.02,0.0200,0.2480,0.9473,16.2000,0.3629,0.3614,3.7972,0.0836,0.0142,-0.0694,27391
16,24,square_waypoints,0.01,0.003,0.0,0.12,left_gain_loss,constrained_fisher,g0.60_1.00_s0.02,0.0200,0.1097,0.9802,17.0100,0.0624,0.1216,1.9519,0.0779,0.0180,-0.0598,27392
16,24,square_waypoints,0.01,0.003,0.0,0.12,right_gain_loss,null_probe,g1.00_0.60_s0.02,0.0200,1.4410,0.4075,12.8550,0.0682,0.0992,1.3114,0.0168,0.1528,0.1361,27393
16,24,square_waypoints,0.01,0.003,0.0,0.12,right_gain_loss,unpaired_null,g1.00_0.60_s0.02,0.0200,0.8817,0.7426,12.8550,0.0753,0.2776,3.6183,0.0097,0.0355,0.0258,27394
16,24,square_waypoints,0.01,0.003,0.0,0.12,right_gain_loss,random_probe,g1.00_0.60_s0.02,0.0200,0.8807,0.7357,5.4717,0.2644,0.2852,4.5306,0.0424,0.0580,0.0156,27395
16,24,square_waypoints,0.01,0.003,0.0,0.12,right_gain_loss,task_greedy,g1.00_0.60_s0.02,0.0200,1.4345,0.3182,12.4056,1.2736,1.2749,16.2161,0.0152,0.0716,0.0564,27396
16,24,square_waypoints,0.01,0.003,0.0,0.12,right_gain_loss,fisher_grid,g1.00_0.60_s0.02,0.0200,0.5414,0.8520,16.2000,0.3759,0.3688,3.5684,0.0161,0.0289,0.0129,27397
16,24,square_waypoints,0.01,0.003,0.0,0.12,right_gain_loss,constrained_fisher,g1.00_0.60_s0.02,0.0200,0.7457,0.8149,17.9213,0.0940,0.1080,1.7667,0.0162,0.0438,0.0275,27398
16,24,square_waypoints,0.01,0.003,0.0,0.12,symmetric_low_power,null_probe,g0.75_0.75_s0.02,0.0600,1.1912,0.5907,12.8550,0.0255,0.0678,0.8896,0.0239,0.0947,0.0708,27399
16,24,square_waypoints,0.01,0.003,0.0,0.12,symmetric_low_power,unpaired_null,g0.75_0.75_s0.02,0.0600,0.8615,0.6643,12.8550,0.0219,0.2168,2.6847,0.0243,0.0582,0.0338,27400
16,24,square_waypoints,0.01,0.003,0.0,0.12,symmetric_low_power,random_probe,g0.75_0.75_s0.02,0.0600,1.5154,0.5425,7.2745,0.2193,0.2084,2.6977,0.0245,0.0529,0.0284,27401
16,24,square_waypoints,0.01,0.003,0.0,0.12,symmetric_low_power,task_greedy,g0.75_0.75_s0.02,0.0600,1.6749,0.2847,11.7614,1.2232,1.2145,15.2028,0.0412,0.0732,0.0319,27402
16,24,square_waypoints,0.01,0.003,0.0,0.12,symmetric_low_power,fisher_grid,g0.75_0.75_s0.02,0.0600,0.5556,0.8438,16.2000,0.3087,0.2705,2.9380,0.0428,0.0817,0.0389,27403
16,24,square_waypoints,0.01,0.003,0.0,0.12,symmetric_low_power,constrained_fisher,g0.75_0.75_s0.02,0.0600,0.7206,0.7737,19.4400,0.0104,0.0743,0.9420,0.0298,0.0452,0.0155,27404
16,24,square_waypoints,0.01,0.003,0.0,0.12,high_slip,null_probe,g1.00_1.00_s0.20,0.0000,0.1753,0.9665,12.8550,0.1767,0.1854,2.4247,0.1182,0.1182,0.0000,27405
16,24,square_waypoints,0.01,0.003,0.0,0.12,high_slip,unpaired_null,g1.00_1.00_s0.20,0.0000,0.1931,0.9647,12.8550,0.1250,0.3264,4.5748,0.0081,0.0081,0.0000,27406
16,24,square_waypoints,0.01,0.003,0.0,0.12,high_slip,random_probe,g1.00_1.00_s0.20,0.0000,0.9099,0.7107,7.4159,0.3516,0.4496,4.6451,0.1885,0.1885,0.0000,27407
16,24,square_waypoints,0.01,0.003,0.0,0.12,high_slip,task_greedy,g1.00_1.00_s0.20,0.0000,1.6990,0.2788,11.7623,1.6854,1.6781,21.0936,0.1308,0.1308,0.0000,27408
16,24,square_waypoints,0.01,0.003,0.0,0.12,high_slip,fisher_grid,g1.00_0.90_s0.20,0.1000,1.2515,0.3970,16.2000,0.3220,0.3297,4.8277,0.1673,0.0728,-0.0945,27409
16,24,square_waypoints,0.01,0.003,0.0,0.12,high_slip,constrained_fisher,g1.00_1.00_s0.20,0.0000,0.2830,0.9424,19.4400,0.0965,0.1520,2.6256,0.1168,0.1168,0.0000,27410
17,24,square_waypoints,0.01,0.003,0.0,0.12,left_gain_loss,null_probe,g0.60_1.00_s0.10,0.1000,1.1654,0.4777,12.8550,0.0908,0.1280,1.8242,0.0499,0.0212,-0.0286,28411
17,24,square_waypoints,0.01,0.003,0.0,0.12,left_gain_loss,unpaired_null,g0.60_1.00_s0.02,0.0200,0.5590,0.8421,12.8550,0.0242,0.2009,2.7129,0.0202,0.1300,0.1097,28412
17,24,square_waypoints,0.01,0.003,0.0,0.12,left_gain_loss,random_probe,g0.60_1.00_s0.02,0.0200,1.6926,0.4352,7.7134,0.2977,0.3785,5.1621,0.0156,0.0203,0.0047,28413
17,24,square_waypoints,0.01,0.003,0.0,0.12,left_gain_loss,task_greedy,g0.60_0.90_s0.02,0.1200,1.8132,0.1747,12.4383,1.2956,1.2798,16.2523,0.0529,0.0887,0.0358,28414
17,24,square_waypoints,0.01,0.003,0.0,0.12,left_gain_loss,fisher_grid,g0.60_1.00_s0.10,0.1000,0.8698,0.6441,16.2000,0.3912,0.3859,4.0780,0.0169,0.0195,0.0025,28415
17,24,square_waypoints,0.01,0.003,0.0,0.12,left_gain_loss,constrained_fisher,g0.60_1.00_s0.02,0.0200,0.3200,0.9033,18.8325,0.1065,0.1046,1.7545,0.0840,0.0075,-0.0765,28416
17,24,square_waypoints,0.01,0.003,0.0,0.12,right_gain_loss,null_probe,g1.00_0.60_s0.02,0.0200,0.8418,0.7280,12.8550,0.0393,0.0935,1.1437,0.0245,0.0145,-0.0100,28417
17,24,square_waypoints,0.01,0.003,0.0,0.12,right_gain_loss,unpaired_null,g1.00_0.60_s0.02,0.0200,1.1585,0.6134,12.8550,0.0492,0.2897,3.6362,0.0769,0.0353,-0.0416,28418
17,24,square_waypoints,0.01,0.003,0.0,0.12,right_gain_loss,random_probe,g1.00_0.60_s0.02,0.0200,1.2073,0.5137,7.6888,0.2544,0.2276,3.8030,0.0308,0.0127,-0.0181,28419
17,24,square_waypoints,0.01,0.003,0.0,0.12,right_gain_loss,task_greedy,g1.00_0.60_s0.02,0.0200,1.8025,0.1896,12.4327,1.2744,1.2899,16.2797,0.0153,0.0126,-0.0027,28420
17,24,square_waypoints,0.01,0.003,0.0,0.12,right_gain_loss,fisher_grid,g1.00_0.60_s0.02,0.0200,0.7407,0.7163,16.2000,0.3945,0.3798,3.5303,0.0086,0.0147,0.0062,28421
17,24,square_waypoints,0.01,0.003,0.0,0.12,right_gain_loss,constrained_fisher,g1.00_0.60_s0.02,0.0200,0.1549,0.9724,18.8325,0.0904,0.1031,1.7975,0.0268,0.0216,-0.0053,28422
17,24,square_waypoints,0.01,0.003,0.0,0.12,symmetric_low_power,null_probe,g0.75_0.75_s0.02,0.0600,0.7976,0.7314,12.8550,0.0319,0.0721,0.8310,0.0447,0.0706,0.0258,28423
17,24,square_waypoints,0.01,0.003,0.0,0.12,symmetric_low_power,unpaired_null,g0.75_0.75_s0.02,0.0600,1.2206,0.5756,12.8550,0.0407,0.2186,2.7666,0.0166,0.0902,0.0736,28424
17,24,square_waypoints,0.01,0.003,0.0,0.12,symmetric_low_power,random_probe,g0.60_0.75_s0.10,0.2300,2.2480,0.2825,5.1197,0.1581,0.2366,3.0437,0.0558,0.0658,0.0100,28425
17,24,square_waypoints,0.01,0.003,0.0,0.12,symmetric_low_power,task_greedy,g0.75_0.75_s0.20,0.2400,1.3297,0.3193,11.7615,1.2222,1.2103,15.0880,0.0198,0.0398,0.0200,28426
17,24,square_waypoints,0.01,0.003,0.0,0.12,symmetric_low_power,fisher_grid,g0.75_0.75_s0.10,0.1400,0.9023,0.6280,16.2000,0.2473,0.2389,2.5618,0.0340,0.0780,0.0440,28427
17,24,square_waypoints,0.01,0.003,0.0,0.12,symmetric_low_power,constrained_fisher,g0.75_0.75_s0.02,0.0600,0.2964,0.9375,19.1363,0.0318,0.0984,1.4285,0.0360,0.0867,0.0507,28428
17,24,square_waypoints,0.01,0.003,0.0,0.12,high_slip,null_probe,g1.00_1.00_s0.20,0.0000,0.4460,0.8782,12.8550,0.2152,0.2204,2.7442,0.0705,0.0705,0.0000,28429
17,24,square_waypoints,0.01,0.003,0.0,0.12,high_slip,unpaired_null,g1.00_1.00_s0.20,0.0000,1.4971,0.4029,12.8550,0.2471,0.3512,5.3042,0.0916,0.0916,0.0000,28430
17,24,square_waypoints,0.01,0.003,0.0,0.12,high_slip,random_probe,g1.00_1.00_s0.20,0.0000,0.6815,0.7913,7.0551,0.4073,0.3847,5.6556,0.0766,0.0766,0.0000,28431
17,24,square_waypoints,0.01,0.003,0.0,0.12,high_slip,task_greedy,g1.00_1.00_s0.20,0.0000,1.7299,0.2778,11.7633,1.7184,1.6983,21.1768,0.1721,0.1721,0.0000,28432
17,24,square_waypoints,0.01,0.003,0.0,0.12,high_slip,fisher_grid,g1.00_1.00_s0.20,0.0000,0.3918,0.9040,16.2000,0.4438,0.4681,6.2808,0.0911,0.0911,0.0000,28433
17,24,square_waypoints,0.01,0.003,0.0,0.12,high_slip,constrained_fisher,g0.90_0.90_s0.20,0.2000,1.3349,0.4904,18.2250,0.0927,0.1586,2.4533,0.0982,0.0990,0.0008,28434
18,24,square_waypoints,0.01,0.003,0.0,0.12,left_gain_loss,null_probe,g0.60_1.00_s0.02,0.0200,1.1500,0.6345,12.8550,0.0744,0.1051,1.4633,0.0235,0.0237,0.0002,29435
18,24,square_waypoints,0.01,0.003,0.0,0.12,left_gain_loss,unpaired_null,g0.60_1.00_s0.02,0.0200,0.9564,0.6897,12.8550,0.0651,0.1758,2.3962,0.0872,0.0679,-0.0193,29436
18,24,square_waypoints,0.01,0.003,0.0,0.12,left_gain_loss,random_probe,g0.60_1.00_s0.02,0.0200,1.3559,0.4185,7.5227,0.1477,0.1608,1.6948,0.0170,0.0143,-0.0027,29437
18,24,square_waypoints,0.01,0.003,0.0,0.12,left_gain_loss,task_greedy,g0.60_1.00_s0.20,0.2000,1.8013,0.2098,12.4000,1.2878,1.2918,16.5035,0.0450,0.0331,-0.0119,29438
18,24,square_waypoints,0.01,0.003,0.0,0.12,left_gain_loss,fisher_grid,g0.60_1.00_s0.02,0.0200,0.9961,0.5138,16.2000,0.3191,0.3486,3.6638,0.0238,0.1529,0.1291,29439
18,24,square_waypoints,0.01,0.003,0.0,0.12,left_gain_loss,constrained_fisher,g0.60_1.00_s0.02,0.0200,0.3581,0.9261,17.8200,0.1173,0.1161,2.0668,0.0381,0.1501,0.1120,29440
18,24,square_waypoints,0.01,0.003,0.0,0.12,right_gain_loss,null_probe,g1.00_0.60_s0.10,0.1000,1.2464,0.5148,12.8550,0.0666,0.1215,1.5844,0.0457,0.0217,-0.0241,29441
18,24,square_waypoints,0.01,0.003,0.0,0.12,right_gain_loss,unpaired_null,g1.00_0.60_s0.02,0.0200,0.7460,0.7855,12.8550,0.0541,0.2761,3.3380,0.0600,0.0990,0.0390,29442
18,24,square_waypoints,0.01,0.003,0.0,0.12,right_gain_loss,random_probe,g0.90_0.60_s0.02,0.1200,1.6414,0.3573,6.1099,0.4116,0.4864,5.9884,0.1019,0.0738,-0.0281,29443
18,24,square_waypoints,0.01,0.003,0.0,0.12,right_gain_loss,task_greedy,g1.00_0.60_s0.20,0.2000,1.5285,0.3896,12.4806,1.2889,1.3060,16.5534,0.0310,0.1555,0.1245,29444
18,24,square_waypoints,0.01,0.003,0.0,0.12,right_gain_loss,fisher_grid,g1.00_0.60_s0.02,0.0200,0.4377,0.8973,16.2000,0.3756,0.3592,3.3371,0.1381,0.0423,-0.0957,29445
18,24,square_waypoints,0.01,0.003,0.0,0.12,right_gain_loss,constrained_fisher,g1.00_0.60_s0.02,0.0200,0.4908,0.8412,18.8325,0.0986,0.1093,1.6579,0.0207,0.0193,-0.0013,29446
18,24,square_waypoints,0.01,0.003,0.0,0.12,symmetric_low_power,null_probe,g0.75_0.75_s0.02,0.0600,1.1502,0.6467,12.8550,0.0401,0.0753,0.8627,0.0300,0.0420,0.0120,29447
18,24,square_waypoints,0.01,0.003,0.0,0.12,symmetric_low_power,unpaired_null,g0.60_0.60_s0.02,0.2400,1.9583,0.3196,12.8550,0.0238,0.2056,2.5324,0.0158,0.0737,0.0578,29448
18,24,square_waypoints,0.01,0.003,0.0,0.12,symmetric_low_power,random_probe,g0.75_0.75_s0.02,0.0600,1.6326,0.5051,7.7164,0.1511,0.2089,2.9536,0.0620,0.0418,-0.0202,29449
18,24,square_waypoints,0.01,0.003,0.0,0.12,symmetric_low_power,task_greedy,g0.75_0.75_s0.20,0.2400,1.2603,0.3252,11.7609,1.1917,1.1853,14.6216,0.0291,0.0762,0.0471,29450
18,24,square_waypoints,0.01,0.003,0.0,0.12,symmetric_low_power,fisher_grid,g0.75_0.75_s0.10,0.1400,0.7861,0.7215,16.2000,0.2404,0.2499,2.6399,0.0591,0.0318,-0.0273,29451
18,24,square_waypoints,0.01,0.003,0.0,0.12,symmetric_low_power,constrained_fisher,g0.75_0.75_s0.02,0.0600,0.2491,0.9451,19.4400,0.0052,0.0854,0.9476,0.0281,0.0730,0.0449,29452
18,24,square_waypoints,0.01,0.003,0.0,0.12,high_slip,null_probe,g1.00_1.00_s0.20,0.0000,1.8630,0.2838,12.8550,0.0201,0.1216,1.5041,0.1155,0.1155,0.0000,29453
18,24,square_waypoints,0.01,0.003,0.0,0.12,high_slip,unpaired_null,g1.00_1.00_s0.20,0.0000,1.4889,0.4346,12.8550,0.0432,0.3033,3.6942,0.1268,0.1268,0.0000,29454
18,24,square_waypoints,0.01,0.003,0.0,0.12,high_slip,random_probe,g1.00_1.00_s0.20,0.0000,2.0023,0.3058,4.3746,0.2383,0.3234,4.4953,0.0558,0.0558,0.0000,29455
18,24,square_waypoints,0.01,0.003,0.0,0.12,high_slip,task_greedy,g0.90_0.90_s0.20,0.2000,2.1885,0.2085,11.7611,1.6843,1.6642,20.6796,0.0453,0.0707,0.0255,29456
18,24,square_waypoints,0.01,0.003,0.0,0.12,high_slip,fisher_grid,g1.00_1.00_s0.20,0.0000,1.2654,0.4706,16.2000,0.3887,0.4114,5.2699,0.1768,0.1768,0.0000,29457
18,24,square_waypoints,0.01,0.003,0.0,0.12,high_slip,constrained_fisher,g1.00_1.00_s0.20,0.0000,1.1018,0.6493,9.9225,0.1406,0.1538,2.8493,0.0861,0.0861,0.0000,29458
19,24,square_waypoints,0.01,0.003,0.0,0.12,left_gain_loss,null_probe,g0.60_1.00_s0.02,0.0200,0.9176,0.6639,12.8550,0.1284,0.1450,1.9226,0.0930,0.0136,-0.0795,30459
19,24,square_waypoints,0.01,0.003,0.0,0.12,left_gain_loss,unpaired_null,g0.60_1.00_s0.02,0.0200,0.8549,0.7099,12.8550,0.0631,0.1796,2.5007,0.1065,0.0199,-0.0866,30460
19,24,square_waypoints,0.01,0.003,0.0,0.12,left_gain_loss,random_probe,g0.60_1.00_s0.02,0.0200,1.3267,0.5256,6.9871,0.2519,0.3387,4.8562,0.0680,0.0356,-0.0325,30461
19,24,square_waypoints,0.01,0.003,0.0,0.12,left_gain_loss,task_greedy,g0.60_1.00_s0.20,0.2000,1.4443,0.3078,12.4345,1.3214,1.2885,16.4201,0.0071,0.0187,0.0116,30462
19,24,square_waypoints,0.01,0.003,0.0,0.12,left_gain_loss,fisher_grid,g0.60_1.00_s0.02,0.0200,0.7771,0.7647,16.2000,0.3645,0.3490,3.6311,0.0194,0.0475,0.0281,30463
19,24,square_waypoints,0.01,0.003,0.0,0.12,left_gain_loss,constrained_fisher,g0.60_1.00_s0.02,0.0200,0.3024,0.9343,18.5288,0.0641,0.1099,1.6555,0.0548,0.1541,0.0993,30464
19,24,square_waypoints,0.01,0.003,0.0,0.12,right_gain_loss,null_probe,g1.00_0.60_s0.02,0.0200,1.1262,0.4456,12.8550,0.0691,0.1233,1.4543,0.0258,0.0431,0.0173,30465
19,24,square_waypoints,0.01,0.003,0.0,0.12,right_gain_loss,unpaired_null,g1.00_0.60_s0.02,0.0200,1.0911,0.6505,12.8550,0.0645,0.2933,3.7762,0.0920,0.1427,0.0507,30466
19,24,square_waypoints,0.01,0.003,0.0,0.12,right_gain_loss,random_probe,g0.90_0.60_s0.02,0.1200,1.3381,0.4834,8.0773,0.3808,0.4122,7.2542,0.0396,0.0335,-0.0060,30467
19,24,square_waypoints,0.01,0.003,0.0,0.12,right_gain_loss,task_greedy,g1.00_0.60_s0.02,0.0200,1.7496,0.2340,12.4244,1.3106,1.2934,16.3731,0.0598,0.0181,-0.0416,30468
19,24,square_waypoints,0.01,0.003,0.0,0.12,right_gain_loss,fisher_grid,g1.00_0.60_s0.02,0.0200,1.3306,0.4597,16.2000,0.3655,0.3604,3.3725,0.0338,0.0581,0.0244,30469
19,24,square_waypoints,0.01,0.003,0.0,0.12,right_gain_loss,constrained_fisher,g1.00_0.60_s0.02,0.0200,0.0866,0.9849,18.5288,0.1197,0.1099,1.7559,0.0290,0.0167,-0.0123,30470
19,24,square_waypoints,0.01,0.003,0.0,0.12,symmetric_low_power,null_probe,g0.75_0.75_s0.10,0.1400,1.1079,0.5495,12.8550,0.0503,0.0889,1.1672,0.0435,0.0377,-0.0057,30471
19,24,square_waypoints,0.01,0.003,0.0,0.12,symmetric_low_power,unpaired_null,g0.75_0.75_s0.02,0.0600,1.2241,0.5532,12.8550,0.0129,0.2194,2.4707,0.0255,0.0830,0.0575,30472
19,24,square_waypoints,0.01,0.003,0.0,0.12,symmetric_low_power,random_probe,g0.75_0.60_s0.02,0.1500,1.8507,0.3843,7.1716,0.1098,0.2435,3.4635,0.0255,0.0269,0.0014,30473
19,24,square_waypoints,0.01,0.003,0.0,0.12,symmetric_low_power,task_greedy,g0.75_0.75_s0.02,0.0600,1.9826,0.2261,11.7611,1.2071,1.2070,15.2069,0.0533,0.0800,0.0267,30474
19,24,square_waypoints,0.01,0.003,0.0,0.12,symmetric_low_power,fisher_grid,g0.75_0.75_s0.02,0.0600,0.8004,0.6787,16.2000,0.2531,0.2736,2.9328,0.0234,0.0423,0.0189,30475
19,24,square_waypoints,0.01,0.003,0.0,0.12,symmetric_low_power,constrained_fisher,g0.75_0.60_s0.02,0.1500,0.6430,0.7172,19.4400,0.0290,0.0883,1.2350,0.0206,0.0469,0.0264,30476
19,24,square_waypoints,0.01,0.003,0.0,0.12,high_slip,null_probe,g1.00_1.00_s0.20,0.0000,0.2137,0.9543,12.8550,0.0842,0.1842,1.9231,0.1090,0.1090,0.0000,30477
19,24,square_waypoints,0.01,0.003,0.0,0.12,high_slip,unpaired_null,g1.00_1.00_s0.10,0.1000,0.9760,0.6314,12.8550,0.0714,0.3223,3.9938,0.0693,0.0693,0.0000,30478
19,24,square_waypoints,0.01,0.003,0.0,0.12,high_slip,random_probe,g1.00_1.00_s0.20,0.0000,1.0619,0.4551,6.9179,0.3301,0.3319,4.3137,0.1140,0.1140,0.0000,30479
19,24,square_waypoints,0.01,0.003,0.0,0.12,high_slip,task_greedy,g0.90_0.90_s0.02,0.3800,2.3564,0.1235,11.7620,1.6916,1.6994,21.2278,0.1080,0.0881,-0.0199,30480
19,24,square_waypoints,0.01,0.003,0.0,0.12,high_slip,fisher_grid,g1.00_1.00_s0.20,0.0000,0.6523,0.6820,16.2000,0.4770,0.5224,6.5906,0.3052,0.3052,0.0000,30481
19,24,square_waypoints,0.01,0.003,0.0,0.12,high_slip,constrained_fisher,g1.00_1.00_s0.20,0.0000,0.9172,0.7416,10.5300,0.1064,0.1616,2.9017,0.0726,0.0726,0.0000,30482
20,24,square_waypoints,0.01,0.003,0.0,0.12,left_gain_loss,null_probe,g0.60_1.00_s0.02,0.0200,1.4920,0.4772,12.8550,0.0442,0.0955,1.0638,0.0739,0.0298,-0.0441,31483
20,24,square_waypoints,0.01,0.003,0.0,0.12,left_gain_loss,unpaired_null,g0.60_1.00_s0.10,0.1000,1.5709,0.3611,12.8550,0.0843,0.1602,2.3396,0.0030,0.0133,0.0103,31484
20,24,square_waypoints,0.01,0.003,0.0,0.12,left_gain_loss,random_probe,g0.60_1.00_s0.02,0.0200,1.6609,0.4353,5.0213,0.3139,0.3670,4.9469,0.0237,0.0384,0.0147,31485
20,24,square_waypoints,0.01,0.003,0.0,0.12,left_gain_loss,task_greedy,g0.60_0.90_s0.02,0.1200,1.8184,0.1766,12.4457,1.3013,1.2952,16.4156,0.0145,0.0125,-0.0020,31486
20,24,square_waypoints,0.01,0.003,0.0,0.12,left_gain_loss,fisher_grid,g0.60_1.00_s0.02,0.0200,0.5168,0.8742,16.2000,0.3676,0.3673,3.7858,0.0343,0.0235,-0.0108,31487
20,24,square_waypoints,0.01,0.003,0.0,0.12,left_gain_loss,constrained_fisher,g0.60_1.00_s0.02,0.0200,0.1088,0.9813,18.8325,0.1181,0.1169,1.8165,0.0280,0.0569,0.0290,31488
20,24,square_waypoints,0.01,0.003,0.0,0.12,right_gain_loss,null_probe,g1.00_0.60_s0.02,0.0200,0.7821,0.7408,12.8550,0.0495,0.1044,1.4925,0.0098,0.0238,0.0139,31489
20,24,square_waypoints,0.01,0.003,0.0,0.12,right_gain_loss,unpaired_null,g1.00_0.60_s0.02,0.0200,1.1265,0.4911,12.8550,0.0238,0.2772,3.3817,0.0355,0.0546,0.0191,31490
20,24,square_waypoints,0.01,0.003,0.0,0.12,right_gain_loss,random_probe,g1.00_0.60_s0.10,0.1000,1.7370,0.3331,8.2628,0.1906,0.4079,4.2457,0.0064,0.1476,0.1412,31491
20,24,square_waypoints,0.01,0.003,0.0,0.12,right_gain_loss,task_greedy,g1.00_0.60_s0.02,0.0200,1.7679,0.2167,12.4529,1.3127,1.3050,16.6733,0.0215,0.1429,0.1214,31492
20,24,square_waypoints,0.01,0.003,0.0,0.12,right_gain_loss,fisher_grid,g1.00_0.60_s0.02,0.0200,0.9634,0.6862,16.2000,0.3460,0.3301,3.3390,0.0630,0.1581,0.0951,31493
20,24,square_waypoints,0.01,0.003,0.0,0.12,right_gain_loss,constrained_fisher,g1.00_0.60_s0.02,0.0200,0.3297,0.9247,17.5163,0.0741,0.1135,1.8637,0.0628,0.0712,0.0084,31494
20,24,square_waypoints,0.01,0.003,0.0,0.12,symmetric_low_power,null_probe,g0.75_0.75_s0.02,0.0600,0.9686,0.6946,12.8550,0.0266,0.0686,0.8600,0.0152,0.0311,0.0159,31495
20,24,square_waypoints,0.01,0.003,0.0,0.12,symmetric_low_power,unpaired_null,g0.75_0.75_s0.10,0.1400,1.0324,0.5866,12.8550,0.0144,0.2053,2.4631,0.0401,0.0835,0.0434,31496
20,24,square_waypoints,0.01,0.003,0.0,0.12,symmetric_low_power,random_probe,g0.75_0.75_s0.02,0.0600,1.6742,0.4064,7.5553,0.3924,0.4239,6.8903,0.0768,0.0344,-0.0425,31497
20,24,square_waypoints,0.01,0.003,0.0,0.12,symmetric_low_power,task_greedy,g0.75_0.75_s0.02,0.0600,1.6294,0.2896,11.7614,1.1886,1.1855,14.9823,0.0297,0.0880,0.0583,31498
20,24,square_waypoints,0.01,0.003,0.0,0.12,symmetric_low_power,fisher_grid,g0.75_0.75_s0.02,0.0600,1.3324,0.4096,16.2000,0.2584,0.2592,2.6361,0.0384,0.0729,0.0346,31499
20,24,square_waypoints,0.01,0.003,0.0,0.12,symmetric_low_power,constrained_fisher,g0.75_0.75_s0.02,0.0600,0.9360,0.4968,18.8325,0.0971,0.0976,1.4998,0.0492,0.0822,0.0330,31500
20,24,square_waypoints,0.01,0.003,0.0,0.12,high_slip,null_probe,g1.00_1.00_s0.20,0.0000,0.8119,0.7569,12.8550,0.2273,0.2836,3.1976,0.1394,0.1394,0.0000,31501
20,24,square_waypoints,0.01,0.003,0.0,0.12,high_slip,unpaired_null,g1.00_1.00_s0.20,0.0000,0.5150,0.8283,12.8550,0.0199,0.2950,4.4101,0.0736,0.0736,0.0000,31502
20,24,square_waypoints,0.01,0.003,0.0,0.12,high_slip,random_probe,g1.00_1.00_s0.20,0.0000,0.9998,0.5528,7.5873,0.1699,0.2141,2.9774,0.0980,0.0980,0.0000,31503
20,24,square_waypoints,0.01,0.003,0.0,0.12,high_slip,task_greedy,g1.00_1.00_s0.20,0.0000,1.2081,0.3285,11.7614,1.7039,1.6941,21.1240,0.1300,0.1300,0.0000,31504
20,24,square_waypoints,0.01,0.003,0.0,0.12,high_slip,fisher_grid,g1.00_1.00_s0.20,0.0000,0.6489,0.8058,16.2000,0.3867,0.3680,4.7235,0.1844,0.1844,0.0000,31505
20,24,square_waypoints,0.01,0.003,0.0,0.12,high_slip,constrained_fisher,g1.00_1.00_s0.20,0.0000,1.0517,0.4674,9.3150,0.1706,0.1647,2.7569,0.2288,0.2288,0.0000,31506
21,24,square_waypoints,0.01,0.003,0.0,0.12,left_gain_loss,null_probe,g0.60_1.00_s0.02,0.0200,1.0294,0.6316,12.8550,0.0366,0.0838,1.0382,0.0308,0.0332,0.0025,32507
21,24,square_waypoints,0.01,0.003,0.0,0.12,left_gain_loss,unpaired_null,g0.60_1.00_s0.02,0.0200,0.9648,0.6698,12.8550,0.0530,0.1962,2.5908,0.0599,0.0205,-0.0394,32508
21,24,square_waypoints,0.01,0.003,0.0,0.12,left_gain_loss,random_probe,g0.60_1.00_s0.02,0.0200,1.5591,0.4971,6.8005,0.3200,0.3206,3.4446,0.1053,0.0274,-0.0779,32509
21,24,square_waypoints,0.01,0.003,0.0,0.12,left_gain_loss,task_greedy,g0.60_1.00_s0.02,0.0200,1.6757,0.2842,12.4269,1.2889,1.2853,16.3741,0.0447,0.1762,0.1315,32510
21,24,square_waypoints,0.01,0.003,0.0,0.12,left_gain_loss,fisher_grid,g0.60_1.00_s0.02,0.0200,0.3749,0.9105,16.2000,0.3630,0.3617,3.8416,0.0505,0.0286,-0.0219,32511
21,24,square_waypoints,0.01,0.003,0.0,0.12,left_gain_loss,constrained_fisher,g0.60_1.00_s0.02,0.0200,0.2123,0.9561,19.1363,0.0765,0.1089,1.3732,0.0410,0.1299,0.0888,32512
21,24,square_waypoints,0.01,0.003,0.0,0.12,right_gain_loss,null_probe,g1.00_0.60_s0.02,0.0200,1.0942,0.6280,12.8550,0.0255,0.0994,1.3136,0.0273,0.0177,-0.0096,32513
21,24,square_waypoints,0.01,0.003,0.0,0.12,right_gain_loss,unpaired_null,g1.00_0.60_s0.10,0.1000,1.4742,0.3699,12.8550,0.0416,0.2819,3.4361,0.0577,0.1428,0.0851,32514
21,24,square_waypoints,0.01,0.003,0.0,0.12,right_gain_loss,random_probe,g1.00_0.60_s0.02,0.0200,1.3852,0.5548,6.1411,0.0566,0.1674,2.4081,0.0612,0.0851,0.0239,32515
21,24,square_waypoints,0.01,0.003,0.0,0.12,right_gain_loss,task_greedy,g1.00_0.60_s0.20,0.2000,1.5692,0.3085,12.4070,1.2930,1.2991,16.4633,0.0321,0.1685,0.1364,32516
21,24,square_waypoints,0.01,0.003,0.0,0.12,right_gain_loss,fisher_grid,g1.00_0.60_s0.02,0.0200,0.9115,0.7424,16.2000,0.3628,0.3529,3.2818,0.0399,0.2092,0.1693,32517
21,24,square_waypoints,0.01,0.003,0.0,0.12,right_gain_loss,constrained_fisher,g1.00_0.60_s0.02,0.0200,0.1614,0.9675,16.7063,0.0688,0.1201,1.9291,0.0143,0.1060,0.0917,32518
21,24,square_waypoints,0.01,0.003,0.0,0.12,symmetric_low_power,null_probe,g0.75_0.75_s0.10,0.1400,1.2159,0.4600,12.8550,0.0069,0.0722,0.8552,0.0621,0.0635,0.0014,32519
21,24,square_waypoints,0.01,0.003,0.0,0.12,symmetric_low_power,unpaired_null,g0.75_0.75_s0.02,0.0600,1.1535,0.5464,12.8550,0.0336,0.1998,2.3346,0.0495,0.0380,-0.0116,32520
21,24,square_waypoints,0.01,0.003,0.0,0.12,symmetric_low_power,random_probe,g0.75_0.75_s0.02,0.0600,2.1608,0.2150,6.4492,0.2270,0.2646,3.5644,0.0411,0.0509,0.0098,32521
21,24,square_waypoints,0.01,0.003,0.0,0.12,symmetric_low_power,task_greedy,g0.75_0.75_s0.20,0.2400,1.5480,0.2961,11.7608,1.2228,1.2057,15.1929,0.0364,0.0716,0.0353,32522
21,24,square_waypoints,0.01,0.003,0.0,0.12,symmetric_low_power,fisher_grid,g0.75_0.75_s0.02,0.0600,0.5864,0.7870,16.2000,0.2604,0.2495,2.6746,0.0295,0.0581,0.0286,32523
21,24,square_waypoints,0.01,0.003,0.0,0.12,symmetric_low_power,constrained_fisher,g0.75_0.75_s0.02,0.0600,0.1509,0.9732,19.4400,0.0366,0.0842,1.0715,0.0435,0.0579,0.0144,32524
21,24,square_waypoints,0.01,0.003,0.0,0.12,high_slip,null_probe,g1.00_0.90_s0.20,0.1000,1.1938,0.5108,12.8550,0.1049,0.1930,3.4013,0.0901,0.1239,0.0338,32525
21,24,square_waypoints,0.01,0.003,0.0,0.12,high_slip,unpaired_null,g1.00_1.00_s0.10,0.1000,1.3588,0.4326,12.8550,0.0458,0.2827,3.4007,0.0721,0.0721,0.0000,32526
21,24,square_waypoints,0.01,0.003,0.0,0.12,high_slip,random_probe,g1.00_1.00_s0.20,0.0000,0.9589,0.7037,4.4903,0.1361,0.2208,3.7896,0.0671,0.0671,0.0000,32527
21,24,square_waypoints,0.01,0.003,0.0,0.12,high_slip,task_greedy,g1.00_1.00_s0.20,0.0000,1.6702,0.2740,11.7614,1.6647,1.6665,20.8270,0.1893,0.1893,0.0000,32528
21,24,square_waypoints,0.01,0.003,0.0,0.12,high_slip,fisher_grid,g1.00_1.00_s0.20,0.0000,0.4025,0.8641,16.2000,0.3834,0.3846,4.5516,0.0829,0.0829,0.0000,32529
21,24,square_waypoints,0.01,0.003,0.0,0.12,high_slip,constrained_fisher,g0.90_1.00_s0.20,0.1000,1.2940,0.5334,18.4275,0.0729,0.1635,2.0807,0.1642,0.0057,-0.1585,32530
22,24,square_waypoints,0.01,0.003,0.0,0.12,left_gain_loss,null_probe,g0.60_1.00_s0.02,0.0200,0.8063,0.6826,12.8550,0.0741,0.1170,1.4311,0.1069,0.1476,0.0407,33531
22,24,square_waypoints,0.01,0.003,0.0,0.12,left_gain_loss,unpaired_null,g0.60_0.90_s0.10,0.2000,1.5878,0.3902,12.8550,0.0834,0.1925,2.7390,0.0832,0.1432,0.0599,33532
22,24,square_waypoints,0.01,0.003,0.0,0.12,left_gain_loss,random_probe,g0.60_1.00_s0.02,0.0200,1.4711,0.4784,6.1449,0.1173,0.1678,2.2237,0.0177,0.0797,0.0620,33533
22,24,square_waypoints,0.01,0.003,0.0,0.12,left_gain_loss,task_greedy,g0.60_0.90_s0.02,0.1200,1.8076,0.1992,12.4199,1.3048,1.2821,16.4387,0.0687,0.1422,0.0734,33534
22,24,square_waypoints,0.01,0.003,0.0,0.12,left_gain_loss,fisher_grid,g0.60_0.90_s0.02,0.1200,1.1915,0.4517,16.2000,0.3553,0.3465,3.6292,0.0691,0.0884,0.0193,33535
22,24,square_waypoints,0.01,0.003,0.0,0.12,left_gain_loss,constrained_fisher,g0.60_1.00_s0.02,0.0200,0.6249,0.6913,18.8325,0.1063,0.1131,1.7721,0.0992,0.0312,-0.0680,33536
22,24,square_waypoints,0.01,0.003,0.0,0.12,right_gain_loss,null_probe,g1.00_0.60_s0.02,0.0200,1.1618,0.5393,12.8550,0.0347,0.0984,1.2882,0.0681,0.0067,-0.0614,33537
22,24,square_waypoints,0.01,0.003,0.0,0.12,right_gain_loss,unpaired_null,g1.00_0.60_s0.02,0.0200,0.7392,0.7230,12.8550,0.0432,0.2986,3.7998,0.0395,0.0411,0.0016,33538
22,24,square_waypoints,0.01,0.003,0.0,0.12,right_gain_loss,random_probe,g0.90_0.60_s0.02,0.1200,1.3233,0.6040,7.4375,0.3075,0.3189,3.9655,0.0084,0.0514,0.0430,33539
22,24,square_waypoints,0.01,0.003,0.0,0.12,right_gain_loss,task_greedy,g1.00_0.60_s0.02,0.0200,1.5823,0.2862,12.4549,1.2577,1.2786,16.0637,0.0323,0.2079,0.1756,33540
22,24,square_waypoints,0.01,0.003,0.0,0.12,right_gain_loss,fisher_grid,g1.00_0.60_s0.02,0.0200,0.6891,0.7374,16.2000,0.3794,0.3571,3.5909,0.0522,0.0219,-0.0303,33541
22,24,square_waypoints,0.01,0.003,0.0,0.12,right_gain_loss,constrained_fisher,g1.00_0.60_s0.02,0.0200,1.3202,0.4849,12.1500,0.1092,0.1241,2.4005,0.0293,0.1049,0.0756,33542
22,24,square_waypoints,0.01,0.003,0.0,0.12,symmetric_low_power,null_probe,g0.75_0.75_s0.02,0.0600,1.1324,0.5917,12.8550,0.0315,0.1044,1.4000,0.0354,0.0830,0.0476,33543
22,24,square_waypoints,0.01,0.003,0.0,0.12,symmetric_low_power,unpaired_null,g0.75_0.75_s0.02,0.0600,0.8084,0.7305,12.8550,0.0403,0.2121,2.6167,0.0209,0.1011,0.0802,33544
22,24,square_waypoints,0.01,0.003,0.0,0.12,symmetric_low_power,random_probe,g0.75_0.75_s0.02,0.0600,2.2225,0.2302,6.7497,0.4260,0.4254,5.5316,0.0511,0.0549,0.0038,33545
22,24,square_waypoints,0.01,0.003,0.0,0.12,symmetric_low_power,task_greedy,g0.75_0.75_s0.20,0.2400,1.4343,0.3088,11.7610,1.2154,1.2066,15.2184,0.0393,0.0667,0.0274,33546
22,24,square_waypoints,0.01,0.003,0.0,0.12,symmetric_low_power,fisher_grid,g0.75_0.75_s0.10,0.1400,0.8655,0.6623,16.2000,0.2356,0.2543,2.7373,0.0402,0.0519,0.0117,33547
22,24,square_waypoints,0.01,0.003,0.0,0.12,symmetric_low_power,constrained_fisher,g0.75_0.75_s0.02,0.0600,0.4296,0.9043,19.4400,0.0160,0.0880,1.1324,0.0191,0.0301,0.0109,33548
22,24,square_waypoints,0.01,0.003,0.0,0.12,high_slip,null_probe,g1.00_1.00_s0.20,0.0000,1.0934,0.6161,12.8550,0.0326,0.1491,1.3217,0.0573,0.0573,0.0000,33549
22,24,square_waypoints,0.01,0.003,0.0,0.12,high_slip,unpaired_null,g1.00_1.00_s0.10,0.1000,1.7939,0.3391,12.8550,0.0542,0.2927,3.6497,0.1106,0.1106,0.0000,33550
22,24,square_waypoints,0.01,0.003,0.0,0.12,high_slip,random_probe,g1.00_1.00_s0.10,0.1000,2.2131,0.2460,5.8981,0.1336,0.2392,3.1679,0.0371,0.0371,0.0000,33551
22,24,square_waypoints,0.01,0.003,0.0,0.12,high_slip,task_greedy,g1.00_1.00_s0.02,0.1800,1.9081,0.2497,11.7633,1.6981,1.6805,20.9714,0.1642,0.1642,0.0000,33552
22,24,square_waypoints,0.01,0.003,0.0,0.12,high_slip,fisher_grid,g1.00_1.00_s0.20,0.0000,0.9879,0.6840,16.2000,0.3162,0.3177,3.5148,0.2203,0.2203,0.0000,33553
22,24,square_waypoints,0.01,0.003,0.0,0.12,high_slip,constrained_fisher,g1.00_1.00_s0.20,0.0000,0.7324,0.6459,9.7200,0.1531,0.1662,3.0865,0.1527,0.1527,0.0000,33554
23,24,square_waypoints,0.01,0.003,0.0,0.12,left_gain_loss,null_probe,g0.60_1.00_s0.02,0.0200,0.6551,0.8051,12.8550,0.0502,0.1005,1.3660,0.0282,0.0154,-0.0128,34555
23,24,square_waypoints,0.01,0.003,0.0,0.12,left_gain_loss,unpaired_null,g0.60_1.00_s0.02,0.0200,0.9108,0.7018,12.8550,0.0493,0.1810,2.4887,0.0935,0.0345,-0.0590,34556
23,24,square_waypoints,0.01,0.003,0.0,0.12,left_gain_loss,random_probe,g0.60_1.00_s0.02,0.0200,1.5892,0.4256,6.1880,0.2034,0.3026,3.9479,0.0842,0.0178,-0.0663,34557
23,24,square_waypoints,0.01,0.003,0.0,0.12,left_gain_loss,task_greedy,g0.60_1.00_s0.20,0.2000,1.6960,0.2994,12.4411,1.3195,1.3125,16.5936,0.0100,0.0141,0.0041,34558
23,24,square_waypoints,0.01,0.003,0.0,0.12,left_gain_loss,fisher_grid,g0.60_1.00_s0.02,0.0200,0.4748,0.8422,16.2000,0.3414,0.3291,3.3286,0.0322,0.1371,0.1049,34559
23,24,square_waypoints,0.01,0.003,0.0,0.12,left_gain_loss,constrained_fisher,g0.60_1.00_s0.02,0.0200,0.5420,0.8559,18.8325,0.1111,0.1053,1.8982,0.0842,0.0555,-0.0287,34560
23,24,square_waypoints,0.01,0.003,0.0,0.12,right_gain_loss,null_probe,g1.00_0.60_s0.02,0.0200,1.2395,0.5361,12.8550,0.0560,0.1081,1.3676,0.0160,0.0345,0.0184,34561
23,24,square_waypoints,0.01,0.003,0.0,0.12,right_gain_loss,unpaired_null,g1.00_0.60_s0.02,0.0200,1.1156,0.6457,12.8550,0.0466,0.2898,3.6688,0.0566,0.0209,-0.0357,34562
23,24,square_waypoints,0.01,0.003,0.0,0.12,right_gain_loss,random_probe,g1.00_0.60_s0.02,0.0200,1.8370,0.3458,4.2782,0.1748,0.2094,2.7613,0.0715,0.0816,0.0101,34563
23,24,square_waypoints,0.01,0.003,0.0,0.12,right_gain_loss,task_greedy,g1.00_0.60_s0.20,0.2000,1.8074,0.2809,12.4513,1.3268,1.3209,16.7368,0.0967,0.0149,-0.0818,34564
23,24,square_waypoints,0.01,0.003,0.0,0.12,right_gain_loss,fisher_grid,g1.00_0.60_s0.02,0.0200,0.7594,0.7382,16.2000,0.3583,0.3609,3.3422,0.0484,0.0165,-0.0319,34565
23,24,square_waypoints,0.01,0.003,0.0,0.12,right_gain_loss,constrained_fisher,g1.00_0.60_s0.02,0.0200,0.1655,0.9674,16.7063,0.1289,0.1131,1.8894,0.0892,0.1944,0.1053,34566
23,24,square_waypoints,0.01,0.003,0.0,0.12,symmetric_low_power,null_probe,g0.60_0.75_s0.10,0.2300,1.9226,0.2742,12.8550,0.0158,0.0813,0.9946,0.0228,0.0231,0.0003,34567
23,24,square_waypoints,0.01,0.003,0.0,0.12,symmetric_low_power,unpaired_null,g0.75_0.75_s0.02,0.0600,1.4477,0.5176,12.8550,0.0416,0.2064,2.5393,0.0474,0.0870,0.0396,34568
23,24,square_waypoints,0.01,0.003,0.0,0.12,symmetric_low_power,random_probe,g0.75_0.75_s0.10,0.1400,1.8224,0.4269,8.0345,0.1452,0.2325,3.7187,0.0457,0.0340,-0.0117,34569
23,24,square_waypoints,0.01,0.003,0.0,0.12,symmetric_low_power,task_greedy,g0.75_0.75_s0.20,0.2400,1.2627,0.3250,11.7607,1.2091,1.2209,15.1562,0.0415,0.0245,-0.0171,34570
23,24,square_waypoints,0.01,0.003,0.0,0.12,symmetric_low_power,fisher_grid,g0.75_0.75_s0.02,0.0600,0.6731,0.7990,16.2000,0.2461,0.2658,2.8258,0.0286,0.0720,0.0434,34571
23,24,square_waypoints,0.01,0.003,0.0,0.12,symmetric_low_power,constrained_fisher,g0.75_0.75_s0.02,0.0600,1.0069,0.4987,19.1363,0.0518,0.0995,1.2290,0.0281,0.0358,0.0078,34572
23,24,square_waypoints,0.01,0.003,0.0,0.12,high_slip,null_probe,g1.00_1.00_s0.20,0.0000,0.2400,0.9466,12.8550,0.0792,0.1348,1.5533,0.0944,0.0944,0.0000,34573
23,24,square_waypoints,0.01,0.003,0.0,0.12,high_slip,unpaired_null,g0.90_1.00_s0.20,0.1000,1.2733,0.3800,12.8550,0.0368,0.3140,4.1678,0.0709,0.0572,-0.0137,34574
23,24,square_waypoints,0.01,0.003,0.0,0.12,high_slip,random_probe,g1.00_1.00_s0.20,0.0000,1.5862,0.4304,5.4649,0.3571,0.3611,4.8984,0.0794,0.0794,0.0000,34575
23,24,square_waypoints,0.01,0.003,0.0,0.12,high_slip,task_greedy,g1.00_1.00_s0.20,0.0000,1.5952,0.2911,11.7625,1.6661,1.6885,21.1055,0.0210,0.0210,0.0000,34576
23,24,square_waypoints,0.01,0.003,0.0,0.12,high_slip,fisher_grid,g0.90_1.00_s0.20,0.1000,1.0335,0.5786,16.2000,0.4609,0.4452,4.4793,0.0379,0.0380,0.0000,34577
23,24,square_waypoints,0.01,0.003,0.0,0.12,high_slip,constrained_fisher,g1.00_1.00_s0.20,0.0000,0.1687,0.9657,17.4150,0.1038,0.1601,2.3668,0.0351,0.0351,0.0000,34578
24,24,square_waypoints,0.01,0.003,0.0,0.12,left_gain_loss,null_probe,g0.60_1.00_s0.02,0.0200,1.0653,0.6359,12.8550,0.0591,0.1009,1.1267,0.0308,0.0181,-0.0127,35579
24,24,square_waypoints,0.01,0.003,0.0,0.12,left_gain_loss,unpaired_null,g0.60_1.00_s0.02,0.0200,0.8904,0.5558,12.8550,0.0903,0.1843,2.6722,0.0216,0.0282,0.0067,35580
24,24,square_waypoints,0.01,0.003,0.0,0.12,left_gain_loss,random_probe,g0.60_1.00_s0.02,0.0200,1.1300,0.6222,6.7456,0.2733,0.2680,3.3127,0.0248,0.0204,-0.0043,35581
24,24,square_waypoints,0.01,0.003,0.0,0.12,left_gain_loss,task_greedy,g0.60_1.00_s0.02,0.0200,1.5446,0.3007,12.4321,1.2867,1.2838,16.4839,0.0241,0.0625,0.0384,35582
24,24,square_waypoints,0.01,0.003,0.0,0.12,left_gain_loss,fisher_grid,g0.60_1.00_s0.02,0.0200,0.5062,0.8573,16.2000,0.3650,0.3713,3.8873,0.0242,0.0518,0.0275,35583
24,24,square_waypoints,0.01,0.003,0.0,0.12,left_gain_loss,constrained_fisher,g0.60_1.00_s0.02,0.0200,0.5076,0.8425,19.1363,0.0710,0.1134,1.6226,0.0588,0.0183,-0.0405,35584
24,24,square_waypoints,0.01,0.003,0.0,0.12,right_gain_loss,null_probe,g1.00_0.60_s0.02,0.0200,0.9296,0.6945,12.8550,0.0643,0.0891,1.1669,0.0279,0.0246,-0.0032,35585
24,24,square_waypoints,0.01,0.003,0.0,0.12,right_gain_loss,unpaired_null,g1.00_0.60_s0.02,0.0200,0.9404,0.6278,12.8550,0.0592,0.2828,3.5822,0.0498,0.0448,-0.0050,35586
24,24,square_waypoints,0.01,0.003,0.0,0.12,right_gain_loss,random_probe,g1.00_0.60_s0.10,0.1000,1.4001,0.3935,7.1282,0.5127,0.5108,5.9959,0.0138,0.0216,0.0078,35587
24,24,square_waypoints,0.01,0.003,0.0,0.12,right_gain_loss,task_greedy,g1.00_0.60_s0.20,0.2000,1.5128,0.2917,12.4357,1.2753,1.2825,16.3117,0.0407,0.0434,0.0027,35588
24,24,square_waypoints,0.01,0.003,0.0,0.12,right_gain_loss,fisher_grid,g1.00_0.60_s0.02,0.0200,0.3939,0.9070,16.2000,0.3289,0.3440,3.2486,0.0385,0.0808,0.0422,35589
24,24,square_waypoints,0.01,0.003,0.0,0.12,right_gain_loss,constrained_fisher,g1.00_0.60_s0.02,0.0200,0.3260,0.9296,17.6175,0.1175,0.1215,1.9099,0.0196,0.0240,0.0045,35590
24,24,square_waypoints,0.01,0.003,0.0,0.12,symmetric_low_power,null_probe,g0.75_0.75_s0.10,0.1400,1.6133,0.4592,12.8550,0.0168,0.0738,0.9000,0.0213,0.0679,0.0466,35591
24,24,square_waypoints,0.01,0.003,0.0,0.12,symmetric_low_power,unpaired_null,g0.75_0.75_s0.10,0.1400,1.5438,0.3632,12.8550,0.0543,0.2310,2.8534,0.0306,0.0744,0.0438,35592
24,24,square_waypoints,0.01,0.003,0.0,0.12,symmetric_low_power,random_probe,g0.75_0.75_s0.02,0.0600,1.5176,0.5232,7.5822,0.0882,0.2434,3.3427,0.0291,0.0601,0.0310,35593
24,24,square_waypoints,0.01,0.003,0.0,0.12,symmetric_low_power,task_greedy,g0.60_0.60_s0.02,0.2400,1.9589,0.2372,11.7607,1.2232,1.2229,15.3255,0.0460,0.0452,-0.0009,35594
24,24,square_waypoints,0.01,0.003,0.0,0.12,symmetric_low_power,fisher_grid,g0.75_0.75_s0.02,0.0600,0.6112,0.7558,16.2000,0.2755,0.2625,2.8130,0.0187,0.0475,0.0288,35595
24,24,square_waypoints,0.01,0.003,0.0,0.12,symmetric_low_power,constrained_fisher,g0.60_0.75_s0.02,0.1500,0.5101,0.8225,19.1363,0.0456,0.0972,1.2622,0.0584,0.0464,-0.0120,35596
24,24,square_waypoints,0.01,0.003,0.0,0.12,high_slip,null_probe,g1.00_1.00_s0.20,0.0000,0.7742,0.7585,12.8550,0.0881,0.1178,1.4905,0.2222,0.2222,0.0000,35597
24,24,square_waypoints,0.01,0.003,0.0,0.12,high_slip,unpaired_null,g1.00_1.00_s0.20,0.0000,1.2384,0.6218,12.8550,0.0506,0.2958,3.3359,0.0827,0.0827,0.0000,35598
24,24,square_waypoints,0.01,0.003,0.0,0.12,high_slip,random_probe,g1.00_1.00_s0.10,0.1000,2.2537,0.2449,6.3352,0.2223,0.2828,4.2982,0.1120,0.1120,0.0000,35599
24,24,square_waypoints,0.01,0.003,0.0,0.12,high_slip,task_greedy,g1.00_1.00_s0.02,0.1800,2.1220,0.2160,11.7628,1.6864,1.6796,20.9105,0.0227,0.0227,0.0000,35600
24,24,square_waypoints,0.01,0.003,0.0,0.12,high_slip,fisher_grid,g1.00_1.00_s0.20,0.0000,0.3545,0.9049,16.2000,0.3679,0.3757,5.4483,0.1300,0.1300,0.0000,35601
24,24,square_waypoints,0.01,0.003,0.0,0.12,high_slip,constrained_fisher,g1.00_1.00_s0.20,0.0000,0.2211,0.9502,16.8075,0.1189,0.1865,2.5547,0.1407,0.1407,0.0000,35602
25,24,square_waypoints,0.01,0.003,0.0,0.12,left_gain_loss,null_probe,g0.60_1.00_s0.02,0.0200,0.8378,0.7190,12.8550,0.0618,0.1279,1.5394,0.0323,0.1967,0.1644,36603
25,24,square_waypoints,0.01,0.003,0.0,0.12,left_gain_loss,unpaired_null,g0.60_1.00_s0.02,0.0200,1.4531,0.3861,12.8550,0.0593,0.1704,2.3452,0.0397,0.0306,-0.0091,36604
25,24,square_waypoints,0.01,0.003,0.0,0.12,left_gain_loss,random_probe,g0.60_1.00_s0.02,0.0200,1.4586,0.4904,6.0382,0.1915,0.2059,2.7996,0.0270,0.0272,0.0002,36605
25,24,square_waypoints,0.01,0.003,0.0,0.12,left_gain_loss,task_greedy,g0.60_0.90_s0.02,0.1200,1.7601,0.2532,12.4636,1.2531,1.2687,16.1304,0.0463,0.1114,0.0651,36606
25,24,square_waypoints,0.01,0.003,0.0,0.12,left_gain_loss,fisher_grid,g0.60_1.00_s0.02,0.0200,0.4649,0.8634,16.2000,0.3822,0.3803,4.0113,0.0235,0.0509,0.0274,36607
25,24,square_waypoints,0.01,0.003,0.0,0.12,left_gain_loss,constrained_fisher,g0.60_1.00_s0.02,0.0200,0.1600,0.9671,19.1363,0.0943,0.1108,1.5205,0.0535,0.1392,0.0857,36608
25,24,square_waypoints,0.01,0.003,0.0,0.12,right_gain_loss,null_probe,g1.00_0.60_s0.02,0.0200,1.6550,0.2975,12.8550,0.0368,0.1112,1.2096,0.0507,0.1479,0.0972,36609
25,24,square_waypoints,0.01,0.003,0.0,0.12,right_gain_loss,unpaired_null,g1.00_0.60_s0.02,0.0200,0.9459,0.6963,12.8550,0.0342,0.2858,3.5050,0.0783,0.0355,-0.0428,36610
25,24,square_waypoints,0.01,0.003,0.0,0.12,right_gain_loss,random_probe,g1.00_0.75_s0.02,0.1300,1.8042,0.3311,6.0739,0.1583,0.4204,5.5227,0.0481,0.0566,0.0085,36611
25,24,square_waypoints,0.01,0.003,0.0,0.12,right_gain_loss,task_greedy,g1.00_0.60_s0.20,0.2000,1.9070,0.2465,12.4297,1.2658,1.2781,16.1454,0.0347,0.0960,0.0613,36612
25,24,square_waypoints,0.01,0.003,0.0,0.12,right_gain_loss,fisher_grid,g1.00_0.60_s0.02,0.0200,1.0804,0.5837,16.2000,0.3307,0.3434,3.3003,0.0064,0.0139,0.0075,36613
25,24,square_waypoints,0.01,0.003,0.0,0.12,right_gain_loss,constrained_fisher,g1.00_0.60_s0.02,0.0200,0.0504,0.9925,19.1363,0.0747,0.1077,1.8482,0.0851,0.0240,-0.0611,36614
25,24,square_waypoints,0.01,0.003,0.0,0.12,symmetric_low_power,null_probe,g0.75_0.75_s0.10,0.1400,1.0781,0.5256,12.8550,0.0410,0.0816,0.9136,0.0524,0.0655,0.0132,36615
25,24,square_waypoints,0.01,0.003,0.0,0.12,symmetric_low_power,unpaired_null,g0.75_0.75_s0.02,0.0600,0.5543,0.8377,12.8550,0.0304,0.2132,2.6195,0.0239,0.0892,0.0653,36616
25,24,square_waypoints,0.01,0.003,0.0,0.12,symmetric_low_power,random_probe,g0.75_0.75_s0.02,0.0600,1.7742,0.4275,6.2123,0.3167,0.3249,4.4440,0.0337,0.0680,0.0343,36617
25,24,square_waypoints,0.01,0.003,0.0,0.12,symmetric_low_power,task_greedy,g0.75_0.75_s0.20,0.2400,1.5245,0.3019,11.7608,1.2001,1.2110,15.2804,0.0230,0.0940,0.0710,36618
25,24,square_waypoints,0.01,0.003,0.0,0.12,symmetric_low_power,fisher_grid,g0.75_0.75_s0.02,0.0600,0.8287,0.5999,16.2000,0.2771,0.2643,2.7631,0.0606,0.0679,0.0073,36619
25,24,square_waypoints,0.01,0.003,0.0,0.12,symmetric_low_power,constrained_fisher,g0.75_0.75_s0.02,0.0600,0.2680,0.9427,19.4400,0.0244,0.0922,1.2916,0.0290,0.0733,0.0444,36620
25,24,square_waypoints,0.01,0.003,0.0,0.12,high_slip,null_probe,g1.00_1.00_s0.20,0.0000,1.8044,0.3189,12.8550,0.0357,0.0962,1.2920,0.1277,0.1277,0.0000,36621
25,24,square_waypoints,0.01,0.003,0.0,0.12,high_slip,unpaired_null,g1.00_1.00_s0.20,0.0000,1.3131,0.4901,12.8550,0.1011,0.2767,3.3159,0.1618,0.1618,0.0000,36622
25,24,square_waypoints,0.01,0.003,0.0,0.12,high_slip,random_probe,g0.90_1.00_s0.20,0.1000,1.3783,0.3851,6.7767,0.3002,0.2791,2.9474,0.1252,0.1876,0.0624,36623
25,24,square_waypoints,0.01,0.003,0.0,0.12,high_slip,task_greedy,g1.00_1.00_s0.20,0.0000,1.7871,0.2627,11.7614,1.6953,1.6846,20.9674,0.0431,0.0431,0.0000,36624
25,24,square_waypoints,0.01,0.003,0.0,0.12,high_slip,fisher_grid,g1.00_1.00_s0.20,0.0000,0.6185,0.7870,16.2000,0.3954,0.3723,4.5566,0.0870,0.0870,0.0000,36625
25,24,square_waypoints,0.01,0.003,0.0,0.12,high_slip,constrained_fisher,g1.00_1.00_s0.20,0.0000,0.4156,0.8940,10.3275,0.1010,0.1413,2.5428,0.0363,0.0363,0.0000,36626
26,24,square_waypoints,0.01,0.003,0.0,0.12,left_gain_loss,null_probe,g0.60_1.00_s0.02,0.0200,0.7857,0.7654,12.8550,0.0444,0.1014,1.3487,0.0247,0.1597,0.1350,37627
26,24,square_waypoints,0.01,0.003,0.0,0.12,left_gain_loss,unpaired_null,g0.60_1.00_s0.10,0.1000,1.3732,0.4275,12.8550,0.0872,0.1718,2.3767,0.0126,0.1055,0.0929,37628
26,24,square_waypoints,0.01,0.003,0.0,0.12,left_gain_loss,random_probe,g0.60_1.00_s0.02,0.0200,1.4169,0.5590,7.3373,0.6535,0.6327,9.7759,0.0349,0.0308,-0.0041,37629
26,24,square_waypoints,0.01,0.003,0.0,0.12,left_gain_loss,task_greedy,g0.60_1.00_s0.02,0.0200,1.4535,0.3101,12.4184,1.3023,1.2892,16.4690,0.0735,0.1027,0.0292,37630
26,24,square_waypoints,0.01,0.003,0.0,0.12,left_gain_loss,fisher_grid,g0.60_1.00_s0.02,0.0200,0.5589,0.8572,16.2000,0.3792,0.3662,3.7814,0.0748,0.0125,-0.0622,37631
26,24,square_waypoints,0.01,0.003,0.0,0.12,left_gain_loss,constrained_fisher,g0.60_1.00_s0.02,0.0200,0.1190,0.9774,15.7950,0.0773,0.1223,1.9451,0.0127,0.1644,0.1518,37632
26,24,square_waypoints,0.01,0.003,0.0,0.12,right_gain_loss,null_probe,g1.00_0.60_s0.02,0.0200,1.1633,0.5856,12.8550,0.0445,0.1147,1.4898,0.0340,0.0173,-0.0167,37633
26,24,square_waypoints,0.01,0.003,0.0,0.12,right_gain_loss,unpaired_null,g1.00_0.60_s0.02,0.0200,1.3169,0.5350,12.8550,0.0572,0.2836,3.4770,0.0537,0.1343,0.0806,37634
26,24,square_waypoints,0.01,0.003,0.0,0.12,right_gain_loss,random_probe,g1.00_0.60_s0.02,0.0200,1.4272,0.4410,6.3600,0.1305,0.1593,2.4210,0.0283,0.1610,0.1327,37635
26,24,square_waypoints,0.01,0.003,0.0,0.12,right_gain_loss,task_greedy,g1.00_0.60_s0.20,0.2000,1.8655,0.2221,12.4342,1.2521,1.2656,15.9878,0.1071,0.0156,-0.0914,37636
26,24,square_waypoints,0.01,0.003,0.0,0.12,right_gain_loss,fisher_grid,g1.00_0.60_s0.02,0.0200,0.2283,0.9512,16.2000,0.3690,0.3701,3.7144,0.0503,0.0585,0.0082,37637
26,24,square_waypoints,0.01,0.003,0.0,0.12,right_gain_loss,constrained_fisher,g1.00_0.60_s0.02,0.0200,0.0397,0.9942,19.1363,0.0644,0.1042,1.4690,0.0186,0.1138,0.0952,37638
26,24,square_waypoints,0.01,0.003,0.0,0.12,symmetric_low_power,null_probe,g0.75_0.75_s0.02,0.0600,0.9724,0.5407,12.8550,0.0231,0.0755,0.9421,0.0462,0.0509,0.0047,37639
26,24,square_waypoints,0.01,0.003,0.0,0.12,symmetric_low_power,unpaired_null,g0.75_0.75_s0.10,0.1400,1.5044,0.4148,12.8550,0.0194,0.2121,2.5818,0.0252,0.0497,0.0245,37640
26,24,square_waypoints,0.01,0.003,0.0,0.12,symmetric_low_power,random_probe,g0.60_0.75_s0.02,0.1500,2.1637,0.2588,6.0234,0.3254,0.4021,5.2441,0.0253,0.0719,0.0467,37641
26,24,square_waypoints,0.01,0.003,0.0,0.12,symmetric_low_power,task_greedy,g0.75_0.75_s0.02,0.0600,1.3998,0.3137,11.7613,1.2521,1.2452,15.4426,0.0330,0.0880,0.0551,37642
26,24,square_waypoints,0.01,0.003,0.0,0.12,symmetric_low_power,fisher_grid,g0.75_0.75_s0.02,0.0600,0.6967,0.7936,16.2000,0.2556,0.2603,2.7006,0.0527,0.0826,0.0299,37643
26,24,square_waypoints,0.01,0.003,0.0,0.12,symmetric_low_power,constrained_fisher,g0.75_0.75_s0.02,0.0600,0.2104,0.9582,19.4400,0.0228,0.0772,0.9782,0.0406,0.0533,0.0127,37644
26,24,square_waypoints,0.01,0.003,0.0,0.12,high_slip,null_probe,g1.00_1.00_s0.20,0.0000,1.3301,0.5548,12.8550,0.0117,0.1242,1.3880,0.0396,0.0396,0.0000,37645
26,24,square_waypoints,0.01,0.003,0.0,0.12,high_slip,unpaired_null,g0.90_0.90_s0.20,0.2000,1.3979,0.3181,12.8550,0.0980,0.2642,3.0893,0.0175,0.0278,0.0103,37646
26,24,square_waypoints,0.01,0.003,0.0,0.12,high_slip,random_probe,g1.00_1.00_s0.10,0.1000,2.1566,0.2691,6.0716,0.0493,0.2638,3.0520,0.1926,0.1926,0.0000,37647
26,24,square_waypoints,0.01,0.003,0.0,0.12,high_slip,task_greedy,g1.00_1.00_s0.20,0.0000,2.2711,0.1732,11.7619,1.7070,1.6978,21.3048,0.1204,0.1204,0.0000,37648
26,24,square_waypoints,0.01,0.003,0.0,0.12,high_slip,fisher_grid,g1.00_1.00_s0.20,0.0000,0.2819,0.9398,16.2000,0.4341,0.4593,4.9955,0.1181,0.1181,0.0000,37649
26,24,square_waypoints,0.01,0.003,0.0,0.12,high_slip,constrained_fisher,g1.00_1.00_s0.20,0.0000,1.2495,0.5876,19.4400,0.1194,0.1065,2.3726,0.1041,0.1041,0.0000,37650
27,24,square_waypoints,0.01,0.003,0.0,0.12,left_gain_loss,null_probe,g0.60_1.00_s0.02,0.0200,0.9705,0.6987,12.8550,0.0061,0.1013,1.0574,0.0207,0.0533,0.0326,38651
27,24,square_waypoints,0.01,0.003,0.0,0.12,left_gain_loss,unpaired_null,g0.60_1.00_s0.02,0.0200,0.9325,0.7313,12.8550,0.0777,0.1819,2.4300,0.0739,0.0142,-0.0596,38652
27,24,square_waypoints,0.01,0.003,0.0,0.12,left_gain_loss,random_probe,g0.75_1.00_s0.10,0.2100,2.2893,0.2076,5.3303,0.1820,0.2327,3.4644,0.0467,0.0692,0.0225,38653
27,24,square_waypoints,0.01,0.003,0.0,0.12,left_gain_loss,task_greedy,g0.60_1.00_s0.10,0.1000,1.6623,0.2680,12.4334,1.2653,1.2691,16.0600,0.0029,0.1694,0.1665,38654
27,24,square_waypoints,0.01,0.003,0.0,0.12,left_gain_loss,fisher_grid,g0.60_1.00_s0.10,0.1000,0.7994,0.7758,16.2000,0.3517,0.3707,3.8351,0.0099,0.0920,0.0821,38655
27,24,square_waypoints,0.01,0.003,0.0,0.12,left_gain_loss,constrained_fisher,g0.60_1.00_s0.02,0.0200,1.0104,0.7124,17.2125,0.0995,0.1096,1.8091,0.0864,0.0923,0.0059,38656
27,24,square_waypoints,0.01,0.003,0.0,0.12,right_gain_loss,null_probe,g1.00_0.60_s0.02,0.0200,1.3867,0.5092,12.8550,0.0343,0.0959,1.1635,0.0625,0.0136,-0.0489,38657
27,24,square_waypoints,0.01,0.003,0.0,0.12,right_gain_loss,unpaired_null,g1.00_0.60_s0.10,0.1000,1.1325,0.6249,12.8550,0.0503,0.2823,3.4402,0.0347,0.0076,-0.0272,38658
27,24,square_waypoints,0.01,0.003,0.0,0.12,right_gain_loss,random_probe,g1.00_0.60_s0.02,0.0200,1.2440,0.5856,5.8405,0.0845,0.1705,2.1513,0.1113,0.0258,-0.0855,38659
27,24,square_waypoints,0.01,0.003,0.0,0.12,right_gain_loss,task_greedy,g1.00_0.60_s0.02,0.0200,1.6536,0.2701,12.4877,1.2789,1.2880,16.3357,0.0183,0.0744,0.0561,38660
27,24,square_waypoints,0.01,0.003,0.0,0.12,right_gain_loss,fisher_grid,g1.00_0.60_s0.02,0.0200,0.3942,0.9148,16.2000,0.3492,0.3307,3.1024,0.0135,0.0122,-0.0012,38661
27,24,square_waypoints,0.01,0.003,0.0,0.12,right_gain_loss,constrained_fisher,g1.00_0.60_s0.02,0.0200,0.5631,0.8217,19.1363,0.0631,0.1113,1.4782,0.0894,0.1393,0.0499,38662
27,24,square_waypoints,0.01,0.003,0.0,0.12,symmetric_low_power,null_probe,g0.75_0.75_s0.02,0.0600,0.7588,0.7316,12.8550,0.0361,0.0843,0.9364,0.0392,0.0365,-0.0028,38663
27,24,square_waypoints,0.01,0.003,0.0,0.12,symmetric_low_power,unpaired_null,g0.75_0.75_s0.02,0.0600,0.7355,0.7493,12.8550,0.0326,0.2002,2.2849,0.0378,0.0464,0.0086,38664
27,24,square_waypoints,0.01,0.003,0.0,0.12,symmetric_low_power,random_probe,g0.75_0.75_s0.02,0.0600,2.0619,0.2820,7.3477,0.3197,0.2855,3.7380,0.0664,0.0326,-0.0339,38665
27,24,square_waypoints,0.01,0.003,0.0,0.12,symmetric_low_power,task_greedy,g0.60_0.60_s0.02,0.2400,1.3667,0.3155,11.7607,1.2262,1.2030,15.2398,0.0173,0.0843,0.0670,38666
27,24,square_waypoints,0.01,0.003,0.0,0.12,symmetric_low_power,fisher_grid,g0.75_0.75_s0.02,0.0600,0.4267,0.8981,16.2000,0.2656,0.2795,2.9826,0.0612,0.0666,0.0055,38667
27,24,square_waypoints,0.01,0.003,0.0,0.12,symmetric_low_power,constrained_fisher,g0.75_0.75_s0.02,0.0600,0.3198,0.9172,19.4400,0.0331,0.0932,1.1383,0.0858,0.0850,-0.0009,38668
27,24,square_waypoints,0.01,0.003,0.0,0.12,high_slip,null_probe,g1.00_1.00_s0.20,0.0000,0.8416,0.4898,12.8550,0.0363,0.1199,1.4947,0.0096,0.0096,0.0000,38669
27,24,square_waypoints,0.01,0.003,0.0,0.12,high_slip,unpaired_null,g1.00_1.00_s0.20,0.0000,0.5237,0.8403,12.8550,0.0438,0.2970,3.6738,0.0781,0.0781,0.0000,38670
27,24,square_waypoints,0.01,0.003,0.0,0.12,high_slip,random_probe,g0.90_1.00_s0.20,0.1000,1.4964,0.3144,5.5946,0.1178,0.2197,2.9844,0.0773,0.1316,0.0543,38671
27,24,square_waypoints,0.01,0.003,0.0,0.12,high_slip,task_greedy,g1.00_1.00_s0.02,0.1800,1.8648,0.2586,11.7614,1.6894,1.6771,20.8778,0.0601,0.0601,0.0000,38672
27,24,square_waypoints,0.01,0.003,0.0,0.12,high_slip,fisher_grid,g1.00_1.00_s0.20,0.0000,0.7237,0.7929,16.2000,0.3501,0.3438,3.9811,0.0610,0.0610,0.0000,38673
27,24,square_waypoints,0.01,0.003,0.0,0.12,high_slip,constrained_fisher,g1.00_1.00_s0.20,0.0000,1.3198,0.5703,17.0100,0.1034,0.1324,2.6512,0.0516,0.0516,0.0000,38674
28,24,square_waypoints,0.01,0.003,0.0,0.12,left_gain_loss,null_probe,g0.60_1.00_s0.02,0.0200,1.5290,0.3499,12.8550,0.0250,0.1012,1.1913,0.0805,0.0155,-0.0650,39675
28,24,square_waypoints,0.01,0.003,0.0,0.12,left_gain_loss,unpaired_null,g0.60_0.90_s0.02,0.1200,1.3372,0.4376,12.8550,0.0196,0.1969,2.5656,0.0682,0.0662,-0.0020,39676
28,24,square_waypoints,0.01,0.003,0.0,0.12,left_gain_loss,random_probe,g0.75_1.00_s0.02,0.1300,1.9953,0.2621,5.9271,0.0440,0.1182,1.1994,0.0188,0.0263,0.0074,39677
28,24,square_waypoints,0.01,0.003,0.0,0.12,left_gain_loss,task_greedy,g0.60_1.00_s0.20,0.2000,1.6786,0.2521,12.4298,1.2369,1.2502,15.7965,0.0182,0.0333,0.0150,39678
28,24,square_waypoints,0.01,0.003,0.0,0.12,left_gain_loss,fisher_grid,g0.60_1.00_s0.02,0.0200,0.6183,0.8255,16.2000,0.3534,0.3444,3.7131,0.0643,0.1273,0.0630,39679
28,24,square_waypoints,0.01,0.003,0.0,0.12,left_gain_loss,constrained_fisher,g0.60_1.00_s0.02,0.0200,0.2412,0.9402,19.1363,0.0759,0.1180,1.6556,0.0829,0.0333,-0.0496,39680
28,24,square_waypoints,0.01,0.003,0.0,0.12,right_gain_loss,null_probe,g1.00_0.60_s0.02,0.0200,0.9755,0.5886,12.8550,0.0756,0.0927,1.1043,0.0478,0.0207,-0.0271,39681
28,24,square_waypoints,0.01,0.003,0.0,0.12,right_gain_loss,unpaired_null,g1.00_0.60_s0.02,0.0200,1.2865,0.5775,12.8550,0.0366,0.2861,3.5570,0.0182,0.0214,0.0032,39682
28,24,square_waypoints,0.01,0.003,0.0,0.12,right_gain_loss,random_probe,g1.00_0.60_s0.10,0.1000,1.3361,0.4218,5.2224,0.1768,0.1990,3.2075,0.0335,0.0134,-0.0201,39683
28,24,square_waypoints,0.01,0.003,0.0,0.12,right_gain_loss,task_greedy,g0.90_0.60_s0.02,0.1200,1.8161,0.2056,12.4513,1.2691,1.2775,16.2296,0.0345,0.0164,-0.0181,39684
28,24,square_waypoints,0.01,0.003,0.0,0.12,right_gain_loss,fisher_grid,g1.00_0.60_s0.02,0.0200,0.9641,0.6704,16.2000,0.3294,0.3369,3.2495,0.0207,0.0468,0.0260,39685
28,24,square_waypoints,0.01,0.003,0.0,0.12,right_gain_loss,constrained_fisher,g1.00_0.60_s0.02,0.0200,0.1105,0.9784,17.9213,0.0754,0.1074,1.8146,0.0445,0.0501,0.0055,39686
28,24,square_waypoints,0.01,0.003,0.0,0.12,symmetric_low_power,null_probe,g0.75_0.75_s0.02,0.0600,1.0222,0.6020,12.8550,0.0373,0.0870,1.1168,0.0430,0.0752,0.0322,39687
28,24,square_waypoints,0.01,0.003,0.0,0.12,symmetric_low_power,unpaired_null,g0.75_0.75_s0.10,0.1400,1.0678,0.5074,12.8550,0.0330,0.2038,2.4830,0.0381,0.0655,0.0274,39688
28,24,square_waypoints,0.01,0.003,0.0,0.12,symmetric_low_power,random_probe,g0.75_0.75_s0.02,0.0600,1.6509,0.4617,6.7803,0.1798,0.1931,1.9687,0.0587,0.0352,-0.0235,39689
28,24,square_waypoints,0.01,0.003,0.0,0.12,symmetric_low_power,task_greedy,g0.60_0.60_s0.20,0.4200,2.1031,0.1955,11.7609,1.2149,1.2196,15.2119,0.0788,0.0518,-0.0269,39690
28,24,square_waypoints,0.01,0.003,0.0,0.12,symmetric_low_power,fisher_grid,g0.75_0.60_s0.02,0.1500,1.2039,0.4581,16.2000,0.2400,0.2472,2.5350,0.0331,0.0918,0.0587,39691
28,24,square_waypoints,0.01,0.003,0.0,0.12,symmetric_low_power,constrained_fisher,g0.75_0.60_s0.10,0.2300,1.0886,0.4744,19.4400,0.0437,0.0774,0.9189,0.0169,0.0521,0.0352,39692
28,24,square_waypoints,0.01,0.003,0.0,0.12,high_slip,null_probe,g1.00_1.00_s0.20,0.0000,1.1416,0.6631,12.8550,0.0255,0.1356,1.6340,0.1067,0.1067,0.0000,39693
28,24,square_waypoints,0.01,0.003,0.0,0.12,high_slip,unpaired_null,g1.00_1.00_s0.20,0.0000,0.9411,0.6060,12.8550,0.0630,0.3241,4.1161,0.1606,0.1606,0.0000,39694
28,24,square_waypoints,0.01,0.003,0.0,0.12,high_slip,random_probe,g1.00_1.00_s0.20,0.0000,1.0439,0.5539,6.5708,0.3763,0.5128,8.5480,0.2138,0.2138,0.0000,39695
28,24,square_waypoints,0.01,0.003,0.0,0.12,high_slip,task_greedy,g1.00_1.00_s0.20,0.0000,2.3716,0.1473,11.7618,1.6868,1.6941,21.1153,0.1134,0.1134,0.0000,39696
28,24,square_waypoints,0.01,0.003,0.0,0.12,high_slip,fisher_grid,g1.00_1.00_s0.20,0.0000,0.4578,0.8805,16.2000,0.4028,0.3961,4.7798,0.0991,0.0991,0.0000,39697
28,24,square_waypoints,0.01,0.003,0.0,0.12,high_slip,constrained_fisher,g1.00_1.00_s0.20,0.0000,0.9635,0.6487,9.1125,0.1285,0.1569,2.8649,0.1333,0.1333,0.0000,39698
29,24,square_waypoints,0.01,0.003,0.0,0.12,left_gain_loss,null_probe,g0.60_1.00_s0.02,0.0200,1.6946,0.2990,12.8550,0.0884,0.1332,1.5924,0.0466,0.0142,-0.0324,40699
29,24,square_waypoints,0.01,0.003,0.0,0.12,left_gain_loss,unpaired_null,g0.60_1.00_s0.02,0.0200,1.0360,0.6228,12.8550,0.0492,0.1779,2.4365,0.0843,0.0164,-0.0679,40700
29,24,square_waypoints,0.01,0.003,0.0,0.12,left_gain_loss,random_probe,g0.60_1.00_s0.02,0.0200,1.3066,0.5593,6.8182,0.0573,0.1111,1.3194,0.0201,0.1445,0.1244,40701
29,24,square_waypoints,0.01,0.003,0.0,0.12,left_gain_loss,task_greedy,g0.60_1.00_s0.02,0.0200,1.5111,0.2982,12.4420,1.3017,1.2988,16.4755,0.0407,0.0192,-0.0215,40702
29,24,square_waypoints,0.01,0.003,0.0,0.12,left_gain_loss,fisher_grid,g0.60_1.00_s0.02,0.0200,0.3335,0.9011,16.2000,0.4025,0.3925,4.1860,0.0244,0.0871,0.0628,40703
29,24,square_waypoints,0.01,0.003,0.0,0.12,left_gain_loss,constrained_fisher,g0.60_1.00_s0.02,0.0200,0.2531,0.9466,19.1363,0.0741,0.1127,1.5350,0.0974,0.0340,-0.0634,40704
29,24,square_waypoints,0.01,0.003,0.0,0.12,right_gain_loss,null_probe,g1.00_0.60_s0.02,0.0200,1.1170,0.6072,12.8550,0.0448,0.0983,1.0893,0.0352,0.0246,-0.0106,40705
29,24,square_waypoints,0.01,0.003,0.0,0.12,right_gain_loss,unpaired_null,g1.00_0.60_s0.02,0.0200,1.3251,0.4903,12.8550,0.0639,0.2948,3.6422,0.0187,0.0197,0.0010,40706
29,24,square_waypoints,0.01,0.003,0.0,0.12,right_gain_loss,random_probe,g1.00_0.60_s0.10,0.1000,2.0404,0.2885,6.5889,0.3447,0.3719,5.6563,0.1043,0.0682,-0.0361,40707
29,24,square_waypoints,0.01,0.003,0.0,0.12,right_gain_loss,task_greedy,g1.00_0.60_s0.02,0.0200,1.7487,0.2290,12.4594,1.2726,1.2789,16.0876,0.0402,0.0887,0.0485,40708
29,24,square_waypoints,0.01,0.003,0.0,0.12,right_gain_loss,fisher_grid,g1.00_0.60_s0.02,0.0200,1.5444,0.2721,16.2000,0.3390,0.3402,3.3261,0.0550,0.0153,-0.0397,40709
29,24,square_waypoints,0.01,0.003,0.0,0.12,right_gain_loss,constrained_fisher,g1.00_0.60_s0.02,0.0200,0.9542,0.6217,17.6175,0.0969,0.1076,1.6650,0.0149,0.0511,0.0363,40710
29,24,square_waypoints,0.01,0.003,0.0,0.12,symmetric_low_power,null_probe,g0.75_0.75_s0.02,0.0600,1.2967,0.4985,12.8550,0.0424,0.0755,0.8716,0.0341,0.0359,0.0018,40711
29,24,square_waypoints,0.01,0.003,0.0,0.12,symmetric_low_power,unpaired_null,g0.75_0.75_s0.02,0.0600,0.6543,0.7910,12.8550,0.0260,0.2109,2.4529,0.0584,0.0424,-0.0159,40712
29,24,square_waypoints,0.01,0.003,0.0,0.12,symmetric_low_power,random_probe,g0.75_0.75_s0.02,0.0600,1.8730,0.4114,6.3425,0.2832,0.3582,4.5075,0.0386,0.0546,0.0159,40713
29,24,square_waypoints,0.01,0.003,0.0,0.12,symmetric_low_power,task_greedy,g0.75_0.75_s0.02,0.0600,1.4112,0.3122,11.7615,1.1969,1.2001,15.1069,0.0477,0.0300,-0.0177,40714
29,24,square_waypoints,0.01,0.003,0.0,0.12,symmetric_low_power,fisher_grid,g0.75_0.75_s0.10,0.1400,1.3369,0.5110,16.2000,0.2465,0.2379,2.4443,0.0130,0.0727,0.0597,40715
29,24,square_waypoints,0.01,0.003,0.0,0.12,symmetric_low_power,constrained_fisher,g0.75_0.75_s0.02,0.0600,0.2181,0.9565,19.4400,0.0144,0.0783,1.0041,0.0392,0.0393,0.0001,40716
29,24,square_waypoints,0.01,0.003,0.0,0.12,high_slip,null_probe,g1.00_1.00_s0.20,0.0000,0.7504,0.7891,12.8550,0.1684,0.1825,2.1198,0.1385,0.1385,0.0000,40717
29,24,square_waypoints,0.01,0.003,0.0,0.12,high_slip,unpaired_null,g1.00_1.00_s0.20,0.0000,1.2971,0.5488,12.8550,0.0993,0.3042,4.2437,0.0983,0.0983,0.0000,40718
29,24,square_waypoints,0.01,0.003,0.0,0.12,high_slip,random_probe,g1.00_1.00_s0.20,0.0000,1.2356,0.4763,6.0172,0.1567,0.2113,3.6485,0.0634,0.0634,0.0000,40719
29,24,square_waypoints,0.01,0.003,0.0,0.12,high_slip,task_greedy,g0.90_0.90_s0.02,0.3800,2.1406,0.2173,11.7618,1.6775,1.6875,20.9259,0.0577,0.1102,0.0525,40720
29,24,square_waypoints,0.01,0.003,0.0,0.12,high_slip,fisher_grid,g1.00_1.00_s0.20,0.0000,0.2593,0.9402,16.2000,0.3981,0.4095,5.6101,0.2056,0.2056,0.0000,40721
29,24,square_waypoints,0.01,0.003,0.0,0.12,high_slip,constrained_fisher,g0.90_1.00_s0.20,0.1000,1.8368,0.2750,7.8975,0.1748,0.1533,3.2477,0.1742,0.1873,0.0131,40722
30,24,square_waypoints,0.01,0.003,0.0,0.12,left_gain_loss,null_probe,g0.60_1.00_s0.02,0.0200,1.2085,0.5433,12.8550,0.0359,0.0919,1.2300,0.0739,0.0923,0.0183,41723
30,24,square_waypoints,0.01,0.003,0.0,0.12,left_gain_loss,unpaired_null,g0.60_1.00_s0.02,0.0200,1.0635,0.6306,12.8550,0.0813,0.2079,2.9726,0.0239,0.0141,-0.0098,41724
30,24,square_waypoints,0.01,0.003,0.0,0.12,left_gain_loss,random_probe,g0.60_1.00_s0.02,0.0200,1.3706,0.4572,6.9534,0.3958,0.4217,6.6345,0.0646,0.0258,-0.0388,41725
30,24,square_waypoints,0.01,0.003,0.0,0.12,left_gain_loss,task_greedy,g0.60_1.00_s0.02,0.0200,1.7196,0.2546,12.4329,1.3190,1.3012,16.4208,0.0509,0.0080,-0.0429,41726
30,24,square_waypoints,0.01,0.003,0.0,0.12,left_gain_loss,fisher_grid,g0.60_1.00_s0.10,0.1000,0.7474,0.5913,16.2000,0.3400,0.3581,3.8048,0.0113,0.1600,0.1487,41727
30,24,square_waypoints,0.01,0.003,0.0,0.12,left_gain_loss,constrained_fisher,g0.60_1.00_s0.02,0.0200,0.2045,0.9631,18.8325,0.1093,0.0980,1.5338,0.0503,0.0110,-0.0393,41728
30,24,square_waypoints,0.01,0.003,0.0,0.12,right_gain_loss,null_probe,g1.00_0.60_s0.02,0.0200,1.0170,0.6868,12.8550,0.0468,0.0966,1.2465,0.0284,0.0059,-0.0224,41729
30,24,square_waypoints,0.01,0.003,0.0,0.12,right_gain_loss,unpaired_null,g1.00_0.60_s0.02,0.0200,1.3422,0.5419,12.8550,0.0555,0.2902,3.6320,0.0311,0.1198,0.0887,41730
30,24,square_waypoints,0.01,0.003,0.0,0.12,right_gain_loss,random_probe,g1.00_0.60_s0.02,0.0200,1.5396,0.4828,8.5819,0.3056,0.4157,5.2849,0.0115,0.0455,0.0340,41731
30,24,square_waypoints,0.01,0.003,0.0,0.12,right_gain_loss,task_greedy,g1.00_0.60_s0.02,0.0200,1.4477,0.3114,12.4694,1.2772,1.2777,16.1379,0.0221,0.1600,0.1379,41732
30,24,square_waypoints,0.01,0.003,0.0,0.12,right_gain_loss,fisher_grid,g1.00_0.60_s0.02,0.0200,0.9178,0.5920,16.2000,0.3636,0.3481,3.4915,0.0856,0.0201,-0.0655,41733
30,24,square_waypoints,0.01,0.003,0.0,0.12,right_gain_loss,constrained_fisher,g1.00_0.60_s0.02,0.0200,0.3219,0.9326,19.1363,0.0970,0.1100,1.7758,0.0261,0.0365,0.0104,41734
30,24,square_waypoints,0.01,0.003,0.0,0.12,symmetric_low_power,null_probe,g0.75_0.75_s0.10,0.1400,1.7235,0.2845,12.8550,0.0257,0.0644,0.7851,0.0484,0.0550,0.0066,41735
30,24,square_waypoints,0.01,0.003,0.0,0.12,symmetric_low_power,unpaired_null,g0.75_0.75_s0.02,0.0600,1.1016,0.5082,12.8550,0.0625,0.2180,2.6653,0.0434,0.0483,0.0049,41736
30,24,square_waypoints,0.01,0.003,0.0,0.12,symmetric_low_power,random_probe,g0.60_0.75_s0.02,0.1500,1.4545,0.5429,6.3585,0.2102,0.1983,2.1313,0.0378,0.0676,0.0297,41737
30,24,square_waypoints,0.01,0.003,0.0,0.12,symmetric_low_power,task_greedy,g0.75_0.75_s0.02,0.0600,2.0763,0.2052,11.7619,1.1957,1.1966,15.0066,0.0418,0.0665,0.0246,41738
30,24,square_waypoints,0.01,0.003,0.0,0.12,symmetric_low_power,fisher_grid,g0.75_0.75_s0.02,0.0600,1.0315,0.6082,16.2000,0.2890,0.2737,3.0029,0.0449,0.0677,0.0228,41739
30,24,square_waypoints,0.01,0.003,0.0,0.12,symmetric_low_power,constrained_fisher,g0.75_0.75_s0.02,0.0600,1.1616,0.5735,19.4400,0.0337,0.0940,1.0875,0.0301,0.0549,0.0248,41740
30,24,square_waypoints,0.01,0.003,0.0,0.12,high_slip,null_probe,g1.00_1.00_s0.20,0.0000,0.2103,0.9602,12.8550,0.2037,0.2690,3.5555,0.1334,0.1334,0.0000,41741
30,24,square_waypoints,0.01,0.003,0.0,0.12,high_slip,unpaired_null,g0.90_1.00_s0.20,0.1000,1.7987,0.2817,12.8550,0.0426,0.3105,3.8235,0.1165,0.1472,0.0307,41742
30,24,square_waypoints,0.01,0.003,0.0,0.12,high_slip,random_probe,g1.00_1.00_s0.20,0.0000,1.2654,0.4386,7.8679,0.4232,0.5663,7.4824,0.2054,0.2054,0.0000,41743
30,24,square_waypoints,0.01,0.003,0.0,0.12,high_slip,task_greedy,g1.00_1.00_s0.02,0.1800,1.7315,0.2754,11.7624,1.7199,1.7132,21.5616,0.0382,0.0382,0.0000,41744
30,24,square_waypoints,0.01,0.003,0.0,0.12,high_slip,fisher_grid,g1.00_1.00_s0.20,0.0000,0.7011,0.7847,16.2000,0.3406,0.3350,3.9174,0.2087,0.2087,0.0000,41745
30,24,square_waypoints,0.01,0.003,0.0,0.12,high_slip,constrained_fisher,g1.00_1.00_s0.20,0.0000,1.3154,0.3780,7.2900,0.1394,0.1824,2.9886,0.1482,0.1482,0.0000,41746
31,24,square_waypoints,0.01,0.003,0.0,0.12,left_gain_loss,null_probe,g0.60_1.00_s0.02,0.0200,1.0805,0.5589,12.8550,0.0695,0.0977,1.4469,0.0355,0.0450,0.0095,42747
31,24,square_waypoints,0.01,0.003,0.0,0.12,left_gain_loss,unpaired_null,g0.60_1.00_s0.02,0.0200,1.5559,0.3620,12.8550,0.0614,0.2029,2.9474,0.0221,0.1026,0.0804,42748
31,24,square_waypoints,0.01,0.003,0.0,0.12,left_gain_loss,random_probe,g0.60_1.00_s0.02,0.0200,1.1715,0.6513,7.0660,0.1267,0.2628,4.0680,0.0187,0.0318,0.0131,42749
31,24,square_waypoints,0.01,0.003,0.0,0.12,left_gain_loss,task_greedy,g0.60_1.00_s0.02,0.0200,1.7029,0.2533,12.4414,1.2829,1.2946,16.4636,0.0212,0.0667,0.0455,42750
31,24,square_waypoints,0.01,0.003,0.0,0.12,left_gain_loss,fisher_grid,g0.60_1.00_s0.02,0.0200,1.3901,0.3419,16.2000,0.3631,0.3550,3.9412,0.0269,0.1324,0.1055,42751
31,24,square_waypoints,0.01,0.003,0.0,0.12,left_gain_loss,constrained_fisher,g0.60_1.00_s0.02,0.0200,0.0649,0.9904,17.3138,0.0840,0.1103,1.9320,0.0311,0.0996,0.0685,42752
31,24,square_waypoints,0.01,0.003,0.0,0.12,right_gain_loss,null_probe,g1.00_0.60_s0.10,0.1000,1.2837,0.5576,12.8550,0.0233,0.0812,1.0119,0.0319,0.1452,0.1133,42753
31,24,square_waypoints,0.01,0.003,0.0,0.12,right_gain_loss,unpaired_null,g0.90_0.60_s0.02,0.1200,1.3281,0.5015,12.8550,0.0362,0.2813,3.4691,0.0121,0.0086,-0.0034,42754
31,24,square_waypoints,0.01,0.003,0.0,0.12,right_gain_loss,random_probe,g1.00_0.60_s0.02,0.0200,0.8187,0.7762,6.5776,0.0897,0.1961,2.8370,0.0411,0.0263,-0.0149,42755
31,24,square_waypoints,0.01,0.003,0.0,0.12,right_gain_loss,task_greedy,g0.90_0.60_s0.20,0.3000,1.8238,0.1816,12.4056,1.2708,1.2689,16.1860,0.0297,0.0835,0.0537,42756
31,24,square_waypoints,0.01,0.003,0.0,0.12,right_gain_loss,fisher_grid,g1.00_0.60_s0.02,0.0200,1.5048,0.4011,16.2000,0.3429,0.3569,3.4248,0.0779,0.0978,0.0199,42757
31,24,square_waypoints,0.01,0.003,0.0,0.12,right_gain_loss,constrained_fisher,g1.00_0.60_s0.02,0.0200,0.5182,0.8838,18.8325,0.0944,0.1081,1.6672,0.0557,0.0994,0.0438,42758
31,24,square_waypoints,0.01,0.003,0.0,0.12,symmetric_low_power,null_probe,g0.75_0.75_s0.10,0.1400,1.7369,0.3096,12.8550,0.0536,0.0737,0.9042,0.0399,0.0554,0.0155,42759
31,24,square_waypoints,0.01,0.003,0.0,0.12,symmetric_low_power,unpaired_null,g0.75_0.75_s0.02,0.0600,0.8294,0.7535,12.8550,0.0071,0.2005,2.3729,0.0274,0.0689,0.0415,42760
31,24,square_waypoints,0.01,0.003,0.0,0.12,symmetric_low_power,random_probe,g0.75_0.75_s0.02,0.0600,1.6185,0.4875,7.3444,0.1375,0.3304,4.8972,0.0288,0.1016,0.0728,42761
31,24,square_waypoints,0.01,0.003,0.0,0.12,symmetric_low_power,task_greedy,g0.75_0.75_s0.02,0.0600,1.2889,0.3225,11.7605,1.2065,1.2150,15.2109,0.0438,0.0531,0.0093,42762
31,24,square_waypoints,0.01,0.003,0.0,0.12,symmetric_low_power,fisher_grid,g0.75_0.75_s0.02,0.0600,0.7937,0.7604,16.2000,0.2737,0.2665,2.8446,0.0315,0.0589,0.0275,42763
31,24,square_waypoints,0.01,0.003,0.0,0.12,symmetric_low_power,constrained_fisher,g0.75_0.60_s0.02,0.1500,0.9972,0.5044,19.4400,0.0276,0.0863,1.1338,0.0417,0.0582,0.0165,42764
31,24,square_waypoints,0.01,0.003,0.0,0.12,high_slip,null_probe,g1.00_1.00_s0.20,0.0000,0.7380,0.7855,12.8550,0.1126,0.1729,1.8150,0.0592,0.0592,0.0000,42765
31,24,square_waypoints,0.01,0.003,0.0,0.12,high_slip,unpaired_null,g1.00_1.00_s0.20,0.0000,0.6439,0.7518,12.8550,0.0878,0.3239,4.3214,0.1424,0.1424,0.0000,42766
31,24,square_waypoints,0.01,0.003,0.0,0.12,high_slip,random_probe,g1.00_1.00_s0.20,0.0000,0.9170,0.6765,5.8389,0.0551,0.2521,3.6106,0.2342,0.2342,0.0000,42767
31,24,square_waypoints,0.01,0.003,0.0,0.12,high_slip,task_greedy,g1.00_1.00_s0.02,0.1800,1.3718,0.3141,11.7617,1.7226,1.7033,21.2830,0.0650,0.0650,0.0000,42768
31,24,square_waypoints,0.01,0.003,0.0,0.12,high_slip,fisher_grid,g1.00_1.00_s0.20,0.0000,0.3522,0.8988,16.2000,0.3866,0.3625,3.6954,0.1208,0.1208,0.0000,42769
31,24,square_waypoints,0.01,0.003,0.0,0.12,high_slip,constrained_fisher,g1.00_1.00_s0.20,0.0000,0.6684,0.7573,13.3650,0.1215,0.1282,2.6583,0.1800,0.1800,0.0000,42770
32,24,square_waypoints,0.01,0.003,0.0,0.12,left_gain_loss,null_probe,g0.60_1.00_s0.02,0.0200,0.7542,0.7687,12.8550,0.0870,0.1322,1.7438,0.0896,0.0102,-0.0794,43771
32,24,square_waypoints,0.01,0.003,0.0,0.12,left_gain_loss,unpaired_null,g0.60_1.00_s0.02,0.0200,0.8210,0.7355,12.8550,0.1288,0.1921,2.7695,0.0603,0.0067,-0.0536,43772
32,24,square_waypoints,0.01,0.003,0.0,0.12,left_gain_loss,random_probe,g0.60_1.00_s0.10,0.1000,1.8905,0.3699,6.3997,0.0799,0.3268,3.2430,0.0570,0.0269,-0.0300,43773
32,24,square_waypoints,0.01,0.003,0.0,0.12,left_gain_loss,task_greedy,g0.60_1.00_s0.02,0.0200,1.8135,0.1731,12.4495,1.2744,1.2742,16.2279,0.0156,0.0176,0.0020,43774
32,24,square_waypoints,0.01,0.003,0.0,0.12,left_gain_loss,fisher_grid,g0.60_1.00_s0.02,0.0200,0.7604,0.6415,16.2000,0.3511,0.3427,3.6657,0.0453,0.0279,-0.0174,43775
32,24,square_waypoints,0.01,0.003,0.0,0.12,left_gain_loss,constrained_fisher,g0.60_1.00_s0.02,0.0200,0.0462,0.9933,18.8325,0.0936,0.1111,1.8831,0.0113,0.0248,0.0135,43776
32,24,square_waypoints,0.01,0.003,0.0,0.12,right_gain_loss,null_probe,g1.00_0.60_s0.02,0.0200,1.2256,0.5226,12.8550,0.0286,0.1079,1.2414,0.0174,0.0088,-0.0086,43777
32,24,square_waypoints,0.01,0.003,0.0,0.12,right_gain_loss,unpaired_null,g1.00_0.75_s0.02,0.1300,1.3645,0.4015,12.8550,0.0339,0.2971,3.6954,0.0613,0.0428,-0.0186,43778
32,24,square_waypoints,0.01,0.003,0.0,0.12,right_gain_loss,random_probe,g1.00_0.60_s0.02,0.0200,1.2765,0.5858,5.8401,0.2305,0.2776,4.5064,0.0452,0.0620,0.0168,43779
32,24,square_waypoints,0.01,0.003,0.0,0.12,right_gain_loss,task_greedy,g1.00_0.60_s0.02,0.0200,1.8092,0.1802,12.4285,1.2746,1.2592,15.9392,0.0976,0.0336,-0.0639,43780
32,24,square_waypoints,0.01,0.003,0.0,0.12,right_gain_loss,fisher_grid,g1.00_0.60_s0.02,0.0200,0.9226,0.6271,16.2000,0.3611,0.3682,3.5953,0.0816,0.1176,0.0360,43781
32,24,square_waypoints,0.01,0.003,0.0,0.12,right_gain_loss,constrained_fisher,g1.00_0.60_s0.02,0.0200,0.4678,0.8912,17.0100,0.0907,0.1249,1.9132,0.0219,0.0181,-0.0038,43782
32,24,square_waypoints,0.01,0.003,0.0,0.12,symmetric_low_power,null_probe,g0.75_0.75_s0.02,0.0600,0.9838,0.6438,12.8550,0.0004,0.0709,0.8416,0.0456,0.0893,0.0437,43783
32,24,square_waypoints,0.01,0.003,0.0,0.12,symmetric_low_power,unpaired_null,g0.75_0.75_s0.02,0.0600,1.6116,0.3549,12.8550,0.0233,0.2029,2.3879,0.0483,0.0414,-0.0069,43784
32,24,square_waypoints,0.01,0.003,0.0,0.12,symmetric_low_power,random_probe,g0.75_0.75_s0.02,0.0600,2.1251,0.2374,6.9888,0.1986,0.1904,2.7338,0.0633,0.0620,-0.0013,43785
32,24,square_waypoints,0.01,0.003,0.0,0.12,symmetric_low_power,task_greedy,g0.75_0.75_s0.20,0.2400,1.8904,0.2251,11.7617,1.2496,1.2134,15.1045,0.0214,0.0787,0.0573,43786
32,24,square_waypoints,0.01,0.003,0.0,0.12,symmetric_low_power,fisher_grid,g0.75_0.75_s0.02,0.0600,0.8449,0.7274,16.2000,0.2858,0.2650,2.7770,0.0322,0.0423,0.0101,43787
32,24,square_waypoints,0.01,0.003,0.0,0.12,symmetric_low_power,constrained_fisher,g0.75_0.75_s0.02,0.0600,0.4099,0.8912,19.4400,0.0367,0.1012,1.3278,0.0283,0.0684,0.0402,43788
32,24,square_waypoints,0.01,0.003,0.0,0.12,high_slip,null_probe,g1.00_1.00_s0.20,0.0000,0.0546,0.9910,12.8550,0.1917,0.2896,4.0788,0.1831,0.1831,0.0000,43789
32,24,square_waypoints,0.01,0.003,0.0,0.12,high_slip,unpaired_null,g1.00_1.00_s0.20,0.0000,0.6724,0.7580,12.8550,0.1174,0.2767,3.5827,0.0156,0.0156,0.0000,43790
32,24,square_waypoints,0.01,0.003,0.0,0.12,high_slip,random_probe,g0.90_1.00_s0.20,0.1000,2.3079,0.2299,5.4802,0.0575,0.1854,2.3865,0.2553,0.1957,-0.0597,43791
32,24,square_waypoints,0.01,0.003,0.0,0.12,high_slip,task_greedy,g1.00_1.00_s0.20,0.0000,2.1915,0.1907,11.7610,1.6972,1.6773,21.0762,0.0450,0.0450,0.0000,43792
32,24,square_waypoints,0.01,0.003,0.0,0.12,high_slip,fisher_grid,g1.00_1.00_s0.20,0.0000,0.6831,0.7474,16.2000,0.4072,0.4035,5.1059,0.1200,0.1200,0.0000,43793
32,24,square_waypoints,0.01,0.003,0.0,0.12,high_slip,constrained_fisher,g1.00_1.00_s0.20,0.0000,0.5641,0.7612,17.2125,0.1018,0.1774,2.3640,0.1327,0.1327,0.0000,43794
33,24,square_waypoints,0.01,0.003,0.0,0.12,left_gain_loss,null_probe,g0.60_1.00_s0.02,0.0200,0.7545,0.7812,12.8550,0.0481,0.1172,1.6196,0.0138,0.0215,0.0076,44795
33,24,square_waypoints,0.01,0.003,0.0,0.12,left_gain_loss,unpaired_null,g0.60_1.00_s0.02,0.0200,1.2571,0.4723,12.8550,0.0871,0.1766,2.5019,0.0422,0.0230,-0.0192,44796
33,24,square_waypoints,0.01,0.003,0.0,0.12,left_gain_loss,random_probe,g0.60_1.00_s0.10,0.1000,2.3986,0.1725,5.6766,0.3414,0.3458,5.2901,0.0205,0.0685,0.0480,44797
33,24,square_waypoints,0.01,0.003,0.0,0.12,left_gain_loss,task_greedy,g0.60_1.00_s0.02,0.0200,1.5920,0.2899,12.4234,1.2763,1.2903,16.3387,0.0122,0.0278,0.0156,44798
33,24,square_waypoints,0.01,0.003,0.0,0.12,left_gain_loss,fisher_grid,g0.60_1.00_s0.02,0.0200,0.8515,0.5370,16.2000,0.3756,0.3620,3.8106,0.0566,0.1310,0.0744,44799
33,24,square_waypoints,0.01,0.003,0.0,0.12,left_gain_loss,constrained_fisher,g0.60_1.00_s0.02,0.0200,0.7886,0.6914,18.1238,0.0978,0.1118,1.8966,0.0130,0.1542,0.1412,44800
33,24,square_waypoints,0.01,0.003,0.0,0.12,right_gain_loss,null_probe,g1.00_0.60_s0.02,0.0200,1.1503,0.5589,12.8550,0.0645,0.0856,1.1953,0.0811,0.0318,-0.0493,44801
33,24,square_waypoints,0.01,0.003,0.0,0.12,right_gain_loss,unpaired_null,g1.00_0.60_s0.02,0.0200,1.1169,0.6337,12.8550,0.0727,0.3036,3.9040,0.0635,0.0104,-0.0530,44802
33,24,square_waypoints,0.01,0.003,0.0,0.12,right_gain_loss,random_probe,g1.00_0.60_s0.10,0.1000,1.7736,0.3090,6.2299,0.4140,0.4240,4.5704,0.0297,0.0498,0.0201,44803
33,24,square_waypoints,0.01,0.003,0.0,0.12,right_gain_loss,task_greedy,g1.00_0.60_s0.20,0.2000,1.7040,0.2533,12.4188,1.2782,1.2689,16.1532,0.0602,0.0193,-0.0409,44804
33,24,square_waypoints,0.01,0.003,0.0,0.12,right_gain_loss,fisher_grid,g1.00_0.60_s0.02,0.0200,1.1827,0.4462,16.2000,0.3696,0.3354,3.3755,0.0138,0.0110,-0.0028,44805
33,24,square_waypoints,0.01,0.003,0.0,0.12,right_gain_loss,constrained_fisher,g0.90_0.75_s0.02,0.2300,1.1147,0.6165,18.8325,0.1270,0.1042,1.5310,0.0181,0.1679,0.1498,44806
33,24,square_waypoints,0.01,0.003,0.0,0.12,symmetric_low_power,null_probe,g0.75_0.75_s0.02,0.0600,1.7425,0.4263,12.8550,0.0141,0.0786,0.9150,0.0659,0.0960,0.0301,44807
33,24,square_waypoints,0.01,0.003,0.0,0.12,symmetric_low_power,unpaired_null,g0.75_0.75_s0.02,0.0600,1.0285,0.5827,12.8550,0.0265,0.2188,2.6664,0.0579,0.0586,0.0006,44808
33,24,square_waypoints,0.01,0.003,0.0,0.12,symmetric_low_power,random_probe,g0.75_0.75_s0.02,0.0600,2.1323,0.2428,6.9924,0.1316,0.1684,2.5422,0.0412,0.0772,0.0360,44809
33,24,square_waypoints,0.01,0.003,0.0,0.12,symmetric_low_power,task_greedy,g0.75_0.75_s0.20,0.2400,1.8138,0.2644,11.7616,1.2021,1.2067,15.0889,0.0319,0.0917,0.0598,44810
33,24,square_waypoints,0.01,0.003,0.0,0.12,symmetric_low_power,fisher_grid,g0.75_0.75_s0.02,0.0600,0.4378,0.8939,16.2000,0.2504,0.2553,2.7272,0.0336,0.0682,0.0346,44811
33,24,square_waypoints,0.01,0.003,0.0,0.12,symmetric_low_power,constrained_fisher,g0.75_0.75_s0.02,0.0600,0.0774,0.9875,19.4400,0.0272,0.0864,1.0985,0.0560,0.0838,0.0278,44812
33,24,square_waypoints,0.01,0.003,0.0,0.12,high_slip,null_probe,g1.00_1.00_s0.20,0.0000,0.3532,0.9220,12.8550,0.0456,0.1547,1.5550,0.1192,0.1192,0.0000,44813
33,24,square_waypoints,0.01,0.003,0.0,0.12,high_slip,unpaired_null,g1.00_1.00_s0.20,0.0000,0.5304,0.8572,12.8550,0.1432,0.3199,4.2480,0.1925,0.1925,0.0000,44814
33,24,square_waypoints,0.01,0.003,0.0,0.12,high_slip,random_probe,g1.00_0.90_s0.20,0.1000,1.4112,0.3720,6.0689,0.0439,0.3115,3.5787,0.1077,0.0981,-0.0096,44815
33,24,square_waypoints,0.01,0.003,0.0,0.12,high_slip,task_greedy,g1.00_1.00_s0.02,0.1800,1.2176,0.3275,11.7622,1.6749,1.6757,20.7574,0.0485,0.0485,0.0000,44816
33,24,square_waypoints,0.01,0.003,0.0,0.12,high_slip,fisher_grid,g1.00_1.00_s0.20,0.0000,0.3599,0.8983,16.2000,0.3912,0.4059,3.9813,0.1034,0.1034,0.0000,44817
33,24,square_waypoints,0.01,0.003,0.0,0.12,high_slip,constrained_fisher,g0.90_0.90_s0.20,0.2000,1.7535,0.3555,16.4025,0.1014,0.1248,2.6440,0.1610,0.1701,0.0091,44818
34,24,square_waypoints,0.01,0.003,0.0,0.12,left_gain_loss,null_probe,g0.60_1.00_s0.02,0.0200,1.3166,0.4891,12.8550,0.0507,0.1033,1.2674,0.0103,0.0268,0.0164,45819
34,24,square_waypoints,0.01,0.003,0.0,0.12,left_gain_loss,unpaired_null,g0.60_1.00_s0.02,0.0200,0.7326,0.7687,12.8550,0.0494,0.1790,2.5693,0.0832,0.0637,-0.0194,45820
34,24,square_waypoints,0.01,0.003,0.0,0.12,left_gain_loss,random_probe,g0.60_1.00_s0.02,0.0200,1.0937,0.6296,5.7620,0.2308,0.2501,3.2216,0.0452,0.0298,-0.0154,45821
34,24,square_waypoints,0.01,0.003,0.0,0.12,left_gain_loss,task_greedy,g0.60_1.00_s0.02,0.0200,1.6401,0.2734,12.4610,1.3199,1.3052,16.5343,0.0175,0.0687,0.0512,45822
34,24,square_waypoints,0.01,0.003,0.0,0.12,left_gain_loss,fisher_grid,g0.60_1.00_s0.02,0.0200,1.5401,0.4209,16.2000,0.3637,0.3620,3.8675,0.0319,0.0253,-0.0066,45823
34,24,square_waypoints,0.01,0.003,0.0,0.12,left_gain_loss,constrained_fisher,g0.60_1.00_s0.02,0.0200,0.7265,0.8073,17.5163,0.0911,0.1241,1.9362,0.0171,0.0994,0.0823,45824
34,24,square_waypoints,0.01,0.003,0.0,0.12,right_gain_loss,null_probe,g1.00_0.60_s0.10,0.1000,1.2733,0.6036,12.8550,0.0765,0.1197,1.5449,0.0215,0.1465,0.1250,45825
34,24,square_waypoints,0.01,0.003,0.0,0.12,right_gain_loss,unpaired_null,g1.00_0.60_s0.02,0.0200,1.3865,0.4435,12.8550,0.0619,0.2876,3.6648,0.0193,0.0311,0.0117,45826
34,24,square_waypoints,0.01,0.003,0.0,0.12,right_gain_loss,random_probe,g1.00_0.75_s0.02,0.1300,2.0560,0.2687,6.9329,0.2227,0.2357,2.3069,0.0712,0.0276,-0.0436,45827
34,24,square_waypoints,0.01,0.003,0.0,0.12,right_gain_loss,task_greedy,g1.00_0.60_s0.02,0.0200,1.7904,0.2016,12.4239,1.2541,1.2706,16.1327,0.0906,0.0116,-0.0790,45828
34,24,square_waypoints,0.01,0.003,0.0,0.12,right_gain_loss,fisher_grid,g1.00_0.60_s0.10,0.1000,0.7284,0.6336,16.2000,0.3559,0.3493,3.4893,0.0152,0.0196,0.0044,45829
34,24,square_waypoints,0.01,0.003,0.0,0.12,right_gain_loss,constrained_fisher,g1.00_0.60_s0.02,0.0200,1.0412,0.5195,17.9213,0.1018,0.1105,1.8305,0.0255,0.0024,-0.0232,45830
34,24,square_waypoints,0.01,0.003,0.0,0.12,symmetric_low_power,null_probe,g0.75_0.75_s0.10,0.1400,1.3902,0.4882,12.8550,0.0248,0.0819,1.0067,0.0536,0.0880,0.0344,45831
34,24,square_waypoints,0.01,0.003,0.0,0.12,symmetric_low_power,unpaired_null,g0.75_0.75_s0.02,0.0600,1.0065,0.5933,12.8550,0.0345,0.1933,2.2812,0.0244,0.0382,0.0139,45832
34,24,square_waypoints,0.01,0.003,0.0,0.12,symmetric_low_power,random_probe,g0.75_0.75_s0.02,0.0600,1.8049,0.3776,6.8359,0.1327,0.1855,2.7641,0.0201,0.0757,0.0556,45833
34,24,square_waypoints,0.01,0.003,0.0,0.12,symmetric_low_power,task_greedy,g0.75_0.75_s0.02,0.0600,1.3581,0.3168,11.7618,1.2255,1.2054,14.8805,0.0742,0.0618,-0.0124,45834
34,24,square_waypoints,0.01,0.003,0.0,0.12,symmetric_low_power,fisher_grid,g0.75_0.75_s0.02,0.0600,1.0121,0.6271,16.2000,0.2368,0.2547,2.7305,0.0399,0.0587,0.0188,45835
34,24,square_waypoints,0.01,0.003,0.0,0.12,symmetric_low_power,constrained_fisher,g0.75_0.75_s0.02,0.0600,0.3855,0.8948,19.4400,0.0271,0.0858,1.0874,0.0581,0.0324,-0.0256,45836
34,24,square_waypoints,0.01,0.003,0.0,0.12,high_slip,null_probe,g1.00_1.00_s0.20,0.0000,1.2656,0.4423,12.8550,0.0717,0.1672,1.7669,0.2541,0.2541,0.0000,45837
34,24,square_waypoints,0.01,0.003,0.0,0.12,high_slip,unpaired_null,g1.00_1.00_s0.20,0.0000,1.1260,0.6148,12.8550,0.0319,0.2842,3.3741,0.1420,0.1420,0.0000,45838
34,24,square_waypoints,0.01,0.003,0.0,0.12,high_slip,random_probe,g1.00_1.00_s0.20,0.0000,0.8437,0.7353,6.7458,0.2709,0.2859,4.0299,0.1846,0.1846,0.0000,45839
34,24,square_waypoints,0.01,0.003,0.0,0.12,high_slip,task_greedy,g1.00_1.00_s0.02,0.1800,1.7431,0.2616,11.7617,1.7029,1.6849,20.9745,0.1229,0.1229,0.0000,45840
34,24,square_waypoints,0.01,0.003,0.0,0.12,high_slip,fisher_grid,g1.00_1.00_s0.10,0.1000,1.1616,0.4500,16.2000,0.3984,0.3721,4.1833,0.0448,0.0448,0.0000,45841
34,24,square_waypoints,0.01,0.003,0.0,0.12,high_slip,constrained_fisher,g1.00_1.00_s0.20,0.0000,0.7063,0.7788,8.1000,0.1211,0.1588,2.7016,0.1039,0.1039,0.0000,45842
35,24,square_waypoints,0.01,0.003,0.0,0.12,left_gain_loss,null_probe,g0.60_1.00_s0.02,0.0200,1.1299,0.5819,12.8550,0.0743,0.1032,1.2616,0.0435,0.0109,-0.0326,46843
35,24,square_waypoints,0.01,0.003,0.0,0.12,left_gain_loss,unpaired_null,g0.60_1.00_s0.02,0.0200,0.9075,0.7095,12.8550,0.0346,0.1841,2.5212,0.0233,0.0623,0.0390,46844
35,24,square_waypoints,0.01,0.003,0.0,0.12,left_gain_loss,random_probe,g0.60_1.00_s0.02,0.0200,1.0062,0.6851,8.6171,0.2536,0.3113,4.7550,0.0546,0.0311,-0.0236,46845
35,24,square_waypoints,0.01,0.003,0.0,0.12,left_gain_loss,task_greedy,g0.60_0.90_s0.02,0.1200,1.8140,0.1763,12.4028,1.3127,1.3008,16.5920,0.0334,0.0279,-0.0056,46846
35,24,square_waypoints,0.01,0.003,0.0,0.12,left_gain_loss,fisher_grid,g0.60_1.00_s0.02,0.0200,0.7337,0.7693,16.2000,0.3397,0.3582,3.8038,0.0790,0.1172,0.0382,46847
35,24,square_waypoints,0.01,0.003,0.0,0.12,left_gain_loss,constrained_fisher,g0.60_1.00_s0.02,0.0200,0.5175,0.8781,16.6050,0.1287,0.1149,1.9990,0.0304,0.0273,-0.0031,46848
35,24,square_waypoints,0.01,0.003,0.0,0.12,right_gain_loss,null_probe,g1.00_0.60_s0.10,0.1000,1.5899,0.3495,12.8550,0.0878,0.1104,1.4956,0.0050,0.0177,0.0127,46849
35,24,square_waypoints,0.01,0.003,0.0,0.12,right_gain_loss,unpaired_null,g1.00_0.60_s0.02,0.0200,0.9189,0.7020,12.8550,0.0697,0.2909,3.5994,0.0317,0.0811,0.0495,46850
35,24,square_waypoints,0.01,0.003,0.0,0.12,right_gain_loss,random_probe,g1.00_0.60_s0.02,0.0200,1.1732,0.6137,7.0847,0.1508,0.1770,2.2416,0.0554,0.0188,-0.0365,46851
35,24,square_waypoints,0.01,0.003,0.0,0.12,right_gain_loss,task_greedy,g0.90_0.60_s0.20,0.3000,1.8068,0.2118,12.4190,1.2727,1.2780,16.2790,0.0673,0.0226,-0.0447,46852
35,24,square_waypoints,0.01,0.003,0.0,0.12,right_gain_loss,fisher_grid,g1.00_0.60_s0.02,0.0200,0.5405,0.8648,16.2000,0.3144,0.3513,3.4448,0.0363,0.1342,0.0978,46853
35,24,square_waypoints,0.01,0.003,0.0,0.12,right_gain_loss,constrained_fisher,g1.00_0.60_s0.02,0.0200,0.1278,0.9789,18.5288,0.0633,0.1088,1.6008,0.0245,0.0509,0.0263,46854
35,24,square_waypoints,0.01,0.003,0.0,0.12,symmetric_low_power,null_probe,g0.75_0.75_s0.02,0.0600,0.8075,0.6829,12.8550,0.0230,0.0708,0.9715,0.0294,0.0684,0.0390,46855
35,24,square_waypoints,0.01,0.003,0.0,0.12,symmetric_low_power,unpaired_null,g0.75_0.75_s0.10,0.1400,1.0737,0.4990,12.8550,0.0196,0.2059,2.4295,0.0147,0.0500,0.0352,46856
35,24,square_waypoints,0.01,0.003,0.0,0.12,symmetric_low_power,random_probe,g0.75_0.75_s0.02,0.0600,1.5454,0.5283,6.7339,0.1952,0.2045,2.6816,0.0368,0.0325,-0.0043,46857
35,24,square_waypoints,0.01,0.003,0.0,0.12,symmetric_low_power,task_greedy,g0.75_0.75_s0.20,0.2400,1.5028,0.3004,11.7608,1.2093,1.2110,15.1845,0.0579,0.0597,0.0018,46858
35,24,square_waypoints,0.01,0.003,0.0,0.12,symmetric_low_power,fisher_grid,g0.75_0.75_s0.02,0.0600,0.6308,0.8315,16.2000,0.2727,0.2620,2.6380,0.0016,0.0406,0.0389,46859
35,24,square_waypoints,0.01,0.003,0.0,0.12,symmetric_low_power,constrained_fisher,g0.75_0.75_s0.02,0.0600,0.9979,0.7126,19.1363,0.0690,0.0968,1.1622,0.0552,0.0944,0.0392,46860
35,24,square_waypoints,0.01,0.003,0.0,0.12,high_slip,null_probe,g1.00_1.00_s0.20,0.0000,0.8057,0.7894,12.8550,0.2208,0.2290,2.5511,0.0740,0.0740,0.0000,46861
35,24,square_waypoints,0.01,0.003,0.0,0.12,high_slip,unpaired_null,g1.00_1.00_s0.20,0.0000,0.8305,0.7820,12.8550,0.1371,0.3527,4.4544,0.1025,0.1025,0.0000,46862
35,24,square_waypoints,0.01,0.003,0.0,0.12,high_slip,random_probe,g0.90_1.00_s0.20,0.1000,2.0708,0.1703,6.9714,0.3309,0.3700,4.7082,0.1191,0.1342,0.0152,46863
35,24,square_waypoints,0.01,0.003,0.0,0.12,high_slip,task_greedy,g1.00_1.00_s0.20,0.0000,2.1531,0.2116,11.7653,1.6859,1.6845,20.9867,0.0570,0.0570,0.0000,46864
35,24,square_waypoints,0.01,0.003,0.0,0.12,high_slip,fisher_grid,g1.00_1.00_s0.20,0.0000,0.1897,0.9623,16.2000,0.4743,0.4874,6.5738,0.0981,0.0981,0.0000,46865
35,24,square_waypoints,0.01,0.003,0.0,0.12,high_slip,constrained_fisher,g1.00_1.00_s0.20,0.0000,1.0944,0.4618,15.7950,0.1249,0.1377,2.5827,0.0754,0.0754,0.0000,46866
36,24,square_waypoints,0.01,0.003,0.0,0.12,left_gain_loss,null_probe,g0.60_1.00_s0.02,0.0200,1.4120,0.4155,12.8550,0.0587,0.1055,1.3166,0.0419,0.1588,0.1169,47867
36,24,square_waypoints,0.01,0.003,0.0,0.12,left_gain_loss,unpaired_null,g0.75_1.00_s0.10,0.2100,1.4087,0.5182,12.8550,0.0600,0.1869,2.6139,0.0804,0.1114,0.0310,47868
36,24,square_waypoints,0.01,0.003,0.0,0.12,left_gain_loss,random_probe,g0.60_1.00_s0.10,0.1000,2.0751,0.2447,5.9238,0.2544,0.3605,5.3275,0.0749,0.0445,-0.0304,47869
36,24,square_waypoints,0.01,0.003,0.0,0.12,left_gain_loss,task_greedy,g0.60_1.00_s0.20,0.2000,1.5890,0.3475,12.4402,1.3274,1.3044,16.4637,0.0120,0.0255,0.0135,47870
36,24,square_waypoints,0.01,0.003,0.0,0.12,left_gain_loss,fisher_grid,g0.60_1.00_s0.02,0.0200,0.7796,0.7486,16.2000,0.3187,0.3300,3.4327,0.0223,0.1721,0.1498,47871
36,24,square_waypoints,0.01,0.003,0.0,0.12,left_gain_loss,constrained_fisher,g0.60_1.00_s0.02,0.0200,0.3549,0.9229,19.1363,0.0674,0.1122,1.5862,0.0331,0.0191,-0.0140,47872
36,24,square_waypoints,0.01,0.003,0.0,0.12,right_gain_loss,null_probe,g1.00_0.60_s0.02,0.0200,0.9435,0.7139,12.8550,0.0745,0.1038,1.3869,0.0371,0.0301,-0.0069,47873
36,24,square_waypoints,0.01,0.003,0.0,0.12,right_gain_loss,unpaired_null,g1.00_0.60_s0.02,0.0200,1.2691,0.5028,12.8550,0.0190,0.2794,3.4264,0.0813,0.0149,-0.0664,47874
36,24,square_waypoints,0.01,0.003,0.0,0.12,right_gain_loss,random_probe,g1.00_0.60_s0.02,0.0200,1.5747,0.4338,6.8133,0.2227,0.2936,4.1246,0.0104,0.1587,0.1483,47875
36,24,square_waypoints,0.01,0.003,0.0,0.12,right_gain_loss,task_greedy,g1.00_0.60_s0.02,0.0200,1.7612,0.2382,12.4413,1.2798,1.2924,16.4140,0.0256,0.0627,0.0371,47876
36,24,square_waypoints,0.01,0.003,0.0,0.12,right_gain_loss,fisher_grid,g1.00_0.60_s0.02,0.0200,0.3931,0.8757,16.2000,0.3524,0.3566,3.3154,0.0391,0.1701,0.1311,47877
36,24,square_waypoints,0.01,0.003,0.0,0.12,right_gain_loss,constrained_fisher,g1.00_0.60_s0.02,0.0200,0.0922,0.9855,18.5288,0.0491,0.1188,1.7166,0.0594,0.1219,0.0626,47878
36,24,square_waypoints,0.01,0.003,0.0,0.12,symmetric_low_power,null_probe,g0.75_0.75_s0.02,0.0600,1.0605,0.5304,12.8550,0.0173,0.0699,0.8204,0.0435,0.0436,0.0000,47879
36,24,square_waypoints,0.01,0.003,0.0,0.12,symmetric_low_power,unpaired_null,g0.75_0.75_s0.02,0.0600,1.3528,0.5112,12.8550,0.0095,0.2077,2.5661,0.0508,0.0886,0.0378,47880
36,24,square_waypoints,0.01,0.003,0.0,0.12,symmetric_low_power,random_probe,g0.90_0.75_s0.02,0.2100,1.6462,0.4542,6.2361,0.1326,0.1962,2.6220,0.0290,0.0376,0.0087,47881
36,24,square_waypoints,0.01,0.003,0.0,0.12,symmetric_low_power,task_greedy,g0.75_0.75_s0.02,0.0600,1.3190,0.3200,11.7615,1.2117,1.2016,15.0456,0.0599,0.0905,0.0307,47882
36,24,square_waypoints,0.01,0.003,0.0,0.12,symmetric_low_power,fisher_grid,g0.75_0.75_s0.02,0.0600,0.5907,0.8393,16.2000,0.2486,0.2418,2.4695,0.0565,0.0701,0.0136,47883
36,24,square_waypoints,0.01,0.003,0.0,0.12,symmetric_low_power,constrained_fisher,g0.75_0.75_s0.02,0.0600,1.0009,0.5416,19.4400,0.0258,0.0773,1.0317,0.0319,0.0762,0.0443,47884
36,24,square_waypoints,0.01,0.003,0.0,0.12,high_slip,null_probe,g1.00_1.00_s0.20,0.0000,0.4854,0.8546,12.8550,0.2169,0.2666,3.1460,0.1061,0.1061,0.0000,47885
36,24,square_waypoints,0.01,0.003,0.0,0.12,high_slip,unpaired_null,g1.00_1.00_s0.10,0.1000,1.3376,0.6047,12.8550,0.0553,0.2896,3.7279,0.1727,0.1727,0.0000,47886
36,24,square_waypoints,0.01,0.003,0.0,0.12,high_slip,random_probe,g0.90_1.00_s0.20,0.1000,1.2475,0.4653,6.2743,0.5626,0.5706,8.1386,0.2627,0.1455,-0.1173,47887
36,24,square_waypoints,0.01,0.003,0.0,0.12,high_slip,task_greedy,g1.00_1.00_s0.02,0.1800,2.1632,0.2088,11.7612,1.6881,1.6762,20.8635,0.1465,0.1465,0.0000,47888
36,24,square_waypoints,0.01,0.003,0.0,0.12,high_slip,fisher_grid,g1.00_1.00_s0.20,0.0000,0.2916,0.9223,16.2000,0.3208,0.3093,3.3940,0.0838,0.0838,0.0000,47889
36,24,square_waypoints,0.01,0.003,0.0,0.12,high_slip,constrained_fisher,g1.00_1.00_s0.10,0.1000,0.7082,0.6461,15.5925,0.0923,0.1531,2.4625,0.1411,0.1411,0.0000,47890
37,24,square_waypoints,0.01,0.003,0.0,0.12,left_gain_loss,null_probe,g0.60_1.00_s0.02,0.0200,1.2543,0.5121,12.8550,0.0805,0.1147,1.6156,0.0105,0.0209,0.0104,48891
37,24,square_waypoints,0.01,0.003,0.0,0.12,left_gain_loss,unpaired_null,g0.60_1.00_s0.02,0.0200,0.7865,0.7191,12.8550,0.0928,0.1919,2.8371,0.0562,0.0264,-0.0298,48892
37,24,square_waypoints,0.01,0.003,0.0,0.12,left_gain_loss,random_probe,g0.75_1.00_s0.02,0.1300,1.2253,0.6105,6.4082,0.1103,0.1919,2.1402,0.0694,0.1280,0.0586,48893
37,24,square_waypoints,0.01,0.003,0.0,0.12,left_gain_loss,task_greedy,g0.60_0.90_s0.02,0.1200,1.7771,0.2350,12.4377,1.2488,1.2763,16.1732,0.0760,0.0239,-0.0521,48894
37,24,square_waypoints,0.01,0.003,0.0,0.12,left_gain_loss,fisher_grid,g0.60_1.00_s0.02,0.0200,0.8259,0.6910,16.2000,0.3411,0.3375,3.4618,0.0560,0.1502,0.0942,48895
37,24,square_waypoints,0.01,0.003,0.0,0.12,left_gain_loss,constrained_fisher,g0.60_1.00_s0.02,0.0200,0.0537,0.9920,16.4025,0.1083,0.1238,1.9689,0.0519,0.1636,0.1117,48896
37,24,square_waypoints,0.01,0.003,0.0,0.12,right_gain_loss,null_probe,g1.00_0.60_s0.02,0.0200,1.0978,0.5698,12.8550,0.0645,0.0987,1.3437,0.0166,0.0307,0.0141,48897
37,24,square_waypoints,0.01,0.003,0.0,0.12,right_gain_loss,unpaired_null,g1.00_0.60_s0.10,0.1000,1.4901,0.4580,12.8550,0.0249,0.2861,3.5307,0.0899,0.0234,-0.0664,48898
37,24,square_waypoints,0.01,0.003,0.0,0.12,right_gain_loss,random_probe,g1.00_0.60_s0.02,0.0200,1.7820,0.3830,7.2778,0.1674,0.2244,3.0285,0.1510,0.1321,-0.0189,48899
37,24,square_waypoints,0.01,0.003,0.0,0.12,right_gain_loss,task_greedy,g1.00_0.60_s0.02,0.0200,1.5744,0.2870,12.4141,1.2894,1.2761,16.2133,0.0354,0.0101,-0.0253,48900
37,24,square_waypoints,0.01,0.003,0.0,0.12,right_gain_loss,fisher_grid,g1.00_0.60_s0.10,0.1000,0.9571,0.6805,16.2000,0.3573,0.3703,3.6260,0.0707,0.0389,-0.0319,48901
37,24,square_waypoints,0.01,0.003,0.0,0.12,right_gain_loss,constrained_fisher,g1.00_0.60_s0.02,0.0200,0.2382,0.9528,18.8325,0.1256,0.1084,1.6508,0.0694,0.0930,0.0236,48902
37,24,square_waypoints,0.01,0.003,0.0,0.12,symmetric_low_power,null_probe,g0.75_0.75_s0.02,0.0600,0.8763,0.6727,12.8550,0.0458,0.0797,0.9626,0.0479,0.0381,-0.0098,48903
37,24,square_waypoints,0.01,0.003,0.0,0.12,symmetric_low_power,unpaired_null,g0.75_0.75_s0.02,0.0600,0.9167,0.6177,12.8550,0.0312,0.2115,2.5439,0.0331,0.0430,0.0099,48904
37,24,square_waypoints,0.01,0.003,0.0,0.12,symmetric_low_power,random_probe,g0.75_0.75_s0.10,0.1400,1.8996,0.3657,7.3515,0.0371,0.1769,2.1093,0.0238,0.0430,0.0191,48905
37,24,square_waypoints,0.01,0.003,0.0,0.12,symmetric_low_power,task_greedy,g0.75_0.75_s0.02,0.0600,1.9555,0.2384,11.7617,1.1927,1.2132,15.1422,0.0406,0.0446,0.0040,48906
37,24,square_waypoints,0.01,0.003,0.0,0.12,symmetric_low_power,fisher_grid,g0.75_0.75_s0.02,0.0600,0.7006,0.6762,16.2000,0.2397,0.2359,2.4536,0.0334,0.0734,0.0400,48907
37,24,square_waypoints,0.01,0.003,0.0,0.12,symmetric_low_power,constrained_fisher,g0.75_0.75_s0.02,0.0600,0.7577,0.5209,19.4400,0.0258,0.0886,1.1241,0.0550,0.0313,-0.0238,48908
37,24,square_waypoints,0.01,0.003,0.0,0.12,high_slip,null_probe,g1.00_1.00_s0.20,0.0000,0.4523,0.8927,12.8550,0.1685,0.2123,2.3312,0.0426,0.0426,0.0000,48909
37,24,square_waypoints,0.01,0.003,0.0,0.12,high_slip,unpaired_null,g1.00_1.00_s0.20,0.0000,1.7132,0.2697,12.8550,0.1611,0.2841,3.4542,0.0395,0.0395,0.0000,48910
37,24,square_waypoints,0.01,0.003,0.0,0.12,high_slip,random_probe,g1.00_1.00_s0.20,0.0000,1.1076,0.6522,6.4095,0.2278,0.3759,5.7504,0.1212,0.1212,0.0000,48911
37,24,square_waypoints,0.01,0.003,0.0,0.12,high_slip,task_greedy,g0.90_0.90_s0.02,0.3800,2.3742,0.1370,11.7615,1.6773,1.6876,20.9326,0.0532,0.0645,0.0112,48912
37,24,square_waypoints,0.01,0.003,0.0,0.12,high_slip,fisher_grid,g1.00_1.00_s0.20,0.0000,0.5399,0.8516,16.2000,0.4122,0.4102,4.7594,0.1914,0.1914,0.0000,48913
37,24,square_waypoints,0.01,0.003,0.0,0.12,high_slip,constrained_fisher,g1.00_1.00_s0.20,0.0000,1.4282,0.4950,19.1363,0.0687,0.1352,2.0464,0.0505,0.0505,0.0000,48914
38,24,square_waypoints,0.01,0.003,0.0,0.12,left_gain_loss,null_probe,g0.60_1.00_s0.10,0.1000,1.0064,0.4628,12.8550,0.0913,0.1106,1.5215,0.0187,0.0459,0.0272,49915
38,24,square_waypoints,0.01,0.003,0.0,0.12,left_gain_loss,unpaired_null,g0.60_1.00_s0.02,0.0200,1.1335,0.5228,12.8550,0.0583,0.1932,2.6907,0.0596,0.0532,-0.0064,49916
38,24,square_waypoints,0.01,0.003,0.0,0.12,left_gain_loss,random_probe,g0.60_0.90_s0.02,0.1200,2.0678,0.2150,4.4968,0.3962,0.3882,3.3110,0.0452,0.0410,-0.0042,49917
38,24,square_waypoints,0.01,0.003,0.0,0.12,left_gain_loss,task_greedy,g0.60_1.00_s0.02,0.0200,1.8323,0.2057,12.4012,1.2825,1.2883,16.5982,0.0122,0.0155,0.0034,49918
38,24,square_waypoints,0.01,0.003,0.0,0.12,left_gain_loss,fisher_grid,g0.60_1.00_s0.02,0.0200,0.8231,0.7165,16.2000,0.3633,0.3635,3.8368,0.1242,0.0399,-0.0843,49919
38,24,square_waypoints,0.01,0.003,0.0,0.12,left_gain_loss,constrained_fisher,g0.60_1.00_s0.02,0.0200,0.4041,0.8931,18.2250,0.1106,0.1106,1.8690,0.0168,0.0151,-0.0017,49920
38,24,square_waypoints,0.01,0.003,0.0,0.12,right_gain_loss,null_probe,g1.00_0.60_s0.10,0.1000,1.2369,0.5474,12.8550,0.0515,0.1055,1.3520,0.0880,0.0184,-0.0696,49921
38,24,square_waypoints,0.01,0.003,0.0,0.12,right_gain_loss,unpaired_null,g1.00_0.60_s0.02,0.0200,1.0439,0.6532,12.8550,0.0698,0.3084,4.0716,0.0648,0.0209,-0.0439,49922
38,24,square_waypoints,0.01,0.003,0.0,0.12,right_gain_loss,random_probe,g1.00_0.60_s0.10,0.1000,2.0113,0.2491,6.6490,0.2924,0.2838,4.7954,0.0299,0.0471,0.0172,49923
38,24,square_waypoints,0.01,0.003,0.0,0.12,right_gain_loss,task_greedy,g1.00_0.60_s0.02,0.0200,1.7898,0.2026,12.4182,1.2715,1.2976,16.6016,0.0182,0.1632,0.1450,49924
38,24,square_waypoints,0.01,0.003,0.0,0.12,right_gain_loss,fisher_grid,g1.00_0.60_s0.02,0.0200,0.8839,0.6571,16.2000,0.3234,0.3452,3.2751,0.0376,0.0326,-0.0051,49925
38,24,square_waypoints,0.01,0.003,0.0,0.12,right_gain_loss,constrained_fisher,g1.00_0.60_s0.02,0.0200,0.3530,0.9128,17.9213,0.0936,0.1065,1.8954,0.0954,0.0272,-0.0681,49926
38,24,square_waypoints,0.01,0.003,0.0,0.12,symmetric_low_power,null_probe,g0.75_0.75_s0.02,0.0600,0.5895,0.8180,12.8550,0.0488,0.0804,1.0383,0.0410,0.0691,0.0281,49927
38,24,square_waypoints,0.01,0.003,0.0,0.12,symmetric_low_power,unpaired_null,g0.75_0.75_s0.02,0.0600,1.2361,0.6445,12.8550,0.0540,0.1946,2.1955,0.0365,0.0396,0.0031,49928
38,24,square_waypoints,0.01,0.003,0.0,0.12,symmetric_low_power,random_probe,g0.75_0.75_s0.02,0.0600,2.0826,0.3066,6.1019,0.3675,0.3936,5.0368,0.0279,0.0471,0.0192,49929
38,24,square_waypoints,0.01,0.003,0.0,0.12,symmetric_low_power,task_greedy,g0.60_0.60_s0.20,0.4200,2.1642,0.1640,11.7613,1.1801,1.1965,14.8269,0.0261,0.0729,0.0467,49930
38,24,square_waypoints,0.01,0.003,0.0,0.12,symmetric_low_power,fisher_grid,g0.75_0.75_s0.02,0.0600,0.4913,0.8587,16.2000,0.2497,0.2562,2.6331,0.0179,0.0709,0.0530,49931
38,24,square_waypoints,0.01,0.003,0.0,0.12,symmetric_low_power,constrained_fisher,g0.60_0.75_s0.02,0.1500,0.8183,0.4907,19.1363,0.0536,0.0927,1.3270,0.0285,0.0316,0.0031,49932
38,24,square_waypoints,0.01,0.003,0.0,0.12,high_slip,null_probe,g1.00_1.00_s0.20,0.0000,1.0014,0.7076,12.8550,0.0745,0.1146,1.3748,0.0784,0.0784,0.0000,49933
38,24,square_waypoints,0.01,0.003,0.0,0.12,high_slip,unpaired_null,g1.00_1.00_s0.20,0.0000,0.6709,0.8137,12.8550,0.0794,0.2907,3.8713,0.1523,0.1523,0.0000,49934
38,24,square_waypoints,0.01,0.003,0.0,0.12,high_slip,random_probe,g1.00_1.00_s0.20,0.0000,0.9342,0.6924,6.6933,0.1638,0.3466,4.7667,0.0697,0.0697,0.0000,49935
38,24,square_waypoints,0.01,0.003,0.0,0.12,high_slip,task_greedy,g1.00_1.00_s0.02,0.1800,2.2633,0.1591,11.7621,1.7067,1.6891,21.2823,0.2188,0.2188,0.0000,49936
38,24,square_waypoints,0.01,0.003,0.0,0.12,high_slip,fisher_grid,g1.00_1.00_s0.20,0.0000,1.3877,0.5305,16.2000,0.3599,0.3732,4.0789,0.0370,0.0370,0.0000,49937
38,24,square_waypoints,0.01,0.003,0.0,0.12,high_slip,constrained_fisher,g1.00_1.00_s0.20,0.0000,0.7809,0.7555,6.8850,0.1514,0.1591,3.2793,0.1331,0.1331,0.0000,49938
39,24,square_waypoints,0.01,0.003,0.0,0.12,left_gain_loss,null_probe,g0.60_1.00_s0.02,0.0200,1.0134,0.6906,12.8550,0.0443,0.0984,1.1688,0.0093,0.0267,0.0174,50939
39,24,square_waypoints,0.01,0.003,0.0,0.12,left_gain_loss,unpaired_null,g0.60_1.00_s0.02,0.0200,1.2380,0.4703,12.8550,0.0970,0.2079,2.9341,0.0847,0.0160,-0.0687,50940
39,24,square_waypoints,0.01,0.003,0.0,0.12,left_gain_loss,random_probe,g0.60_0.90_s0.02,0.1200,1.5427,0.3729,7.2684,0.3604,0.3703,5.9593,0.0373,0.0790,0.0417,50941
39,24,square_waypoints,0.01,0.003,0.0,0.12,left_gain_loss,task_greedy,g0.60_1.00_s0.10,0.1000,1.4217,0.3025,12.4400,1.2924,1.2968,16.4971,0.0470,0.0313,-0.0157,50942
39,24,square_waypoints,0.01,0.003,0.0,0.12,left_gain_loss,fisher_grid,g0.60_1.00_s0.02,0.0200,0.8624,0.7460,16.2000,0.3757,0.3640,3.9337,0.0154,0.0214,0.0059,50943
39,24,square_waypoints,0.01,0.003,0.0,0.12,left_gain_loss,constrained_fisher,g0.60_1.00_s0.02,0.0200,0.2305,0.9452,18.5288,0.0728,0.1076,1.6933,0.1118,0.0044,-0.1074,50944
39,24,square_waypoints,0.01,0.003,0.0,0.12,right_gain_loss,null_probe,g1.00_0.60_s0.02,0.0200,0.8971,0.6693,12.8550,0.0637,0.1316,1.5559,0.0805,0.0163,-0.0643,50945
39,24,square_waypoints,0.01,0.003,0.0,0.12,right_gain_loss,unpaired_null,g1.00_0.60_s0.02,0.0200,1.5462,0.4577,12.8550,0.0435,0.2929,3.6256,0.0579,0.0307,-0.0272,50946
39,24,square_waypoints,0.01,0.003,0.0,0.12,right_gain_loss,random_probe,g1.00_0.60_s0.02,0.0200,1.4266,0.4961,5.9723,0.2430,0.3257,4.3533,0.0847,0.1531,0.0684,50947
39,24,square_waypoints,0.01,0.003,0.0,0.12,right_gain_loss,task_greedy,g1.00_0.60_s0.02,0.0200,1.7032,0.2468,12.4514,1.2700,1.2862,16.3642,0.0079,0.0146,0.0067,50948
39,24,square_waypoints,0.01,0.003,0.0,0.12,right_gain_loss,fisher_grid,g1.00_0.60_s0.02,0.0200,0.2336,0.9511,16.2000,0.3830,0.3604,3.5962,0.1129,0.1480,0.0351,50949
39,24,square_waypoints,0.01,0.003,0.0,0.12,right_gain_loss,constrained_fisher,g1.00_0.60_s0.02,0.0200,1.0117,0.7101,15.8963,0.1036,0.1161,2.0677,0.0186,0.0382,0.0196,50950
39,24,square_waypoints,0.01,0.003,0.0,0.12,symmetric_low_power,null_probe,g0.75_0.75_s0.02,0.0600,0.6891,0.7783,12.8550,0.0675,0.1000,1.2488,0.0497,0.0959,0.0462,50951
39,24,square_waypoints,0.01,0.003,0.0,0.12,symmetric_low_power,unpaired_null,g0.75_0.75_s0.02,0.0600,1.5304,0.4636,12.8550,0.0197,0.2084,2.6436,0.0408,0.0551,0.0144,50952
39,24,square_waypoints,0.01,0.003,0.0,0.12,symmetric_low_power,random_probe,g0.75_0.90_s0.02,0.2100,2.2851,0.2141,6.7330,0.4195,0.4401,6.0022,0.0488,0.0853,0.0365,50953
39,24,square_waypoints,0.01,0.003,0.0,0.12,symmetric_low_power,task_greedy,g0.75_0.75_s0.20,0.2400,1.7851,0.2640,11.7613,1.2047,1.2062,15.2577,0.0469,0.0296,-0.0172,50954
39,24,square_waypoints,0.01,0.003,0.0,0.12,symmetric_low_power,fisher_grid,g0.75_0.75_s0.02,0.0600,0.5517,0.8502,16.2000,0.2545,0.2525,2.6427,0.0411,0.0424,0.0012,50955
39,24,square_waypoints,0.01,0.003,0.0,0.12,symmetric_low_power,constrained_fisher,g0.60_0.90_s0.02,0.3000,1.1620,0.3908,19.1363,0.0511,0.1013,1.2283,0.0668,0.0779,0.0111,50956
39,24,square_waypoints,0.01,0.003,0.0,0.12,high_slip,null_probe,g1.00_1.00_s0.20,0.0000,0.6703,0.8177,12.8550,0.0873,0.1565,2.1588,0.1118,0.1118,0.0000,50957
39,24,square_waypoints,0.01,0.003,0.0,0.12,high_slip,unpaired_null,g1.00_1.00_s0.20,0.0000,0.5308,0.8288,12.8550,0.0878,0.3156,3.9192,0.2231,0.2231,0.0000,50958
39,24,square_waypoints,0.01,0.003,0.0,0.12,high_slip,random_probe,g1.00_1.00_s0.20,0.0000,0.8527,0.6877,6.2479,0.2427,0.2999,4.4611,0.0117,0.0117,0.0000,50959
39,24,square_waypoints,0.01,0.003,0.0,0.12,high_slip,task_greedy,g1.00_1.00_s0.02,0.1800,1.3944,0.3120,11.7616,1.6666,1.6824,21.1800,0.0932,0.0932,0.0000,50960
39,24,square_waypoints,0.01,0.003,0.0,0.12,high_slip,fisher_grid,g1.00_1.00_s0.20,0.0000,0.9315,0.6132,16.2000,0.3428,0.3221,3.5519,0.1770,0.1770,0.0000,50961
39,24,square_waypoints,0.01,0.003,0.0,0.12,high_slip,constrained_fisher,g1.00_1.00_s0.20,0.0000,1.4976,0.5153,16.4025,0.1092,0.1627,2.5560,0.1293,0.1293,0.0000,50962
40,24,square_waypoints,0.01,0.003,0.0,0.12,left_gain_loss,null_probe,g0.60_1.00_s0.02,0.0200,1.3596,0.4552,12.8550,0.0497,0.1187,1.5800,0.0605,0.0400,-0.0205,51963
40,24,square_waypoints,0.01,0.003,0.0,0.12,left_gain_loss,unpaired_null,g0.60_1.00_s0.02,0.0200,0.6558,0.7256,12.8550,0.1457,0.1995,3.1648,0.0198,0.1370,0.1172,51964
40,24,square_waypoints,0.01,0.003,0.0,0.12,left_gain_loss,random_probe,g0.75_1.00_s0.10,0.2100,2.0731,0.2959,6.4513,0.2841,0.2952,3.5602,0.0922,0.0127,-0.0795,51965
40,24,square_waypoints,0.01,0.003,0.0,0.12,left_gain_loss,task_greedy,g0.60_1.00_s0.02,0.0200,1.8421,0.1923,12.4176,1.2769,1.2981,16.4644,0.0359,0.0167,-0.0192,51966
40,24,square_waypoints,0.01,0.003,0.0,0.12,left_gain_loss,fisher_grid,g0.60_1.00_s0.02,0.0200,0.7046,0.7272,16.2000,0.3311,0.3367,3.4984,0.0065,0.0063,-0.0002,51967
40,24,square_waypoints,0.01,0.003,0.0,0.12,left_gain_loss,constrained_fisher,g0.60_1.00_s0.02,0.0200,0.3929,0.8783,19.1363,0.0934,0.1021,1.6083,0.0308,0.0187,-0.0121,51968
40,24,square_waypoints,0.01,0.003,0.0,0.12,right_gain_loss,null_probe,g1.00_0.60_s0.10,0.1000,1.0416,0.6604,12.8550,0.0450,0.0951,1.4812,0.0108,0.1913,0.1805,51969
40,24,square_waypoints,0.01,0.003,0.0,0.12,right_gain_loss,unpaired_null,g1.00_0.60_s0.02,0.0200,1.2476,0.5260,12.8550,0.0724,0.2878,3.6352,0.0422,0.1753,0.1331,51970
40,24,square_waypoints,0.01,0.003,0.0,0.12,right_gain_loss,random_probe,g1.00_0.75_s0.02,0.1300,1.6438,0.3703,6.3171,0.1609,0.1642,2.0792,0.0141,0.0241,0.0100,51971
40,24,square_waypoints,0.01,0.003,0.0,0.12,right_gain_loss,task_greedy,g1.00_0.60_s0.20,0.2000,1.8116,0.1790,12.4559,1.3171,1.3013,16.5140,0.0152,0.0193,0.0041,51972
40,24,square_waypoints,0.01,0.003,0.0,0.12,right_gain_loss,fisher_grid,g1.00_0.60_s0.02,0.0200,0.8083,0.7870,16.2000,0.3779,0.3636,3.7086,0.0590,0.0586,-0.0004,51973
40,24,square_waypoints,0.01,0.003,0.0,0.12,right_gain_loss,constrained_fisher,g1.00_0.60_s0.02,0.0200,0.2076,0.9624,19.1363,0.0406,0.1049,1.4990,0.0641,0.1085,0.0444,51974
40,24,square_waypoints,0.01,0.003,0.0,0.12,symmetric_low_power,null_probe,g0.75_0.75_s0.02,0.0600,0.9922,0.5493,12.8550,0.0132,0.0649,0.8020,0.0405,0.0819,0.0414,51975
40,24,square_waypoints,0.01,0.003,0.0,0.12,symmetric_low_power,unpaired_null,g0.75_0.75_s0.02,0.0600,1.4454,0.4707,12.8550,0.0287,0.2096,2.4848,0.0530,0.0195,-0.0335,51976
40,24,square_waypoints,0.01,0.003,0.0,0.12,symmetric_low_power,random_probe,g0.60_0.75_s0.10,0.2300,2.0160,0.3436,6.3668,0.2833,0.3493,4.4405,0.0074,0.0632,0.0558,51977
40,24,square_waypoints,0.01,0.003,0.0,0.12,symmetric_low_power,task_greedy,g0.75_0.75_s0.02,0.0600,1.3626,0.3162,11.7617,1.2358,1.2228,15.3441,0.0317,0.0382,0.0065,51978
40,24,square_waypoints,0.01,0.003,0.0,0.12,symmetric_low_power,fisher_grid,g0.75_0.75_s0.02,0.0600,1.0857,0.6180,16.2000,0.2789,0.2809,2.7921,0.0321,0.0566,0.0246,51979
40,24,square_waypoints,0.01,0.003,0.0,0.12,symmetric_low_power,constrained_fisher,g0.75_0.75_s0.02,0.0600,0.7897,0.7054,19.4400,0.0091,0.0814,1.0995,0.0385,0.0550,0.0165,51980
40,24,square_waypoints,0.01,0.003,0.0,0.12,high_slip,null_probe,g1.00_1.00_s0.20,0.0000,0.9245,0.7300,12.8550,0.1585,0.2092,3.3095,0.0428,0.0428,0.0000,51981
40,24,square_waypoints,0.01,0.003,0.0,0.12,high_slip,unpaired_null,g1.00_1.00_s0.20,0.0000,0.7530,0.8071,12.8550,0.0340,0.2841,3.6698,0.0648,0.0648,0.0000,51982
40,24,square_waypoints,0.01,0.003,0.0,0.12,high_slip,random_probe,g1.00_1.00_s0.20,0.0000,0.9195,0.6773,6.7092,0.3355,0.3388,4.6563,0.2571,0.2571,0.0000,51983
40,24,square_waypoints,0.01,0.003,0.0,0.12,high_slip,task_greedy,g1.00_1.00_s0.20,0.0000,1.2314,0.3272,11.7617,1.6869,1.6694,20.8245,0.1058,0.1058,0.0000,51984
40,24,square_waypoints,0.01,0.003,0.0,0.12,high_slip,fisher_grid,g1.00_1.00_s0.20,0.0000,0.9401,0.6556,16.2000,0.4282,0.4080,5.2752,0.1465,0.1465,0.0000,51985
40,24,square_waypoints,0.01,0.003,0.0,0.12,high_slip,constrained_fisher,g1.00_1.00_s0.20,0.0000,1.3708,0.5559,6.0750,0.1509,0.1581,3.3797,0.0879,0.0879,0.0000,51986
41,24,square_waypoints,0.01,0.003,0.0,0.12,left_gain_loss,null_probe,g0.60_0.90_s0.02,0.1200,1.2035,0.4833,12.8550,0.0499,0.1052,1.3941,0.0566,0.0237,-0.0330,52987
41,24,square_waypoints,0.01,0.003,0.0,0.12,left_gain_loss,unpaired_null,g0.60_1.00_s0.02,0.0200,0.9077,0.5677,12.8550,0.0716,0.1862,2.6618,0.0198,0.1745,0.1547,52988
41,24,square_waypoints,0.01,0.003,0.0,0.12,left_gain_loss,random_probe,g0.60_1.00_s0.02,0.0200,1.4019,0.5295,6.0483,0.0644,0.2521,3.1039,0.0649,0.1161,0.0513,52989
41,24,square_waypoints,0.01,0.003,0.0,0.12,left_gain_loss,task_greedy,g0.60_0.90_s0.20,0.3000,1.8083,0.2044,12.4306,1.3096,1.2977,16.4791,0.0789,0.0826,0.0037,52990
41,24,square_waypoints,0.01,0.003,0.0,0.12,left_gain_loss,fisher_grid,g0.60_1.00_s0.02,0.0200,1.0550,0.6174,16.2000,0.3348,0.3425,3.7761,0.0578,0.0126,-0.0452,52991
41,24,square_waypoints,0.01,0.003,0.0,0.12,left_gain_loss,constrained_fisher,g0.60_1.00_s0.02,0.0200,0.5724,0.8542,16.8075,0.0903,0.1239,2.1060,0.0324,0.0275,-0.0049,52992
41,24,square_waypoints,0.01,0.003,0.0,0.12,right_gain_loss,null_probe,g1.00_0.60_s0.02,0.0200,0.5375,0.8554,12.8550,0.0681,0.1012,1.2788,0.0132,0.0176,0.0045,52993
41,24,square_waypoints,0.01,0.003,0.0,0.12,right_gain_loss,unpaired_null,g1.00_0.60_s0.10,0.1000,1.2451,0.5478,12.8550,0.0591,0.2854,3.5552,0.0926,0.0982,0.0057,52994
41,24,square_waypoints,0.01,0.003,0.0,0.12,right_gain_loss,random_probe,g1.00_0.60_s0.02,0.0200,2.2572,0.1680,6.2615,0.2167,0.3481,4.8080,0.0762,0.0151,-0.0611,52995
41,24,square_waypoints,0.01,0.003,0.0,0.12,right_gain_loss,task_greedy,g1.00_0.60_s0.02,0.0200,1.7979,0.1991,12.4592,1.2949,1.2938,16.5124,0.0180,0.0305,0.0125,52996
41,24,square_waypoints,0.01,0.003,0.0,0.12,right_gain_loss,fisher_grid,g1.00_0.60_s0.02,0.0200,1.0064,0.4782,16.2000,0.3417,0.3525,3.5773,0.0206,0.0187,-0.0019,52997
41,24,square_waypoints,0.01,0.003,0.0,0.12,right_gain_loss,constrained_fisher,g1.00_0.60_s0.02,0.0200,0.7499,0.6554,16.4025,0.1226,0.1242,2.0099,0.0800,0.0100,-0.0700,52998
41,24,square_waypoints,0.01,0.003,0.0,0.12,symmetric_low_power,null_probe,g0.75_0.75_s0.02,0.0600,1.1344,0.6141,12.8550,0.0515,0.0693,0.8614,0.0393,0.1149,0.0756,52999
41,24,square_waypoints,0.01,0.003,0.0,0.12,symmetric_low_power,unpaired_null,g0.75_0.75_s0.10,0.1400,1.3870,0.4616,12.8550,0.0489,0.2244,2.8323,0.0295,0.0479,0.0184,53000
41,24,square_waypoints,0.01,0.003,0.0,0.12,symmetric_low_power,random_probe,g0.60_0.75_s0.02,0.1500,2.1250,0.2511,7.2677,0.1835,0.1771,2.7138,0.0372,0.0345,-0.0027,53001
41,24,square_waypoints,0.01,0.003,0.0,0.12,symmetric_low_power,task_greedy,g0.75_0.75_s0.20,0.2400,1.8920,0.2495,11.7618,1.1816,1.1995,15.0221,0.0324,0.0489,0.0165,53002
41,24,square_waypoints,0.01,0.003,0.0,0.12,symmetric_low_power,fisher_grid,g0.75_0.75_s0.02,0.0600,1.2394,0.4458,16.2000,0.2742,0.2838,3.0959,0.0445,0.0726,0.0281,53003
41,24,square_waypoints,0.01,0.003,0.0,0.12,symmetric_low_power,constrained_fisher,g0.75_0.75_s0.02,0.0600,0.2414,0.9503,19.4400,0.0598,0.0945,1.2196,0.0437,0.0392,-0.0046,53004
41,24,square_waypoints,0.01,0.003,0.0,0.12,high_slip,null_probe,g1.00_1.00_s0.20,0.0000,0.1662,0.9671,12.8550,0.1629,0.1782,2.1439,0.2122,0.2122,0.0000,53005
41,24,square_waypoints,0.01,0.003,0.0,0.12,high_slip,unpaired_null,g1.00_1.00_s0.20,0.0000,0.4425,0.8538,12.8550,0.0735,0.2765,3.3918,0.2052,0.2052,0.0000,53006
41,24,square_waypoints,0.01,0.003,0.0,0.12,high_slip,random_probe,g1.00_1.00_s0.20,0.0000,0.9634,0.6806,6.3067,0.3917,0.3871,5.4278,0.0246,0.0246,0.0000,53007
41,24,square_waypoints,0.01,0.003,0.0,0.12,high_slip,task_greedy,g1.00_1.00_s0.20,0.0000,1.7138,0.2724,11.7615,1.6725,1.6771,21.0594,0.0267,0.0267,0.0000,53008
41,24,square_waypoints,0.01,0.003,0.0,0.12,high_slip,fisher_grid,g1.00_1.00_s0.20,0.0000,0.7302,0.5673,16.2000,0.3806,0.4070,4.5111,0.1314,0.1314,0.0000,53009
41,24,square_waypoints,0.01,0.003,0.0,0.12,high_slip,constrained_fisher,g1.00_1.00_s0.20,0.0000,0.3691,0.9068,17.8200,0.1084,0.1715,2.1220,0.0876,0.0876,0.0000,53010
42,24,square_waypoints,0.01,0.003,0.0,0.12,left_gain_loss,null_probe,g0.60_0.90_s0.02,0.1200,1.4694,0.3564,12.8550,0.0179,0.0969,1.2574,0.0851,0.0807,-0.0044,54011
42,24,square_waypoints,0.01,0.003,0.0,0.12,left_gain_loss,unpaired_null,g0.60_1.00_s0.02,0.0200,1.0774,0.6422,12.8550,0.0559,0.1788,2.5852,0.0437,0.1408,0.0971,54012
42,24,square_waypoints,0.01,0.003,0.0,0.12,left_gain_loss,random_probe,g0.60_1.00_s0.02,0.0200,1.7499,0.3863,6.4736,0.0816,0.1677,2.2348,0.0793,0.1379,0.0586,54013
42,24,square_waypoints,0.01,0.003,0.0,0.12,left_gain_loss,task_greedy,g0.60_1.00_s0.02,0.0200,1.7682,0.2146,12.4783,1.2739,1.2803,16.3483,0.0743,0.0058,-0.0685,54014
42,24,square_waypoints,0.01,0.003,0.0,0.12,left_gain_loss,fisher_grid,g0.60_1.00_s0.02,0.0200,0.9012,0.5950,16.2000,0.3727,0.3591,3.7192,0.0173,0.1132,0.0959,54015
42,24,square_waypoints,0.01,0.003,0.0,0.12,left_gain_loss,constrained_fisher,g0.60_1.00_s0.02,0.0200,0.4695,0.8750,19.1363,0.0882,0.1120,1.6761,0.0243,0.1790,0.1547,54016
42,24,square_waypoints,0.01,0.003,0.0,0.12,right_gain_loss,null_probe,g1.00_0.60_s0.02,0.0200,1.1996,0.4879,12.8550,0.0189,0.1099,1.2317,0.0643,0.0242,-0.0401,54017
42,24,square_waypoints,0.01,0.003,0.0,0.12,right_gain_loss,unpaired_null,g1.00_0.60_s0.02,0.0200,1.1565,0.5369,12.8550,0.0529,0.2755,3.4325,0.0290,0.0086,-0.0204,54018
42,24,square_waypoints,0.01,0.003,0.0,0.12,right_gain_loss,random_probe,g0.90_0.60_s0.10,0.2000,1.8655,0.2811,7.6485,0.1593,0.3357,4.8084,0.0126,0.0256,0.0130,54019
42,24,square_waypoints,0.01,0.003,0.0,0.12,right_gain_loss,task_greedy,g0.90_0.60_s0.20,0.3000,1.8065,0.2117,12.4219,1.3195,1.3002,16.6388,0.0823,0.0956,0.0133,54020
42,24,square_waypoints,0.01,0.003,0.0,0.12,right_gain_loss,fisher_grid,g1.00_0.60_s0.02,0.0200,0.4924,0.8686,16.2000,0.3618,0.3471,3.4764,0.0601,0.1148,0.0546,54021
42,24,square_waypoints,0.01,0.003,0.0,0.12,right_gain_loss,constrained_fisher,g0.90_0.60_s0.02,0.1200,1.0883,0.4143,19.1363,0.0838,0.1031,1.4764,0.0340,0.0276,-0.0064,54022
42,24,square_waypoints,0.01,0.003,0.0,0.12,symmetric_low_power,null_probe,g0.75_0.75_s0.02,0.0600,1.4841,0.4895,12.8550,0.0285,0.0755,0.9010,0.0524,0.0704,0.0180,54023
42,24,square_waypoints,0.01,0.003,0.0,0.12,symmetric_low_power,unpaired_null,g0.75_0.75_s0.02,0.0600,1.5336,0.4180,12.8550,0.0650,0.2208,2.7812,0.0213,0.0320,0.0107,54024
42,24,square_waypoints,0.01,0.003,0.0,0.12,symmetric_low_power,random_probe,g0.75_0.75_s0.10,0.1400,2.3163,0.2516,6.5693,0.3353,0.3402,5.1363,0.0569,0.0298,-0.0271,54025
42,24,square_waypoints,0.01,0.003,0.0,0.12,symmetric_low_power,task_greedy,g0.75_0.75_s0.20,0.2400,1.3003,0.3220,11.7613,1.1825,1.1885,14.9052,0.0195,0.0445,0.0250,54026
42,24,square_waypoints,0.01,0.003,0.0,0.12,symmetric_low_power,fisher_grid,g0.75_0.75_s0.02,0.0600,1.1636,0.5861,16.2000,0.2572,0.2604,2.7912,0.0269,0.0400,0.0131,54027
42,24,square_waypoints,0.01,0.003,0.0,0.12,symmetric_low_power,constrained_fisher,g0.75_0.75_s0.02,0.0600,0.4663,0.8495,19.4400,0.0228,0.0754,0.9922,0.0429,0.0631,0.0203,54028
42,24,square_waypoints,0.01,0.003,0.0,0.12,high_slip,null_probe,g1.00_1.00_s0.20,0.0000,0.5346,0.8634,12.8550,0.0771,0.1600,1.8190,0.0760,0.0760,0.0000,54029
42,24,square_waypoints,0.01,0.003,0.0,0.12,high_slip,unpaired_null,g1.00_1.00_s0.20,0.0000,0.5945,0.8404,12.8550,0.1305,0.3067,3.8241,0.0576,0.0576,0.0000,54030
42,24,square_waypoints,0.01,0.003,0.0,0.12,high_slip,random_probe,g1.00_1.00_s0.20,0.0000,1.2765,0.4369,6.1495,0.3752,0.5085,7.5583,0.1940,0.1940,0.0000,54031
42,24,square_waypoints,0.01,0.003,0.0,0.12,high_slip,task_greedy,g1.00_1.00_s0.02,0.1800,1.8153,0.2665,11.7619,1.6968,1.6936,21.1889,0.0935,0.0935,0.0000,54032
42,24,square_waypoints,0.01,0.003,0.0,0.12,high_slip,fisher_grid,g1.00_1.00_s0.20,0.0000,0.2416,0.9514,16.2000,0.4043,0.3925,5.8642,0.0937,0.0937,0.0000,54033
42,24,square_waypoints,0.01,0.003,0.0,0.12,high_slip,constrained_fisher,g1.00_1.00_s0.10,0.1000,1.8854,0.3008,14.7825,0.1064,0.1500,2.5854,0.1544,0.1544,0.0000,54034
43,24,square_waypoints,0.01,0.003,0.0,0.12,left_gain_loss,null_probe,g0.60_1.00_s0.02,0.0200,1.6478,0.3657,12.8550,0.0972,0.1126,1.4343,0.0115,0.0182,0.0068,55035
43,24,square_waypoints,0.01,0.003,0.0,0.12,left_gain_loss,unpaired_null,g0.75_1.00_s0.02,0.1300,1.3329,0.3906,12.8550,0.0200,0.1805,2.4944,0.1573,0.0528,-0.1044,55036
43,24,square_waypoints,0.01,0.003,0.0,0.12,left_gain_loss,random_probe,g0.75_0.90_s0.02,0.2300,2.2558,0.2497,4.5170,0.0402,0.1918,2.0279,0.1493,0.0668,-0.0825,55037
43,24,square_waypoints,0.01,0.003,0.0,0.12,left_gain_loss,task_greedy,g0.60_1.00_s0.02,0.0200,1.7252,0.2348,12.4395,1.3106,1.2894,16.3391,0.0278,0.0221,-0.0057,55038
43,24,square_waypoints,0.01,0.003,0.0,0.12,left_gain_loss,fisher_grid,g0.60_1.00_s0.02,0.0200,0.8691,0.5970,16.2000,0.3677,0.3649,3.8299,0.0342,0.1251,0.0909,55039
43,24,square_waypoints,0.01,0.003,0.0,0.12,left_gain_loss,constrained_fisher,g0.60_1.00_s0.02,0.0200,0.4850,0.8684,18.2250,0.1211,0.1140,1.7367,0.0421,0.1306,0.0886,55040
43,24,square_waypoints,0.01,0.003,0.0,0.12,right_gain_loss,null_probe,g1.00_0.60_s0.02,0.0200,1.5277,0.4955,12.8550,0.0532,0.0913,1.1955,0.0217,0.2131,0.1913,55041
43,24,square_waypoints,0.01,0.003,0.0,0.12,right_gain_loss,unpaired_null,g1.00_0.60_s0.02,0.0200,1.2061,0.6305,12.8550,0.0327,0.2726,3.3407,0.0187,0.0246,0.0059,55042
43,24,square_waypoints,0.01,0.003,0.0,0.12,right_gain_loss,random_probe,g1.00_0.60_s0.02,0.0200,1.1801,0.5443,6.4042,0.1569,0.1426,1.7412,0.0264,0.0326,0.0062,55043
43,24,square_waypoints,0.01,0.003,0.0,0.12,right_gain_loss,task_greedy,g1.00_0.60_s0.02,0.0200,1.6789,0.2613,12.4376,1.3375,1.3167,16.7592,0.0292,0.0870,0.0578,55044
43,24,square_waypoints,0.01,0.003,0.0,0.12,right_gain_loss,fisher_grid,g1.00_0.60_s0.02,0.0200,0.4842,0.8697,16.2000,0.3737,0.3621,3.6170,0.0260,0.0175,-0.0085,55045
43,24,square_waypoints,0.01,0.003,0.0,0.12,right_gain_loss,constrained_fisher,g1.00_0.60_s0.02,0.0200,0.8134,0.5682,19.1363,0.0900,0.1074,1.4011,0.0298,0.0090,-0.0208,55046
43,24,square_waypoints,0.01,0.003,0.0,0.12,symmetric_low_power,null_probe,g0.75_0.75_s0.02,0.0600,1.3762,0.4958,12.8550,0.0135,0.0794,0.9617,0.0254,0.0653,0.0399,55047
43,24,square_waypoints,0.01,0.003,0.0,0.12,symmetric_low_power,unpaired_null,g0.75_0.75_s0.10,0.1400,1.3942,0.4338,12.8550,0.0077,0.2108,2.5803,0.0401,0.0207,-0.0194,55048
43,24,square_waypoints,0.01,0.003,0.0,0.12,symmetric_low_power,random_probe,g0.75_0.75_s0.02,0.0600,2.0253,0.3714,5.2504,0.2256,0.2236,3.2056,0.0383,0.0500,0.0117,55049
43,24,square_waypoints,0.01,0.003,0.0,0.12,symmetric_low_power,task_greedy,g0.75_0.75_s0.02,0.0600,1.2639,0.3247,11.7616,1.2127,1.2123,15.3315,0.0480,0.0260,-0.0219,55050
43,24,square_waypoints,0.01,0.003,0.0,0.12,symmetric_low_power,fisher_grid,g0.75_0.75_s0.10,0.1400,0.8075,0.5360,16.2000,0.2820,0.2814,3.0406,0.0566,0.0829,0.0264,55051
43,24,square_waypoints,0.01,0.003,0.0,0.12,symmetric_low_power,constrained_fisher,g0.75_0.75_s0.02,0.0600,0.2743,0.9463,19.4400,0.0177,0.0800,0.9738,0.0254,0.0338,0.0083,55052
43,24,square_waypoints,0.01,0.003,0.0,0.12,high_slip,null_probe,g1.00_1.00_s0.20,0.0000,0.8717,0.7278,12.8550,0.0958,0.1201,1.4786,0.2630,0.2630,0.0000,55053
43,24,square_waypoints,0.01,0.003,0.0,0.12,high_slip,unpaired_null,g1.00_1.00_s0.20,0.0000,1.1995,0.5369,12.8550,0.1251,0.3313,4.4125,0.1605,0.1605,0.0000,55054
43,24,square_waypoints,0.01,0.003,0.0,0.12,high_slip,random_probe,g1.00_1.00_s0.20,0.0000,1.3255,0.5432,6.7536,0.3165,0.3125,3.0088,0.0129,0.0129,0.0000,55055
43,24,square_waypoints,0.01,0.003,0.0,0.12,high_slip,task_greedy,g1.00_1.00_s0.02,0.1800,2.2715,0.1667,11.7616,1.6733,1.6658,20.8852,0.1982,0.1982,0.0000,55056
43,24,square_waypoints,0.01,0.003,0.0,0.12,high_slip,fisher_grid,g1.00_0.90_s0.20,0.1000,1.0906,0.5062,16.2000,0.4252,0.4322,6.2028,0.1500,0.2406,0.0906,55057
43,24,square_waypoints,0.01,0.003,0.0,0.12,high_slip,constrained_fisher,g1.00_1.00_s0.20,0.0000,1.8334,0.2640,10.9350,0.1274,0.1255,2.6563,0.0742,0.0742,0.0000,55058
44,24,square_waypoints,0.01,0.003,0.0,0.12,left_gain_loss,null_probe,g0.60_1.00_s0.02,0.0200,1.3088,0.4930,12.8550,0.0246,0.1215,1.3784,0.0723,0.0427,-0.0295,56059
44,24,square_waypoints,0.01,0.003,0.0,0.12,left_gain_loss,unpaired_null,g0.60_1.00_s0.02,0.0200,0.8865,0.7080,12.8550,0.0301,0.1635,2.0922,0.0540,0.0278,-0.0262,56060
44,24,square_waypoints,0.01,0.003,0.0,0.12,left_gain_loss,random_probe,g0.60_0.90_s0.02,0.1200,1.9951,0.2842,5.0169,0.3410,0.3289,3.4319,0.0212,0.1870,0.1658,56061
44,24,square_waypoints,0.01,0.003,0.0,0.12,left_gain_loss,task_greedy,g0.60_1.00_s0.02,0.0200,1.6979,0.2807,12.4077,1.3096,1.3078,16.6983,0.0931,0.0236,-0.0695,56062
44,24,square_waypoints,0.01,0.003,0.0,0.12,left_gain_loss,fisher_grid,g0.60_1.00_s0.02,0.0200,0.5434,0.8155,16.2000,0.3664,0.3680,3.9296,0.0580,0.0413,-0.0167,56063
44,24,square_waypoints,0.01,0.003,0.0,0.12,left_gain_loss,constrained_fisher,g0.60_1.00_s0.02,0.0200,0.1671,0.9693,19.4400,0.0288,0.1024,1.2774,0.0755,0.0893,0.0137,56064
44,24,square_waypoints,0.01,0.003,0.0,0.12,right_gain_loss,null_probe,g1.00_0.60_s0.02,0.0200,1.2207,0.6133,12.8550,0.0314,0.1006,1.1126,0.0888,0.1501,0.0614,56065
44,24,square_waypoints,0.01,0.003,0.0,0.12,right_gain_loss,unpaired_null,g1.00_0.60_s0.02,0.0200,0.9115,0.7480,12.8550,0.0353,0.2818,3.4718,0.0267,0.0321,0.0054,56066
44,24,square_waypoints,0.01,0.003,0.0,0.12,right_gain_loss,random_probe,g1.00_0.60_s0.02,0.0200,1.9117,0.3387,7.2201,0.1498,0.2358,3.6252,0.0119,0.0369,0.0249,56067
44,24,square_waypoints,0.01,0.003,0.0,0.12,right_gain_loss,task_greedy,g1.00_0.60_s0.02,0.0200,1.5649,0.3036,12.4577,1.2644,1.2901,16.5089,0.0214,0.0505,0.0291,56068
44,24,square_waypoints,0.01,0.003,0.0,0.12,right_gain_loss,fisher_grid,g1.00_0.60_s0.02,0.0200,0.7179,0.7969,16.2000,0.3544,0.3566,3.4345,0.0460,0.0481,0.0020,56069
44,24,square_waypoints,0.01,0.003,0.0,0.12,right_gain_loss,constrained_fisher,g1.00_0.60_s0.02,0.0200,0.2548,0.9461,18.8325,0.1030,0.1201,1.6097,0.0214,0.0339,0.0125,56070
44,24,square_waypoints,0.01,0.003,0.0,0.12,symmetric_low_power,null_probe,g0.75_0.75_s0.02,0.0600,0.8719,0.7462,12.8550,0.0238,0.0819,1.1116,0.0505,0.0398,-0.0107,56071
44,24,square_waypoints,0.01,0.003,0.0,0.12,symmetric_low_power,unpaired_null,g0.60_0.75_s0.02,0.1500,1.7195,0.3702,12.8550,0.0349,0.2011,2.3577,0.0264,0.0511,0.0247,56072
44,24,square_waypoints,0.01,0.003,0.0,0.12,symmetric_low_power,random_probe,g0.60_0.75_s0.02,0.1500,2.1203,0.2328,7.2723,0.4112,0.4267,4.5490,0.0663,0.0972,0.0309,56073
44,24,square_waypoints,0.01,0.003,0.0,0.12,symmetric_low_power,task_greedy,g0.75_0.75_s0.20,0.2400,1.4511,0.3097,11.7612,1.2267,1.2156,15.0812,0.0503,0.0366,-0.0137,56074
44,24,square_waypoints,0.01,0.003,0.0,0.12,symmetric_low_power,fisher_grid,g0.75_0.75_s0.10,0.1400,1.3009,0.6156,16.2000,0.2471,0.2449,2.6995,0.0299,0.0759,0.0460,56075
44,24,square_waypoints,0.01,0.003,0.0,0.12,symmetric_low_power,constrained_fisher,g0.75_0.75_s0.02,0.0600,0.6813,0.8239,19.4400,0.0566,0.0833,1.0369,0.0347,0.0766,0.0419,56076
44,24,square_waypoints,0.01,0.003,0.0,0.12,high_slip,null_probe,g1.00_1.00_s0.20,0.0000,0.8356,0.7299,12.8550,0.1181,0.2104,2.5297,0.0367,0.0367,0.0000,56077
44,24,square_waypoints,0.01,0.003,0.0,0.12,high_slip,unpaired_null,g1.00_1.00_s0.20,0.0000,0.4829,0.8841,12.8550,0.1236,0.3238,4.2439,0.2663,0.2663,0.0000,56078
44,24,square_waypoints,0.01,0.003,0.0,0.12,high_slip,random_probe,g1.00_1.00_s0.20,0.0000,1.2355,0.5426,6.3360,0.1909,0.4561,5.6674,0.2681,0.2681,0.0000,56079
44,24,square_waypoints,0.01,0.003,0.0,0.12,high_slip,task_greedy,g1.00_1.00_s0.20,0.0000,1.4198,0.3100,11.7632,1.7056,1.7160,21.4801,0.2156,0.2156,0.0000,56080
44,24,square_waypoints,0.01,0.003,0.0,0.12,high_slip,fisher_grid,g1.00_1.00_s0.20,0.0000,0.3886,0.9046,16.2000,0.3545,0.3474,4.7407,0.1017,0.1017,0.0000,56081
44,24,square_waypoints,0.01,0.003,0.0,0.12,high_slip,constrained_fisher,g1.00_1.00_s0.20,0.0000,1.2448,0.4240,8.5050,0.1374,0.2000,3.2929,0.1616,0.1616,0.0000,56082
45,24,square_waypoints,0.01,0.003,0.0,0.12,left_gain_loss,null_probe,g0.60_1.00_s0.02,0.0200,1.4257,0.4138,12.8550,0.0754,0.1103,1.4146,0.0077,0.2160,0.2083,57083
45,24,square_waypoints,0.01,0.003,0.0,0.12,left_gain_loss,unpaired_null,g0.60_1.00_s0.02,0.0200,1.2346,0.4890,12.8550,0.0957,0.1877,2.8101,0.0724,0.0270,-0.0454,57084
45,24,square_waypoints,0.01,0.003,0.0,0.12,left_gain_loss,random_probe,g0.60_1.00_s0.02,0.0200,1.3148,0.5693,5.2547,0.1976,0.2073,3.1468,0.0275,0.0146,-0.0129,57085
45,24,square_waypoints,0.01,0.003,0.0,0.12,left_gain_loss,task_greedy,g0.60_1.00_s0.20,0.2000,1.6315,0.2598,12.4138,1.2913,1.2832,16.3445,0.0332,0.0337,0.0005,57086
45,24,square_waypoints,0.01,0.003,0.0,0.12,left_gain_loss,fisher_grid,g0.60_1.00_s0.02,0.0200,0.8742,0.7026,16.2000,0.3544,0.3617,3.8107,0.0518,0.1465,0.0947,57087
45,24,square_waypoints,0.01,0.003,0.0,0.12,left_gain_loss,constrained_fisher,g0.60_1.00_s0.02,0.0200,0.2258,0.9553,18.8325,0.1240,0.1118,1.6271,0.0702,0.0255,-0.0447,57088
45,24,square_waypoints,0.01,0.003,0.0,0.12,right_gain_loss,null_probe,g1.00_0.60_s0.02,0.0200,1.1692,0.5056,12.8550,0.0440,0.1040,1.2721,0.0796,0.1563,0.0767,57089
45,24,square_waypoints,0.01,0.003,0.0,0.12,right_gain_loss,unpaired_null,g1.00_0.60_s0.10,0.1000,1.3616,0.4898,12.8550,0.0691,0.2799,3.4586,0.0126,0.0237,0.0111,57090
45,24,square_waypoints,0.01,0.003,0.0,0.12,right_gain_loss,random_probe,g1.00_0.60_s0.10,0.1000,1.9500,0.3601,7.3018,0.2402,0.3080,3.7162,0.0169,0.0140,-0.0029,57091
45,24,square_waypoints,0.01,0.003,0.0,0.12,right_gain_loss,task_greedy,g1.00_0.60_s0.02,0.0200,1.5014,0.2983,12.4225,1.2850,1.2775,16.5604,0.0147,0.0271,0.0124,57092
45,24,square_waypoints,0.01,0.003,0.0,0.12,right_gain_loss,fisher_grid,g1.00_0.60_s0.10,0.1000,0.9731,0.4660,16.2000,0.3835,0.3764,3.6365,0.0651,0.0479,-0.0172,57093
45,24,square_waypoints,0.01,0.003,0.0,0.12,right_gain_loss,constrained_fisher,g1.00_0.60_s0.02,0.0200,0.0922,0.9846,19.1363,0.0631,0.1006,1.2703,0.0878,0.1008,0.0129,57094
45,24,square_waypoints,0.01,0.003,0.0,0.12,symmetric_low_power,null_probe,g0.75_0.75_s0.02,0.0600,1.2930,0.5357,12.8550,0.0077,0.0654,0.8679,0.0195,0.0977,0.0782,57095
45,24,square_waypoints,0.01,0.003,0.0,0.12,symmetric_low_power,unpaired_null,g0.75_0.75_s0.02,0.0600,0.7259,0.7964,12.8550,0.0220,0.2160,2.7605,0.0196,0.0336,0.0140,57096
45,24,square_waypoints,0.01,0.003,0.0,0.12,symmetric_low_power,random_probe,g0.75_0.75_s0.02,0.0600,1.5866,0.5247,7.3928,0.0385,0.1498,1.7352,0.0389,0.0379,-0.0010,57097
45,24,square_waypoints,0.01,0.003,0.0,0.12,symmetric_low_power,task_greedy,g0.75_0.75_s0.02,0.0600,1.3995,0.3126,11.7613,1.2236,1.2197,15.4292,0.0191,0.0644,0.0453,57098
45,24,square_waypoints,0.01,0.003,0.0,0.12,symmetric_low_power,fisher_grid,g0.75_0.75_s0.02,0.0600,1.1854,0.6230,16.2000,0.2965,0.2993,3.2971,0.0360,0.0748,0.0388,57099
45,24,square_waypoints,0.01,0.003,0.0,0.12,symmetric_low_power,constrained_fisher,g0.75_0.75_s0.02,0.0600,0.3642,0.9188,19.1363,0.0624,0.0979,1.3477,0.0311,0.0231,-0.0080,57100
45,24,square_waypoints,0.01,0.003,0.0,0.12,high_slip,null_probe,g1.00_1.00_s0.20,0.0000,0.5024,0.8822,12.8550,0.1910,0.2698,3.9361,0.1541,0.1541,0.0000,57101
45,24,square_waypoints,0.01,0.003,0.0,0.12,high_slip,unpaired_null,g1.00_1.00_s0.20,0.0000,1.0363,0.5146,12.8550,0.0224,0.2913,3.5449,0.0120,0.0120,0.0000,57102
45,24,square_waypoints,0.01,0.003,0.0,0.12,high_slip,random_probe,g1.00_1.00_s0.20,0.0000,1.1738,0.4963,5.7783,0.1583,0.2554,2.6970,0.1970,0.1970,0.0000,57103
45,24,square_waypoints,0.01,0.003,0.0,0.12,high_slip,task_greedy,g1.00_1.00_s0.02,0.1800,1.4212,0.3099,11.7612,1.6934,1.6823,21.2085,0.0735,0.0735,0.0000,57104
45,24,square_waypoints,0.01,0.003,0.0,0.12,high_slip,fisher_grid,g1.00_1.00_s0.20,0.0000,0.4535,0.8644,16.2000,0.3557,0.3723,4.8783,0.1704,0.1704,0.0000,57105
45,24,square_waypoints,0.01,0.003,0.0,0.12,high_slip,constrained_fisher,g1.00_1.00_s0.20,0.0000,0.7147,0.8194,18.8325,0.1262,0.1633,2.6456,0.1384,0.1384,0.0000,57106
46,24,square_waypoints,0.01,0.003,0.0,0.12,left_gain_loss,null_probe,g0.60_1.00_s0.02,0.0200,1.1760,0.4736,12.8550,0.0560,0.1014,1.3533,0.0169,0.0187,0.0017,58107
46,24,square_waypoints,0.01,0.003,0.0,0.12,left_gain_loss,unpaired_null,g0.60_1.00_s0.02,0.0200,1.5029,0.4001,12.8550,0.0118,0.1723,2.3340,0.0321,0.1714,0.1394,58108
46,24,square_waypoints,0.01,0.003,0.0,0.12,left_gain_loss,random_probe,g0.60_1.00_s0.02,0.0200,1.5115,0.3996,5.7841,0.1088,0.1426,1.8160,0.0361,0.0260,-0.0100,58109
46,24,square_waypoints,0.01,0.003,0.0,0.12,left_gain_loss,task_greedy,g0.60_1.00_s0.02,0.0200,1.6431,0.2709,12.3968,1.2599,1.2736,16.3584,0.0116,0.1794,0.1677,58110
46,24,square_waypoints,0.01,0.003,0.0,0.12,left_gain_loss,fisher_grid,g0.60_1.00_s0.02,0.0200,0.7643,0.6249,16.2000,0.3687,0.3648,3.7944,0.0849,0.0676,-0.0173,58111
46,24,square_waypoints,0.01,0.003,0.0,0.12,left_gain_loss,constrained_fisher,g0.60_1.00_s0.02,0.0200,0.2069,0.9522,19.1363,0.0583,0.1082,1.3790,0.0421,0.1424,0.1003,58112
46,24,square_waypoints,0.01,0.003,0.0,0.12,right_gain_loss,null_probe,g1.00_0.60_s0.02,0.0200,0.9687,0.6856,12.8550,0.0832,0.1100,1.5780,0.0396,0.1005,0.0609,58113
46,24,square_waypoints,0.01,0.003,0.0,0.12,right_gain_loss,unpaired_null,g1.00_0.60_s0.02,0.0200,1.3542,0.4999,12.8550,0.0662,0.2858,3.6441,0.0958,0.0183,-0.0775,58114
46,24,square_waypoints,0.01,0.003,0.0,0.12,right_gain_loss,random_probe,g0.90_0.60_s0.02,0.1200,1.5368,0.3871,5.4827,0.1938,0.2828,4.5782,0.0799,0.0228,-0.0571,58115
46,24,square_waypoints,0.01,0.003,0.0,0.12,right_gain_loss,task_greedy,g1.00_0.60_s0.02,0.0200,1.5065,0.3064,12.4334,1.2722,1.2853,16.3008,0.0849,0.0259,-0.0590,58116
46,24,square_waypoints,0.01,0.003,0.0,0.12,right_gain_loss,fisher_grid,g1.00_0.75_s0.02,0.1300,1.3921,0.4070,16.2000,0.3543,0.3553,3.5037,0.0263,0.1144,0.0880,58117
46,24,square_waypoints,0.01,0.003,0.0,0.12,right_gain_loss,constrained_fisher,g1.00_0.60_s0.02,0.0200,0.6767,0.8386,16.5038,0.1071,0.1287,2.0811,0.0176,0.0385,0.0209,58118
46,24,square_waypoints,0.01,0.003,0.0,0.12,symmetric_low_power,null_probe,g0.75_0.75_s0.02,0.0600,0.6550,0.7829,12.8550,0.0076,0.0725,0.8539,0.0378,0.0464,0.0085,58119
46,24,square_waypoints,0.01,0.003,0.0,0.12,symmetric_low_power,unpaired_null,g0.75_0.75_s0.02,0.0600,0.8753,0.6062,12.8550,0.0431,0.1933,2.2637,0.0273,0.0484,0.0211,58120
46,24,square_waypoints,0.01,0.003,0.0,0.12,symmetric_low_power,random_probe,g0.75_0.75_s0.02,0.0600,1.9720,0.3675,5.8198,0.1447,0.1800,2.5070,0.0579,0.0830,0.0251,58121
46,24,square_waypoints,0.01,0.003,0.0,0.12,symmetric_low_power,task_greedy,g0.75_0.75_s0.02,0.0600,1.3809,0.3153,11.7611,1.2398,1.2455,15.6705,0.0515,0.0699,0.0184,58122
46,24,square_waypoints,0.01,0.003,0.0,0.12,symmetric_low_power,fisher_grid,g0.75_0.75_s0.02,0.0600,0.5104,0.8730,16.2000,0.2786,0.2702,2.8639,0.0405,0.0675,0.0270,58123
46,24,square_waypoints,0.01,0.003,0.0,0.12,symmetric_low_power,constrained_fisher,g0.75_0.75_s0.02,0.0600,1.2317,0.5686,19.4400,0.0297,0.0822,0.9875,0.0434,0.0491,0.0056,58124
46,24,square_waypoints,0.01,0.003,0.0,0.12,high_slip,null_probe,g1.00_1.00_s0.20,0.0000,0.7017,0.8174,12.8550,0.0333,0.0969,1.3566,0.1404,0.1404,0.0000,58125
46,24,square_waypoints,0.01,0.003,0.0,0.12,high_slip,unpaired_null,g1.00_1.00_s0.10,0.1000,1.2649,0.6005,12.8550,0.0481,0.2716,3.1803,0.1099,0.1099,0.0000,58126
46,24,square_waypoints,0.01,0.003,0.0,0.12,high_slip,random_probe,g0.90_1.00_s0.20,0.1000,1.1103,0.5800,7.1146,0.3918,0.4056,5.9900,0.1725,0.0730,-0.0995,58127
46,24,square_waypoints,0.01,0.003,0.0,0.12,high_slip,task_greedy,g1.00_1.00_s0.02,0.1800,2.3755,0.1427,11.7615,1.6867,1.6828,20.9846,0.0953,0.0953,0.0000,58128
46,24,square_waypoints,0.01,0.003,0.0,0.12,high_slip,fisher_grid,g1.00_1.00_s0.20,0.0000,0.4865,0.8766,16.2000,0.4688,0.4869,5.2640,0.1833,0.1833,0.0000,58129
46,24,square_waypoints,0.01,0.003,0.0,0.12,high_slip,constrained_fisher,g1.00_1.00_s0.20,0.0000,0.5920,0.8481,18.0225,0.0996,0.1562,2.2094,0.0726,0.0726,0.0000,58130
47,24,square_waypoints,0.01,0.003,0.0,0.12,left_gain_loss,null_probe,g0.60_1.00_s0.02,0.0200,1.0372,0.5187,12.8550,0.0500,0.0976,1.1882,0.0799,0.0453,-0.0346,59131
47,24,square_waypoints,0.01,0.003,0.0,0.12,left_gain_loss,unpaired_null,g0.60_1.00_s0.10,0.1000,1.3406,0.5800,12.8550,0.0443,0.1828,2.5881,0.0315,0.0196,-0.0120,59132
47,24,square_waypoints,0.01,0.003,0.0,0.12,left_gain_loss,random_probe,g0.60_1.00_s0.02,0.0200,1.8597,0.3702,5.0760,0.6122,0.6513,7.3278,0.0152,0.1021,0.0869,59133
47,24,square_waypoints,0.01,0.003,0.0,0.12,left_gain_loss,task_greedy,g0.75_1.00_s0.02,0.1300,1.9217,0.2155,12.4521,1.2950,1.2988,16.6896,0.1027,0.0097,-0.0930,59134
47,24,square_waypoints,0.01,0.003,0.0,0.12,left_gain_loss,fisher_grid,g0.60_1.00_s0.02,0.0200,0.8321,0.7438,16.2000,0.3837,0.3830,4.1481,0.0111,0.0124,0.0013,59135
47,24,square_waypoints,0.01,0.003,0.0,0.12,left_gain_loss,constrained_fisher,g0.60_1.00_s0.10,0.1000,0.7084,0.5693,18.8325,0.0880,0.1045,1.6552,0.0757,0.0133,-0.0624,59136
47,24,square_waypoints,0.01,0.003,0.0,0.12,right_gain_loss,null_probe,g1.00_0.60_s0.10,0.1000,1.3246,0.4782,12.8550,0.0332,0.0985,1.1985,0.0222,0.0363,0.0142,59137
47,24,square_waypoints,0.01,0.003,0.0,0.12,right_gain_loss,unpaired_null,g1.00_0.60_s0.10,0.1000,1.2633,0.5527,12.8550,0.0944,0.3112,3.8729,0.0337,0.1751,0.1414,59138
47,24,square_waypoints,0.01,0.003,0.0,0.12,right_gain_loss,random_probe,g1.00_0.60_s0.10,0.1000,1.8750,0.2684,5.3621,0.2237,0.2149,2.0300,0.0214,0.0614,0.0400,59139
47,24,square_waypoints,0.01,0.003,0.0,0.12,right_gain_loss,task_greedy,g1.00_0.60_s0.20,0.2000,1.7922,0.2253,12.4501,1.2505,1.2625,16.1328,0.0331,0.1531,0.1200,59140
47,24,square_waypoints,0.01,0.003,0.0,0.12,right_gain_loss,fisher_grid,g1.00_0.60_s0.02,0.0200,1.1853,0.5382,16.2000,0.3747,0.3685,3.4024,0.0622,0.1514,0.0892,59141
47,24,square_waypoints,0.01,0.003,0.0,0.12,right_gain_loss,constrained_fisher,g1.00_0.60_s0.02,0.0200,0.4273,0.9010,19.4400,0.0652,0.0988,1.3411,0.1032,0.1607,0.0575,59142
47,24,square_waypoints,0.01,0.003,0.0,0.12,symmetric_low_power,null_probe,g0.75_0.75_s0.02,0.0600,0.8662,0.6743,12.8550,0.0066,0.0755,0.9274,0.0560,0.0587,0.0027,59143
47,24,square_waypoints,0.01,0.003,0.0,0.12,symmetric_low_power,unpaired_null,g0.75_0.75_s0.02,0.0600,0.7510,0.7763,12.8550,0.0152,0.2100,2.4419,0.0178,0.0696,0.0518,59144
47,24,square_waypoints,0.01,0.003,0.0,0.12,symmetric_low_power,random_probe,g0.75_0.75_s0.02,0.0600,2.0517,0.3670,5.6806,0.2109,0.2575,2.9232,0.0305,0.0846,0.0541,59145
47,24,square_waypoints,0.01,0.003,0.0,0.12,symmetric_low_power,task_greedy,g0.75_0.75_s0.20,0.2400,2.0279,0.2282,11.7613,1.2033,1.2083,15.0938,0.0391,0.0502,0.0111,59146
47,24,square_waypoints,0.01,0.003,0.0,0.12,symmetric_low_power,fisher_grid,g0.75_0.75_s0.10,0.1400,0.9520,0.5472,16.2000,0.2657,0.2861,3.0484,0.0218,0.0793,0.0574,59147
47,24,square_waypoints,0.01,0.003,0.0,0.12,symmetric_low_power,constrained_fisher,g0.75_0.75_s0.02,0.0600,0.8215,0.5832,19.4400,0.0388,0.0946,1.2181,0.0372,0.0390,0.0019,59148
47,24,square_waypoints,0.01,0.003,0.0,0.12,high_slip,null_probe,g1.00_0.90_s0.20,0.1000,1.3032,0.3504,12.8550,0.1108,0.1910,2.0845,0.1302,0.1522,0.0220,59149
47,24,square_waypoints,0.01,0.003,0.0,0.12,high_slip,unpaired_null,g1.00_1.00_s0.20,0.0000,0.6768,0.7965,12.8550,0.2841,0.3494,4.6457,0.1006,0.1006,0.0000,59150
47,24,square_waypoints,0.01,0.003,0.0,0.12,high_slip,random_probe,g1.00_1.00_s0.20,0.0000,1.3395,0.5661,4.4827,0.3313,0.4443,6.7110,0.0671,0.0671,0.0000,59151
47,24,square_waypoints,0.01,0.003,0.0,0.12,high_slip,task_greedy,g1.00_1.00_s0.02,0.1800,1.6614,0.2821,11.7628,1.6769,1.6904,21.1276,0.1185,0.1185,0.0000,59152
47,24,square_waypoints,0.01,0.003,0.0,0.12,high_slip,fisher_grid,g1.00_1.00_s0.20,0.0000,0.1379,0.9744,16.2000,0.3539,0.3619,4.5062,0.0847,0.0847,0.0000,59153
47,24,square_waypoints,0.01,0.003,0.0,0.12,high_slip,constrained_fisher,g1.00_1.00_s0.20,0.0000,0.7274,0.7680,19.4400,0.0901,0.1026,2.1322,0.1688,0.1688,0.0000,59154
48,24,square_waypoints,0.01,0.003,0.0,0.12,left_gain_loss,null_probe,g0.60_1.00_s0.02,0.0200,0.9122,0.7042,12.8550,0.0204,0.0890,1.1197,0.0349,0.0299,-0.0050,60155
48,24,square_waypoints,0.01,0.003,0.0,0.12,left_gain_loss,unpaired_null,g0.60_0.90_s0.02,0.1200,1.4469,0.3363,12.8550,0.0474,0.1923,2.6885,0.0783,0.0151,-0.0632,60156
48,24,square_waypoints,0.01,0.003,0.0,0.12,left_gain_loss,random_probe,g0.60_1.00_s0.10,0.1000,2.0319,0.3196,4.9173,0.2318,0.2402,3.2532,0.0637,0.1560,0.0923,60157
48,24,square_waypoints,0.01,0.003,0.0,0.12,left_gain_loss,task_greedy,g0.60_1.00_s0.20,0.2000,1.4147,0.3072,12.4383,1.2708,1.2958,16.4545,0.0295,0.1300,0.1005,60158
48,24,square_waypoints,0.01,0.003,0.0,0.12,left_gain_loss,fisher_grid,g0.60_1.00_s0.02,0.0200,0.2731,0.9401,16.2000,0.3359,0.3348,3.5657,0.0872,0.0782,-0.0091,60159
48,24,square_waypoints,0.01,0.003,0.0,0.12,left_gain_loss,constrained_fisher,g0.60_1.00_s0.02,0.0200,0.5562,0.8247,19.1363,0.0864,0.1034,1.6190,0.0154,0.0501,0.0347,60160
48,24,square_waypoints,0.01,0.003,0.0,0.12,right_gain_loss,null_probe,g1.00_0.60_s0.02,0.0200,1.5323,0.4498,12.8550,0.0223,0.1100,1.2603,0.0305,0.0571,0.0266,60161
48,24,square_waypoints,0.01,0.003,0.0,0.12,right_gain_loss,unpaired_null,g1.00_0.60_s0.02,0.0200,0.5850,0.8523,12.8550,0.0477,0.2864,3.5887,0.0236,0.0266,0.0030,60162
48,24,square_waypoints,0.01,0.003,0.0,0.12,right_gain_loss,random_probe,g1.00_0.60_s0.02,0.0200,1.6473,0.3935,5.8179,0.2370,0.2391,2.7007,0.0191,0.0116,-0.0075,60163
48,24,square_waypoints,0.01,0.003,0.0,0.12,right_gain_loss,task_greedy,g1.00_0.60_s0.20,0.2000,1.6747,0.2476,12.4418,1.2930,1.2917,16.6355,0.0285,0.0727,0.0442,60164
48,24,square_waypoints,0.01,0.003,0.0,0.12,right_gain_loss,fisher_grid,g1.00_0.60_s0.02,0.0200,0.8094,0.7773,16.2000,0.3445,0.3494,3.3415,0.0387,0.0406,0.0019,60165
48,24,square_waypoints,0.01,0.003,0.0,0.12,right_gain_loss,constrained_fisher,g1.00_0.60_s0.02,0.0200,0.2114,0.9559,18.8325,0.1033,0.1109,1.6328,0.0221,0.0196,-0.0025,60166
48,24,square_waypoints,0.01,0.003,0.0,0.12,symmetric_low_power,null_probe,g0.75_0.75_s0.02,0.0600,1.1964,0.4419,12.8550,0.0266,0.0760,0.9995,0.0203,0.0747,0.0544,60167
48,24,square_waypoints,0.01,0.003,0.0,0.12,symmetric_low_power,unpaired_null,g0.75_0.75_s0.02,0.0600,1.1592,0.4727,12.8550,0.0267,0.2238,2.7950,0.0491,0.0534,0.0042,60168
48,24,square_waypoints,0.01,0.003,0.0,0.12,symmetric_low_power,random_probe,g0.75_0.60_s0.02,0.1500,2.2504,0.2406,5.7404,0.1948,0.1945,1.6874,0.0292,0.0543,0.0251,60169
48,24,square_waypoints,0.01,0.003,0.0,0.12,symmetric_low_power,task_greedy,g0.75_0.75_s0.02,0.0600,1.2820,0.3232,11.7607,1.2171,1.1977,14.9052,0.0350,0.0559,0.0210,60170
48,24,square_waypoints,0.01,0.003,0.0,0.12,symmetric_low_power,fisher_grid,g0.75_0.75_s0.02,0.0600,0.5665,0.8218,16.2000,0.2703,0.2613,2.6403,0.0298,0.0604,0.0307,60171
48,24,square_waypoints,0.01,0.003,0.0,0.12,symmetric_low_power,constrained_fisher,g0.75_0.60_s0.02,0.1500,0.8968,0.5762,19.4400,0.0304,0.0876,1.0655,0.0572,0.0768,0.0196,60172
48,24,square_waypoints,0.01,0.003,0.0,0.12,high_slip,null_probe,g1.00_1.00_s0.20,0.0000,1.0442,0.5084,12.8550,0.0795,0.1319,1.7495,0.0611,0.0611,0.0000,60173
48,24,square_waypoints,0.01,0.003,0.0,0.12,high_slip,unpaired_null,g1.00_1.00_s0.20,0.0000,0.7973,0.7917,12.8550,0.0066,0.2926,3.8517,0.0951,0.0951,0.0000,60174
48,24,square_waypoints,0.01,0.003,0.0,0.12,high_slip,random_probe,g0.90_1.00_s0.20,0.1000,1.6364,0.3575,6.9921,0.4126,0.4146,6.5379,0.0959,0.0590,-0.0369,60175
48,24,square_waypoints,0.01,0.003,0.0,0.12,high_slip,task_greedy,g1.00_1.00_s0.02,0.1800,1.3656,0.3145,11.7621,1.6696,1.6701,20.9437,0.1951,0.1951,0.0000,60176
48,24,square_waypoints,0.01,0.003,0.0,0.12,high_slip,fisher_grid,g1.00_1.00_s0.20,0.0000,0.3025,0.9271,16.2000,0.4454,0.4535,5.5252,0.1004,0.1004,0.0000,60177
48,24,square_waypoints,0.01,0.003,0.0,0.12,high_slip,constrained_fisher,g1.00_1.00_s0.20,0.0000,1.1183,0.5967,9.9225,0.1722,0.1703,3.2417,0.1142,0.1142,0.0000,60178
49,24,square_waypoints,0.01,0.003,0.0,0.12,left_gain_loss,null_probe,g0.60_1.00_s0.02,0.0200,0.7122,0.7362,12.8550,0.0850,0.1165,1.4854,0.0349,0.0213,-0.0136,61179
49,24,square_waypoints,0.01,0.003,0.0,0.12,left_gain_loss,unpaired_null,g0.60_1.00_s0.02,0.0200,1.0355,0.5155,12.8550,0.0510,0.1895,2.5060,0.0077,0.0102,0.0025,61180
49,24,square_waypoints,0.01,0.003,0.0,0.12,left_gain_loss,random_probe,g0.60_1.00_s0.02,0.0200,1.9502,0.3200,5.8514,0.4200,0.4613,4.9980,0.0334,0.1104,0.0770,61181
49,24,square_waypoints,0.01,0.003,0.0,0.12,left_gain_loss,task_greedy,g0.60_1.00_s0.20,0.2000,1.4717,0.3519,12.4521,1.2979,1.2793,16.3646,0.0866,0.1656,0.0790,61182
49,24,square_waypoints,0.01,0.003,0.0,0.12,left_gain_loss,fisher_grid,g0.60_1.00_s0.02,0.0200,0.1920,0.9586,16.2000,0.3599,0.3575,3.7955,0.1109,0.0380,-0.0729,61183
49,24,square_waypoints,0.01,0.003,0.0,0.12,left_gain_loss,constrained_fisher,g0.60_1.00_s0.02,0.0200,1.1775,0.5988,17.7188,0.1226,0.1078,1.8365,0.0215,0.1135,0.0920,61184
49,24,square_waypoints,0.01,0.003,0.0,0.12,right_gain_loss,null_probe,g1.00_0.60_s0.02,0.0200,1.4880,0.3448,12.8550,0.0781,0.1169,1.5888,0.0676,0.0173,-0.0502,61185
49,24,square_waypoints,0.01,0.003,0.0,0.12,right_gain_loss,unpaired_null,g0.90_0.60_s0.02,0.1200,1.1991,0.5113,12.8550,0.0568,0.2732,3.2074,0.0185,0.1599,0.1414,61186
49,24,square_waypoints,0.01,0.003,0.0,0.12,right_gain_loss,random_probe,g0.90_0.60_s0.02,0.1200,1.3703,0.4167,7.1086,0.3469,0.3505,3.2035,0.1001,0.0995,-0.0006,61187
49,24,square_waypoints,0.01,0.003,0.0,0.12,right_gain_loss,task_greedy,g1.00_0.60_s0.20,0.2000,1.6629,0.2868,12.4538,1.2863,1.2796,16.1319,0.0292,0.0157,-0.0136,61188
49,24,square_waypoints,0.01,0.003,0.0,0.12,right_gain_loss,fisher_grid,g1.00_0.60_s0.02,0.0200,0.7775,0.7509,16.2000,0.3439,0.3352,3.2640,0.0793,0.0206,-0.0588,61189
49,24,square_waypoints,0.01,0.003,0.0,0.12,right_gain_loss,constrained_fisher,g1.00_0.60_s0.02,0.0200,0.9905,0.6453,17.3138,0.0927,0.1082,1.7962,0.0171,0.1528,0.1357,61190
49,24,square_waypoints,0.01,0.003,0.0,0.12,symmetric_low_power,null_probe,g0.75_0.75_s0.10,0.1400,1.1345,0.5396,12.8550,0.0098,0.0736,0.8672,0.0133,0.0778,0.0645,61191
49,24,square_waypoints,0.01,0.003,0.0,0.12,symmetric_low_power,unpaired_null,g0.75_0.75_s0.02,0.0600,1.0423,0.5821,12.8550,0.0122,0.2028,2.4294,0.0424,0.0524,0.0101,61192
49,24,square_waypoints,0.01,0.003,0.0,0.12,symmetric_low_power,random_probe,g0.75_0.60_s0.02,0.1500,2.2670,0.2284,4.9638,0.3490,0.3633,3.7024,0.0395,0.0850,0.0455,61193
49,24,square_waypoints,0.01,0.003,0.0,0.12,symmetric_low_power,task_greedy,g0.75_0.75_s0.20,0.2400,1.2874,0.3231,11.7607,1.2403,1.2313,15.4991,0.0413,0.0784,0.0370,61194
49,24,square_waypoints,0.01,0.003,0.0,0.12,symmetric_low_power,fisher_grid,g0.75_0.75_s0.02,0.0600,1.1701,0.5238,16.2000,0.2279,0.2527,2.6706,0.0432,0.0861,0.0429,61195
49,24,square_waypoints,0.01,0.003,0.0,0.12,symmetric_low_power,constrained_fisher,g0.75_0.60_s0.02,0.1500,0.5964,0.7721,19.4400,0.0317,0.0865,1.1217,0.0133,0.0684,0.0551,61196
49,24,square_waypoints,0.01,0.003,0.0,0.12,high_slip,null_probe,g1.00_1.00_s0.10,0.1000,0.8493,0.6196,12.8550,0.1761,0.1971,3.0000,0.0855,0.0855,0.0000,61197
49,24,square_waypoints,0.01,0.003,0.0,0.12,high_slip,unpaired_null,g1.00_1.00_s0.20,0.0000,0.9008,0.6228,12.8550,0.0138,0.2957,3.7661,0.1898,0.1898,0.0000,61198
49,24,square_waypoints,0.01,0.003,0.0,0.12,high_slip,random_probe,g1.00_1.00_s0.10,0.1000,1.6507,0.4699,6.5529,0.2880,0.3184,3.5885,0.1666,0.1666,0.0000,61199
49,24,square_waypoints,0.01,0.003,0.0,0.12,high_slip,task_greedy,g1.00_1.00_s0.02,0.1800,2.3866,0.1291,11.7631,1.6845,1.6801,21.1039,0.1031,0.1031,0.0000,61200
49,24,square_waypoints,0.01,0.003,0.0,0.12,high_slip,fisher_grid,g1.00_1.00_s0.20,0.0000,0.8582,0.5429,16.2000,0.3749,0.3687,3.8300,0.1052,0.1052,0.0000,61201
49,24,square_waypoints,0.01,0.003,0.0,0.12,high_slip,constrained_fisher,g1.00_1.00_s0.10,0.1000,1.0302,0.5224,19.4400,0.0700,0.1070,2.0684,0.1245,0.1245,0.0000,61202
50,24,square_waypoints,0.01,0.003,0.0,0.12,left_gain_loss,null_probe,g0.60_1.00_s0.10,0.1000,1.2510,0.4561,12.8550,0.0415,0.1054,1.2163,0.0887,0.0773,-0.0114,62203
50,24,square_waypoints,0.01,0.003,0.0,0.12,left_gain_loss,unpaired_null,g0.75_1.00_s0.02,0.1300,1.2081,0.4575,12.8550,0.0723,0.1975,2.8955,0.0863,0.0334,-0.0528,62204
50,24,square_waypoints,0.01,0.003,0.0,0.12,left_gain_loss,random_probe,g0.60_1.00_s0.02,0.0200,1.4238,0.4809,6.8930,0.0935,0.1470,1.8610,0.0092,0.0176,0.0084,62205
50,24,square_waypoints,0.01,0.003,0.0,0.12,left_gain_loss,task_greedy,g0.60_0.90_s0.10,0.2000,1.7941,0.2232,12.4228,1.2778,1.2822,16.3357,0.0771,0.1110,0.0340,62206
50,24,square_waypoints,0.01,0.003,0.0,0.12,left_gain_loss,fisher_grid,g0.60_1.00_s0.02,0.0200,0.5764,0.8420,16.2000,0.3476,0.3808,4.2104,0.0227,0.2068,0.1841,62207
50,24,square_waypoints,0.01,0.003,0.0,0.12,left_gain_loss,constrained_fisher,g0.60_1.00_s0.02,0.0200,0.2373,0.9488,19.4400,0.0152,0.1088,1.3597,0.0386,0.0957,0.0572,62208
50,24,square_waypoints,0.01,0.003,0.0,0.12,right_gain_loss,null_probe,g1.00_0.60_s0.02,0.0200,1.7798,0.3106,12.8550,0.0868,0.1011,1.4331,0.0440,0.0474,0.0034,62209
50,24,square_waypoints,0.01,0.003,0.0,0.12,right_gain_loss,unpaired_null,g1.00_0.60_s0.02,0.0200,0.9019,0.7051,12.8550,0.0770,0.2805,3.6979,0.0788,0.0156,-0.0632,62210
50,24,square_waypoints,0.01,0.003,0.0,0.12,right_gain_loss,random_probe,g1.00_0.60_s0.02,0.0200,1.2361,0.5943,7.9708,0.1850,0.3753,4.2898,0.0541,0.0450,-0.0091,62211
50,24,square_waypoints,0.01,0.003,0.0,0.12,right_gain_loss,task_greedy,g1.00_0.60_s0.02,0.0200,1.7211,0.2538,12.4499,1.2564,1.2834,16.4005,0.0577,0.0480,-0.0098,62212
50,24,square_waypoints,0.01,0.003,0.0,0.12,right_gain_loss,fisher_grid,g1.00_0.60_s0.10,0.1000,1.3801,0.3861,16.2000,0.3741,0.3692,3.4878,0.0573,0.0793,0.0220,62213
50,24,square_waypoints,0.01,0.003,0.0,0.12,right_gain_loss,constrained_fisher,g1.00_0.60_s0.02,0.0200,0.4724,0.8921,18.2250,0.1070,0.1072,1.6506,0.0268,0.1458,0.1190,62214
50,24,square_waypoints,0.01,0.003,0.0,0.12,symmetric_low_power,null_probe,g0.75_0.75_s0.02,0.0600,1.7930,0.3745,12.8550,0.0309,0.0801,1.0743,0.0427,0.0382,-0.0045,62215
50,24,square_waypoints,0.01,0.003,0.0,0.12,symmetric_low_power,unpaired_null,g0.75_0.75_s0.02,0.0600,1.4026,0.4898,12.8550,0.0347,0.2076,2.4661,0.0281,0.0409,0.0127,62216
50,24,square_waypoints,0.01,0.003,0.0,0.12,symmetric_low_power,random_probe,g0.75_0.75_s0.10,0.1400,2.1679,0.2455,6.8723,0.2470,0.2711,3.6858,0.0423,0.0293,-0.0130,62217
50,24,square_waypoints,0.01,0.003,0.0,0.12,symmetric_low_power,task_greedy,g0.75_0.75_s0.02,0.0600,1.5284,0.2991,11.7615,1.1937,1.2069,15.1387,0.0123,0.0657,0.0534,62218
50,24,square_waypoints,0.01,0.003,0.0,0.12,symmetric_low_power,fisher_grid,g0.75_0.75_s0.02,0.0600,0.7861,0.7395,16.2000,0.2327,0.2484,2.7202,0.0607,0.0962,0.0355,62219
50,24,square_waypoints,0.01,0.003,0.0,0.12,symmetric_low_power,constrained_fisher,g0.75_0.75_s0.02,0.0600,0.4160,0.9009,19.4400,0.0406,0.0752,0.9701,0.0438,0.0569,0.0131,62220
50,24,square_waypoints,0.01,0.003,0.0,0.12,high_slip,null_probe,g1.00_1.00_s0.20,0.0000,1.0788,0.6357,12.8550,0.0645,0.1498,1.6590,0.0286,0.0286,0.0000,62221
50,24,square_waypoints,0.01,0.003,0.0,0.12,high_slip,unpaired_null,g1.00_1.00_s0.20,0.0000,1.5345,0.4046,12.8550,0.1017,0.3725,4.8253,0.0378,0.0378,0.0000,62222
50,24,square_waypoints,0.01,0.003,0.0,0.12,high_slip,random_probe,g1.00_1.00_s0.10,0.1000,1.3623,0.5358,9.1053,0.5381,0.5558,5.6929,0.1502,0.1502,0.0000,62223
50,24,square_waypoints,0.01,0.003,0.0,0.12,high_slip,task_greedy,g1.00_1.00_s0.02,0.1800,1.7588,0.2698,11.7616,1.6859,1.6825,21.0034,0.0747,0.0747,0.0000,62224
50,24,square_waypoints,0.01,0.003,0.0,0.12,high_slip,fisher_grid,g1.00_1.00_s0.20,0.0000,0.5327,0.8551,16.2000,0.3528,0.3332,4.6597,0.1243,0.1243,0.0000,62225
50,24,square_waypoints,0.01,0.003,0.0,0.12,high_slip,constrained_fisher,g1.00_1.00_s0.20,0.0000,0.9805,0.7179,17.0100,0.1051,0.1420,2.7647,0.1505,0.1505,0.0000,62226
51,24,square_waypoints,0.01,0.003,0.0,0.12,left_gain_loss,null_probe,g0.60_1.00_s0.02,0.0200,0.9454,0.6907,12.8550,0.0553,0.0926,1.0864,0.0616,0.0160,-0.0457,63227
51,24,square_waypoints,0.01,0.003,0.0,0.12,left_gain_loss,unpaired_null,g0.60_1.00_s0.02,0.0200,0.8315,0.6966,12.8550,0.0465,0.1789,2.5667,0.0158,0.0168,0.0010,63228
51,24,square_waypoints,0.01,0.003,0.0,0.12,left_gain_loss,random_probe,g0.60_1.00_s0.02,0.0200,1.2655,0.5932,6.2777,0.2326,0.2618,3.3774,0.0408,0.1442,0.1034,63229
51,24,square_waypoints,0.01,0.003,0.0,0.12,left_gain_loss,task_greedy,g0.60_1.00_s0.02,0.0200,1.6910,0.2464,12.4371,1.3024,1.2915,16.4252,0.0305,0.0363,0.0058,63230
51,24,square_waypoints,0.01,0.003,0.0,0.12,left_gain_loss,fisher_grid,g0.60_1.00_s0.10,0.1000,1.0671,0.4630,16.2000,0.3352,0.3518,3.6449,0.0266,0.0335,0.0069,63231
51,24,square_waypoints,0.01,0.003,0.0,0.12,left_gain_loss,constrained_fisher,g0.60_1.00_s0.02,0.0200,0.3513,0.9122,18.2250,0.1142,0.1068,1.7143,0.0192,0.1809,0.1618,63232
51,24,square_waypoints,0.01,0.003,0.0,0.12,right_gain_loss,null_probe,g1.00_0.60_s0.02,0.0200,1.1434,0.5601,12.8550,0.0857,0.1069,1.3238,0.0523,0.0462,-0.0060,63233
51,24,square_waypoints,0.01,0.003,0.0,0.12,right_gain_loss,unpaired_null,g1.00_0.60_s0.10,0.1000,1.0714,0.6714,12.8550,0.0616,0.2918,3.6934,0.0233,0.0186,-0.0047,63234
51,24,square_waypoints,0.01,0.003,0.0,0.12,right_gain_loss,random_probe,g1.00_0.60_s0.10,0.1000,1.3011,0.4503,6.0256,0.1581,0.2399,3.3256,0.0802,0.1600,0.0798,63235
51,24,square_waypoints,0.01,0.003,0.0,0.12,right_gain_loss,task_greedy,g1.00_0.60_s0.02,0.0200,1.5007,0.2946,12.4141,1.3108,1.3006,16.4309,0.0297,0.0187,-0.0110,63236
51,24,square_waypoints,0.01,0.003,0.0,0.12,right_gain_loss,fisher_grid,g1.00_0.60_s0.02,0.0200,0.7415,0.6977,16.2000,0.3601,0.3511,3.4642,0.0748,0.1785,0.1038,63237
51,24,square_waypoints,0.01,0.003,0.0,0.12,right_gain_loss,constrained_fisher,g1.00_0.60_s0.02,0.0200,0.4844,0.8662,17.0100,0.1356,0.1082,1.9858,0.0340,0.1548,0.1209,63238
51,24,square_waypoints,0.01,0.003,0.0,0.12,symmetric_low_power,null_probe,g0.75_0.75_s0.10,0.1400,1.7975,0.2970,12.8550,0.0295,0.0773,0.9288,0.0333,0.0430,0.0097,63239
51,24,square_waypoints,0.01,0.003,0.0,0.12,symmetric_low_power,unpaired_null,g0.75_0.75_s0.10,0.1400,1.1293,0.5227,12.8550,0.0086,0.2051,2.5040,0.0519,0.0850,0.0331,63240
51,24,square_waypoints,0.01,0.003,0.0,0.12,symmetric_low_power,random_probe,g0.75_0.75_s0.02,0.0600,1.9821,0.3726,5.5923,0.1723,0.2110,2.1446,0.0431,0.0487,0.0057,63241
51,24,square_waypoints,0.01,0.003,0.0,0.12,symmetric_low_power,task_greedy,g0.75_0.75_s0.02,0.0600,1.3255,0.3196,11.7606,1.1957,1.1821,14.8786,0.0307,0.0760,0.0453,63242
51,24,square_waypoints,0.01,0.003,0.0,0.12,symmetric_low_power,fisher_grid,g0.75_0.75_s0.02,0.0600,1.1342,0.4603,16.2000,0.2355,0.2577,2.8377,0.0198,0.0207,0.0010,63243
51,24,square_waypoints,0.01,0.003,0.0,0.12,symmetric_low_power,constrained_fisher,g0.75_0.60_s0.02,0.1500,0.6940,0.6777,19.4400,0.0136,0.0786,1.0569,0.0290,0.0520,0.0230,63244
51,24,square_waypoints,0.01,0.003,0.0,0.12,high_slip,null_probe,g1.00_1.00_s0.20,0.0000,0.4471,0.8768,12.8550,0.0588,0.1374,1.6466,0.1179,0.1179,0.0000,63245
51,24,square_waypoints,0.01,0.003,0.0,0.12,high_slip,unpaired_null,g1.00_1.00_s0.20,0.0000,1.1812,0.5922,12.8550,0.2230,0.3298,5.2876,0.0406,0.0406,0.0000,63246
51,24,square_waypoints,0.01,0.003,0.0,0.12,high_slip,random_probe,g1.00_1.00_s0.20,0.0000,1.3999,0.5108,5.4802,0.1540,0.2312,2.7865,0.1401,0.1401,0.0000,63247
51,24,square_waypoints,0.01,0.003,0.0,0.12,high_slip,task_greedy,g1.00_1.00_s0.02,0.1800,1.5196,0.2988,11.7614,1.6622,1.6682,20.8727,0.0335,0.0335,0.0000,63248
51,24,square_waypoints,0.01,0.003,0.0,0.12,high_slip,fisher_grid,g1.00_1.00_s0.20,0.0000,0.6869,0.7669,16.2000,0.3919,0.3919,4.8356,0.0204,0.0204,0.0000,63249
51,24,square_waypoints,0.01,0.003,0.0,0.12,high_slip,constrained_fisher,g1.00_1.00_s0.20,0.0000,0.5191,0.8549,13.5675,0.1254,0.1738,2.3995,0.0598,0.0598,0.0000,63250
52,24,square_waypoints,0.01,0.003,0.0,0.12,left_gain_loss,null_probe,g0.60_1.00_s0.02,0.0200,1.4047,0.5440,12.8550,0.0342,0.0858,1.0781,0.0050,0.0722,0.0672,64251
52,24,square_waypoints,0.01,0.003,0.0,0.12,left_gain_loss,unpaired_null,g0.60_1.00_s0.02,0.0200,1.3850,0.5264,12.8550,0.0948,0.1723,2.2668,0.0866,0.0202,-0.0664,64252
52,24,square_waypoints,0.01,0.003,0.0,0.12,left_gain_loss,random_probe,g0.60_1.00_s0.02,0.0200,0.6298,0.8157,7.8023,0.3320,0.3506,5.0471,0.0521,0.0436,-0.0086,64253
52,24,square_waypoints,0.01,0.003,0.0,0.12,left_gain_loss,task_greedy,g0.60_0.90_s0.02,0.1200,1.8099,0.1906,12.4142,1.2694,1.2778,16.3563,0.0262,0.1239,0.0977,64254
52,24,square_waypoints,0.01,0.003,0.0,0.12,left_gain_loss,fisher_grid,g0.60_1.00_s0.10,0.1000,1.2951,0.4308,16.2000,0.3870,0.3872,4.1933,0.0724,0.2311,0.1587,64255
52,24,square_waypoints,0.01,0.003,0.0,0.12,left_gain_loss,constrained_fisher,g0.60_1.00_s0.02,0.0200,1.4548,0.5104,16.9088,0.0702,0.1201,1.9852,0.0249,0.0309,0.0060,64256
52,24,square_waypoints,0.01,0.003,0.0,0.12,right_gain_loss,null_probe,g1.00_0.60_s0.02,0.0200,0.7708,0.7608,12.8550,0.0976,0.1327,1.6498,0.0297,0.0446,0.0149,64257
52,24,square_waypoints,0.01,0.003,0.0,0.12,right_gain_loss,unpaired_null,g1.00_0.60_s0.02,0.0200,0.7327,0.7690,12.8550,0.0617,0.2865,3.4937,0.1005,0.0339,-0.0666,64258
52,24,square_waypoints,0.01,0.003,0.0,0.12,right_gain_loss,random_probe,g0.90_0.75_s0.20,0.4100,2.5430,0.1672,4.7163,0.3599,0.3973,5.2903,0.0335,0.0115,-0.0221,64259
52,24,square_waypoints,0.01,0.003,0.0,0.12,right_gain_loss,task_greedy,g1.00_0.60_s0.02,0.0200,1.6104,0.2773,12.4205,1.3082,1.2902,16.3780,0.0084,0.1086,0.1002,64260
52,24,square_waypoints,0.01,0.003,0.0,0.12,right_gain_loss,fisher_grid,g1.00_0.60_s0.10,0.1000,1.1894,0.4785,16.2000,0.3926,0.3881,3.7185,0.0236,0.0517,0.0281,64261
52,24,square_waypoints,0.01,0.003,0.0,0.12,right_gain_loss,constrained_fisher,g1.00_0.60_s0.02,0.0200,0.1795,0.9627,17.5163,0.0987,0.1174,2.0333,0.0164,0.0710,0.0546,64262
52,24,square_waypoints,0.01,0.003,0.0,0.12,symmetric_low_power,null_probe,g0.75_0.75_s0.02,0.0600,0.6026,0.8253,12.8550,0.0364,0.0649,0.8940,0.0522,0.0374,-0.0148,64263
52,24,square_waypoints,0.01,0.003,0.0,0.12,symmetric_low_power,unpaired_null,g0.75_0.75_s0.10,0.1400,1.1761,0.4616,12.8550,0.0394,0.2032,2.4433,0.0302,0.0995,0.0693,64264
52,24,square_waypoints,0.01,0.003,0.0,0.12,symmetric_low_power,random_probe,g0.75_0.75_s0.02,0.0600,2.0236,0.2500,7.2499,0.2232,0.2106,2.3779,0.0406,0.0684,0.0278,64265
52,24,square_waypoints,0.01,0.003,0.0,0.12,symmetric_low_power,task_greedy,g0.60_0.60_s0.02,0.2400,1.6419,0.2875,11.7609,1.2120,1.2153,15.0285,0.0319,0.0456,0.0138,64266
52,24,square_waypoints,0.01,0.003,0.0,0.12,symmetric_low_power,fisher_grid,g0.75_0.75_s0.02,0.0600,0.5142,0.8709,16.2000,0.2813,0.2740,2.8167,0.0207,0.0169,-0.0038,64267
52,24,square_waypoints,0.01,0.003,0.0,0.12,symmetric_low_power,constrained_fisher,g0.75_0.75_s0.02,0.0600,0.1250,0.9784,19.4400,0.0251,0.0824,1.1041,0.0315,0.0600,0.0285,64268
52,24,square_waypoints,0.01,0.003,0.0,0.12,high_slip,null_probe,g1.00_1.00_s0.20,0.0000,1.0718,0.6801,12.8550,0.1449,0.1998,2.4292,0.1068,0.1068,0.0000,64269
52,24,square_waypoints,0.01,0.003,0.0,0.12,high_slip,unpaired_null,g1.00_1.00_s0.20,0.0000,0.5845,0.8459,12.8550,0.0132,0.2840,3.5446,0.1580,0.1580,0.0000,64270
52,24,square_waypoints,0.01,0.003,0.0,0.12,high_slip,random_probe,g1.00_1.00_s0.20,0.0000,1.2911,0.4236,5.7317,0.2425,0.3799,4.9888,0.1133,0.1133,0.0000,64271
52,24,square_waypoints,0.01,0.003,0.0,0.12,high_slip,task_greedy,g1.00_1.00_s0.02,0.1800,1.4363,0.3079,11.7629,1.7098,1.7259,21.6501,0.2167,0.2167,0.0000,64272
52,24,square_waypoints,0.01,0.003,0.0,0.12,high_slip,fisher_grid,g1.00_1.00_s0.20,0.0000,0.3779,0.9127,16.2000,0.3051,0.3101,3.6019,0.0923,0.0923,0.0000,64273
52,24,square_waypoints,0.01,0.003,0.0,0.12,high_slip,constrained_fisher,g1.00_1.00_s0.20,0.0000,0.5930,0.8442,19.4400,0.0765,0.1044,2.2666,0.1519,0.1519,0.0000,64274
53,24,square_waypoints,0.01,0.003,0.0,0.12,left_gain_loss,null_probe,g0.60_1.00_s0.10,0.1000,1.6748,0.2652,12.8550,0.0538,0.1158,1.6668,0.0311,0.0608,0.0297,65275
53,24,square_waypoints,0.01,0.003,0.0,0.12,left_gain_loss,unpaired_null,g0.60_1.00_s0.10,0.1000,0.9938,0.6869,12.8550,0.0606,0.1790,2.5597,0.0402,0.0238,-0.0164,65276
53,24,square_waypoints,0.01,0.003,0.0,0.12,left_gain_loss,random_probe,g0.60_1.00_s0.02,0.0200,1.8748,0.3135,5.4515,0.2070,0.2916,3.6468,0.0598,0.1481,0.0883,65277
53,24,square_waypoints,0.01,0.003,0.0,0.12,left_gain_loss,task_greedy,g0.60_1.00_s0.02,0.0200,1.7410,0.2361,12.4311,1.2953,1.2765,16.2517,0.0278,0.0424,0.0146,65278
53,24,square_waypoints,0.01,0.003,0.0,0.12,left_gain_loss,fisher_grid,g0.60_1.00_s0.02,0.0200,0.5046,0.8514,16.2000,0.3843,0.3901,3.9665,0.0149,0.0432,0.0283,65279
53,24,square_waypoints,0.01,0.003,0.0,0.12,left_gain_loss,constrained_fisher,g0.60_1.00_s0.02,0.0200,0.1825,0.9620,19.1363,0.1022,0.1088,1.6416,0.0306,0.0345,0.0039,65280
53,24,square_waypoints,0.01,0.003,0.0,0.12,right_gain_loss,null_probe,g1.00_0.60_s0.02,0.0200,1.2713,0.5371,12.8550,0.0545,0.0904,1.0675,0.0400,0.0266,-0.0134,65281
53,24,square_waypoints,0.01,0.003,0.0,0.12,right_gain_loss,unpaired_null,g1.00_0.60_s0.02,0.0200,0.9343,0.7123,12.8550,0.0424,0.3022,3.6561,0.0469,0.0127,-0.0342,65282
53,24,square_waypoints,0.01,0.003,0.0,0.12,right_gain_loss,random_probe,g1.00_0.60_s0.02,0.0200,1.6921,0.3306,4.0708,0.3079,0.2754,2.8709,0.0273,0.1026,0.0753,65283
53,24,square_waypoints,0.01,0.003,0.0,0.12,right_gain_loss,task_greedy,g1.00_0.60_s0.02,0.0200,1.8363,0.2353,12.4541,1.2965,1.2976,16.5781,0.0736,0.0251,-0.0485,65284
53,24,square_waypoints,0.01,0.003,0.0,0.12,right_gain_loss,fisher_grid,g1.00_0.60_s0.02,0.0200,0.7489,0.5878,16.2000,0.3386,0.3349,3.3029,0.0402,0.0122,-0.0279,65285
53,24,square_waypoints,0.01,0.003,0.0,0.12,right_gain_loss,constrained_fisher,g1.00_0.60_s0.02,0.0200,0.2300,0.9483,18.5288,0.0960,0.1129,1.8066,0.0625,0.0348,-0.0276,65286
53,24,square_waypoints,0.01,0.003,0.0,0.12,symmetric_low_power,null_probe,g0.75_0.75_s0.02,0.0600,1.0024,0.4883,12.8550,0.0404,0.0829,1.0604,0.0391,0.0657,0.0266,65287
53,24,square_waypoints,0.01,0.003,0.0,0.12,symmetric_low_power,unpaired_null,g0.75_0.75_s0.02,0.0600,0.8952,0.6674,12.8550,0.0192,0.2023,2.4753,0.0341,0.0821,0.0480,65288
53,24,square_waypoints,0.01,0.003,0.0,0.12,symmetric_low_power,random_probe,g0.75_0.75_s0.02,0.0600,1.5171,0.5730,6.3646,0.3257,0.3274,3.7583,0.0285,0.0247,-0.0038,65289
53,24,square_waypoints,0.01,0.003,0.0,0.12,symmetric_low_power,task_greedy,g0.75_0.75_s0.02,0.0600,1.5197,0.3012,11.7610,1.2170,1.1955,15.1083,0.0338,0.0896,0.0558,65290
53,24,square_waypoints,0.01,0.003,0.0,0.12,symmetric_low_power,fisher_grid,g0.75_0.75_s0.02,0.0600,1.4239,0.3233,16.2000,0.2559,0.2741,2.9438,0.0498,0.0507,0.0009,65291
53,24,square_waypoints,0.01,0.003,0.0,0.12,symmetric_low_power,constrained_fisher,g0.75_0.75_s0.02,0.0600,0.5129,0.8586,19.4400,0.0179,0.0842,1.0613,0.0508,0.0140,-0.0368,65292
53,24,square_waypoints,0.01,0.003,0.0,0.12,high_slip,null_probe,g1.00_1.00_s0.20,0.0000,0.7251,0.7275,12.8550,0.0185,0.1397,1.7810,0.0997,0.0997,0.0000,65293
53,24,square_waypoints,0.01,0.003,0.0,0.12,high_slip,unpaired_null,g1.00_1.00_s0.20,0.0000,0.7977,0.7686,12.8550,0.0823,0.2941,3.8146,0.0453,0.0453,0.0000,65294
53,24,square_waypoints,0.01,0.003,0.0,0.12,high_slip,random_probe,g0.90_1.00_s0.20,0.1000,1.4323,0.4048,5.5441,0.1094,0.2338,3.3798,0.1236,0.1803,0.0567,65295
53,24,square_waypoints,0.01,0.003,0.0,0.12,high_slip,task_greedy,g0.90_0.90_s0.20,0.2000,2.2992,0.1774,11.7624,1.6832,1.6747,20.9989,0.0880,0.1069,0.0189,65296
53,24,square_waypoints,0.01,0.003,0.0,0.12,high_slip,fisher_grid,g1.00_1.00_s0.20,0.0000,0.5283,0.8328,16.2000,0.4564,0.4401,4.5291,0.0289,0.0289,0.0000,65297
53,24,square_waypoints,0.01,0.003,0.0,0.12,high_slip,constrained_fisher,g1.00_1.00_s0.20,0.0000,1.0517,0.6968,7.2900,0.1045,0.1274,2.8629,0.0139,0.0139,0.0000,65298
54,24,square_waypoints,0.01,0.003,0.0,0.12,left_gain_loss,null_probe,g0.60_1.00_s0.02,0.0200,2.0200,0.2356,12.8550,0.0609,0.0979,1.1921,0.0507,0.0749,0.0242,66299
54,24,square_waypoints,0.01,0.003,0.0,0.12,left_gain_loss,unpaired_null,g0.60_1.00_s0.02,0.0200,1.2765,0.4905,12.8550,0.0804,0.1803,2.6108,0.0425,0.0714,0.0290,66300
54,24,square_waypoints,0.01,0.003,0.0,0.12,left_gain_loss,random_probe,g0.60_1.00_s0.02,0.0200,1.7095,0.3988,6.6974,0.1475,0.1889,2.5419,0.0163,0.0472,0.0309,66301
54,24,square_waypoints,0.01,0.003,0.0,0.12,left_gain_loss,task_greedy,g0.60_1.00_s0.02,0.0200,1.7931,0.2025,12.4412,1.2711,1.2680,16.0353,0.0267,0.0287,0.0019,66302
54,24,square_waypoints,0.01,0.003,0.0,0.12,left_gain_loss,fisher_grid,g0.60_1.00_s0.02,0.0200,0.4437,0.8988,16.2000,0.3457,0.3374,3.3832,0.0232,0.0152,-0.0080,66303
54,24,square_waypoints,0.01,0.003,0.0,0.12,left_gain_loss,constrained_fisher,g0.60_1.00_s0.02,0.0200,0.7829,0.7202,18.8325,0.0748,0.1092,1.7281,0.0419,0.1612,0.1193,66304
54,24,square_waypoints,0.01,0.003,0.0,0.12,right_gain_loss,null_probe,g0.90_0.60_s0.10,0.2000,1.4714,0.3238,12.8550,0.0475,0.0892,1.1222,0.1211,0.0181,-0.1029,66305
54,24,square_waypoints,0.01,0.003,0.0,0.12,right_gain_loss,unpaired_null,g1.00_0.60_s0.02,0.0200,0.8453,0.7497,12.8550,0.0861,0.3027,3.9491,0.0614,0.0876,0.0263,66306
54,24,square_waypoints,0.01,0.003,0.0,0.12,right_gain_loss,random_probe,g1.00_0.60_s0.02,0.0200,1.4718,0.4668,5.4672,0.1917,0.3275,4.0011,0.0251,0.1195,0.0944,66307
54,24,square_waypoints,0.01,0.003,0.0,0.12,right_gain_loss,task_greedy,g1.00_0.60_s0.02,0.0200,1.5049,0.3144,12.4376,1.2831,1.2896,16.5950,0.0537,0.0554,0.0017,66308
54,24,square_waypoints,0.01,0.003,0.0,0.12,right_gain_loss,fisher_grid,g1.00_0.60_s0.02,0.0200,1.1032,0.6723,16.2000,0.3098,0.3273,3.0401,0.0221,0.0062,-0.0159,66309
54,24,square_waypoints,0.01,0.003,0.0,0.12,right_gain_loss,constrained_fisher,g1.00_0.60_s0.02,0.0200,0.0535,0.9920,18.5288,0.1244,0.1073,1.7509,0.0170,0.0171,0.0001,66310
54,24,square_waypoints,0.01,0.003,0.0,0.12,symmetric_low_power,null_probe,g0.75_0.75_s0.02,0.0600,1.0184,0.5664,12.8550,0.0259,0.0804,1.0507,0.0256,0.0544,0.0288,66311
54,24,square_waypoints,0.01,0.003,0.0,0.12,symmetric_low_power,unpaired_null,g0.75_0.75_s0.02,0.0600,1.0527,0.5440,12.8550,0.0337,0.2057,2.5607,0.0489,0.0906,0.0417,66312
54,24,square_waypoints,0.01,0.003,0.0,0.12,symmetric_low_power,random_probe,g0.75_0.60_s0.02,0.1500,2.0490,0.2330,6.3836,0.1480,0.2275,3.1667,0.0339,0.0536,0.0197,66313
54,24,square_waypoints,0.01,0.003,0.0,0.12,symmetric_low_power,task_greedy,g0.75_0.75_s0.02,0.0600,1.3665,0.3155,11.7607,1.2519,1.2446,15.5484,0.0682,0.0295,-0.0387,66314
54,24,square_waypoints,0.01,0.003,0.0,0.12,symmetric_low_power,fisher_grid,g0.75_0.75_s0.02,0.0600,0.2626,0.9449,16.2000,0.2650,0.2614,2.8069,0.0412,0.0765,0.0352,66315
54,24,square_waypoints,0.01,0.003,0.0,0.12,symmetric_low_power,constrained_fisher,g0.75_0.75_s0.02,0.0600,0.4415,0.8825,19.4400,0.0450,0.0771,1.0127,0.0535,0.0603,0.0069,66316
54,24,square_waypoints,0.01,0.003,0.0,0.12,high_slip,null_probe,g1.00_1.00_s0.20,0.0000,0.5346,0.8486,12.8550,0.0844,0.1642,2.4243,0.1192,0.1192,0.0000,66317
54,24,square_waypoints,0.01,0.003,0.0,0.12,high_slip,unpaired_null,g1.00_1.00_s0.20,0.0000,0.4192,0.8975,12.8550,0.3072,0.3616,5.3611,0.0505,0.0505,0.0000,66318
54,24,square_waypoints,0.01,0.003,0.0,0.12,high_slip,random_probe,g1.00_1.00_s0.20,0.0000,1.8667,0.2927,6.0286,0.3883,0.4485,4.7656,0.0648,0.0648,0.0000,66319
54,24,square_waypoints,0.01,0.003,0.0,0.12,high_slip,task_greedy,g1.00_1.00_s0.02,0.1800,1.3551,0.3157,11.7617,1.6765,1.6982,21.2282,0.0460,0.0460,0.0000,66320
54,24,square_waypoints,0.01,0.003,0.0,0.12,high_slip,fisher_grid,g1.00_0.90_s0.20,0.1000,1.2098,0.4300,16.2000,0.4479,0.4651,6.7701,0.1910,0.1998,0.0088,66321
54,24,square_waypoints,0.01,0.003,0.0,0.12,high_slip,constrained_fisher,g1.00_1.00_s0.20,0.0000,0.5734,0.8549,10.5300,0.1512,0.1653,3.0139,0.0465,0.0465,0.0000,66322
55,24,square_waypoints,0.01,0.003,0.0,0.12,left_gain_loss,null_probe,g0.60_1.00_s0.02,0.0200,0.9730,0.5046,12.8550,0.0446,0.1020,1.4799,0.0515,0.0226,-0.0289,67323
55,24,square_waypoints,0.01,0.003,0.0,0.12,left_gain_loss,unpaired_null,g0.60_1.00_s0.02,0.0200,0.9138,0.7018,12.8550,0.0794,0.2148,2.8985,0.0270,0.0182,-0.0088,67324
55,24,square_waypoints,0.01,0.003,0.0,0.12,left_gain_loss,random_probe,g0.60_1.00_s0.02,0.0200,1.0588,0.6939,5.9511,0.1214,0.1302,1.5216,0.0740,0.0158,-0.0583,67325
55,24,square_waypoints,0.01,0.003,0.0,0.12,left_gain_loss,task_greedy,g0.60_1.00_s0.20,0.2000,1.8214,0.2059,12.4539,1.2736,1.2813,16.4452,0.0233,0.0222,-0.0011,67326
55,24,square_waypoints,0.01,0.003,0.0,0.12,left_gain_loss,fisher_grid,g0.60_1.00_s0.02,0.0200,0.6932,0.7155,16.2000,0.3911,0.3963,4.3144,0.0091,0.0568,0.0476,67327
55,24,square_waypoints,0.01,0.003,0.0,0.12,left_gain_loss,constrained_fisher,g0.60_1.00_s0.02,0.0200,0.7700,0.7584,17.3138,0.1132,0.1227,2.0746,0.0844,0.0198,-0.0646,67328
55,24,square_waypoints,0.01,0.003,0.0,0.12,right_gain_loss,null_probe,g1.00_0.60_s0.02,0.0200,1.5420,0.4708,12.8550,0.0560,0.1039,1.3274,0.0394,0.0181,-0.0213,67329
55,24,square_waypoints,0.01,0.003,0.0,0.12,right_gain_loss,unpaired_null,g1.00_0.60_s0.02,0.0200,0.9661,0.5749,12.8550,0.0462,0.2719,3.3592,0.0081,0.1123,0.1041,67330
55,24,square_waypoints,0.01,0.003,0.0,0.12,right_gain_loss,random_probe,g1.00_0.60_s0.02,0.0200,1.1273,0.6579,5.2723,0.1219,0.2066,3.2162,0.0538,0.0172,-0.0366,67331
55,24,square_waypoints,0.01,0.003,0.0,0.12,right_gain_loss,task_greedy,g1.00_0.60_s0.02,0.0200,1.7642,0.2608,12.4399,1.2828,1.2721,16.1129,0.0478,0.0271,-0.0207,67332
55,24,square_waypoints,0.01,0.003,0.0,0.12,right_gain_loss,fisher_grid,g1.00_0.60_s0.02,0.0200,1.2524,0.5936,16.2000,0.3299,0.3431,3.2138,0.0549,0.1414,0.0865,67333
55,24,square_waypoints,0.01,0.003,0.0,0.12,right_gain_loss,constrained_fisher,g1.00_0.60_s0.02,0.0200,0.9969,0.6716,19.1363,0.0979,0.0982,1.6119,0.0315,0.1086,0.0771,67334
55,24,square_waypoints,0.01,0.003,0.0,0.12,symmetric_low_power,null_probe,g0.75_0.75_s0.10,0.1400,1.5764,0.4542,12.8550,0.0212,0.0692,0.8389,0.0131,0.0383,0.0253,67335
55,24,square_waypoints,0.01,0.003,0.0,0.12,symmetric_low_power,unpaired_null,g0.60_0.75_s0.02,0.1500,1.7820,0.3212,12.8550,0.0234,0.1961,2.3113,0.0479,0.0389,-0.0090,67336
55,24,square_waypoints,0.01,0.003,0.0,0.12,symmetric_low_power,random_probe,g0.75_0.75_s0.10,0.1400,2.3482,0.2073,5.2567,0.1575,0.1921,2.7537,0.0564,0.0445,-0.0119,67337
55,24,square_waypoints,0.01,0.003,0.0,0.12,symmetric_low_power,task_greedy,g0.75_0.75_s0.20,0.2400,1.8344,0.2604,11.7616,1.1857,1.1938,15.0424,0.0379,0.0506,0.0127,67338
55,24,square_waypoints,0.01,0.003,0.0,0.12,symmetric_low_power,fisher_grid,g0.75_0.75_s0.10,0.1400,0.8662,0.5632,16.2000,0.2334,0.2304,2.4098,0.0598,0.0418,-0.0180,67339
55,24,square_waypoints,0.01,0.003,0.0,0.12,symmetric_low_power,constrained_fisher,g0.75_0.75_s0.02,0.0600,1.6597,0.2834,19.4400,0.0198,0.0861,1.1188,0.0543,0.0904,0.0361,67340
55,24,square_waypoints,0.01,0.003,0.0,0.12,high_slip,null_probe,g1.00_1.00_s0.20,0.0000,0.8628,0.6234,12.8550,0.1681,0.2281,3.2140,0.0426,0.0426,0.0000,67341
55,24,square_waypoints,0.01,0.003,0.0,0.12,high_slip,unpaired_null,g1.00_1.00_s0.20,0.0000,1.6973,0.3194,12.8550,0.0639,0.3072,3.7698,0.0676,0.0676,0.0000,67342
55,24,square_waypoints,0.01,0.003,0.0,0.12,high_slip,random_probe,g1.00_0.90_s0.20,0.1000,1.4466,0.3117,7.2686,0.4455,0.4424,5.3376,0.1518,0.0802,-0.0715,67343
55,24,square_waypoints,0.01,0.003,0.0,0.12,high_slip,task_greedy,g1.00_1.00_s0.20,0.0000,1.8453,0.2614,11.7619,1.6809,1.6869,21.0657,0.1280,0.1280,0.0000,67344
55,24,square_waypoints,0.01,0.003,0.0,0.12,high_slip,fisher_grid,g1.00_1.00_s0.20,0.0000,0.5305,0.8747,16.2000,0.4524,0.4464,5.4288,0.0333,0.0333,0.0000,67345
55,24,square_waypoints,0.01,0.003,0.0,0.12,high_slip,constrained_fisher,g1.00_1.00_s0.10,0.1000,1.1480,0.4602,18.8325,0.0886,0.1289,2.5403,0.0320,0.0320,0.0000,67346
56,24,square_waypoints,0.01,0.003,0.0,0.12,left_gain_loss,null_probe,g0.60_1.00_s0.10,0.1000,1.3850,0.5261,12.8550,0.0853,0.1235,1.6404,0.0238,0.0270,0.0032,68347
56,24,square_waypoints,0.01,0.003,0.0,0.12,left_gain_loss,unpaired_null,g0.60_1.00_s0.02,0.0200,1.0387,0.6149,12.8550,0.0942,0.1871,2.6295,0.0222,0.0226,0.0004,68348
56,24,square_waypoints,0.01,0.003,0.0,0.12,left_gain_loss,random_probe,g0.60_1.00_s0.10,0.1000,1.7218,0.4204,7.4299,0.1583,0.2506,3.8051,0.0284,0.0723,0.0439,68349
56,24,square_waypoints,0.01,0.003,0.0,0.12,left_gain_loss,task_greedy,g0.60_0.90_s0.20,0.3000,1.8081,0.2040,12.4477,1.3067,1.2846,16.5076,0.0981,0.1630,0.0648,68350
56,24,square_waypoints,0.01,0.003,0.0,0.12,left_gain_loss,fisher_grid,g0.60_1.00_s0.02,0.0200,0.5226,0.8617,16.2000,0.3502,0.3589,3.6923,0.0357,0.0988,0.0631,68351
56,24,square_waypoints,0.01,0.003,0.0,0.12,left_gain_loss,constrained_fisher,g0.60_1.00_s0.02,0.0200,0.0431,0.9937,17.9213,0.0723,0.1031,1.9225,0.0132,0.0252,0.0120,68352
56,24,square_waypoints,0.01,0.003,0.0,0.12,right_gain_loss,null_probe,g1.00_0.60_s0.02,0.0200,1.4808,0.4313,12.8550,0.0498,0.1023,1.3450,0.0406,0.0167,-0.0239,68353
56,24,square_waypoints,0.01,0.003,0.0,0.12,right_gain_loss,unpaired_null,g1.00_0.60_s0.02,0.0200,0.8775,0.6837,12.8550,0.0388,0.2909,3.6699,0.0990,0.0688,-0.0303,68354
56,24,square_waypoints,0.01,0.003,0.0,0.12,right_gain_loss,random_probe,g1.00_0.60_s0.02,0.0200,1.1520,0.6098,6.9728,0.2380,0.2497,3.0187,0.0413,0.1001,0.0588,68355
56,24,square_waypoints,0.01,0.003,0.0,0.12,right_gain_loss,task_greedy,g1.00_0.60_s0.02,0.0200,1.7474,0.2312,12.4244,1.2739,1.2725,16.2208,0.0885,0.1759,0.0874,68356
56,24,square_waypoints,0.01,0.003,0.0,0.12,right_gain_loss,fisher_grid,g1.00_0.60_s0.02,0.0200,0.3736,0.9141,16.2000,0.3919,0.3606,3.4741,0.0217,0.1161,0.0944,68357
56,24,square_waypoints,0.01,0.003,0.0,0.12,right_gain_loss,constrained_fisher,g1.00_0.60_s0.02,0.0200,0.5156,0.8582,19.4400,0.0511,0.1010,1.3045,0.0150,0.0267,0.0117,68358
56,24,square_waypoints,0.01,0.003,0.0,0.12,symmetric_low_power,null_probe,g0.75_0.75_s0.02,0.0600,1.1252,0.4392,12.8550,0.0229,0.0670,0.7733,0.0785,0.0514,-0.0271,68359
56,24,square_waypoints,0.01,0.003,0.0,0.12,symmetric_low_power,unpaired_null,g0.75_0.75_s0.10,0.1400,1.3751,0.4430,12.8550,0.0110,0.2079,2.5354,0.0217,0.0582,0.0365,68360
56,24,square_waypoints,0.01,0.003,0.0,0.12,symmetric_low_power,random_probe,g0.75_0.75_s0.02,0.0600,2.2551,0.2263,5.7485,0.1766,0.2421,3.9205,0.0300,0.0958,0.0658,68361
56,24,square_waypoints,0.01,0.003,0.0,0.12,symmetric_low_power,task_greedy,g0.90_0.90_s0.02,0.3600,1.9943,0.2486,11.7607,1.2026,1.2143,15.3244,0.0880,0.0306,-0.0574,68362
56,24,square_waypoints,0.01,0.003,0.0,0.12,symmetric_low_power,fisher_grid,g0.75_0.75_s0.10,0.1400,0.8888,0.5636,16.2000,0.2532,0.2595,2.8604,0.0379,0.0599,0.0221,68363
56,24,square_waypoints,0.01,0.003,0.0,0.12,symmetric_low_power,constrained_fisher,g0.75_0.75_s0.02,0.0600,0.6864,0.7424,19.4400,0.0149,0.0825,1.0143,0.0542,0.0300,-0.0242,68364
56,24,square_waypoints,0.01,0.003,0.0,0.12,high_slip,null_probe,g1.00_1.00_s0.20,0.0000,0.3808,0.9123,12.8550,0.2275,0.2623,2.9257,0.2535,0.2535,0.0000,68365
56,24,square_waypoints,0.01,0.003,0.0,0.12,high_slip,unpaired_null,g1.00_1.00_s0.20,0.0000,0.8793,0.7200,12.8550,0.1086,0.2938,3.8542,0.1043,0.1043,0.0000,68366
56,24,square_waypoints,0.01,0.003,0.0,0.12,high_slip,random_probe,g1.00_1.00_s0.20,0.0000,1.4897,0.3737,6.0945,0.2386,0.2735,4.1045,0.0757,0.0757,0.0000,68367
56,24,square_waypoints,0.01,0.003,0.0,0.12,high_slip,task_greedy,g1.00_1.00_s0.20,0.0000,2.3734,0.1255,11.7621,1.6769,1.6832,21.1729,0.1604,0.1604,0.0000,68368
56,24,square_waypoints,0.01,0.003,0.0,0.12,high_slip,fisher_grid,g1.00_1.00_s0.20,0.0000,0.2325,0.9481,16.2000,0.3714,0.3713,4.3661,0.0522,0.0522,0.0000,68369
56,24,square_waypoints,0.01,0.003,0.0,0.12,high_slip,constrained_fisher,g1.00_1.00_s0.20,0.0000,2.0248,0.2088,7.8975,0.1049,0.1266,2.6820,0.1179,0.1179,0.0000,68370
57,24,square_waypoints,0.01,0.003,0.0,0.12,left_gain_loss,null_probe,g0.60_1.00_s0.02,0.0200,0.7348,0.7836,12.8550,0.0173,0.0874,1.1049,0.0440,0.1248,0.0808,69371
57,24,square_waypoints,0.01,0.003,0.0,0.12,left_gain_loss,unpaired_null,g0.60_1.00_s0.02,0.0200,1.1418,0.6432,12.8550,0.0751,0.1769,2.2303,0.0818,0.0492,-0.0327,69372
57,24,square_waypoints,0.01,0.003,0.0,0.12,left_gain_loss,random_probe,g0.60_1.00_s0.02,0.0200,1.5560,0.4587,6.3976,0.1603,0.1982,2.6374,0.0228,0.0093,-0.0135,69373
57,24,square_waypoints,0.01,0.003,0.0,0.12,left_gain_loss,task_greedy,g0.60_1.00_s0.02,0.0200,1.5756,0.2855,12.4420,1.2537,1.2823,16.4502,0.0774,0.0189,-0.0585,69374
57,24,square_waypoints,0.01,0.003,0.0,0.12,left_gain_loss,fisher_grid,g0.60_1.00_s0.10,0.1000,0.8779,0.5474,16.2000,0.3786,0.3791,4.0555,0.0902,0.0902,0.0001,69375
57,24,square_waypoints,0.01,0.003,0.0,0.12,left_gain_loss,constrained_fisher,g0.75_0.90_s0.02,0.2300,1.2489,0.5396,19.1363,0.0695,0.1063,1.5426,0.1084,0.1112,0.0028,69376
57,24,square_waypoints,0.01,0.003,0.0,0.12,right_gain_loss,null_probe,g1.00_0.75_s0.02,0.1300,1.4420,0.4132,12.8550,0.0516,0.0936,1.2751,0.0443,0.0249,-0.0194,69377
57,24,square_waypoints,0.01,0.003,0.0,0.12,right_gain_loss,unpaired_null,g1.00_0.60_s0.02,0.0200,0.9711,0.6797,12.8550,0.0650,0.2865,3.6076,0.0696,0.0246,-0.0450,69378
57,24,square_waypoints,0.01,0.003,0.0,0.12,right_gain_loss,random_probe,g1.00_0.60_s0.02,0.0200,1.7206,0.4033,6.3348,0.1851,0.2661,3.0264,0.0128,0.0710,0.0582,69379
57,24,square_waypoints,0.01,0.003,0.0,0.12,right_gain_loss,task_greedy,g1.00_0.60_s0.02,0.0200,1.7131,0.2551,12.4476,1.2695,1.2747,16.2265,0.0648,0.0841,0.0193,69380
57,24,square_waypoints,0.01,0.003,0.0,0.12,right_gain_loss,fisher_grid,g1.00_0.60_s0.02,0.0200,0.8511,0.7276,16.2000,0.3982,0.3723,3.5553,0.0232,0.2173,0.1941,69381
57,24,square_waypoints,0.01,0.003,0.0,0.12,right_gain_loss,constrained_fisher,g1.00_0.60_s0.02,0.0200,0.1473,0.9719,17.7188,0.1545,0.1136,1.8265,0.0177,0.0147,-0.0030,69382
57,24,square_waypoints,0.01,0.003,0.0,0.12,symmetric_low_power,null_probe,g0.75_0.75_s0.02,0.0600,1.0730,0.5929,12.8550,0.0431,0.0909,1.0134,0.0442,0.0413,-0.0028,69383
57,24,square_waypoints,0.01,0.003,0.0,0.12,symmetric_low_power,unpaired_null,g0.75_0.75_s0.02,0.0600,1.1288,0.6009,12.8550,0.0121,0.2105,2.5302,0.0299,0.0657,0.0358,69384
57,24,square_waypoints,0.01,0.003,0.0,0.12,symmetric_low_power,random_probe,g0.75_0.75_s0.10,0.1400,2.4345,0.1734,6.3966,0.3033,0.3762,4.0962,0.0616,0.0619,0.0002,69385
57,24,square_waypoints,0.01,0.003,0.0,0.12,symmetric_low_power,task_greedy,g0.75_0.75_s0.02,0.0600,1.4418,0.3099,11.7616,1.2129,1.1976,15.0278,0.0458,0.0809,0.0351,69386
57,24,square_waypoints,0.01,0.003,0.0,0.12,symmetric_low_power,fisher_grid,g0.75_0.75_s0.02,0.0600,1.3094,0.6064,16.2000,0.2807,0.2796,3.0241,0.0152,0.0532,0.0381,69387
57,24,square_waypoints,0.01,0.003,0.0,0.12,symmetric_low_power,constrained_fisher,g0.75_0.75_s0.02,0.0600,0.4337,0.8874,19.4400,0.0092,0.0824,1.0485,0.0155,0.0793,0.0638,69388
57,24,square_waypoints,0.01,0.003,0.0,0.12,high_slip,null_probe,g1.00_1.00_s0.20,0.0000,0.6374,0.8295,12.8550,0.0581,0.1550,1.7922,0.1276,0.1276,0.0000,69389
57,24,square_waypoints,0.01,0.003,0.0,0.12,high_slip,unpaired_null,g1.00_1.00_s0.10,0.1000,1.0863,0.6800,12.8550,0.0366,0.2792,3.2771,0.0908,0.0908,0.0000,69390
57,24,square_waypoints,0.01,0.003,0.0,0.12,high_slip,random_probe,g1.00_1.00_s0.20,0.0000,1.3439,0.5604,5.4724,0.3523,0.4184,5.8143,0.1440,0.1440,0.0000,69391
57,24,square_waypoints,0.01,0.003,0.0,0.12,high_slip,task_greedy,g1.00_1.00_s0.20,0.0000,1.5406,0.2992,11.7620,1.6972,1.6976,20.9892,0.0456,0.0456,0.0000,69392
57,24,square_waypoints,0.01,0.003,0.0,0.12,high_slip,fisher_grid,g1.00_1.00_s0.20,0.0000,0.8398,0.4944,16.2000,0.3921,0.4240,6.2376,0.1588,0.1588,0.0000,69393
57,24,square_waypoints,0.01,0.003,0.0,0.12,high_slip,constrained_fisher,g1.00_1.00_s0.20,0.0000,1.5891,0.3677,8.5050,0.1007,0.1526,2.7956,0.0988,0.0988,0.0000,69394
58,24,square_waypoints,0.01,0.003,0.0,0.12,left_gain_loss,null_probe,g0.60_1.00_s0.02,0.0200,1.3837,0.3849,12.8550,0.0433,0.0987,1.3435,0.0766,0.0138,-0.0628,70395
58,24,square_waypoints,0.01,0.003,0.0,0.12,left_gain_loss,unpaired_null,g0.60_1.00_s0.02,0.0200,1.5911,0.4675,12.8550,0.0042,0.1872,2.6030,0.0200,0.0211,0.0011,70396
58,24,square_waypoints,0.01,0.003,0.0,0.12,left_gain_loss,random_probe,g0.60_1.00_s0.02,0.0200,1.5434,0.4552,6.7503,0.1223,0.1719,1.8359,0.0405,0.1198,0.0793,70397
58,24,square_waypoints,0.01,0.003,0.0,0.12,left_gain_loss,task_greedy,g0.60_1.00_s0.02,0.0200,1.8926,0.2457,12.4287,1.2743,1.2889,16.4309,0.0774,0.0171,-0.0603,70398
58,24,square_waypoints,0.01,0.003,0.0,0.12,left_gain_loss,fisher_grid,g0.60_1.00_s0.02,0.0200,0.9772,0.4908,16.2000,0.3686,0.3706,3.7953,0.0934,0.0747,-0.0186,70399
58,24,square_waypoints,0.01,0.003,0.0,0.12,left_gain_loss,constrained_fisher,g0.60_1.00_s0.10,0.1000,1.0204,0.6828,19.1363,0.0701,0.1182,1.5773,0.0542,0.0135,-0.0407,70400
58,24,square_waypoints,0.01,0.003,0.0,0.12,right_gain_loss,null_probe,g1.00_0.60_s0.02,0.0200,1.4712,0.3843,12.8550,0.0651,0.1260,1.7250,0.0794,0.1470,0.0675,70401
58,24,square_waypoints,0.01,0.003,0.0,0.12,right_gain_loss,unpaired_null,g1.00_0.60_s0.02,0.0200,1.3748,0.4089,12.8550,0.0557,0.3136,4.0219,0.0272,0.0241,-0.0031,70402
58,24,square_waypoints,0.01,0.003,0.0,0.12,right_gain_loss,random_probe,g1.00_0.75_s0.02,0.1300,1.8688,0.3068,6.4290,0.1555,0.1294,1.6133,0.0898,0.1300,0.0402,70403
58,24,square_waypoints,0.01,0.003,0.0,0.12,right_gain_loss,task_greedy,g1.00_0.60_s0.20,0.2000,1.7218,0.3017,12.4254,1.2991,1.2814,16.1937,0.0417,0.0265,-0.0152,70404
58,24,square_waypoints,0.01,0.003,0.0,0.12,right_gain_loss,fisher_grid,g1.00_0.60_s0.02,0.0200,0.4695,0.8418,16.2000,0.3547,0.3520,3.3604,0.0626,0.1298,0.0671,70405
58,24,square_waypoints,0.01,0.003,0.0,0.12,right_gain_loss,constrained_fisher,g1.00_0.60_s0.02,0.0200,0.1678,0.9703,17.7188,0.1323,0.1141,1.7812,0.0212,0.0237,0.0026,70406
58,24,square_waypoints,0.01,0.003,0.0,0.12,symmetric_low_power,null_probe,g0.75_0.75_s0.02,0.0600,1.0150,0.5139,12.8550,0.0573,0.0875,1.2290,0.0516,0.0830,0.0315,70407
58,24,square_waypoints,0.01,0.003,0.0,0.12,symmetric_low_power,unpaired_null,g0.75_0.75_s0.02,0.0600,0.7885,0.7206,12.8550,0.0429,0.1997,2.4688,0.0596,0.0979,0.0383,70408
58,24,square_waypoints,0.01,0.003,0.0,0.12,symmetric_low_power,random_probe,g0.75_0.75_s0.02,0.0600,2.4203,0.1945,4.4740,0.1268,0.1808,2.5937,0.0296,0.0909,0.0613,70409
58,24,square_waypoints,0.01,0.003,0.0,0.12,symmetric_low_power,task_greedy,g0.75_0.75_s0.02,0.0600,1.2845,0.3234,11.7613,1.2349,1.2362,15.3575,0.0580,0.0475,-0.0104,70410
58,24,square_waypoints,0.01,0.003,0.0,0.12,symmetric_low_power,fisher_grid,g0.75_0.75_s0.10,0.1400,0.8761,0.5101,16.2000,0.2699,0.2738,2.9507,0.0174,0.0285,0.0110,70411
58,24,square_waypoints,0.01,0.003,0.0,0.12,symmetric_low_power,constrained_fisher,g0.75_0.60_s0.10,0.2300,1.3285,0.4356,19.4400,0.0380,0.0844,1.0568,0.0325,0.0155,-0.0170,70412
58,24,square_waypoints,0.01,0.003,0.0,0.12,high_slip,null_probe,g1.00_1.00_s0.20,0.0000,0.1356,0.9752,12.8550,0.0786,0.1954,2.7165,0.1034,0.1034,0.0000,70413
58,24,square_waypoints,0.01,0.003,0.0,0.12,high_slip,unpaired_null,g1.00_1.00_s0.20,0.0000,0.6390,0.8368,12.8550,0.2816,0.4159,5.5063,0.2009,0.2009,0.0000,70414
58,24,square_waypoints,0.01,0.003,0.0,0.12,high_slip,random_probe,g1.00_1.00_s0.20,0.0000,0.6118,0.8380,6.7936,0.3149,0.3704,3.8388,0.1257,0.1257,0.0000,70415
58,24,square_waypoints,0.01,0.003,0.0,0.12,high_slip,task_greedy,g1.00_1.00_s0.20,0.0000,1.5485,0.2979,11.7616,1.6612,1.6625,20.7731,0.1207,0.1207,0.0000,70416
58,24,square_waypoints,0.01,0.003,0.0,0.12,high_slip,fisher_grid,g1.00_1.00_s0.20,0.0000,0.1889,0.9638,16.2000,0.3909,0.3602,4.8989,0.1005,0.1005,0.0000,70417
58,24,square_waypoints,0.01,0.003,0.0,0.12,high_slip,constrained_fisher,g1.00_1.00_s0.20,0.0000,0.9121,0.7438,7.2900,0.1485,0.1742,3.0370,0.1069,0.1069,0.0000,70418
59,24,square_waypoints,0.01,0.003,0.0,0.12,left_gain_loss,null_probe,g0.60_1.00_s0.02,0.0200,0.8451,0.6553,12.8550,0.0494,0.0972,1.1065,0.0717,0.1447,0.0730,71419
59,24,square_waypoints,0.01,0.003,0.0,0.12,left_gain_loss,unpaired_null,g0.60_1.00_s0.02,0.0200,1.2582,0.5236,12.8550,0.1057,0.1917,2.7272,0.0248,0.0287,0.0039,71420
59,24,square_waypoints,0.01,0.003,0.0,0.12,left_gain_loss,random_probe,g0.60_1.00_s0.10,0.1000,1.7850,0.4011,4.2803,0.0181,0.1118,1.3838,0.0638,0.2313,0.1675,71421
59,24,square_waypoints,0.01,0.003,0.0,0.12,left_gain_loss,task_greedy,g0.60_1.00_s0.02,0.0200,1.6255,0.2733,12.4853,1.2714,1.2665,15.9827,0.0221,0.0732,0.0511,71422
59,24,square_waypoints,0.01,0.003,0.0,0.12,left_gain_loss,fisher_grid,g0.60_1.00_s0.02,0.0200,0.8722,0.7290,16.2000,0.3773,0.3585,3.8346,0.0577,0.0228,-0.0349,71423
59,24,square_waypoints,0.01,0.003,0.0,0.12,left_gain_loss,constrained_fisher,g0.60_1.00_s0.02,0.0200,0.4158,0.8754,18.2250,0.1103,0.1095,1.7317,0.0968,0.0168,-0.0800,71424
59,24,square_waypoints,0.01,0.003,0.0,0.12,right_gain_loss,null_probe,g0.90_0.60_s0.02,0.1200,1.1296,0.5270,12.8550,0.0607,0.1010,1.3918,0.0788,0.0404,-0.0384,71425
59,24,square_waypoints,0.01,0.003,0.0,0.12,right_gain_loss,unpaired_null,g1.00_0.60_s0.10,0.1000,1.2157,0.4554,12.8550,0.0650,0.2900,3.7144,0.0293,0.1509,0.1216,71426
59,24,square_waypoints,0.01,0.003,0.0,0.12,right_gain_loss,random_probe,g1.00_0.60_s0.02,0.0200,1.1163,0.6116,6.9657,0.0615,0.2671,2.6503,0.0158,0.1399,0.1241,71427
59,24,square_waypoints,0.01,0.003,0.0,0.12,right_gain_loss,task_greedy,g1.00_0.60_s0.20,0.2000,1.7210,0.2348,12.4407,1.2927,1.2950,16.5979,0.0612,0.1644,0.1032,71428
59,24,square_waypoints,0.01,0.003,0.0,0.12,right_gain_loss,fisher_grid,g1.00_0.60_s0.02,0.0200,0.4329,0.8792,16.2000,0.3628,0.3476,3.4786,0.0795,0.0218,-0.0577,71429
59,24,square_waypoints,0.01,0.003,0.0,0.12,right_gain_loss,constrained_fisher,g1.00_0.60_s0.02,0.0200,0.0646,0.9894,16.3013,0.0945,0.1121,1.9973,0.0822,0.0184,-0.0639,71430
59,24,square_waypoints,0.01,0.003,0.0,0.12,symmetric_low_power,null_probe,g0.75_0.60_s0.10,0.2300,1.7874,0.2794,12.8550,0.0252,0.0861,1.0541,0.0438,0.0638,0.0199,71431
59,24,square_waypoints,0.01,0.003,0.0,0.12,symmetric_low_power,unpaired_null,g0.75_0.75_s0.02,0.0600,0.9127,0.6917,12.8550,0.0268,0.2233,2.7187,0.0383,0.0792,0.0409,71432
59,24,square_waypoints,0.01,0.003,0.0,0.12,symmetric_low_power,random_probe,g0.75_0.75_s0.02,0.0600,1.6591,0.4971,6.3127,0.1409,0.1991,2.5792,0.0332,0.0448,0.0116,71433
59,24,square_waypoints,0.01,0.003,0.0,0.12,symmetric_low_power,task_greedy,g0.75_0.75_s0.02,0.0600,1.3509,0.3173,11.7611,1.2099,1.2265,15.4531,0.0376,0.0550,0.0174,71434
59,24,square_waypoints,0.01,0.003,0.0,0.12,symmetric_low_power,fisher_grid,g0.75_0.75_s0.02,0.0600,0.5822,0.8437,16.2000,0.2767,0.2720,2.9615,0.0457,0.0588,0.0131,71435
59,24,square_waypoints,0.01,0.003,0.0,0.12,symmetric_low_power,constrained_fisher,g0.75_0.60_s0.02,0.1500,0.9029,0.5431,19.4400,0.0364,0.0937,1.1040,0.0589,0.0582,-0.0007,71436
59,24,square_waypoints,0.01,0.003,0.0,0.12,high_slip,null_probe,g1.00_1.00_s0.10,0.1000,1.7446,0.3692,12.8550,0.0606,0.1649,2.2130,0.1698,0.1698,0.0000,71437
59,24,square_waypoints,0.01,0.003,0.0,0.12,high_slip,unpaired_null,g1.00_1.00_s0.20,0.0000,0.2345,0.9520,12.8550,0.1011,0.2890,3.6565,0.0288,0.0288,0.0000,71438
59,24,square_waypoints,0.01,0.003,0.0,0.12,high_slip,random_probe,g1.00_1.00_s0.10,0.1000,1.9296,0.3732,6.2911,0.0507,0.3531,4.6812,0.1123,0.1123,0.0000,71439
59,24,square_waypoints,0.01,0.003,0.0,0.12,high_slip,task_greedy,g1.00_1.00_s0.20,0.0000,2.2137,0.1997,11.7617,1.7030,1.6852,21.0669,0.0333,0.0333,0.0000,71440
59,24,square_waypoints,0.01,0.003,0.0,0.12,high_slip,fisher_grid,g1.00_1.00_s0.20,0.0000,0.3076,0.9223,16.2000,0.3020,0.3136,3.9819,0.1006,0.1006,0.0000,71441
59,24,square_waypoints,0.01,0.003,0.0,0.12,high_slip,constrained_fisher,g1.00_1.00_s0.20,0.0000,0.9549,0.6551,11.7450,0.1206,0.1545,2.6651,0.0730,0.0730,0.0000,71442
0,40,square_waypoints,0.01,0.003,0.0,0.12,left_gain_loss,null_probe,g0.60_1.00_s0.02,0.0200,0.8329,0.6573,21.4250,0.0621,0.1018,2.0289,0.0940,0.0199,-0.0741,11003
0,40,square_waypoints,0.01,0.003,0.0,0.12,left_gain_loss,unpaired_null,g0.60_1.00_s0.10,0.1000,1.2874,0.4401,21.4250,0.1286,0.1914,4.6103,0.0546,0.0768,0.0222,11004
0,40,square_waypoints,0.01,0.003,0.0,0.12,left_gain_loss,random_probe,g0.60_1.00_s0.10,0.1000,1.5986,0.3119,10.8063,0.2290,0.2410,5.4857,0.0530,0.0263,-0.0267,11005
0,40,square_waypoints,0.01,0.003,0.0,0.12,left_gain_loss,task_greedy,g0.60_1.00_s0.02,0.0200,1.2881,0.5081,22.1030,2.2522,2.2596,44.9391,0.0414,0.1242,0.0828,11006
0,40,square_waypoints,0.01,0.003,0.0,0.12,left_gain_loss,fisher_grid,g0.60_1.00_s0.10,0.1000,0.9578,0.4667,27.5400,0.5391,0.5329,10.6344,0.1182,0.1500,0.0318,11007
0,40,square_waypoints,0.01,0.003,0.0,0.12,left_gain_loss,constrained_fisher,g0.60_1.00_s0.10,0.1000,1.3235,0.5022,21.2625,0.1321,0.1361,3.9580,0.0195,0.0657,0.0462,11008
0,40,square_waypoints,0.01,0.003,0.0,0.12,right_gain_loss,null_probe,g1.00_0.60_s0.02,0.0200,0.5665,0.8392,21.4250,0.0804,0.1403,2.9535,0.0155,0.0220,0.0065,11009
0,40,square_waypoints,0.01,0.003,0.0,0.12,right_gain_loss,unpaired_null,g1.00_0.60_s0.02,0.0200,1.0483,0.6182,21.4250,0.0229,0.2884,6.0851,0.0770,0.0610,-0.0160,11010
0,40,square_waypoints,0.01,0.003,0.0,0.12,right_gain_loss,random_probe,g1.00_0.60_s0.02,0.0200,1.4841,0.5034,10.9929,0.1743,0.2857,5.6042,0.0593,0.0182,-0.0411,11011
0,40,square_waypoints,0.01,0.003,0.0,0.12,right_gain_loss,task_greedy,g1.00_0.60_s0.10,0.1000,1.5338,0.3515,21.6352,2.1767,2.2077,43.9409,0.0161,0.0217,0.0056,11012
0,40,square_waypoints,0.01,0.003,0.0,0.12,right_gain_loss,fisher_grid,g1.00_0.60_s0.02,0.0200,0.6351,0.7356,27.5400,0.4998,0.5240,9.4708,0.0537,0.0287,-0.0250,11013
0,40,square_waypoints,0.01,0.003,0.0,0.12,right_gain_loss,constrained_fisher,g1.00_0.60_s0.02,0.0200,0.1797,0.9575,24.4013,0.1244,0.1263,3.5035,0.0291,0.0980,0.0690,11014
0,40,square_waypoints,0.01,0.003,0.0,0.12,symmetric_low_power,null_probe,g0.75_0.75_s0.02,0.0600,1.4971,0.3644,21.4250,0.0418,0.0905,1.8662,0.0520,0.0259,-0.0261,11015
0,40,square_waypoints,0.01,0.003,0.0,0.12,symmetric_low_power,unpaired_null,g0.75_0.75_s0.02,0.0600,0.3024,0.9326,21.4250,0.0371,0.2038,3.9035,0.0278,0.0936,0.0658,11016
0,40,square_waypoints,0.01,0.003,0.0,0.12,symmetric_low_power,random_probe,g0.75_0.75_s0.02,0.0600,1.4167,0.5341,9.5877,0.2449,0.2674,4.7651,0.0272,0.0629,0.0357,11017
0,40,square_waypoints,0.01,0.003,0.0,0.12,symmetric_low_power,task_greedy,g0.75_0.75_s0.02,0.0600,1.1067,0.3478,19.7420,2.0260,2.0587,41.0395,0.0153,0.1004,0.0851,11018
0,40,square_waypoints,0.01,0.003,0.0,0.12,symmetric_low_power,fisher_grid,g0.75_0.75_s0.10,0.1400,0.4131,0.8737,27.5400,0.3529,0.3423,6.4560,0.0476,0.0611,0.0135,11019
0,40,square_waypoints,0.01,0.003,0.0,0.12,symmetric_low_power,constrained_fisher,g0.75_0.75_s0.02,0.0600,0.0120,0.9986,32.0962,0.0476,0.0952,2.1125,0.0375,0.0876,0.0501,11020
0,40,square_waypoints,0.01,0.003,0.0,0.12,high_slip,null_probe,g1.00_1.00_s0.20,0.0000,0.2332,0.9516,21.4250,0.1015,0.1775,3.1540,0.1320,0.1320,0.0000,11021
0,40,square_waypoints,0.01,0.003,0.0,0.12,high_slip,unpaired_null,g1.00_1.00_s0.20,0.0000,0.2733,0.9452,21.4250,0.2452,0.3399,8.9635,0.0767,0.0767,0.0000,11022
0,40,square_waypoints,0.01,0.003,0.0,0.12,high_slip,random_probe,g1.00_1.00_s0.20,0.0000,0.4264,0.8900,10.9625,0.3628,0.5354,14.2900,0.1248,0.1248,0.0000,11023
0,40,square_waypoints,0.01,0.003,0.0,0.12,high_slip,task_greedy,g1.00_1.00_s0.20,0.0000,0.0769,0.9877,21.9387,2.6060,2.5607,55.8719,0.1387,0.1387,0.0000,11024
0,40,square_waypoints,0.01,0.003,0.0,0.12,high_slip,fisher_grid,g1.00_1.00_s0.20,0.0000,0.1882,0.9583,27.5400,0.6378,0.6547,14.6523,0.0314,0.0314,0.0000,11025
0,40,square_waypoints,0.01,0.003,0.0,0.12,high_slip,constrained_fisher,g1.00_1.00_s0.20,0.0000,0.2607,0.9491,20.2500,0.1242,0.1722,4.2905,0.0338,0.0338,0.0000,11026
1,40,square_waypoints,0.01,0.003,0.0,0.12,left_gain_loss,null_probe,g0.60_1.00_s0.02,0.0200,0.8746,0.7172,21.4250,0.0981,0.1720,3.9653,0.0514,0.0823,0.0309,12027
1,40,square_waypoints,0.01,0.003,0.0,0.12,left_gain_loss,unpaired_null,g0.60_1.00_s0.02,0.0200,0.8468,0.6081,21.4250,0.0771,0.1902,4.5465,0.0218,0.1403,0.1186,12028
1,40,square_waypoints,0.01,0.003,0.0,0.12,left_gain_loss,random_probe,g0.60_1.00_s0.02,0.0200,1.0738,0.6254,12.6807,0.1796,0.2748,6.6275,0.0196,0.1707,0.1511,12029
1,40,square_waypoints,0.01,0.003,0.0,0.12,left_gain_loss,task_greedy,g0.60_1.00_s0.02,0.0200,1.1750,0.5373,21.8519,2.1882,2.1868,43.4113,0.0417,0.0784,0.0367,12030
1,40,square_waypoints,0.01,0.003,0.0,0.12,left_gain_loss,fisher_grid,g0.60_1.00_s0.02,0.0200,0.2066,0.9479,27.5400,0.5614,0.5551,11.0028,0.0291,0.1215,0.0924,12031
1,40,square_waypoints,0.01,0.003,0.0,0.12,left_gain_loss,constrained_fisher,g0.60_1.00_s0.02,0.0200,0.9604,0.5554,29.2613,0.1004,0.1125,3.1938,0.0930,0.0386,-0.0544,12032
1,40,square_waypoints,0.01,0.003,0.0,0.12,right_gain_loss,null_probe,g1.00_0.60_s0.02,0.0200,0.3978,0.8898,21.4250,0.0882,0.1273,2.1474,0.0209,0.0174,-0.0035,12033
1,40,square_waypoints,0.01,0.003,0.0,0.12,right_gain_loss,unpaired_null,g1.00_0.60_s0.02,0.0200,0.6869,0.7806,21.4250,0.0697,0.2847,6.0070,0.0195,0.0410,0.0214,12034
1,40,square_waypoints,0.01,0.003,0.0,0.12,right_gain_loss,random_probe,g1.00_0.60_s0.02,0.0200,0.9657,0.6730,12.4002,0.4056,0.4506,10.3249,0.0362,0.0263,-0.0099,12035
1,40,square_waypoints,0.01,0.003,0.0,0.12,right_gain_loss,task_greedy,g1.00_0.60_s0.02,0.0200,1.6227,0.3195,21.9686,2.2256,2.2257,44.9379,0.1047,0.1556,0.0508,12036
1,40,square_waypoints,0.01,0.003,0.0,0.12,right_gain_loss,fisher_grid,g1.00_0.60_s0.02,0.0200,0.1973,0.9583,27.5400,0.5660,0.5604,10.2744,0.0228,0.1226,0.0998,12037
1,40,square_waypoints,0.01,0.003,0.0,0.12,right_gain_loss,constrained_fisher,g1.00_0.60_s0.02,0.0200,0.0022,0.9998,30.1725,0.0896,0.1117,3.1355,0.0436,0.0122,-0.0314,12038
1,40,square_waypoints,0.01,0.003,0.0,0.12,symmetric_low_power,null_probe,g0.75_0.75_s0.02,0.0600,0.4321,0.8751,21.4250,0.0275,0.0741,1.5993,0.0266,0.0763,0.0497,12039
1,40,square_waypoints,0.01,0.003,0.0,0.12,symmetric_low_power,unpaired_null,g0.60_0.60_s0.02,0.2400,1.6293,0.3394,21.4250,0.0534,0.2391,4.9725,0.0121,0.0439,0.0318,12040
1,40,square_waypoints,0.01,0.003,0.0,0.12,symmetric_low_power,random_probe,g0.75_0.75_s0.02,0.0600,1.4929,0.4603,9.6876,0.2446,0.2534,5.4209,0.0441,0.0644,0.0203,12041
1,40,square_waypoints,0.01,0.003,0.0,0.12,symmetric_low_power,task_greedy,g0.75_0.75_s0.02,0.0600,1.3805,0.3320,19.6446,2.0456,2.0498,41.6528,0.0183,0.0401,0.0218,12042
1,40,square_waypoints,0.01,0.003,0.0,0.12,symmetric_low_power,fisher_grid,g0.75_0.75_s0.02,0.0600,0.1550,0.9710,27.5400,0.3790,0.3833,7.6816,0.0389,0.0866,0.0476,12043
1,40,square_waypoints,0.01,0.003,0.0,0.12,symmetric_low_power,constrained_fisher,g0.75_0.75_s0.02,0.0600,0.1109,0.9773,32.4000,0.0164,0.0857,1.9478,0.0293,0.0654,0.0361,12044
1,40,square_waypoints,0.01,0.003,0.0,0.12,high_slip,null_probe,g1.00_1.00_s0.20,0.0000,0.8398,0.6774,21.4250,0.0173,0.2028,3.3047,0.1600,0.1600,0.0000,12045
1,40,square_waypoints,0.01,0.003,0.0,0.12,high_slip,unpaired_null,g1.00_1.00_s0.20,0.0000,0.3627,0.8872,21.4250,0.1442,0.3016,6.4821,0.0695,0.0695,0.0000,12046
1,40,square_waypoints,0.01,0.003,0.0,0.12,high_slip,random_probe,g1.00_1.00_s0.20,0.0000,0.8267,0.7242,11.2058,0.1543,0.4386,7.8593,0.0564,0.0564,0.0000,12047
1,40,square_waypoints,0.01,0.003,0.0,0.12,high_slip,task_greedy,g1.00_1.00_s0.20,0.0000,0.3941,0.8965,21.9483,2.2227,2.3434,54.7596,0.1312,0.1312,0.0000,12048
1,40,square_waypoints,0.01,0.003,0.0,0.12,high_slip,fisher_grid,g1.00_1.00_s0.20,0.0000,0.0318,0.9956,27.5400,0.6586,0.6557,13.5359,0.0738,0.0738,0.0000,12049
1,40,square_waypoints,0.01,0.003,0.0,0.12,high_slip,constrained_fisher,g1.00_1.00_s0.10,0.1000,1.2237,0.4825,25.9200,0.0959,0.1485,4.0927,0.0838,0.0838,0.0000,12050
2,40,square_waypoints,0.01,0.003,0.0,0.12,left_gain_loss,null_probe,g0.60_1.00_s0.02,0.0200,0.7357,0.5744,21.4250,0.0660,0.1206,2.9352,0.0193,0.0209,0.0017,13051
2,40,square_waypoints,0.01,0.003,0.0,0.12,left_gain_loss,unpaired_null,g0.60_1.00_s0.02,0.0200,0.6846,0.7751,21.4250,0.1014,0.2177,5.0640,0.0283,0.0369,0.0086,13052
2,40,square_waypoints,0.01,0.003,0.0,0.12,left_gain_loss,random_probe,g0.60_1.00_s0.10,0.1000,1.3136,0.5623,9.1884,0.0447,0.1921,4.0355,0.0099,0.0509,0.0409,13053
2,40,square_waypoints,0.01,0.003,0.0,0.12,left_gain_loss,task_greedy,g0.60_1.00_s0.02,0.0200,1.3498,0.5032,22.0242,2.2311,2.2184,44.5837,0.0900,0.0588,-0.0312,13054
2,40,square_waypoints,0.01,0.003,0.0,0.12,left_gain_loss,fisher_grid,g0.60_1.00_s0.10,0.1000,0.8277,0.5054,27.5400,0.5204,0.5222,10.1840,0.0340,0.0894,0.0554,13055
2,40,square_waypoints,0.01,0.003,0.0,0.12,left_gain_loss,constrained_fisher,g0.60_1.00_s0.02,0.0200,0.1126,0.9796,29.2613,0.1129,0.1190,2.9979,0.0168,0.0282,0.0113,13056
2,40,square_waypoints,0.01,0.003,0.0,0.12,right_gain_loss,null_probe,g1.00_0.60_s0.10,0.1000,0.8436,0.7489,21.4250,0.0356,0.1244,2.4939,0.0786,0.0136,-0.0650,13057
2,40,square_waypoints,0.01,0.003,0.0,0.12,right_gain_loss,unpaired_null,g1.00_0.60_s0.02,0.0200,0.6017,0.8029,21.4250,0.0678,0.3126,6.4085,0.0360,0.1353,0.0993,13058
2,40,square_waypoints,0.01,0.003,0.0,0.12,right_gain_loss,random_probe,g1.00_0.60_s0.02,0.0200,1.6163,0.4177,8.9709,0.3394,0.5312,13.0532,0.0932,0.1582,0.0650,13059
2,40,square_waypoints,0.01,0.003,0.0,0.12,right_gain_loss,task_greedy,g1.00_0.60_s0.02,0.0200,1.5648,0.3563,21.6418,2.2130,2.2177,44.7464,0.0377,0.0759,0.0382,13060
2,40,square_waypoints,0.01,0.003,0.0,0.12,right_gain_loss,fisher_grid,g1.00_0.60_s0.02,0.0200,0.4385,0.8831,27.5400,0.5471,0.5479,9.9638,0.0677,0.1606,0.0929,13061
2,40,square_waypoints,0.01,0.003,0.0,0.12,right_gain_loss,constrained_fisher,g1.00_0.60_s0.02,0.0200,0.1518,0.9671,22.6800,0.0933,0.1226,3.6139,0.0257,0.0292,0.0035,13062
2,40,square_waypoints,0.01,0.003,0.0,0.12,symmetric_low_power,null_probe,g0.75_0.75_s0.02,0.0600,0.7802,0.6156,21.4250,0.0458,0.1135,2.3134,0.0386,0.0741,0.0355,13063
2,40,square_waypoints,0.01,0.003,0.0,0.12,symmetric_low_power,unpaired_null,g0.75_0.75_s0.02,0.0600,0.3026,0.9231,21.4250,0.0081,0.2042,3.7759,0.0178,0.1111,0.0932,13064
2,40,square_waypoints,0.01,0.003,0.0,0.12,symmetric_low_power,random_probe,g0.75_0.75_s0.02,0.0600,1.1700,0.6348,10.7738,0.2363,0.2341,4.5877,0.0166,0.0458,0.0292,13065
2,40,square_waypoints,0.01,0.003,0.0,0.12,symmetric_low_power,task_greedy,g0.75_0.75_s0.20,0.2400,1.1500,0.3315,19.6312,2.0010,2.0185,41.8540,0.0310,0.0428,0.0117,13066
2,40,square_waypoints,0.01,0.003,0.0,0.12,symmetric_low_power,fisher_grid,g0.75_0.75_s0.02,0.0600,0.1196,0.9744,27.5400,0.3814,0.4024,7.9289,0.0492,0.0711,0.0218,13067
2,40,square_waypoints,0.01,0.003,0.0,0.12,symmetric_low_power,constrained_fisher,g0.75_0.75_s0.02,0.0600,0.0092,0.9990,32.4000,0.0267,0.0961,2.0862,0.0283,0.0418,0.0135,13068
2,40,square_waypoints,0.01,0.003,0.0,0.12,high_slip,null_probe,g1.00_1.00_s0.20,0.0000,0.1657,0.9695,21.4250,0.0597,0.2889,6.1564,0.0954,0.0954,0.0000,13069
2,40,square_waypoints,0.01,0.003,0.0,0.12,high_slip,unpaired_null,g1.00_1.00_s0.20,0.0000,0.0653,0.9895,21.4250,0.1438,0.3009,6.4927,0.0413,0.0413,0.0000,13070
2,40,square_waypoints,0.01,0.003,0.0,0.12,high_slip,random_probe,g1.00_1.00_s0.20,0.0000,0.6894,0.6800,12.1451,0.5736,0.6474,16.0504,0.1119,0.1119,0.0000,13071
2,40,square_waypoints,0.01,0.003,0.0,0.12,high_slip,task_greedy,g1.00_1.00_s0.20,0.0000,0.1847,0.9552,22.0433,2.7852,2.6966,57.3088,0.1467,0.1467,0.0000,13072
2,40,square_waypoints,0.01,0.003,0.0,0.12,high_slip,fisher_grid,g1.00_1.00_s0.20,0.0000,0.0954,0.9833,27.5400,0.5592,0.5554,11.8179,0.0816,0.0816,0.0000,13073
2,40,square_waypoints,0.01,0.003,0.0,0.12,high_slip,constrained_fisher,g1.00_1.00_s0.20,0.0000,0.7436,0.5112,25.7175,0.0656,0.1641,3.8820,0.2420,0.2420,0.0000,13074
3,40,square_waypoints,0.01,0.003,0.0,0.12,left_gain_loss,null_probe,g0.60_1.00_s0.02,0.0200,0.8315,0.5189,21.4250,0.0652,0.1317,2.7094,0.0645,0.0282,-0.0363,14075
3,40,square_waypoints,0.01,0.003,0.0,0.12,left_gain_loss,unpaired_null,g0.60_1.00_s0.02,0.0200,0.5378,0.8128,21.4250,0.0717,0.1811,4.1710,0.0219,0.0197,-0.0022,14076
3,40,square_waypoints,0.01,0.003,0.0,0.12,left_gain_loss,random_probe,g0.60_1.00_s0.02,0.0200,1.1924,0.6013,11.2457,0.4829,0.5744,7.3664,0.0851,0.1062,0.0211,14077
3,40,square_waypoints,0.01,0.003,0.0,0.12,left_gain_loss,task_greedy,g0.60_1.00_s0.02,0.0200,1.5532,0.3622,22.0997,2.2514,2.2457,45.0001,0.1030,0.0211,-0.0819,14078
3,40,square_waypoints,0.01,0.003,0.0,0.12,left_gain_loss,fisher_grid,g0.60_1.00_s0.02,0.0200,0.0184,0.9976,27.5400,0.5568,0.5557,11.2762,0.0719,0.1443,0.0724,14079
3,40,square_waypoints,0.01,0.003,0.0,0.12,left_gain_loss,constrained_fisher,g0.60_1.00_s0.02,0.0200,0.0758,0.9878,25.5150,0.0933,0.1183,3.5098,0.0152,0.0133,-0.0019,14080
3,40,square_waypoints,0.01,0.003,0.0,0.12,right_gain_loss,null_probe,g1.00_0.60_s0.02,0.0200,0.7294,0.5807,21.4250,0.0945,0.1363,2.7487,0.0201,0.1110,0.0909,14081
3,40,square_waypoints,0.01,0.003,0.0,0.12,right_gain_loss,unpaired_null,g1.00_0.60_s0.02,0.0200,0.8277,0.4872,21.4250,0.0779,0.3201,6.9904,0.0496,0.0644,0.0149,14082
3,40,square_waypoints,0.01,0.003,0.0,0.12,right_gain_loss,random_probe,g1.00_0.60_s0.02,0.0200,1.1085,0.5493,10.8066,0.2539,0.2745,6.3986,0.0103,0.0042,-0.0061,14083
3,40,square_waypoints,0.01,0.003,0.0,0.12,right_gain_loss,task_greedy,g1.00_0.60_s0.02,0.0200,1.5897,0.3559,21.6907,2.1979,2.2141,44.4841,0.0894,0.0270,-0.0625,14084
3,40,square_waypoints,0.01,0.003,0.0,0.12,right_gain_loss,fisher_grid,g1.00_0.60_s0.02,0.0200,0.1007,0.9826,27.5400,0.5528,0.5527,9.9971,0.0459,0.0063,-0.0396,14085
3,40,square_waypoints,0.01,0.003,0.0,0.12,right_gain_loss,constrained_fisher,g1.00_0.60_s0.02,0.0200,0.3049,0.9399,21.8700,0.1166,0.1329,3.7881,0.0361,0.1448,0.1087,14086
3,40,square_waypoints,0.01,0.003,0.0,0.12,symmetric_low_power,null_probe,g0.60_0.60_s0.10,0.3200,1.3173,0.4925,21.4250,0.0372,0.0992,2.1919,0.0253,0.0431,0.0178,14087
3,40,square_waypoints,0.01,0.003,0.0,0.12,symmetric_low_power,unpaired_null,g0.75_0.75_s0.02,0.0600,0.5226,0.8520,21.4250,0.0255,0.2221,4.7696,0.0507,0.0251,-0.0256,14088
3,40,square_waypoints,0.01,0.003,0.0,0.12,symmetric_low_power,random_probe,g0.75_0.75_s0.02,0.0600,1.7844,0.3572,9.6591,0.2914,0.2915,5.3595,0.0625,0.0986,0.0361,14089
3,40,square_waypoints,0.01,0.003,0.0,0.12,symmetric_low_power,task_greedy,g0.75_0.75_s0.02,0.0600,1.0653,0.4607,19.8362,2.0387,2.0449,42.3051,0.0675,0.0251,-0.0423,14090
3,40,square_waypoints,0.01,0.003,0.0,0.12,symmetric_low_power,fisher_grid,g0.75_0.75_s0.02,0.0600,0.1743,0.9611,27.5400,0.3704,0.3749,7.1812,0.0505,0.0429,-0.0076,14091
3,40,square_waypoints,0.01,0.003,0.0,0.12,symmetric_low_power,constrained_fisher,g0.75_0.75_s0.02,0.0600,0.5537,0.8522,32.4000,0.0182,0.0836,1.7833,0.0350,0.0306,-0.0044,14092
3,40,square_waypoints,0.01,0.003,0.0,0.12,high_slip,null_probe,g1.00_1.00_s0.20,0.0000,0.2869,0.9403,21.4250,0.0158,0.1652,2.6721,0.0601,0.0601,0.0000,14093
3,40,square_waypoints,0.01,0.003,0.0,0.12,high_slip,unpaired_null,g1.00_1.00_s0.20,0.0000,0.5118,0.8800,21.4250,0.1261,0.3333,7.3242,0.0134,0.0134,0.0000,14094
3,40,square_waypoints,0.01,0.003,0.0,0.12,high_slip,random_probe,g1.00_0.90_s0.20,0.1000,1.6511,0.3558,10.4423,0.4232,0.5182,12.8029,0.0677,0.0704,0.0027,14095
3,40,square_waypoints,0.01,0.003,0.0,0.12,high_slip,task_greedy,g1.00_1.00_s0.20,0.0000,0.7285,0.7952,21.9434,2.7522,2.7149,57.1005,0.1214,0.1214,0.0000,14096
3,40,square_waypoints,0.01,0.003,0.0,0.12,high_slip,fisher_grid,g1.00_1.00_s0.20,0.0000,0.0469,0.9928,27.5400,0.5919,0.5895,10.8861,0.2046,0.2046,0.0000,14097
3,40,square_waypoints,0.01,0.003,0.0,0.12,high_slip,constrained_fisher,g1.00_1.00_s0.20,0.0000,0.4445,0.8956,9.3150,0.0992,0.1418,5.3301,0.1051,0.1051,0.0000,14098
4,40,square_waypoints,0.01,0.003,0.0,0.12,left_gain_loss,null_probe,g0.60_1.00_s0.02,0.0200,0.6079,0.7432,21.4250,0.0388,0.1080,1.7810,0.0315,0.0227,-0.0088,15099
4,40,square_waypoints,0.01,0.003,0.0,0.12,left_gain_loss,unpaired_null,g0.60_1.00_s0.02,0.0200,0.4773,0.8417,21.4250,0.1179,0.1775,4.2630,0.0083,0.0223,0.0140,15100
4,40,square_waypoints,0.01,0.003,0.0,0.12,left_gain_loss,random_probe,g0.60_1.00_s0.10,0.1000,1.6567,0.4687,12.4449,0.0665,0.3330,8.2768,0.0278,0.0141,-0.0137,15101
4,40,square_waypoints,0.01,0.003,0.0,0.12,left_gain_loss,task_greedy,g0.60_1.00_s0.02,0.0200,1.5314,0.4075,22.0293,2.2056,2.2434,44.6102,0.0556,0.0456,-0.0100,15102
4,40,square_waypoints,0.01,0.003,0.0,0.12,left_gain_loss,fisher_grid,g0.60_1.00_s0.02,0.0200,0.1408,0.9723,27.5400,0.5305,0.5301,10.5242,0.0459,0.1264,0.0806,15103
4,40,square_waypoints,0.01,0.003,0.0,0.12,left_gain_loss,constrained_fisher,g0.60_1.00_s0.02,0.0200,0.0580,0.9911,27.9450,0.1087,0.1273,2.9721,0.0394,0.0340,-0.0055,15104
4,40,square_waypoints,0.01,0.003,0.0,0.12,right_gain_loss,null_probe,g1.00_0.60_s0.02,0.0200,0.4093,0.8763,21.4250,0.1012,0.1549,3.0371,0.0521,0.0888,0.0367,15105
4,40,square_waypoints,0.01,0.003,0.0,0.12,right_gain_loss,unpaired_null,g1.00_0.60_s0.02,0.0200,0.6546,0.7706,21.4250,0.0530,0.3105,6.4111,0.0425,0.1612,0.1187,15106
4,40,square_waypoints,0.01,0.003,0.0,0.12,right_gain_loss,random_probe,g1.00_0.60_s0.02,0.0200,1.4333,0.5112,7.8642,0.3090,0.3878,6.9787,0.0259,0.1556,0.1297,15107
4,40,square_waypoints,0.01,0.003,0.0,0.12,right_gain_loss,task_greedy,g1.00_0.60_s0.02,0.0200,1.4123,0.4853,21.8490,2.2179,2.2226,44.3706,0.0757,0.0203,-0.0555,15108
4,40,square_waypoints,0.01,0.003,0.0,0.12,right_gain_loss,fisher_grid,g1.00_0.60_s0.02,0.0200,0.2174,0.9545,27.5400,0.5175,0.5475,9.8625,0.0459,0.0196,-0.0262,15109
4,40,square_waypoints,0.01,0.003,0.0,0.12,right_gain_loss,constrained_fisher,g1.00_0.60_s0.02,0.0200,0.2473,0.9453,21.8700,0.1140,0.1257,3.7300,0.0134,0.0535,0.0401,15110
4,40,square_waypoints,0.01,0.003,0.0,0.12,symmetric_low_power,null_probe,g0.75_0.75_s0.02,0.0600,0.6337,0.7174,21.4250,0.0437,0.0700,1.3746,0.0174,0.0725,0.0551,15111
4,40,square_waypoints,0.01,0.003,0.0,0.12,symmetric_low_power,unpaired_null,g0.75_0.75_s0.02,0.0600,0.6547,0.7110,21.4250,0.0297,0.2250,4.6563,0.0258,0.0492,0.0235,15112
4,40,square_waypoints,0.01,0.003,0.0,0.12,symmetric_low_power,random_probe,g0.75_0.75_s0.02,0.0600,0.9689,0.7203,9.9053,0.3155,0.3549,8.8327,0.0383,0.1003,0.0620,15113
4,40,square_waypoints,0.01,0.003,0.0,0.12,symmetric_low_power,task_greedy,g0.75_0.75_s0.02,0.0600,1.1065,0.3467,19.6322,2.0415,2.0254,41.5791,0.0686,0.0663,-0.0023,15114
4,40,square_waypoints,0.01,0.003,0.0,0.12,symmetric_low_power,fisher_grid,g0.75_0.75_s0.02,0.0600,0.3632,0.8903,27.5400,0.4023,0.3777,7.4698,0.0461,0.0674,0.0213,15115
4,40,square_waypoints,0.01,0.003,0.0,0.12,symmetric_low_power,constrained_fisher,g0.75_0.75_s0.02,0.0600,0.0497,0.9916,32.0962,0.0298,0.0913,2.1755,0.0624,0.0453,-0.0172,15116
4,40,square_waypoints,0.01,0.003,0.0,0.12,high_slip,null_probe,g1.00_1.00_s0.20,0.0000,0.6544,0.7246,21.4250,0.0857,0.1653,3.6556,0.1436,0.1436,0.0000,15117
4,40,square_waypoints,0.01,0.003,0.0,0.12,high_slip,unpaired_null,g1.00_1.00_s0.20,0.0000,0.5217,0.8472,21.4250,0.0243,0.3304,6.9611,0.1827,0.1827,0.0000,15118
4,40,square_waypoints,0.01,0.003,0.0,0.12,high_slip,random_probe,g1.00_1.00_s0.20,0.0000,0.7276,0.7364,11.2905,0.3853,0.4965,11.1074,0.0135,0.0135,0.0000,15119
4,40,square_waypoints,0.01,0.003,0.0,0.12,high_slip,task_greedy,g1.00_1.00_s0.20,0.0000,0.2330,0.9473,22.0474,2.0256,2.4584,55.6392,0.2004,0.2004,0.0000,15120
4,40,square_waypoints,0.01,0.003,0.0,0.12,high_slip,fisher_grid,g1.00_1.00_s0.20,0.0000,0.0366,0.9949,27.5400,0.4736,0.5097,10.7993,0.1841,0.1841,0.0000,15121
4,40,square_waypoints,0.01,0.003,0.0,0.12,high_slip,constrained_fisher,g1.00_1.00_s0.20,0.0000,1.3999,0.5622,15.3900,0.0994,0.1591,4.8414,0.0407,0.0407,0.0000,15122
5,40,square_waypoints,0.01,0.003,0.0,0.12,left_gain_loss,null_probe,g0.60_1.00_s0.02,0.0200,1.2670,0.4694,21.4250,0.0743,0.1139,2.5640,0.0414,0.0912,0.0498,16123
5,40,square_waypoints,0.01,0.003,0.0,0.12,left_gain_loss,unpaired_null,g0.60_1.00_s0.02,0.0200,0.3526,0.9165,21.4250,0.1078,0.2040,4.9478,0.1261,0.0750,-0.0511,16124
5,40,square_waypoints,0.01,0.003,0.0,0.12,left_gain_loss,random_probe,g0.75_1.00_s0.02,0.1300,1.5846,0.4485,10.6641,0.1270,0.3104,6.0002,0.1114,0.1972,0.0858,16125
5,40,square_waypoints,0.01,0.003,0.0,0.12,left_gain_loss,task_greedy,g0.60_1.00_s0.02,0.0200,1.3461,0.4854,21.9689,2.2114,2.2402,44.5906,0.0611,0.0266,-0.0346,16126
5,40,square_waypoints,0.01,0.003,0.0,0.12,left_gain_loss,fisher_grid,g0.60_1.00_s0.02,0.0200,0.1647,0.9681,27.5400,0.5501,0.5436,10.5073,0.0366,0.1481,0.1115,16127
5,40,square_waypoints,0.01,0.003,0.0,0.12,left_gain_loss,constrained_fisher,g0.60_1.00_s0.02,0.0200,0.0425,0.9939,22.2750,0.1213,0.1262,3.4967,0.0597,0.1324,0.0727,16128
5,40,square_waypoints,0.01,0.003,0.0,0.12,right_gain_loss,null_probe,g1.00_0.60_s0.02,0.0200,0.6598,0.7492,21.4250,0.0655,0.1230,2.1995,0.0422,0.1195,0.0774,16129
5,40,square_waypoints,0.01,0.003,0.0,0.12,right_gain_loss,unpaired_null,g1.00_0.60_s0.02,0.0200,0.6857,0.7559,21.4250,0.1149,0.3177,6.8518,0.0271,0.0176,-0.0095,16130
5,40,square_waypoints,0.01,0.003,0.0,0.12,right_gain_loss,random_probe,g1.00_0.60_s0.02,0.0200,1.5464,0.4199,9.5943,0.2351,0.5472,13.5061,0.1329,0.1714,0.0385,16131
5,40,square_waypoints,0.01,0.003,0.0,0.12,right_gain_loss,task_greedy,g1.00_0.60_s0.02,0.0200,1.2548,0.5439,22.0465,2.2494,2.2520,45.1315,0.0810,0.0217,-0.0594,16132
5,40,square_waypoints,0.01,0.003,0.0,0.12,right_gain_loss,fisher_grid,g1.00_0.60_s0.02,0.0200,0.1386,0.9715,27.5400,0.5302,0.5401,10.0199,0.0905,0.0168,-0.0737,16133
5,40,square_waypoints,0.01,0.003,0.0,0.12,right_gain_loss,constrained_fisher,g1.00_0.60_s0.02,0.0200,0.6331,0.7991,22.2750,0.1176,0.1291,3.7966,0.0297,0.0233,-0.0064,16134
5,40,square_waypoints,0.01,0.003,0.0,0.12,symmetric_low_power,null_probe,g0.75_0.75_s0.02,0.0600,0.6017,0.7988,21.4250,0.0474,0.1008,2.2837,0.0195,0.0391,0.0197,16135
5,40,square_waypoints,0.01,0.003,0.0,0.12,symmetric_low_power,unpaired_null,g0.75_0.75_s0.02,0.0600,0.8535,0.6952,21.4250,0.0666,0.1973,3.6643,0.0432,0.0557,0.0125,16136
5,40,square_waypoints,0.01,0.003,0.0,0.12,symmetric_low_power,random_probe,g0.75_0.75_s0.10,0.1400,1.8282,0.3617,10.7325,0.1206,0.1570,3.4339,0.0289,0.0492,0.0203,16137
5,40,square_waypoints,0.01,0.003,0.0,0.12,symmetric_low_power,task_greedy,g0.75_0.75_s0.20,0.2400,0.9831,0.4986,20.2457,2.1004,2.0976,41.8325,0.0618,0.0449,-0.0169,16138
5,40,square_waypoints,0.01,0.003,0.0,0.12,symmetric_low_power,fisher_grid,g0.75_0.75_s0.02,0.0600,0.1129,0.9783,27.5400,0.3983,0.3779,7.1659,0.0110,0.0762,0.0652,16139
5,40,square_waypoints,0.01,0.003,0.0,0.12,symmetric_low_power,constrained_fisher,g0.75_0.75_s0.02,0.0600,0.0593,0.9911,31.7925,0.0746,0.0979,2.4040,0.0398,0.0597,0.0199,16140
5,40,square_waypoints,0.01,0.003,0.0,0.12,high_slip,null_probe,g1.00_1.00_s0.20,0.0000,0.1190,0.9756,21.4250,0.0557,0.2865,5.9591,0.1591,0.1591,0.0000,16141
5,40,square_waypoints,0.01,0.003,0.0,0.12,high_slip,unpaired_null,g1.00_1.00_s0.20,0.0000,1.1590,0.5012,21.4250,0.3039,0.4148,8.6428,0.0634,0.0634,0.0000,16142
5,40,square_waypoints,0.01,0.003,0.0,0.12,high_slip,random_probe,g1.00_1.00_s0.20,0.0000,0.7584,0.7454,12.3415,0.3455,0.3844,8.5159,0.0532,0.0532,0.0000,16143
5,40,square_waypoints,0.01,0.003,0.0,0.12,high_slip,task_greedy,g1.00_1.00_s0.20,0.0000,0.8011,0.7908,21.9446,2.2463,2.5361,56.1073,0.1406,0.1406,0.0000,16144
5,40,square_waypoints,0.01,0.003,0.0,0.12,high_slip,fisher_grid,g1.00_1.00_s0.20,0.0000,0.1997,0.9504,27.5400,0.5520,0.5472,12.4205,0.1574,0.1574,0.0000,16145
5,40,square_waypoints,0.01,0.003,0.0,0.12,high_slip,constrained_fisher,g1.00_1.00_s0.20,0.0000,0.4681,0.8295,32.4000,0.0989,0.1603,3.6569,0.1595,0.1595,0.0000,16146
6,40,square_waypoints,0.01,0.003,0.0,0.12,left_gain_loss,null_probe,g0.60_1.00_s0.02,0.0200,0.6595,0.7100,21.4250,0.0529,0.0976,1.9715,0.0811,0.0786,-0.0025,17147
6,40,square_waypoints,0.01,0.003,0.0,0.12,left_gain_loss,unpaired_null,g0.60_1.00_s0.02,0.0200,0.4816,0.8626,21.4250,0.1063,0.2082,5.0149,0.0283,0.0162,-0.0121,17148
6,40,square_waypoints,0.01,0.003,0.0,0.12,left_gain_loss,random_probe,g0.60_1.00_s0.02,0.0200,1.3788,0.3942,10.8719,0.6099,0.6236,10.7701,0.0137,0.1391,0.1254,17149
6,40,square_waypoints,0.01,0.003,0.0,0.12,left_gain_loss,task_greedy,g0.60_1.00_s0.02,0.0200,1.6623,0.3151,21.6161,2.2350,2.2198,44.5655,0.0224,0.1721,0.1497,17150
6,40,square_waypoints,0.01,0.003,0.0,0.12,left_gain_loss,fisher_grid,g0.60_1.00_s0.02,0.0200,0.1225,0.9778,27.5400,0.5209,0.5463,10.7426,0.0152,0.0136,-0.0015,17151
6,40,square_waypoints,0.01,0.003,0.0,0.12,left_gain_loss,constrained_fisher,g0.60_1.00_s0.02,0.0200,0.0344,0.9946,28.0463,0.1335,0.1170,3.6168,0.0274,0.0442,0.0167,17152
6,40,square_waypoints,0.01,0.003,0.0,0.12,right_gain_loss,null_probe,g1.00_0.60_s0.02,0.0200,0.8430,0.6975,21.4250,0.0863,0.1379,3.0087,0.0148,0.0172,0.0024,17153
6,40,square_waypoints,0.01,0.003,0.0,0.12,right_gain_loss,unpaired_null,g1.00_0.60_s0.02,0.0200,0.4170,0.8893,21.4250,0.1012,0.2972,6.2092,0.0037,0.0138,0.0101,17154
6,40,square_waypoints,0.01,0.003,0.0,0.12,right_gain_loss,random_probe,g1.00_0.60_s0.02,0.0200,1.4800,0.4411,10.8190,0.6944,0.8224,14.4150,0.0245,0.0444,0.0199,17155
6,40,square_waypoints,0.01,0.003,0.0,0.12,right_gain_loss,task_greedy,g1.00_0.60_s0.20,0.2000,1.7010,0.2633,21.4367,2.1845,2.1831,44.1868,0.0147,0.0120,-0.0027,17156
6,40,square_waypoints,0.01,0.003,0.0,0.12,right_gain_loss,fisher_grid,g1.00_0.60_s0.02,0.0200,0.4771,0.8599,27.5400,0.5270,0.5268,9.2888,0.0562,0.1139,0.0577,17157
6,40,square_waypoints,0.01,0.003,0.0,0.12,right_gain_loss,constrained_fisher,g1.00_0.60_s0.02,0.0200,0.2279,0.9407,24.5025,0.0884,0.1261,3.5418,0.0396,0.0750,0.0355,17158
6,40,square_waypoints,0.01,0.003,0.0,0.12,symmetric_low_power,null_probe,g0.75_0.75_s0.10,0.1400,1.6161,0.4805,21.4250,0.0678,0.0725,1.5289,0.0363,0.0665,0.0302,17159
6,40,square_waypoints,0.01,0.003,0.0,0.12,symmetric_low_power,unpaired_null,g0.75_0.75_s0.10,0.1400,0.9433,0.5575,21.4250,0.0200,0.2121,4.3062,0.0388,0.0761,0.0373,17160
6,40,square_waypoints,0.01,0.003,0.0,0.12,symmetric_low_power,random_probe,g0.75_0.75_s0.02,0.0600,1.0596,0.6970,9.1728,0.1725,0.3291,9.1646,0.0635,0.0618,-0.0016,17161
6,40,square_waypoints,0.01,0.003,0.0,0.12,symmetric_low_power,task_greedy,g0.75_0.75_s0.02,0.0600,1.1215,0.3591,19.6877,2.0205,2.0450,41.3665,0.0571,0.0722,0.0151,17162
6,40,square_waypoints,0.01,0.003,0.0,0.12,symmetric_low_power,fisher_grid,g0.75_0.75_s0.02,0.0600,0.3905,0.8873,27.5400,0.3781,0.3958,7.5444,0.0349,0.0635,0.0286,17163
6,40,square_waypoints,0.01,0.003,0.0,0.12,symmetric_low_power,constrained_fisher,g0.75_0.75_s0.02,0.0600,0.0891,0.9852,32.4000,0.0159,0.0813,1.7174,0.0301,0.0320,0.0019,17164
6,40,square_waypoints,0.01,0.003,0.0,0.12,high_slip,null_probe,g1.00_1.00_s0.20,0.0000,0.1748,0.9619,21.4250,0.2018,0.2914,5.2652,0.2081,0.2081,0.0000,17165
6,40,square_waypoints,0.01,0.003,0.0,0.12,high_slip,unpaired_null,g1.00_1.00_s0.20,0.0000,0.4604,0.8906,21.4250,0.0993,0.3216,6.4566,0.2812,0.2812,0.0000,17166
6,40,square_waypoints,0.01,0.003,0.0,0.12,high_slip,random_probe,g1.00_1.00_s0.20,0.0000,0.8444,0.6634,11.3865,0.7985,0.7805,16.7343,0.2178,0.2178,0.0000,17167
6,40,square_waypoints,0.01,0.003,0.0,0.12,high_slip,task_greedy,g1.00_1.00_s0.20,0.0000,0.0644,0.9885,22.6940,2.5576,2.5585,56.0182,0.1098,0.1098,0.0000,17168
6,40,square_waypoints,0.01,0.003,0.0,0.12,high_slip,fisher_grid,g1.00_1.00_s0.20,0.0000,0.4830,0.8129,27.5400,0.6156,0.6661,15.1101,0.0759,0.0759,0.0000,17169
6,40,square_waypoints,0.01,0.003,0.0,0.12,high_slip,constrained_fisher,g1.00_1.00_s0.20,0.0000,1.2048,0.6234,10.5300,0.1043,0.1620,5.0575,0.1584,0.1584,0.0000,17170
7,40,square_waypoints,0.01,0.003,0.0,0.12,left_gain_loss,null_probe,g0.60_1.00_s0.02,0.0200,0.5104,0.8115,21.4250,0.0291,0.0956,1.9952,0.0310,0.0264,-0.0046,18171
7,40,square_waypoints,0.01,0.003,0.0,0.12,left_gain_loss,unpaired_null,g0.60_1.00_s0.02,0.0200,0.8285,0.5610,21.4250,0.1154,0.2028,5.0153,0.0319,0.1111,0.0792,18172
7,40,square_waypoints,0.01,0.003,0.0,0.12,left_gain_loss,random_probe,g0.60_1.00_s0.02,0.0200,0.8936,0.7174,12.3857,0.1873,0.2473,5.6616,0.0924,0.0434,-0.0490,18173
7,40,square_waypoints,0.01,0.003,0.0,0.12,left_gain_loss,task_greedy,g0.60_1.00_s0.02,0.0200,1.6568,0.3072,21.8283,2.2191,2.2248,44.8068,0.0379,0.0803,0.0425,18174
7,40,square_waypoints,0.01,0.003,0.0,0.12,left_gain_loss,fisher_grid,g0.60_1.00_s0.02,0.0200,0.1235,0.9743,27.5400,0.5697,0.5772,11.3722,0.0938,0.0255,-0.0683,18175
7,40,square_waypoints,0.01,0.003,0.0,0.12,left_gain_loss,constrained_fisher,g0.60_1.00_s0.02,0.0200,0.1643,0.9616,26.6288,0.1074,0.1094,3.1806,0.0885,0.0949,0.0063,18176
7,40,square_waypoints,0.01,0.003,0.0,0.12,right_gain_loss,null_probe,g1.00_0.60_s0.02,0.0200,0.4358,0.8856,21.4250,0.1104,0.1481,3.2483,0.0456,0.1510,0.1054,18177
7,40,square_waypoints,0.01,0.003,0.0,0.12,right_gain_loss,unpaired_null,g1.00_0.60_s0.02,0.0200,0.3652,0.9119,21.4250,0.0449,0.2840,5.9577,0.0662,0.0966,0.0304,18178
7,40,square_waypoints,0.01,0.003,0.0,0.12,right_gain_loss,random_probe,g1.00_0.60_s0.02,0.0200,1.1571,0.5713,10.5332,0.4128,0.4439,10.0657,0.0213,0.0100,-0.0113,18179
7,40,square_waypoints,0.01,0.003,0.0,0.12,right_gain_loss,task_greedy,g0.90_0.60_s0.02,0.1200,1.6901,0.2698,21.6297,2.2208,2.2173,44.9853,0.0137,0.0380,0.0243,18180
7,40,square_waypoints,0.01,0.003,0.0,0.12,right_gain_loss,fisher_grid,g1.00_0.60_s0.02,0.0200,0.3046,0.9198,27.5400,0.5917,0.5845,10.9667,0.0284,0.1568,0.1283,18181
7,40,square_waypoints,0.01,0.003,0.0,0.12,right_gain_loss,constrained_fisher,g1.00_0.60_s0.02,0.0200,0.4045,0.8861,20.0475,0.1126,0.1242,3.7863,0.0376,0.0244,-0.0132,18182
7,40,square_waypoints,0.01,0.003,0.0,0.12,symmetric_low_power,null_probe,g0.75_0.75_s0.02,0.0600,0.5950,0.7670,21.4250,0.0127,0.0891,1.6614,0.0323,0.0765,0.0442,18183
7,40,square_waypoints,0.01,0.003,0.0,0.12,symmetric_low_power,unpaired_null,g0.75_0.75_s0.02,0.0600,0.2532,0.9332,21.4250,0.0487,0.2226,4.7655,0.0677,0.0834,0.0157,18184
7,40,square_waypoints,0.01,0.003,0.0,0.12,symmetric_low_power,random_probe,g0.75_0.75_s0.02,0.0600,0.5408,0.8738,10.9589,0.2004,0.2763,6.3137,0.0254,0.0526,0.0272,18185
7,40,square_waypoints,0.01,0.003,0.0,0.12,symmetric_low_power,task_greedy,g0.75_0.75_s0.02,0.0600,1.1346,0.3486,19.6527,2.0341,2.0270,41.3676,0.0239,0.0637,0.0398,18186
7,40,square_waypoints,0.01,0.003,0.0,0.12,symmetric_low_power,fisher_grid,g0.75_0.75_s0.02,0.0600,0.2006,0.9535,27.5400,0.4170,0.4229,7.9673,0.0318,0.0588,0.0270,18187
7,40,square_waypoints,0.01,0.003,0.0,0.12,symmetric_low_power,constrained_fisher,g0.75_0.75_s0.02,0.0600,0.4020,0.8698,32.0962,0.0728,0.1025,2.1518,0.0382,0.0213,-0.0169,18188
7,40,square_waypoints,0.01,0.003,0.0,0.12,high_slip,null_probe,g1.00_1.00_s0.20,0.0000,0.4124,0.9098,21.4250,0.0985,0.1497,2.5638,0.0896,0.0896,0.0000,18189
7,40,square_waypoints,0.01,0.003,0.0,0.12,high_slip,unpaired_null,g1.00_1.00_s0.20,0.0000,0.0830,0.9868,21.4250,0.3007,0.3666,8.0220,0.0664,0.0664,0.0000,18190
7,40,square_waypoints,0.01,0.003,0.0,0.12,high_slip,random_probe,g1.00_1.00_s0.20,0.0000,0.7158,0.7875,11.0215,0.3023,0.5293,13.2828,0.1254,0.1254,0.0000,18191
7,40,square_waypoints,0.01,0.003,0.0,0.12,high_slip,task_greedy,g1.00_1.00_s0.10,0.1000,0.6817,0.7478,22.8701,2.8109,2.7696,58.1750,0.1497,0.1497,0.0000,18192
7,40,square_waypoints,0.01,0.003,0.0,0.12,high_slip,fisher_grid,g1.00_1.00_s0.20,0.0000,0.0507,0.9923,27.5400,0.5155,0.5215,10.6164,0.0190,0.0190,0.0000,18193
7,40,square_waypoints,0.01,0.003,0.0,0.12,high_slip,constrained_fisher,g1.00_1.00_s0.20,0.0000,1.1006,0.6488,12.3525,0.1470,0.1635,4.8900,0.1383,0.1383,0.0000,18194
8,40,square_waypoints,0.01,0.003,0.0,0.12,left_gain_loss,null_probe,g0.75_1.00_s0.02,0.1300,1.2883,0.5251,21.4250,0.0717,0.1469,3.2117,0.0909,0.1630,0.0721,19195
8,40,square_waypoints,0.01,0.003,0.0,0.12,left_gain_loss,unpaired_null,g0.60_1.00_s0.02,0.0200,0.3884,0.9065,21.4250,0.0944,0.2024,4.6562,0.0595,0.0369,-0.0226,19196
8,40,square_waypoints,0.01,0.003,0.0,0.12,left_gain_loss,random_probe,g0.60_1.00_s0.10,0.1000,1.3373,0.4615,11.2966,0.3123,0.3147,8.2882,0.0846,0.0448,-0.0398,19197
8,40,square_waypoints,0.01,0.003,0.0,0.12,left_gain_loss,task_greedy,g0.60_1.00_s0.20,0.2000,0.9726,0.6293,21.5925,2.2164,2.2122,44.7134,0.0458,0.0936,0.0478,19198
8,40,square_waypoints,0.01,0.003,0.0,0.12,left_gain_loss,fisher_grid,g0.60_1.00_s0.02,0.0200,0.0760,0.9874,27.5400,0.5388,0.5367,10.6623,0.0279,0.0722,0.0443,19199
8,40,square_waypoints,0.01,0.003,0.0,0.12,left_gain_loss,constrained_fisher,g0.60_1.00_s0.02,0.0200,0.2398,0.9371,29.6663,0.0898,0.1099,3.1707,0.0465,0.0174,-0.0291,19200
8,40,square_waypoints,0.01,0.003,0.0,0.12,right_gain_loss,null_probe,g1.00_0.60_s0.02,0.0200,0.6096,0.7737,21.4250,0.0952,0.1499,3.2697,0.0064,0.0800,0.0736,19201
8,40,square_waypoints,0.01,0.003,0.0,0.12,right_gain_loss,unpaired_null,g1.00_0.60_s0.02,0.0200,1.1264,0.5838,21.4250,0.0893,0.2832,6.0304,0.0279,0.0439,0.0161,19202
8,40,square_waypoints,0.01,0.003,0.0,0.12,right_gain_loss,random_probe,g1.00_0.60_s0.02,0.0200,1.4916,0.3873,8.5811,0.6523,0.7206,19.9120,0.0144,0.1598,0.1454,19203
8,40,square_waypoints,0.01,0.003,0.0,0.12,right_gain_loss,task_greedy,g0.90_0.60_s0.02,0.1200,1.6836,0.2870,21.5568,2.1920,2.1921,44.0968,0.0668,0.0200,-0.0468,19204
8,40,square_waypoints,0.01,0.003,0.0,0.12,right_gain_loss,fisher_grid,g1.00_0.60_s0.02,0.0200,0.6999,0.5419,27.5400,0.5883,0.5768,10.4402,0.0082,0.0276,0.0194,19205
8,40,square_waypoints,0.01,0.003,0.0,0.12,right_gain_loss,constrained_fisher,g1.00_0.60_s0.02,0.0200,0.1002,0.9821,27.4388,0.1095,0.1176,3.4407,0.0903,0.1600,0.0697,19206
8,40,square_waypoints,0.01,0.003,0.0,0.12,symmetric_low_power,null_probe,g0.75_0.75_s0.02,0.0600,0.5615,0.8089,21.4250,0.0086,0.0641,1.3776,0.0525,0.0783,0.0257,19207
8,40,square_waypoints,0.01,0.003,0.0,0.12,symmetric_low_power,unpaired_null,g0.75_0.75_s0.02,0.0600,0.7215,0.6591,21.4250,0.0123,0.2195,4.2938,0.0208,0.0709,0.0501,19208
8,40,square_waypoints,0.01,0.003,0.0,0.12,symmetric_low_power,random_probe,g0.75_0.75_s0.02,0.0600,1.1256,0.4968,10.3642,0.6228,0.6110,14.0098,0.0836,0.0345,-0.0491,19209
8,40,square_waypoints,0.01,0.003,0.0,0.12,symmetric_low_power,task_greedy,g0.75_0.75_s0.02,0.0600,1.1298,0.3630,19.7082,2.0481,2.0432,41.5331,0.0346,0.0454,0.0108,19210
8,40,square_waypoints,0.01,0.003,0.0,0.12,symmetric_low_power,fisher_grid,g0.75_0.75_s0.02,0.0600,0.3364,0.9094,27.5400,0.4226,0.4027,7.9895,0.0305,0.0409,0.0104,19211
8,40,square_waypoints,0.01,0.003,0.0,0.12,symmetric_low_power,constrained_fisher,g0.75_0.75_s0.02,0.0600,0.1743,0.9657,32.4000,0.0303,0.0915,1.9509,0.0501,0.0297,-0.0203,19212
8,40,square_waypoints,0.01,0.003,0.0,0.12,high_slip,null_probe,g1.00_1.00_s0.20,0.0000,0.0271,0.9961,21.4250,0.0464,0.1691,3.7418,0.1256,0.1256,0.0000,19213
8,40,square_waypoints,0.01,0.003,0.0,0.12,high_slip,unpaired_null,g1.00_1.00_s0.20,0.0000,0.7608,0.7866,21.4250,0.0851,0.2758,5.4290,0.1458,0.1458,0.0000,19214
8,40,square_waypoints,0.01,0.003,0.0,0.12,high_slip,random_probe,g1.00_1.00_s0.20,0.0000,1.0646,0.5973,10.9168,0.5193,0.7630,16.8091,0.0315,0.0315,0.0000,19215
8,40,square_waypoints,0.01,0.003,0.0,0.12,high_slip,task_greedy,g1.00_1.00_s0.20,0.0000,0.5651,0.8482,22.3351,2.7380,2.7034,56.6326,0.0612,0.0612,0.0000,19216
8,40,square_waypoints,0.01,0.003,0.0,0.12,high_slip,fisher_grid,g1.00_1.00_s0.20,0.0000,0.1581,0.9716,27.5400,0.5853,0.5843,10.9618,0.1401,0.1401,0.0000,19217
8,40,square_waypoints,0.01,0.003,0.0,0.12,high_slip,constrained_fisher,g1.00_1.00_s0.20,0.0000,0.7974,0.6801,30.5775,0.0944,0.1792,4.1059,0.1208,0.1208,0.0000,19218
9,40,square_waypoints,0.01,0.003,0.0,0.12,left_gain_loss,null_probe,g0.60_1.00_s0.02,0.0200,0.5395,0.8020,21.4250,0.0724,0.1316,2.8464,0.1043,0.0103,-0.0939,20219
9,40,square_waypoints,0.01,0.003,0.0,0.12,left_gain_loss,unpaired_null,g0.60_1.00_s0.02,0.0200,0.6831,0.7410,21.4250,0.1164,0.1992,4.7936,0.0378,0.0274,-0.0104,20220
9,40,square_waypoints,0.01,0.003,0.0,0.12,left_gain_loss,random_probe,g0.60_1.00_s0.02,0.0200,1.1874,0.5588,8.2292,0.2452,0.3336,8.5166,0.0178,0.0253,0.0075,20221
9,40,square_waypoints,0.01,0.003,0.0,0.12,left_gain_loss,task_greedy,g0.60_1.00_s0.02,0.0200,1.6798,0.2979,21.3542,2.1846,2.1766,44.2694,0.0775,0.1279,0.0505,20222
9,40,square_waypoints,0.01,0.003,0.0,0.12,left_gain_loss,fisher_grid,g0.60_1.00_s0.02,0.0200,0.3759,0.9062,27.5400,0.5463,0.5424,10.9471,0.0312,0.0313,0.0001,20223
9,40,square_waypoints,0.01,0.003,0.0,0.12,left_gain_loss,constrained_fisher,g0.60_1.00_s0.02,0.0200,0.2636,0.9402,22.8825,0.1299,0.1225,3.5580,0.0276,0.0259,-0.0017,20224
9,40,square_waypoints,0.01,0.003,0.0,0.12,right_gain_loss,null_probe,g1.00_0.60_s0.10,0.1000,0.8231,0.6620,21.4250,0.0823,0.1310,2.8306,0.0253,0.0601,0.0348,20225
9,40,square_waypoints,0.01,0.003,0.0,0.12,right_gain_loss,unpaired_null,g1.00_0.60_s0.02,0.0200,0.7784,0.7614,21.4250,0.0565,0.2878,6.1486,0.0202,0.1636,0.1434,20226
9,40,square_waypoints,0.01,0.003,0.0,0.12,right_gain_loss,random_probe,g1.00_0.60_s0.02,0.0200,0.7889,0.7762,10.7522,0.3264,0.3993,9.2282,0.0181,0.1145,0.0964,20227
9,40,square_waypoints,0.01,0.003,0.0,0.12,right_gain_loss,task_greedy,g1.00_0.60_s0.02,0.0200,1.6031,0.3462,21.7964,2.2357,2.2269,44.9015,0.0367,0.1030,0.0663,20228
9,40,square_waypoints,0.01,0.003,0.0,0.12,right_gain_loss,fisher_grid,g1.00_0.60_s0.02,0.0200,0.5249,0.7870,27.5400,0.5420,0.5559,10.1790,0.0759,0.1651,0.0892,20229
9,40,square_waypoints,0.01,0.003,0.0,0.12,right_gain_loss,constrained_fisher,g1.00_0.60_s0.02,0.0200,0.1202,0.9792,21.8700,0.1349,0.1309,3.7745,0.0300,0.0463,0.0164,20230
9,40,square_waypoints,0.01,0.003,0.0,0.12,symmetric_low_power,null_probe,g0.75_0.75_s0.02,0.0600,0.3330,0.9135,21.4250,0.0255,0.0915,1.9923,0.0616,0.0693,0.0077,20231
9,40,square_waypoints,0.01,0.003,0.0,0.12,symmetric_low_power,unpaired_null,g0.75_0.75_s0.02,0.0600,0.5975,0.7852,21.4250,0.0268,0.2090,4.0651,0.0500,0.0586,0.0086,20232
9,40,square_waypoints,0.01,0.003,0.0,0.12,symmetric_low_power,random_probe,g0.75_0.60_s0.10,0.2300,1.8074,0.3365,9.1025,0.3121,0.3606,8.3349,0.0316,0.0225,-0.0090,20233
9,40,square_waypoints,0.01,0.003,0.0,0.12,symmetric_low_power,task_greedy,g0.75_0.75_s0.02,0.0600,1.2783,0.3218,19.6041,2.0041,2.0064,40.8831,0.0531,0.0299,-0.0232,20234
9,40,square_waypoints,0.01,0.003,0.0,0.12,symmetric_low_power,fisher_grid,g0.75_0.75_s0.02,0.0600,0.5922,0.7860,27.5400,0.3983,0.4092,8.0657,0.0464,0.0660,0.0197,20235
9,40,square_waypoints,0.01,0.003,0.0,0.12,symmetric_low_power,constrained_fisher,g0.75_0.75_s0.02,0.0600,0.2352,0.9376,32.4000,0.0236,0.0844,1.8433,0.0505,0.0479,-0.0026,20236
9,40,square_waypoints,0.01,0.003,0.0,0.12,high_slip,null_probe,g1.00_1.00_s0.20,0.0000,0.2786,0.9389,21.4250,0.2132,0.2596,4.4847,0.1468,0.1468,0.0000,20237
9,40,square_waypoints,0.01,0.003,0.0,0.12,high_slip,unpaired_null,g1.00_1.00_s0.20,0.0000,0.6612,0.7974,21.4250,0.0807,0.3246,7.3573,0.2462,0.2462,0.0000,20238
9,40,square_waypoints,0.01,0.003,0.0,0.12,high_slip,random_probe,g1.00_1.00_s0.20,0.0000,1.0081,0.6439,12.2783,0.7653,0.7905,16.8017,0.2719,0.2719,0.0000,20239
9,40,square_waypoints,0.01,0.003,0.0,0.12,high_slip,task_greedy,g1.00_1.00_s0.20,0.0000,0.0849,0.9859,22.9961,2.7672,2.7655,58.7107,0.0952,0.0952,0.0000,20240
9,40,square_waypoints,0.01,0.003,0.0,0.12,high_slip,fisher_grid,g1.00_1.00_s0.20,0.0000,0.2415,0.9484,27.5400,0.6071,0.5982,11.9858,0.1954,0.1954,0.0000,20241
9,40,square_waypoints,0.01,0.003,0.0,0.12,high_slip,constrained_fisher,g1.00_1.00_s0.20,0.0000,0.1551,0.9706,14.1750,0.0955,0.1527,4.4130,0.0355,0.0355,0.0000,20242
10,40,square_waypoints,0.01,0.003,0.0,0.12,left_gain_loss,null_probe,g0.60_1.00_s0.02,0.0200,0.3657,0.8996,21.4250,0.0463,0.1162,2.6780,0.0502,0.0460,-0.0042,21243
10,40,square_waypoints,0.01,0.003,0.0,0.12,left_gain_loss,unpaired_null,g0.60_1.00_s0.02,0.0200,0.6554,0.8001,21.4250,0.0517,0.1856,4.3323,0.0320,0.0200,-0.0120,21244
10,40,square_waypoints,0.01,0.003,0.0,0.12,left_gain_loss,random_probe,g0.60_1.00_s0.02,0.0200,1.3249,0.4238,9.2512,0.1355,0.2725,6.2328,0.0493,0.0591,0.0098,21245
10,40,square_waypoints,0.01,0.003,0.0,0.12,left_gain_loss,task_greedy,g0.60_1.00_s0.02,0.0200,1.2273,0.5407,21.9868,2.2549,2.2345,44.7018,0.0733,0.1528,0.0795,21246
10,40,square_waypoints,0.01,0.003,0.0,0.12,left_gain_loss,fisher_grid,g0.60_1.00_s0.02,0.0200,1.0734,0.4694,27.5400,0.5237,0.5452,10.4879,0.0308,0.0453,0.0145,21247
10,40,square_waypoints,0.01,0.003,0.0,0.12,left_gain_loss,constrained_fisher,g0.60_1.00_s0.02,0.0200,0.0070,0.9992,30.5775,0.0883,0.1191,3.2543,0.0562,0.1584,0.1022,21248
10,40,square_waypoints,0.01,0.003,0.0,0.12,right_gain_loss,null_probe,g1.00_0.60_s0.02,0.0200,0.5678,0.8163,21.4250,0.0868,0.1110,2.3284,0.0210,0.0339,0.0130,21249
10,40,square_waypoints,0.01,0.003,0.0,0.12,right_gain_loss,unpaired_null,g1.00_0.60_s0.02,0.0200,0.7643,0.7052,21.4250,0.1112,0.3142,6.8073,0.0263,0.0342,0.0079,21250
10,40,square_waypoints,0.01,0.003,0.0,0.12,right_gain_loss,random_probe,g1.00_0.60_s0.02,0.0200,1.3320,0.5719,12.0545,0.4227,0.5874,15.0019,0.0301,0.0333,0.0032,21251
10,40,square_waypoints,0.01,0.003,0.0,0.12,right_gain_loss,task_greedy,g0.90_0.60_s0.02,0.1200,1.4292,0.4750,21.4981,2.2290,2.2125,44.4977,0.0273,0.1531,0.1258,21252
10,40,square_waypoints,0.01,0.003,0.0,0.12,right_gain_loss,fisher_grid,g1.00_0.60_s0.02,0.0200,0.5921,0.7396,27.5400,0.5456,0.5618,10.0016,0.0677,0.1026,0.0349,21253
10,40,square_waypoints,0.01,0.003,0.0,0.12,right_gain_loss,constrained_fisher,g1.00_0.60_s0.02,0.0200,0.7300,0.7775,17.2125,0.1384,0.1310,4.1282,0.0415,0.1732,0.1318,21254
10,40,square_waypoints,0.01,0.003,0.0,0.12,symmetric_low_power,null_probe,g0.75_0.75_s0.10,0.1400,1.8104,0.3718,21.4250,0.0118,0.0703,1.4296,0.0654,0.0691,0.0037,21255
10,40,square_waypoints,0.01,0.003,0.0,0.12,symmetric_low_power,unpaired_null,g0.75_0.75_s0.02,0.0600,0.6158,0.7668,21.4250,0.0340,0.2201,4.6043,0.0254,0.0392,0.0138,21256
10,40,square_waypoints,0.01,0.003,0.0,0.12,symmetric_low_power,random_probe,g0.75_0.75_s0.02,0.0600,1.6214,0.3554,12.6144,0.3421,0.3196,5.6940,0.0568,0.0459,-0.0109,21257
10,40,square_waypoints,0.01,0.003,0.0,0.12,symmetric_low_power,task_greedy,g0.75_0.75_s0.10,0.1400,1.9380,0.1884,19.8489,2.0411,2.0551,42.0097,0.0220,0.0439,0.0219,21258
10,40,square_waypoints,0.01,0.003,0.0,0.12,symmetric_low_power,fisher_grid,g0.75_0.75_s0.02,0.0600,0.4749,0.8187,27.5400,0.4144,0.3995,7.6710,0.0436,0.0521,0.0085,21259
10,40,square_waypoints,0.01,0.003,0.0,0.12,symmetric_low_power,constrained_fisher,g0.75_0.75_s0.02,0.0600,0.2403,0.9367,32.4000,0.0146,0.0755,1.6177,0.0196,0.0228,0.0032,21260
10,40,square_waypoints,0.01,0.003,0.0,0.12,high_slip,null_probe,g1.00_1.00_s0.20,0.0000,0.1890,0.9635,21.4250,0.0940,0.2248,4.9787,0.0537,0.0537,0.0000,21261
10,40,square_waypoints,0.01,0.003,0.0,0.12,high_slip,unpaired_null,g1.00_1.00_s0.20,0.0000,0.1193,0.9780,21.4250,0.3286,0.4061,9.0991,0.1653,0.1653,0.0000,21262
10,40,square_waypoints,0.01,0.003,0.0,0.12,high_slip,random_probe,g1.00_1.00_s0.20,0.0000,0.6916,0.7930,10.2712,0.0942,0.3624,5.9875,0.1152,0.1152,0.0000,21263
10,40,square_waypoints,0.01,0.003,0.0,0.12,high_slip,task_greedy,g1.00_1.00_s0.20,0.0000,0.5688,0.7543,22.0257,2.1155,2.3590,55.0527,0.1861,0.1861,0.0000,21264
10,40,square_waypoints,0.01,0.003,0.0,0.12,high_slip,fisher_grid,g1.00_1.00_s0.20,0.0000,0.3218,0.9181,27.5400,0.5220,0.4975,9.6325,0.0885,0.0885,0.0000,21265
10,40,square_waypoints,0.01,0.003,0.0,0.12,high_slip,constrained_fisher,g1.00_1.00_s0.20,0.0000,0.8525,0.7629,11.3400,0.1393,0.1700,5.1379,0.1621,0.1621,0.0000,21266
11,40,square_waypoints,0.01,0.003,0.0,0.12,left_gain_loss,null_probe,g0.60_1.00_s0.02,0.0200,0.4669,0.8690,21.4250,0.1216,0.1555,3.2313,0.0819,0.0167,-0.0652,22267
11,40,square_waypoints,0.01,0.003,0.0,0.12,left_gain_loss,unpaired_null,g0.60_1.00_s0.02,0.0200,0.2788,0.9321,21.4250,0.0650,0.1871,4.5014,0.0562,0.0707,0.0145,22268
11,40,square_waypoints,0.01,0.003,0.0,0.12,left_gain_loss,random_probe,g0.60_1.00_s0.02,0.0200,0.6173,0.8411,10.5427,0.2302,0.3117,6.6149,0.0226,0.0159,-0.0067,22269
11,40,square_waypoints,0.01,0.003,0.0,0.12,left_gain_loss,task_greedy,g0.60_1.00_s0.02,0.0200,1.3399,0.5115,21.5663,2.1791,2.1946,44.2325,0.0642,0.0211,-0.0432,22270
11,40,square_waypoints,0.01,0.003,0.0,0.12,left_gain_loss,fisher_grid,g0.60_1.00_s0.02,0.0200,0.6855,0.6486,27.5400,0.5559,0.5345,10.6201,0.0214,0.1303,0.1089,22271
11,40,square_waypoints,0.01,0.003,0.0,0.12,left_gain_loss,constrained_fisher,g0.60_1.00_s0.02,0.0200,0.0163,0.9978,26.1225,0.1228,0.1248,3.5194,0.0481,0.0208,-0.0273,22272
11,40,square_waypoints,0.01,0.003,0.0,0.12,right_gain_loss,null_probe,g1.00_0.60_s0.02,0.0200,0.9671,0.6297,21.4250,0.0583,0.1183,2.4468,0.0754,0.0911,0.0157,22273
11,40,square_waypoints,0.01,0.003,0.0,0.12,right_gain_loss,unpaired_null,g1.00_0.60_s0.02,0.0200,0.3371,0.8996,21.4250,0.0906,0.2842,6.1716,0.0809,0.1110,0.0301,22274
11,40,square_waypoints,0.01,0.003,0.0,0.12,right_gain_loss,random_probe,g1.00_0.60_s0.02,0.0200,1.0952,0.6600,10.7088,0.5675,0.5646,7.2076,0.0235,0.1328,0.1092,22275
11,40,square_waypoints,0.01,0.003,0.0,0.12,right_gain_loss,task_greedy,g1.00_0.60_s0.02,0.0200,1.3754,0.4926,21.3051,2.2114,2.1844,44.3267,0.0241,0.0132,-0.0109,22276
11,40,square_waypoints,0.01,0.003,0.0,0.12,right_gain_loss,fisher_grid,g1.00_0.60_s0.02,0.0200,0.5397,0.8528,27.5400,0.5818,0.5765,10.4029,0.0237,0.1543,0.1306,22277
11,40,square_waypoints,0.01,0.003,0.0,0.12,right_gain_loss,constrained_fisher,g1.00_0.60_s0.02,0.0200,0.1526,0.9656,31.4887,0.0840,0.1130,3.0493,0.0511,0.0133,-0.0378,22278
11,40,square_waypoints,0.01,0.003,0.0,0.12,symmetric_low_power,null_probe,g0.75_0.75_s0.02,0.0600,0.4994,0.8154,21.4250,0.0174,0.0797,1.5894,0.0396,0.0196,-0.0200,22279
11,40,square_waypoints,0.01,0.003,0.0,0.12,symmetric_low_power,unpaired_null,g0.75_0.75_s0.10,0.1400,0.7395,0.6913,21.4250,0.0293,0.2051,4.1049,0.0307,0.0804,0.0497,22280
11,40,square_waypoints,0.01,0.003,0.0,0.12,symmetric_low_power,random_probe,g0.75_0.60_s0.02,0.1500,1.4738,0.4541,9.0858,0.0465,0.1630,3.3944,0.0173,0.0372,0.0200,22281
11,40,square_waypoints,0.01,0.003,0.0,0.12,symmetric_low_power,task_greedy,g0.75_0.75_s0.20,0.2400,1.1941,0.3319,19.6139,2.0083,1.9986,41.3720,0.0336,0.0846,0.0510,22282
11,40,square_waypoints,0.01,0.003,0.0,0.12,symmetric_low_power,fisher_grid,g0.75_0.75_s0.10,0.1400,0.6810,0.6812,27.5400,0.3657,0.3838,7.7042,0.0592,0.0353,-0.0239,22283
11,40,square_waypoints,0.01,0.003,0.0,0.12,symmetric_low_power,constrained_fisher,g0.75_0.75_s0.02,0.0600,0.2416,0.9380,32.4000,0.0142,0.0861,1.7713,0.0266,0.0596,0.0330,22284
11,40,square_waypoints,0.01,0.003,0.0,0.12,high_slip,null_probe,g1.00_1.00_s0.20,0.0000,0.0364,0.9946,21.4250,0.1066,0.2025,3.4738,0.2229,0.2229,0.0000,22285
11,40,square_waypoints,0.01,0.003,0.0,0.12,high_slip,unpaired_null,g1.00_1.00_s0.20,0.0000,0.3050,0.9273,21.4250,0.2275,0.3094,7.7094,0.1689,0.1689,0.0000,22286
11,40,square_waypoints,0.01,0.003,0.0,0.12,high_slip,random_probe,g1.00_1.00_s0.20,0.0000,0.6657,0.7081,10.5042,0.4407,0.5819,11.5177,0.0418,0.0418,0.0000,22287
11,40,square_waypoints,0.01,0.003,0.0,0.12,high_slip,task_greedy,g1.00_1.00_s0.20,0.0000,0.3265,0.9238,22.1018,2.4491,2.6406,56.5272,0.0565,0.0565,0.0000,22288
11,40,square_waypoints,0.01,0.003,0.0,0.12,high_slip,fisher_grid,g1.00_1.00_s0.20,0.0000,0.0177,0.9975,27.5400,0.6265,0.6283,12.2189,0.1529,0.1529,0.0000,22289
11,40,square_waypoints,0.01,0.003,0.0,0.12,high_slip,constrained_fisher,g1.00_1.00_s0.20,0.0000,0.7598,0.5301,32.4000,0.0950,0.1127,3.5906,0.1926,0.1926,0.0000,22290
12,40,square_waypoints,0.01,0.003,0.0,0.12,left_gain_loss,null_probe,g0.60_1.00_s0.02,0.0200,0.7816,0.5541,21.4250,0.0849,0.1249,2.5582,0.0676,0.0942,0.0266,23291
12,40,square_waypoints,0.01,0.003,0.0,0.12,left_gain_loss,unpaired_null,g0.60_1.00_s0.02,0.0200,1.0291,0.6282,21.4250,0.1225,0.2195,5.1872,0.0590,0.1333,0.0743,23292
12,40,square_waypoints,0.01,0.003,0.0,0.12,left_gain_loss,random_probe,g0.60_1.00_s0.02,0.0200,0.9059,0.6349,9.9294,0.1156,0.2712,5.1137,0.0201,0.0677,0.0476,23293
12,40,square_waypoints,0.01,0.003,0.0,0.12,left_gain_loss,task_greedy,g0.60_1.00_s0.02,0.0200,1.2779,0.5391,21.8895,2.2378,2.2224,44.7024,0.0834,0.0189,-0.0645,23294
12,40,square_waypoints,0.01,0.003,0.0,0.12,left_gain_loss,fisher_grid,g0.60_1.00_s0.02,0.0200,0.7181,0.6302,27.5400,0.5508,0.5672,10.9903,0.0349,0.0217,-0.0132,23295
12,40,square_waypoints,0.01,0.003,0.0,0.12,left_gain_loss,constrained_fisher,g0.60_1.00_s0.02,0.0200,0.8213,0.7130,17.8200,0.1631,0.1463,4.2891,0.0181,0.1010,0.0829,23296
12,40,square_waypoints,0.01,0.003,0.0,0.12,right_gain_loss,null_probe,g1.00_0.60_s0.02,0.0200,1.0675,0.5051,21.4250,0.0442,0.1009,2.0324,0.0327,0.1076,0.0749,23297
12,40,square_waypoints,0.01,0.003,0.0,0.12,right_gain_loss,unpaired_null,g1.00_0.60_s0.02,0.0200,0.4327,0.8903,21.4250,0.0814,0.2905,5.9716,0.0304,0.0248,-0.0056,23298
12,40,square_waypoints,0.01,0.003,0.0,0.12,right_gain_loss,random_probe,g1.00_0.60_s0.02,0.0200,1.0777,0.6081,11.2683,0.3145,0.3096,7.5555,0.0461,0.2106,0.1646,23299
12,40,square_waypoints,0.01,0.003,0.0,0.12,right_gain_loss,task_greedy,g1.00_0.60_s0.02,0.0200,1.2248,0.4225,21.5661,2.1896,2.2078,44.4974,0.0726,0.0530,-0.0196,23300
12,40,square_waypoints,0.01,0.003,0.0,0.12,right_gain_loss,fisher_grid,g1.00_0.60_s0.02,0.0200,0.3952,0.8752,27.5400,0.5761,0.5767,10.1589,0.0301,0.1412,0.1111,23301
12,40,square_waypoints,0.01,0.003,0.0,0.12,right_gain_loss,constrained_fisher,g1.00_0.60_s0.02,0.0200,0.0233,0.9968,32.0962,0.0704,0.1172,2.6533,0.0463,0.0178,-0.0285,23302
12,40,square_waypoints,0.01,0.003,0.0,0.12,symmetric_low_power,null_probe,g0.75_0.75_s0.02,0.0600,0.6252,0.7495,21.4250,0.0229,0.0751,1.4943,0.0241,0.0945,0.0704,23303
12,40,square_waypoints,0.01,0.003,0.0,0.12,symmetric_low_power,unpaired_null,g0.75_0.75_s0.02,0.0600,0.9036,0.6921,21.4250,0.0419,0.2273,4.8724,0.0580,0.0851,0.0271,23304
12,40,square_waypoints,0.01,0.003,0.0,0.12,symmetric_low_power,random_probe,g0.75_0.75_s0.02,0.0600,1.2893,0.4477,10.0960,0.4221,0.4392,12.3243,0.0205,0.0876,0.0672,23305
12,40,square_waypoints,0.01,0.003,0.0,0.12,symmetric_low_power,task_greedy,g0.75_0.75_s0.02,0.0600,1.1061,0.3369,19.6307,2.0120,1.9941,41.1064,0.0377,0.0713,0.0336,23306
12,40,square_waypoints,0.01,0.003,0.0,0.12,symmetric_low_power,fisher_grid,g0.75_0.75_s0.02,0.0600,0.6614,0.6731,27.5400,0.4000,0.4121,8.1149,0.0308,0.0621,0.0314,23307
12,40,square_waypoints,0.01,0.003,0.0,0.12,symmetric_low_power,constrained_fisher,g0.75_0.75_s0.02,0.0600,0.0441,0.9936,32.0962,0.0556,0.0927,2.3500,0.0383,0.0347,-0.0036,23308
12,40,square_waypoints,0.01,0.003,0.0,0.12,high_slip,null_probe,g1.00_1.00_s0.20,0.0000,0.0870,0.9848,21.4250,0.2430,0.3150,8.8349,0.0175,0.0175,0.0000,23309
12,40,square_waypoints,0.01,0.003,0.0,0.12,high_slip,unpaired_null,g1.00_1.00_s0.20,0.0000,0.2797,0.9446,21.4250,0.0867,0.2942,5.9064,0.0817,0.0817,0.0000,23310
12,40,square_waypoints,0.01,0.003,0.0,0.12,high_slip,random_probe,g1.00_1.00_s0.20,0.0000,0.5567,0.8260,11.1948,0.4182,0.5125,12.1671,0.2062,0.2062,0.0000,23311
12,40,square_waypoints,0.01,0.003,0.0,0.12,high_slip,task_greedy,g1.00_1.00_s0.20,0.0000,0.2572,0.9492,21.9455,2.7671,2.7106,56.3360,0.0555,0.0555,0.0000,23312
12,40,square_waypoints,0.01,0.003,0.0,0.12,high_slip,fisher_grid,g1.00_1.00_s0.20,0.0000,0.3537,0.9142,27.5400,0.4934,0.4899,9.2080,0.0313,0.0313,0.0000,23313
12,40,square_waypoints,0.01,0.003,0.0,0.12,high_slip,constrained_fisher,g1.00_1.00_s0.20,0.0000,1.5806,0.4702,9.3150,0.1531,0.1548,5.3736,0.0551,0.0551,0.0000,23314
13,40,square_waypoints,0.01,0.003,0.0,0.12,left_gain_loss,null_probe,g0.60_1.00_s0.02,0.0200,0.4083,0.8748,21.4250,0.0631,0.1235,2.6443,0.0806,0.0347,-0.0459,24315
13,40,square_waypoints,0.01,0.003,0.0,0.12,left_gain_loss,unpaired_null,g0.60_1.00_s0.02,0.0200,0.6651,0.7667,21.4250,0.0916,0.2010,4.7106,0.0269,0.0231,-0.0038,24316
13,40,square_waypoints,0.01,0.003,0.0,0.12,left_gain_loss,random_probe,g0.60_0.90_s0.02,0.1200,1.3850,0.3818,10.9222,0.4607,0.4786,12.1739,0.0792,0.1747,0.0955,24317
13,40,square_waypoints,0.01,0.003,0.0,0.12,left_gain_loss,task_greedy,g0.60_1.00_s0.20,0.2000,1.0696,0.6032,22.1579,2.2156,2.2262,44.0123,0.0368,0.0273,-0.0095,24318
13,40,square_waypoints,0.01,0.003,0.0,0.12,left_gain_loss,fisher_grid,g0.60_1.00_s0.02,0.0200,0.0421,0.9936,27.5400,0.5482,0.5392,10.5772,0.0267,0.0288,0.0021,24319
13,40,square_waypoints,0.01,0.003,0.0,0.12,left_gain_loss,constrained_fisher,g0.60_1.00_s0.02,0.0200,0.2852,0.9256,20.0475,0.1221,0.1310,3.8465,0.0811,0.0232,-0.0580,24320
13,40,square_waypoints,0.01,0.003,0.0,0.12,right_gain_loss,null_probe,g1.00_0.60_s0.02,0.0200,0.4179,0.8810,21.4250,0.0595,0.1205,2.5178,0.0269,0.0679,0.0410,24321
13,40,square_waypoints,0.01,0.003,0.0,0.12,right_gain_loss,unpaired_null,g1.00_0.60_s0.10,0.1000,1.3744,0.5339,21.4250,0.0873,0.2899,6.1781,0.0454,0.1642,0.1188,24322
13,40,square_waypoints,0.01,0.003,0.0,0.12,right_gain_loss,random_probe,g1.00_0.60_s0.02,0.0200,1.1014,0.6600,10.5118,0.3074,0.3009,5.7742,0.0647,0.1472,0.0824,24323
13,40,square_waypoints,0.01,0.003,0.0,0.12,right_gain_loss,task_greedy,g0.90_0.60_s0.02,0.1200,1.5057,0.4060,21.9982,2.2523,2.2372,44.3329,0.0812,0.0230,-0.0582,24324
13,40,square_waypoints,0.01,0.003,0.0,0.12,right_gain_loss,fisher_grid,g1.00_0.60_s0.02,0.0200,0.1350,0.9708,27.5400,0.5716,0.5463,9.6169,0.0487,0.0150,-0.0337,24325
13,40,square_waypoints,0.01,0.003,0.0,0.12,right_gain_loss,constrained_fisher,g1.00_0.60_s0.02,0.0200,0.0327,0.9950,28.0463,0.0905,0.1096,3.4649,0.0260,0.0424,0.0164,24326
13,40,square_waypoints,0.01,0.003,0.0,0.12,symmetric_low_power,null_probe,g0.75_0.75_s0.10,0.1400,0.9036,0.6380,21.4250,0.0499,0.0743,1.6120,0.0375,0.0531,0.0156,24327
13,40,square_waypoints,0.01,0.003,0.0,0.12,symmetric_low_power,unpaired_null,g0.75_0.75_s0.02,0.0600,0.5275,0.7973,21.4250,0.0474,0.2010,4.0593,0.0557,0.0606,0.0049,24328
13,40,square_waypoints,0.01,0.003,0.0,0.12,symmetric_low_power,random_probe,g0.75_0.75_s0.02,0.0600,0.7626,0.7682,13.3569,0.6628,0.6581,10.5305,0.0213,0.0351,0.0138,24329
13,40,square_waypoints,0.01,0.003,0.0,0.12,symmetric_low_power,task_greedy,g0.75_0.75_s0.20,0.2400,1.1534,0.3319,19.6188,1.9950,2.0094,41.1608,0.0132,0.0796,0.0664,24330
13,40,square_waypoints,0.01,0.003,0.0,0.12,symmetric_low_power,fisher_grid,g0.75_0.75_s0.02,0.0600,0.1364,0.9700,27.5400,0.3589,0.3673,7.2376,0.0383,0.0461,0.0078,24331
13,40,square_waypoints,0.01,0.003,0.0,0.12,symmetric_low_power,constrained_fisher,g0.75_0.75_s0.02,0.0600,0.0971,0.9818,32.4000,0.0204,0.0865,1.7540,0.0312,0.0411,0.0099,24332
13,40,square_waypoints,0.01,0.003,0.0,0.12,high_slip,null_probe,g1.00_1.00_s0.20,0.0000,0.0970,0.9835,21.4250,0.0424,0.2004,3.4530,0.0506,0.0506,0.0000,24333
13,40,square_waypoints,0.01,0.003,0.0,0.12,high_slip,unpaired_null,g1.00_1.00_s0.20,0.0000,0.5929,0.8192,21.4250,0.0299,0.2859,6.0208,0.0906,0.0906,0.0000,24334
13,40,square_waypoints,0.01,0.003,0.0,0.12,high_slip,random_probe,g1.00_1.00_s0.20,0.0000,0.7261,0.7783,12.2017,0.4307,0.4446,8.6061,0.0545,0.0545,0.0000,24335
13,40,square_waypoints,0.01,0.003,0.0,0.12,high_slip,task_greedy,g1.00_1.00_s0.20,0.0000,0.3687,0.8895,22.1731,2.4121,2.6566,58.0196,0.1080,0.1080,0.0000,24336
13,40,square_waypoints,0.01,0.003,0.0,0.12,high_slip,fisher_grid,g1.00_1.00_s0.20,0.0000,0.0301,0.9956,27.5400,0.4577,0.5045,9.0597,0.1649,0.1649,0.0000,24337
13,40,square_waypoints,0.01,0.003,0.0,0.12,high_slip,constrained_fisher,g1.00_1.00_s0.20,0.0000,0.0944,0.9843,28.1475,0.1457,0.1865,4.1399,0.0480,0.0480,0.0000,24338
14,40,square_waypoints,0.01,0.003,0.0,0.12,left_gain_loss,null_probe,g0.60_1.00_s0.02,0.0200,0.7704,0.7494,21.4250,0.0487,0.1124,2.2105,0.1295,0.0235,-0.1060,25339
14,40,square_waypoints,0.01,0.003,0.0,0.12,left_gain_loss,unpaired_null,g0.60_1.00_s0.10,0.1000,0.8229,0.7658,21.4250,0.0718,0.1794,4.1582,0.0221,0.1013,0.0792,25340
14,40,square_waypoints,0.01,0.003,0.0,0.12,left_gain_loss,random_probe,g0.60_1.00_s0.02,0.0200,1.3442,0.5867,10.0520,0.2143,0.3225,7.2134,0.0344,0.0511,0.0167,25341
14,40,square_waypoints,0.01,0.003,0.0,0.12,left_gain_loss,task_greedy,g0.60_1.00_s0.10,0.1000,1.5308,0.3753,22.0039,2.2367,2.2302,44.5593,0.0850,0.0295,-0.0555,25342
14,40,square_waypoints,0.01,0.003,0.0,0.12,left_gain_loss,fisher_grid,g0.60_1.00_s0.02,0.0200,0.1196,0.9776,27.5400,0.5448,0.5565,10.5293,0.0397,0.0273,-0.0124,25343
14,40,square_waypoints,0.01,0.003,0.0,0.12,left_gain_loss,constrained_fisher,g0.60_1.00_s0.02,0.0200,0.5079,0.8667,20.0475,0.1077,0.1269,3.9226,0.1181,0.0119,-0.1062,25344
14,40,square_waypoints,0.01,0.003,0.0,0.12,right_gain_loss,null_probe,g1.00_0.60_s0.02,0.0200,0.3536,0.9004,21.4250,0.0903,0.1284,3.1390,0.0810,0.0229,-0.0581,25345
14,40,square_waypoints,0.01,0.003,0.0,0.12,right_gain_loss,unpaired_null,g1.00_0.60_s0.02,0.0200,0.7961,0.5021,21.4250,0.1110,0.2728,5.5021,0.0266,0.0404,0.0139,25346
14,40,square_waypoints,0.01,0.003,0.0,0.12,right_gain_loss,random_probe,g1.00_0.60_s0.10,0.1000,1.5416,0.4856,11.0068,0.3698,0.4268,9.1882,0.0676,0.0275,-0.0401,25347
14,40,square_waypoints,0.01,0.003,0.0,0.12,right_gain_loss,task_greedy,g1.00_0.60_s0.02,0.0200,1.2618,0.4076,21.9181,2.2148,2.2180,44.5477,0.0188,0.0174,-0.0013,25348
14,40,square_waypoints,0.01,0.003,0.0,0.12,right_gain_loss,fisher_grid,g1.00_0.60_s0.02,0.0200,0.4523,0.8353,27.5400,0.5222,0.5105,8.9787,0.0374,0.0151,-0.0223,25349
14,40,square_waypoints,0.01,0.003,0.0,0.12,right_gain_loss,constrained_fisher,g1.00_0.60_s0.02,0.0200,0.1822,0.9640,30.5775,0.0956,0.1168,2.8992,0.0079,0.0232,0.0153,25350
14,40,square_waypoints,0.01,0.003,0.0,0.12,symmetric_low_power,null_probe,g0.75_0.75_s0.10,0.1400,0.7942,0.6246,21.4250,0.0269,0.0806,1.5763,0.0354,0.0515,0.0161,25351
14,40,square_waypoints,0.01,0.003,0.0,0.12,symmetric_low_power,unpaired_null,g0.75_0.75_s0.10,0.1400,1.8436,0.4416,21.4250,0.0478,0.2116,4.2827,0.0635,0.1190,0.0555,25352
14,40,square_waypoints,0.01,0.003,0.0,0.12,symmetric_low_power,random_probe,g0.75_0.75_s0.02,0.0600,1.0491,0.6597,10.9550,0.5054,0.5342,10.3740,0.0373,0.0586,0.0213,25353
14,40,square_waypoints,0.01,0.003,0.0,0.12,symmetric_low_power,task_greedy,g0.60_0.60_s0.20,0.4200,1.4297,0.3069,19.6226,2.0202,2.0063,40.8006,0.0204,0.0959,0.0755,25354
14,40,square_waypoints,0.01,0.003,0.0,0.12,symmetric_low_power,fisher_grid,g0.75_0.75_s0.02,0.0600,0.4894,0.8746,27.5400,0.3851,0.3842,7.4659,0.0262,0.0277,0.0015,25355
14,40,square_waypoints,0.01,0.003,0.0,0.12,symmetric_low_power,constrained_fisher,g0.75_0.75_s0.02,0.0600,0.0296,0.9955,32.4000,0.0327,0.0756,1.5656,0.0452,0.0670,0.0218,25356
14,40,square_waypoints,0.01,0.003,0.0,0.12,high_slip,null_probe,g1.00_1.00_s0.20,0.0000,0.6614,0.8254,21.4250,0.1554,0.1896,4.2228,0.1526,0.1526,0.0000,25357
14,40,square_waypoints,0.01,0.003,0.0,0.12,high_slip,unpaired_null,g1.00_1.00_s0.10,0.1000,1.2894,0.5278,21.4250,0.0983,0.3522,7.7276,0.1289,0.1289,0.0000,25358
14,40,square_waypoints,0.01,0.003,0.0,0.12,high_slip,random_probe,g1.00_1.00_s0.20,0.0000,0.5358,0.8538,10.1817,0.1679,0.3268,7.5002,0.1018,0.1018,0.0000,25359
14,40,square_waypoints,0.01,0.003,0.0,0.12,high_slip,task_greedy,g1.00_1.00_s0.20,0.0000,0.0238,0.9969,21.9531,2.2469,2.5236,56.3139,0.0170,0.0170,0.0000,25360
14,40,square_waypoints,0.01,0.003,0.0,0.12,high_slip,fisher_grid,g1.00_1.00_s0.20,0.0000,0.0279,0.9961,27.5400,0.5770,0.5728,11.9363,0.0561,0.0561,0.0000,25361
14,40,square_waypoints,0.01,0.003,0.0,0.12,high_slip,constrained_fisher,g1.00_1.00_s0.20,0.0000,1.2539,0.5314,19.6425,0.1221,0.1383,4.3125,0.1884,0.1884,0.0000,25362
15,40,square_waypoints,0.01,0.003,0.0,0.12,left_gain_loss,null_probe,g0.60_1.00_s0.02,0.0200,0.3520,0.9067,21.4250,0.1239,0.1598,3.0304,0.0619,0.0344,-0.0275,26363
15,40,square_waypoints,0.01,0.003,0.0,0.12,left_gain_loss,unpaired_null,g0.60_1.00_s0.02,0.0200,0.4691,0.8815,21.4250,0.1132,0.2088,5.0550,0.0168,0.0623,0.0456,26364
15,40,square_waypoints,0.01,0.003,0.0,0.12,left_gain_loss,random_probe,g0.60_1.00_s0.02,0.0200,0.5021,0.8680,10.1650,0.2160,0.3712,5.8359,0.0155,0.0135,-0.0020,26365
15,40,square_waypoints,0.01,0.003,0.0,0.12,left_gain_loss,task_greedy,g0.60_1.00_s0.02,0.0200,1.7332,0.2129,21.7590,2.2319,2.2128,44.4812,0.0134,0.1609,0.1476,26366
15,40,square_waypoints,0.01,0.003,0.0,0.12,left_gain_loss,fisher_grid,g0.60_1.00_s0.02,0.0200,0.7148,0.7577,27.5400,0.5676,0.5595,11.0084,0.0253,0.0210,-0.0044,26367
15,40,square_waypoints,0.01,0.003,0.0,0.12,left_gain_loss,constrained_fisher,g0.60_1.00_s0.02,0.0200,0.0608,0.9905,27.8438,0.1147,0.1197,3.6025,0.0235,0.1445,0.1210,26368
15,40,square_waypoints,0.01,0.003,0.0,0.12,right_gain_loss,null_probe,g1.00_0.60_s0.10,0.1000,0.8550,0.7500,21.4250,0.1173,0.1363,2.6251,0.0528,0.0214,-0.0314,26369
15,40,square_waypoints,0.01,0.003,0.0,0.12,right_gain_loss,unpaired_null,g1.00_0.60_s0.02,0.0200,0.7370,0.7778,21.4250,0.0783,0.2780,5.9193,0.0620,0.1557,0.0937,26370
15,40,square_waypoints,0.01,0.003,0.0,0.12,right_gain_loss,random_probe,g1.00_0.60_s0.02,0.0200,0.3601,0.9169,11.0579,0.2447,0.3144,6.4178,0.0595,0.0316,-0.0280,26371
15,40,square_waypoints,0.01,0.003,0.0,0.12,right_gain_loss,task_greedy,g1.00_0.60_s0.02,0.0200,1.1324,0.4409,21.7927,2.2276,2.2252,44.6353,0.0158,0.0172,0.0014,26372
15,40,square_waypoints,0.01,0.003,0.0,0.12,right_gain_loss,fisher_grid,g1.00_0.60_s0.02,0.0200,0.1685,0.9612,27.5400,0.5611,0.5589,9.7807,0.0222,0.0172,-0.0050,26373
15,40,square_waypoints,0.01,0.003,0.0,0.12,right_gain_loss,constrained_fisher,g1.00_0.60_s0.02,0.0200,0.1217,0.9804,28.0463,0.0988,0.1230,3.5969,0.0144,0.0042,-0.0102,26374
15,40,square_waypoints,0.01,0.003,0.0,0.12,symmetric_low_power,null_probe,g0.75_0.75_s0.02,0.0600,1.0230,0.5334,21.4250,0.0391,0.0817,1.5869,0.0345,0.0448,0.0103,26375
15,40,square_waypoints,0.01,0.003,0.0,0.12,symmetric_low_power,unpaired_null,g0.75_0.75_s0.02,0.0600,0.3078,0.9126,21.4250,0.0395,0.2233,4.7528,0.0355,0.0447,0.0092,26376
15,40,square_waypoints,0.01,0.003,0.0,0.12,symmetric_low_power,random_probe,g0.75_0.75_s0.02,0.0600,1.6893,0.3418,9.9627,0.4392,0.4975,11.0097,0.0384,0.0698,0.0314,26377
15,40,square_waypoints,0.01,0.003,0.0,0.12,symmetric_low_power,task_greedy,g0.60_0.60_s0.02,0.2400,1.5253,0.3078,19.6670,2.0201,2.0411,41.3291,0.0125,0.0539,0.0414,26378
15,40,square_waypoints,0.01,0.003,0.0,0.12,symmetric_low_power,fisher_grid,g0.75_0.75_s0.02,0.0600,0.1732,0.9648,27.5400,0.4161,0.4281,8.3590,0.0325,0.0411,0.0085,26379
15,40,square_waypoints,0.01,0.003,0.0,0.12,symmetric_low_power,constrained_fisher,g0.75_0.75_s0.02,0.0600,0.3519,0.8961,32.0962,0.0933,0.0940,2.4698,0.0504,0.0340,-0.0164,26380
15,40,square_waypoints,0.01,0.003,0.0,0.12,high_slip,null_probe,g1.00_1.00_s0.20,0.0000,0.3255,0.9294,21.4250,0.0925,0.1727,3.8116,0.1247,0.1247,0.0000,26381
15,40,square_waypoints,0.01,0.003,0.0,0.12,high_slip,unpaired_null,g1.00_1.00_s0.20,0.0000,0.2898,0.9268,21.4250,0.1860,0.3457,8.6560,0.2016,0.2016,0.0000,26382
15,40,square_waypoints,0.01,0.003,0.0,0.12,high_slip,random_probe,g1.00_1.00_s0.20,0.0000,0.8133,0.5629,11.3723,0.1855,0.4378,10.5534,0.0969,0.0969,0.0000,26383
15,40,square_waypoints,0.01,0.003,0.0,0.12,high_slip,task_greedy,g1.00_1.00_s0.20,0.0000,0.1872,0.9637,21.9438,2.6836,2.6911,56.2257,0.0408,0.0408,0.0000,26384
15,40,square_waypoints,0.01,0.003,0.0,0.12,high_slip,fisher_grid,g1.00_1.00_s0.20,0.0000,0.2362,0.9460,27.5400,0.6398,0.6290,14.1483,0.0410,0.0410,0.0000,26385
15,40,square_waypoints,0.01,0.003,0.0,0.12,high_slip,constrained_fisher,g1.00_1.00_s0.20,0.0000,0.4376,0.8515,31.7925,0.0978,0.1190,3.9490,0.0612,0.0612,0.0000,26386
16,40,square_waypoints,0.01,0.003,0.0,0.12,left_gain_loss,null_probe,g0.60_1.00_s0.02,0.0200,1.0053,0.6047,21.4250,0.1268,0.1817,3.5284,0.0793,0.0409,-0.0384,27387
16,40,square_waypoints,0.01,0.003,0.0,0.12,left_gain_loss,unpaired_null,g0.60_1.00_s0.02,0.0200,0.7527,0.6469,21.4250,0.0955,0.1935,4.5642,0.1198,0.1446,0.0248,27388
16,40,square_waypoints,0.01,0.003,0.0,0.12,left_gain_loss,random_probe,g0.60_0.90_s0.02,0.1200,1.4341,0.4727,9.4930,0.2259,0.3772,7.8755,0.1384,0.0623,-0.0761,27389
16,40,square_waypoints,0.01,0.003,0.0,0.12,left_gain_loss,task_greedy,g0.60_1.00_s0.02,0.0200,1.1675,0.5363,21.4191,2.1673,2.1747,44.0175,0.0430,0.0396,-0.0034,27390
16,40,square_waypoints,0.01,0.003,0.0,0.12,left_gain_loss,fisher_grid,g0.60_1.00_s0.02,0.0200,0.1586,0.9665,27.5400,0.5555,0.5363,10.4917,0.0836,0.0142,-0.0694,27391
16,40,square_waypoints,0.01,0.003,0.0,0.12,left_gain_loss,constrained_fisher,g0.60_1.00_s0.02,0.0200,0.0267,0.9963,23.8950,0.0941,0.1305,3.7061,0.0779,0.0180,-0.0598,27392
16,40,square_waypoints,0.01,0.003,0.0,0.12,right_gain_loss,null_probe,g1.00_0.60_s0.02,0.0200,0.5348,0.8250,21.4250,0.0824,0.1394,2.7466,0.0168,0.1528,0.1361,27393
16,40,square_waypoints,0.01,0.003,0.0,0.12,right_gain_loss,unpaired_null,g1.00_0.60_s0.02,0.0200,0.5033,0.8292,21.4250,0.1055,0.2818,6.3128,0.0097,0.0355,0.0258,27394
16,40,square_waypoints,0.01,0.003,0.0,0.12,right_gain_loss,random_probe,g1.00_0.60_s0.02,0.0200,0.6130,0.7780,10.4881,0.5649,0.6422,11.8813,0.0424,0.0580,0.0156,27395
16,40,square_waypoints,0.01,0.003,0.0,0.12,right_gain_loss,task_greedy,g1.00_0.60_s0.02,0.0200,1.3464,0.3644,21.4820,2.1796,2.1870,44.0432,0.0152,0.0716,0.0564,27396
16,40,square_waypoints,0.01,0.003,0.0,0.12,right_gain_loss,fisher_grid,g1.00_0.60_s0.02,0.0200,0.1085,0.9809,27.5400,0.5300,0.5385,9.9644,0.0161,0.0289,0.0129,27397
16,40,square_waypoints,0.01,0.003,0.0,0.12,right_gain_loss,constrained_fisher,g1.00_0.60_s0.02,0.0200,0.2690,0.9372,24.3000,0.1237,0.1261,3.5679,0.0162,0.0438,0.0275,27398
16,40,square_waypoints,0.01,0.003,0.0,0.12,symmetric_low_power,null_probe,g0.75_0.75_s0.02,0.0600,0.7793,0.6624,21.4250,0.0123,0.0678,1.5021,0.0239,0.0947,0.0708,27399
16,40,square_waypoints,0.01,0.003,0.0,0.12,symmetric_low_power,unpaired_null,g0.75_0.75_s0.02,0.0600,0.6088,0.7405,21.4250,0.0308,0.2168,4.4284,0.0243,0.0582,0.0338,27400
16,40,square_waypoints,0.01,0.003,0.0,0.12,symmetric_low_power,random_probe,g0.75_0.75_s0.02,0.0600,1.1015,0.6121,10.5206,0.1409,0.2849,6.2915,0.0245,0.0529,0.0284,27401
16,40,square_waypoints,0.01,0.003,0.0,0.12,symmetric_low_power,task_greedy,g0.75_0.75_s0.02,0.0600,1.1340,0.3393,19.6262,2.0419,2.0405,41.5950,0.0412,0.0732,0.0319,27402
16,40,square_waypoints,0.01,0.003,0.0,0.12,symmetric_low_power,fisher_grid,g0.75_0.75_s0.02,0.0600,0.2980,0.9136,27.5400,0.4188,0.4125,8.2327,0.0428,0.0817,0.0389,27403
16,40,square_waypoints,0.01,0.003,0.0,0.12,symmetric_low_power,constrained_fisher,g0.75_0.75_s0.02,0.0600,0.1944,0.9555,32.4000,0.0229,0.0803,1.5900,0.0298,0.0452,0.0155,27404
16,40,square_waypoints,0.01,0.003,0.0,0.12,high_slip,null_probe,g1.00_1.00_s0.20,0.0000,0.0785,0.9855,21.4250,0.2118,0.2443,5.3815,0.1182,0.1182,0.0000,27405
16,40,square_waypoints,0.01,0.003,0.0,0.12,high_slip,unpaired_null,g1.00_1.00_s0.20,0.0000,0.0746,0.9882,21.4250,0.3427,0.3846,8.8380,0.0081,0.0081,0.0000,27406
16,40,square_waypoints,0.01,0.003,0.0,0.12,high_slip,random_probe,g1.00_1.00_s0.20,0.0000,0.8383,0.7453,11.7250,0.5195,0.5547,10.9557,0.1885,0.1885,0.0000,27407
16,40,square_waypoints,0.01,0.003,0.0,0.12,high_slip,task_greedy,g1.00_1.00_s0.20,0.0000,0.2363,0.9471,22.3807,2.9491,2.9609,58.2560,0.1308,0.1308,0.0000,27408
16,40,square_waypoints,0.01,0.003,0.0,0.12,high_slip,fisher_grid,g1.00_1.00_s0.20,0.0000,0.2367,0.9394,27.5400,0.5021,0.5164,11.0711,0.0728,0.0728,0.0000,27409
16,40,square_waypoints,0.01,0.003,0.0,0.12,high_slip,constrained_fisher,g1.00_1.00_s0.20,0.0000,0.0976,0.9819,32.4000,0.1160,0.1520,4.3663,0.1168,0.1168,0.0000,27410
17,40,square_waypoints,0.01,0.003,0.0,0.12,left_gain_loss,null_probe,g0.60_1.00_s0.02,0.0200,0.7782,0.6733,21.4250,0.1303,0.1583,3.8123,0.0499,0.0212,-0.0286,28411
17,40,square_waypoints,0.01,0.003,0.0,0.12,left_gain_loss,unpaired_null,g0.60_1.00_s0.02,0.0200,0.5284,0.8398,21.4250,0.0810,0.2039,4.8036,0.0202,0.1300,0.1097,28412
17,40,square_waypoints,0.01,0.003,0.0,0.12,left_gain_loss,random_probe,g0.60_1.00_s0.02,0.0200,0.9997,0.6675,12.2150,0.5780,0.6905,13.9337,0.0156,0.0203,0.0047,28413
17,40,square_waypoints,0.01,0.003,0.0,0.12,left_gain_loss,task_greedy,g0.60_1.00_s0.02,0.0200,1.6404,0.3202,21.4284,2.1714,2.1981,44.3930,0.0293,0.0887,0.0594,28414
17,40,square_waypoints,0.01,0.003,0.0,0.12,left_gain_loss,fisher_grid,g0.60_1.00_s0.02,0.0200,0.6620,0.6587,27.5400,0.5880,0.5802,11.4650,0.0169,0.0195,0.0025,28415
17,40,square_waypoints,0.01,0.003,0.0,0.12,left_gain_loss,constrained_fisher,g0.60_1.00_s0.02,0.0200,0.3963,0.8650,26.5275,0.1067,0.1230,3.4680,0.0840,0.0075,-0.0765,28416
17,40,square_waypoints,0.01,0.003,0.0,0.12,right_gain_loss,null_probe,g1.00_0.60_s0.02,0.0200,0.3026,0.9259,21.4250,0.0637,0.1021,2.2239,0.0245,0.0145,-0.0100,28417
17,40,square_waypoints,0.01,0.003,0.0,0.12,right_gain_loss,unpaired_null,g1.00_0.60_s0.02,0.0200,0.3594,0.9029,21.4250,0.0575,0.2897,6.0604,0.0769,0.0353,-0.0416,28418
17,40,square_waypoints,0.01,0.003,0.0,0.12,right_gain_loss,random_probe,g1.00_0.60_s0.02,0.0200,0.6018,0.8271,11.6801,0.2401,0.3376,7.9141,0.0308,0.0127,-0.0181,28419
17,40,square_waypoints,0.01,0.003,0.0,0.12,right_gain_loss,task_greedy,g1.00_0.60_s0.02,0.0200,1.6801,0.2963,21.5098,2.1948,2.2171,44.5621,0.0153,0.0126,-0.0027,28420
17,40,square_waypoints,0.01,0.003,0.0,0.12,right_gain_loss,fisher_grid,g1.00_0.60_s0.02,0.0200,0.1714,0.9638,27.5400,0.5701,0.5749,10.1260,0.0086,0.0147,0.0062,28421
17,40,square_waypoints,0.01,0.003,0.0,0.12,right_gain_loss,constrained_fisher,g1.00_0.60_s0.02,0.0200,0.0308,0.9957,31.1850,0.0879,0.1273,3.3854,0.0268,0.0216,-0.0053,28422
17,40,square_waypoints,0.01,0.003,0.0,0.12,symmetric_low_power,null_probe,g0.75_0.75_s0.02,0.0600,0.7401,0.6074,21.4250,0.0200,0.0825,1.5282,0.0447,0.0706,0.0258,28423
17,40,square_waypoints,0.01,0.003,0.0,0.12,symmetric_low_power,unpaired_null,g0.75_0.75_s0.02,0.0600,0.4941,0.8474,21.4250,0.0122,0.2186,4.3706,0.0166,0.0902,0.0736,28424
17,40,square_waypoints,0.01,0.003,0.0,0.12,symmetric_low_power,random_probe,g0.60_0.75_s0.02,0.1500,1.7782,0.2686,9.6736,0.1615,0.2951,5.9407,0.0558,0.0658,0.0100,28425
17,40,square_waypoints,0.01,0.003,0.0,0.12,symmetric_low_power,task_greedy,g0.75_0.75_s0.20,0.2400,1.1233,0.3377,19.6275,2.0264,2.0221,41.3513,0.0198,0.0398,0.0200,28426
17,40,square_waypoints,0.01,0.003,0.0,0.12,symmetric_low_power,fisher_grid,g0.75_0.75_s0.02,0.0600,0.7086,0.6030,27.5400,0.3914,0.3911,7.3358,0.0340,0.0780,0.0440,28427
17,40,square_waypoints,0.01,0.003,0.0,0.12,symmetric_low_power,constrained_fisher,g0.75_0.75_s0.02,0.0600,0.0149,0.9981,32.0962,0.0398,0.0984,2.2532,0.0360,0.0867,0.0507,28428
17,40,square_waypoints,0.01,0.003,0.0,0.12,high_slip,null_probe,g1.00_1.00_s0.20,0.0000,0.3086,0.9318,21.4250,0.2082,0.2672,5.7624,0.0705,0.0705,0.0000,28429
17,40,square_waypoints,0.01,0.003,0.0,0.12,high_slip,unpaired_null,g1.00_1.00_s0.20,0.0000,1.6392,0.4144,21.4250,0.3980,0.4969,11.3372,0.0916,0.0916,0.0000,28430
17,40,square_waypoints,0.01,0.003,0.0,0.12,high_slip,random_probe,g1.00_1.00_s0.20,0.0000,0.2260,0.9520,10.0589,0.4189,0.4360,11.3820,0.0766,0.0766,0.0000,28431
17,40,square_waypoints,0.01,0.003,0.0,0.12,high_slip,task_greedy,g1.00_1.00_s0.20,0.0000,0.5502,0.8639,21.9529,2.8047,2.6923,57.7879,0.1721,0.1721,0.0000,28432
17,40,square_waypoints,0.01,0.003,0.0,0.12,high_slip,fisher_grid,g1.00_1.00_s0.20,0.0000,0.0489,0.9926,27.5400,0.5948,0.6281,14.2110,0.0911,0.0911,0.0000,28433
17,40,square_waypoints,0.01,0.003,0.0,0.12,high_slip,constrained_fisher,g1.00_1.00_s0.20,0.0000,1.5646,0.4421,28.1475,0.1249,0.1586,4.2625,0.0990,0.0990,0.0000,28434
18,40,square_waypoints,0.01,0.003,0.0,0.12,left_gain_loss,null_probe,g0.60_1.00_s0.10,0.1000,0.9228,0.4757,21.4250,0.1038,0.1299,2.8241,0.0235,0.0237,0.0002,29435
18,40,square_waypoints,0.01,0.003,0.0,0.12,left_gain_loss,unpaired_null,g0.60_1.00_s0.02,0.0200,0.7484,0.6827,21.4250,0.0806,0.1783,4.2572,0.0872,0.0679,-0.0193,29436
18,40,square_waypoints,0.01,0.003,0.0,0.12,left_gain_loss,random_probe,g0.60_0.90_s0.02,0.1200,1.0632,0.5169,12.1746,0.3284,0.3216,5.2176,0.0716,0.0143,-0.0573,29437
18,40,square_waypoints,0.01,0.003,0.0,0.12,left_gain_loss,task_greedy,g0.60_1.00_s0.10,0.1000,1.7191,0.2871,22.1165,2.2290,2.2394,44.7699,0.0450,0.0331,-0.0119,29438
18,40,square_waypoints,0.01,0.003,0.0,0.12,left_gain_loss,fisher_grid,g0.60_1.00_s0.02,0.0200,0.3904,0.8774,27.5400,0.4981,0.5057,10.1155,0.0238,0.1529,0.1291,29439
18,40,square_waypoints,0.01,0.003,0.0,0.12,left_gain_loss,constrained_fisher,g0.60_1.00_s0.02,0.0200,0.2306,0.9551,22.4775,0.1138,0.1308,3.9379,0.0381,0.1501,0.1120,29440
18,40,square_waypoints,0.01,0.003,0.0,0.12,right_gain_loss,null_probe,g1.00_0.60_s0.10,0.1000,0.9875,0.4818,21.4250,0.1195,0.1446,3.3124,0.0457,0.0217,-0.0241,29441
18,40,square_waypoints,0.01,0.003,0.0,0.12,right_gain_loss,unpaired_null,g1.00_0.60_s0.02,0.0200,0.2939,0.9330,21.4250,0.1186,0.2890,5.9616,0.0600,0.0990,0.0390,29442
18,40,square_waypoints,0.01,0.003,0.0,0.12,right_gain_loss,random_probe,g0.90_0.60_s0.02,0.1200,1.1402,0.4492,9.6264,0.4121,0.5000,12.9017,0.1019,0.0738,-0.0281,29443
18,40,square_waypoints,0.01,0.003,0.0,0.12,right_gain_loss,task_greedy,g1.00_0.60_s0.02,0.0200,1.2383,0.3502,22.0730,2.2043,2.2430,45.1327,0.0310,0.1555,0.1245,29444
18,40,square_waypoints,0.01,0.003,0.0,0.12,right_gain_loss,fisher_grid,g1.00_0.60_s0.02,0.0200,0.0647,0.9899,27.5400,0.5314,0.5242,9.4227,0.1381,0.0423,-0.0957,29445
18,40,square_waypoints,0.01,0.003,0.0,0.12,right_gain_loss,constrained_fisher,g1.00_0.60_s0.02,0.0200,0.1461,0.9691,28.1475,0.1405,0.1150,3.1885,0.0207,0.0193,-0.0013,29446
18,40,square_waypoints,0.01,0.003,0.0,0.12,symmetric_low_power,null_probe,g0.75_0.75_s0.02,0.0600,0.6919,0.7070,21.4250,0.0419,0.0923,1.6747,0.0300,0.0420,0.0120,29447
18,40,square_waypoints,0.01,0.003,0.0,0.12,symmetric_low_power,unpaired_null,g0.75_0.75_s0.02,0.0600,0.7516,0.6626,21.4250,0.0319,0.2058,4.3292,0.0290,0.0737,0.0446,29448
18,40,square_waypoints,0.01,0.003,0.0,0.12,symmetric_low_power,random_probe,g0.75_0.75_s0.02,0.0600,0.8013,0.7405,12.0455,0.1878,0.2493,5.9721,0.0620,0.0418,-0.0202,29449
18,40,square_waypoints,0.01,0.003,0.0,0.12,symmetric_low_power,task_greedy,g0.75_0.75_s0.20,0.2400,1.1806,0.3294,19.6050,1.9746,1.9801,40.4040,0.0291,0.0762,0.0471,29450
18,40,square_waypoints,0.01,0.003,0.0,0.12,symmetric_low_power,fisher_grid,g0.75_0.75_s0.10,0.1400,0.7046,0.5429,27.5400,0.3649,0.3802,7.3863,0.0591,0.0318,-0.0273,29451
18,40,square_waypoints,0.01,0.003,0.0,0.12,symmetric_low_power,constrained_fisher,g0.75_0.75_s0.02,0.0600,0.0566,0.9918,32.4000,0.0180,0.0873,1.7161,0.0281,0.0730,0.0449,29452
18,40,square_waypoints,0.01,0.003,0.0,0.12,high_slip,null_probe,g1.00_1.00_s0.20,0.0000,0.8583,0.7586,21.4250,0.0885,0.1663,2.8455,0.1155,0.1155,0.0000,29453
18,40,square_waypoints,0.01,0.003,0.0,0.12,high_slip,unpaired_null,g1.00_1.00_s0.20,0.0000,0.7285,0.7357,21.4250,0.0162,0.3033,6.1447,0.1268,0.1268,0.0000,29454
18,40,square_waypoints,0.01,0.003,0.0,0.12,high_slip,random_probe,g1.00_1.00_s0.20,0.0000,1.5061,0.4607,7.8569,0.3334,0.4267,8.8551,0.0558,0.0558,0.0000,29455
18,40,square_waypoints,0.01,0.003,0.0,0.12,high_slip,task_greedy,g1.00_1.00_s0.20,0.0000,0.4745,0.8844,22.8813,2.7841,2.7819,57.0127,0.0707,0.0707,0.0000,29456
18,40,square_waypoints,0.01,0.003,0.0,0.12,high_slip,fisher_grid,g1.00_1.00_s0.20,0.0000,0.0764,0.9868,27.5400,0.5293,0.5654,12.8667,0.1768,0.1768,0.0000,29457
18,40,square_waypoints,0.01,0.003,0.0,0.12,high_slip,constrained_fisher,g1.00_1.00_s0.20,0.0000,0.8752,0.7320,13.1625,0.1330,0.1538,4.9170,0.0861,0.0861,0.0000,29458
19,40,square_waypoints,0.01,0.003,0.0,0.12,left_gain_loss,null_probe,g0.60_1.00_s0.02,0.0200,0.3893,0.8762,21.4250,0.1451,0.1825,4.0988,0.0930,0.0136,-0.0795,30459
19,40,square_waypoints,0.01,0.003,0.0,0.12,left_gain_loss,unpaired_null,g0.60_1.00_s0.02,0.0200,0.3577,0.9059,21.4250,0.0795,0.1796,4.3770,0.1065,0.0199,-0.0866,30460
19,40,square_waypoints,0.01,0.003,0.0,0.12,left_gain_loss,random_probe,g0.60_1.00_s0.02,0.0200,1.2631,0.6050,10.2220,0.2494,0.3387,8.2353,0.0680,0.0356,-0.0325,30461
19,40,square_waypoints,0.01,0.003,0.0,0.12,left_gain_loss,task_greedy,g0.60_1.00_s0.02,0.0200,1.1685,0.5280,22.1123,2.2799,2.2531,44.8589,0.0071,0.0187,0.0116,30462
19,40,square_waypoints,0.01,0.003,0.0,0.12,left_gain_loss,fisher_grid,g0.60_1.00_s0.02,0.0200,0.1572,0.9699,27.5400,0.5543,0.5433,10.3879,0.0194,0.0475,0.0281,30463
19,40,square_waypoints,0.01,0.003,0.0,0.12,left_gain_loss,constrained_fisher,g0.60_1.00_s0.02,0.0200,0.0810,0.9869,28.3500,0.0771,0.1131,3.1859,0.0548,0.1541,0.0993,30464
19,40,square_waypoints,0.01,0.003,0.0,0.12,right_gain_loss,null_probe,g1.00_0.60_s0.02,0.0200,0.6402,0.8135,21.4250,0.0803,0.1597,3.1830,0.0258,0.0431,0.0173,30465
19,40,square_waypoints,0.01,0.003,0.0,0.12,right_gain_loss,unpaired_null,g1.00_0.60_s0.02,0.0200,0.4058,0.9005,21.4250,0.0707,0.3213,6.8321,0.0920,0.1427,0.0507,30466
19,40,square_waypoints,0.01,0.003,0.0,0.12,right_gain_loss,random_probe,g1.00_0.60_s0.02,0.0200,0.9443,0.5309,12.8128,0.3979,0.4122,12.2394,0.0325,0.0335,0.0011,30467
19,40,square_waypoints,0.01,0.003,0.0,0.12,right_gain_loss,task_greedy,g1.00_0.60_s0.02,0.0200,1.2760,0.5370,21.8826,2.2492,2.2307,44.7036,0.0598,0.0181,-0.0416,30468
19,40,square_waypoints,0.01,0.003,0.0,0.12,right_gain_loss,fisher_grid,g1.00_0.60_s0.02,0.0200,0.2707,0.9421,27.5400,0.5205,0.5288,9.5602,0.0338,0.0581,0.0244,30469
19,40,square_waypoints,0.01,0.003,0.0,0.12,right_gain_loss,constrained_fisher,g1.00_0.60_s0.02,0.0200,0.0203,0.9972,26.6288,0.1128,0.1108,3.3095,0.0290,0.0167,-0.0123,30470
19,40,square_waypoints,0.01,0.003,0.0,0.12,symmetric_low_power,null_probe,g0.75_0.75_s0.10,0.1400,0.8014,0.7123,21.4250,0.0615,0.1112,2.3919,0.0435,0.0377,-0.0057,30471
19,40,square_waypoints,0.01,0.003,0.0,0.12,symmetric_low_power,unpaired_null,g0.75_0.75_s0.02,0.0600,0.6370,0.7428,21.4250,0.0247,0.2194,4.3209,0.0255,0.0830,0.0575,30472
19,40,square_waypoints,0.01,0.003,0.0,0.12,symmetric_low_power,random_probe,g0.75_0.75_s0.02,0.0600,1.6137,0.3090,11.4114,0.0362,0.2435,5.2955,0.0308,0.0269,-0.0039,30473
19,40,square_waypoints,0.01,0.003,0.0,0.12,symmetric_low_power,task_greedy,g0.75_0.75_s0.20,0.2400,1.2051,0.4094,19.8054,2.0452,2.0407,41.4299,0.0533,0.0800,0.0267,30474
19,40,square_waypoints,0.01,0.003,0.0,0.12,symmetric_low_power,fisher_grid,g0.75_0.75_s0.02,0.0600,0.5795,0.7473,27.5400,0.3680,0.3714,7.7030,0.0234,0.0423,0.0189,30475
19,40,square_waypoints,0.01,0.003,0.0,0.12,symmetric_low_power,constrained_fisher,g0.75_0.60_s0.02,0.1500,0.3239,0.9093,32.4000,0.0313,0.0883,2.1164,0.0206,0.0469,0.0264,30476
19,40,square_waypoints,0.01,0.003,0.0,0.12,high_slip,null_probe,g1.00_1.00_s0.20,0.0000,0.0568,0.9915,21.4250,0.0164,0.1842,3.1750,0.1090,0.1090,0.0000,30477
19,40,square_waypoints,0.01,0.003,0.0,0.12,high_slip,unpaired_null,g1.00_1.00_s0.20,0.0000,0.2926,0.9408,21.4250,0.0074,0.3223,6.7270,0.0693,0.0693,0.0000,30478
19,40,square_waypoints,0.01,0.003,0.0,0.12,high_slip,random_probe,g1.00_1.00_s0.20,0.0000,0.9539,0.5934,11.1339,0.3813,0.3892,8.6483,0.1140,0.1140,0.0000,30479
19,40,square_waypoints,0.01,0.003,0.0,0.12,high_slip,task_greedy,g1.00_1.00_s0.20,0.0000,0.2323,0.9442,22.3467,2.7556,2.5693,57.3911,0.0881,0.0881,0.0000,30480
19,40,square_waypoints,0.01,0.003,0.0,0.12,high_slip,fisher_grid,g1.00_1.00_s0.20,0.0000,0.7097,0.5649,27.5400,0.5986,0.6000,14.2962,0.3052,0.3052,0.0000,30481
19,40,square_waypoints,0.01,0.003,0.0,0.12,high_slip,constrained_fisher,g1.00_1.00_s0.20,0.0000,0.4774,0.8620,19.2375,0.1042,0.1616,4.5576,0.0726,0.0726,0.0000,30482
20,40,square_waypoints,0.01,0.003,0.0,0.12,left_gain_loss,null_probe,g0.60_1.00_s0.02,0.0200,1.4369,0.4030,21.4250,0.0693,0.1230,2.3911,0.0739,0.0298,-0.0441,31483
20,40,square_waypoints,0.01,0.003,0.0,0.12,left_gain_loss,unpaired_null,g0.60_1.00_s0.02,0.0200,0.7516,0.7196,21.4250,0.0894,0.1757,4.3607,0.0030,0.0133,0.0103,31484
20,40,square_waypoints,0.01,0.003,0.0,0.12,left_gain_loss,random_probe,g0.60_1.00_s0.02,0.0200,0.8785,0.7259,8.8525,0.5130,0.5831,12.2626,0.0237,0.0384,0.0147,31485
20,40,square_waypoints,0.01,0.003,0.0,0.12,left_gain_loss,task_greedy,g0.60_1.00_s0.10,0.1000,1.7287,0.2679,22.3847,2.2360,2.2398,44.7357,0.0989,0.0125,-0.0864,31486
20,40,square_waypoints,0.01,0.003,0.0,0.12,left_gain_loss,fisher_grid,g0.60_1.00_s0.02,0.0200,0.6726,0.6985,27.5400,0.5296,0.5346,10.6525,0.0343,0.0235,-0.0108,31487
20,40,square_waypoints,0.01,0.003,0.0,0.12,left_gain_loss,constrained_fisher,g0.60_1.00_s0.02,0.0200,0.0705,0.9874,29.3625,0.0696,0.1186,3.4115,0.0280,0.0569,0.0290,31488
20,40,square_waypoints,0.01,0.003,0.0,0.12,right_gain_loss,null_probe,g1.00_0.60_s0.02,0.0200,0.5995,0.7667,21.4250,0.1060,0.1250,2.8889,0.0098,0.0238,0.0139,31489
20,40,square_waypoints,0.01,0.003,0.0,0.12,right_gain_loss,unpaired_null,g1.00_0.60_s0.02,0.0200,0.4816,0.8762,21.4250,0.0732,0.2820,5.8384,0.0355,0.0546,0.0191,31490
20,40,square_waypoints,0.01,0.003,0.0,0.12,right_gain_loss,random_probe,g0.90_0.60_s0.10,0.2000,1.4315,0.4572,12.1132,0.0831,0.4079,6.7859,0.0427,0.1476,0.1050,31491
20,40,square_waypoints,0.01,0.003,0.0,0.12,right_gain_loss,task_greedy,g1.00_0.60_s0.10,0.1000,1.7117,0.2702,21.5490,2.2006,2.2253,45.2326,0.0215,0.1429,0.1214,31492
20,40,square_waypoints,0.01,0.003,0.0,0.12,right_gain_loss,fisher_grid,g1.00_0.60_s0.02,0.0200,0.1387,0.9706,27.5400,0.5399,0.5150,9.2527,0.0630,0.1581,0.0951,31493
20,40,square_waypoints,0.01,0.003,0.0,0.12,right_gain_loss,constrained_fisher,g1.00_0.60_s0.02,0.0200,0.1551,0.9698,23.4900,0.0841,0.1274,3.6892,0.0628,0.0712,0.0084,31494
20,40,square_waypoints,0.01,0.003,0.0,0.12,symmetric_low_power,null_probe,g0.75_0.75_s0.02,0.0600,0.3883,0.8777,21.4250,0.0337,0.0705,1.4434,0.0152,0.0311,0.0159,31495
20,40,square_waypoints,0.01,0.003,0.0,0.12,symmetric_low_power,unpaired_null,g0.75_0.75_s0.10,0.1400,0.7747,0.5335,21.4250,0.0313,0.2220,4.3410,0.0401,0.0835,0.0434,31496
20,40,square_waypoints,0.01,0.003,0.0,0.12,symmetric_low_power,random_probe,g0.75_0.75_s0.02,0.0600,0.6288,0.8253,11.9371,0.4647,0.4845,13.4083,0.0768,0.0344,-0.0425,31497
20,40,square_waypoints,0.01,0.003,0.0,0.12,symmetric_low_power,task_greedy,g0.75_0.75_s0.02,0.0600,1.1084,0.3337,19.6055,1.9952,1.9906,40.7052,0.0297,0.0880,0.0583,31498
20,40,square_waypoints,0.01,0.003,0.0,0.12,symmetric_low_power,fisher_grid,g0.75_0.75_s0.02,0.0600,0.5779,0.8222,27.5400,0.4004,0.3940,7.5947,0.0384,0.0729,0.0346,31499
20,40,square_waypoints,0.01,0.003,0.0,0.12,symmetric_low_power,constrained_fisher,g0.75_0.75_s0.02,0.0600,0.5563,0.8432,29.3625,0.0881,0.1034,2.8594,0.0492,0.0822,0.0330,31500
20,40,square_waypoints,0.01,0.003,0.0,0.12,high_slip,null_probe,g1.00_1.00_s0.20,0.0000,0.1332,0.9746,21.4250,0.1733,0.2925,6.5816,0.1394,0.1394,0.0000,31501
20,40,square_waypoints,0.01,0.003,0.0,0.12,high_slip,unpaired_null,g1.00_1.00_s0.20,0.0000,0.2233,0.9498,21.4250,0.0682,0.3006,7.1037,0.0736,0.0736,0.0000,31502
20,40,square_waypoints,0.01,0.003,0.0,0.12,high_slip,random_probe,g1.00_1.00_s0.20,0.0000,0.8903,0.5499,12.4377,0.2121,0.2964,6.4834,0.0980,0.0980,0.0000,31503
20,40,square_waypoints,0.01,0.003,0.0,0.12,high_slip,task_greedy,g1.00_1.00_s0.20,0.0000,0.0850,0.9851,21.9514,2.6301,2.6277,55.6549,0.1300,0.1300,0.0000,31504
20,40,square_waypoints,0.01,0.003,0.0,0.12,high_slip,fisher_grid,g1.00_1.00_s0.20,0.0000,0.0925,0.9826,27.5400,0.5444,0.5400,11.2391,0.1844,0.1844,0.0000,31505
20,40,square_waypoints,0.01,0.003,0.0,0.12,high_slip,constrained_fisher,g1.00_1.00_s0.20,0.0000,0.9334,0.5907,12.5550,0.1617,0.1647,5.1303,0.2288,0.2288,0.0000,31506
21,40,square_waypoints,0.01,0.003,0.0,0.12,left_gain_loss,null_probe,g0.60_1.00_s0.02,0.0200,0.6050,0.7688,21.4250,0.0641,0.1110,2.2687,0.0308,0.0332,0.0025,32507
21,40,square_waypoints,0.01,0.003,0.0,0.12,left_gain_loss,unpaired_null,g0.60_1.00_s0.02,0.0200,0.5788,0.8241,21.4250,0.0693,0.2079,4.7009,0.0599,0.0205,-0.0394,32508
21,40,square_waypoints,0.01,0.003,0.0,0.12,left_gain_loss,random_probe,g0.60_1.00_s0.02,0.0200,1.3137,0.5958,11.5797,0.1718,0.3969,7.5036,0.1053,0.0274,-0.0779,32509
21,40,square_waypoints,0.01,0.003,0.0,0.12,left_gain_loss,task_greedy,g0.60_1.00_s0.02,0.0200,1.5049,0.3770,21.9268,2.2062,2.1994,44.2193,0.0447,0.1762,0.1315,32510
21,40,square_waypoints,0.01,0.003,0.0,0.12,left_gain_loss,fisher_grid,g0.60_1.00_s0.02,0.0200,0.7190,0.5232,27.5400,0.5412,0.5370,10.6786,0.0505,0.0286,-0.0219,32511
21,40,square_waypoints,0.01,0.003,0.0,0.12,left_gain_loss,constrained_fisher,g0.60_1.00_s0.02,0.0200,0.0717,0.9876,29.5650,0.1000,0.1089,2.8790,0.0410,0.1299,0.0888,32512
21,40,square_waypoints,0.01,0.003,0.0,0.12,right_gain_loss,null_probe,g1.00_0.60_s0.02,0.0200,0.6417,0.7217,21.4250,0.0925,0.1331,2.7585,0.0273,0.0177,-0.0096,32513
21,40,square_waypoints,0.01,0.003,0.0,0.12,right_gain_loss,unpaired_null,g1.00_0.60_s0.02,0.0200,0.8341,0.4934,21.4250,0.0597,0.2819,5.9157,0.0577,0.1428,0.0851,32514
21,40,square_waypoints,0.01,0.003,0.0,0.12,right_gain_loss,random_probe,g1.00_0.60_s0.02,0.0200,1.3341,0.4584,10.6098,0.2619,0.3838,6.8222,0.0612,0.0851,0.0239,32515
21,40,square_waypoints,0.01,0.003,0.0,0.12,right_gain_loss,task_greedy,g1.00_0.60_s0.02,0.0200,1.0899,0.5463,22.0291,2.2080,2.2281,44.6200,0.0321,0.1685,0.1364,32516
21,40,square_waypoints,0.01,0.003,0.0,0.12,right_gain_loss,fisher_grid,g1.00_0.60_s0.02,0.0200,0.5626,0.8454,27.5400,0.5360,0.5394,9.5676,0.0399,0.2092,0.1693,32517
21,40,square_waypoints,0.01,0.003,0.0,0.12,right_gain_loss,constrained_fisher,g1.00_0.60_s0.02,0.0200,0.0827,0.9860,26.1225,0.0798,0.1201,3.4335,0.0143,0.1060,0.0917,32518
21,40,square_waypoints,0.01,0.003,0.0,0.12,symmetric_low_power,null_probe,g0.75_0.75_s0.02,0.0600,1.0588,0.6026,21.4250,0.0439,0.0722,1.4093,0.0621,0.0635,0.0014,32519
21,40,square_waypoints,0.01,0.003,0.0,0.12,symmetric_low_power,unpaired_null,g0.75_0.75_s0.02,0.0600,0.8664,0.5765,21.4250,0.0227,0.1998,3.6127,0.0495,0.0380,-0.0116,32520
21,40,square_waypoints,0.01,0.003,0.0,0.12,symmetric_low_power,random_probe,g0.75_0.75_s0.02,0.0600,1.5500,0.3346,11.0047,0.2932,0.3541,7.2615,0.0411,0.0509,0.0098,32521
21,40,square_waypoints,0.01,0.003,0.0,0.12,symmetric_low_power,task_greedy,g0.75_0.75_s0.02,0.0600,1.1193,0.3338,19.6047,2.0305,2.0228,41.4304,0.0364,0.0716,0.0353,32522
21,40,square_waypoints,0.01,0.003,0.0,0.12,symmetric_low_power,fisher_grid,g0.75_0.75_s0.02,0.0600,0.1515,0.9655,27.5400,0.4040,0.3941,7.5473,0.0295,0.0581,0.0286,32523
21,40,square_waypoints,0.01,0.003,0.0,0.12,symmetric_low_power,constrained_fisher,g0.75_0.75_s0.02,0.0600,0.0079,0.9991,32.4000,0.0430,0.0847,1.8988,0.0435,0.0579,0.0144,32524
21,40,square_waypoints,0.01,0.003,0.0,0.12,high_slip,null_probe,g1.00_1.00_s0.20,0.0000,0.4114,0.8994,21.4250,0.0551,0.1930,5.1106,0.1239,0.1239,0.0000,32525
21,40,square_waypoints,0.01,0.003,0.0,0.12,high_slip,unpaired_null,g1.00_1.00_s0.20,0.0000,0.1111,0.9814,21.4250,0.0156,0.2899,5.8618,0.0721,0.0721,0.0000,32526
21,40,square_waypoints,0.01,0.003,0.0,0.12,high_slip,random_probe,g1.00_1.00_s0.20,0.0000,0.6469,0.8219,9.5889,0.0875,0.2608,6.8687,0.0671,0.0671,0.0000,32527
21,40,square_waypoints,0.01,0.003,0.0,0.12,high_slip,task_greedy,g1.00_1.00_s0.20,0.0000,0.9327,0.6728,21.9536,2.6139,2.5864,54.9058,0.1893,0.1893,0.0000,32528
21,40,square_waypoints,0.01,0.003,0.0,0.12,high_slip,fisher_grid,g1.00_1.00_s0.20,0.0000,0.0337,0.9947,27.5400,0.6638,0.6676,12.4285,0.0829,0.0829,0.0000,32529
21,40,square_waypoints,0.01,0.003,0.0,0.12,high_slip,constrained_fisher,g1.00_1.00_s0.20,0.0000,0.6735,0.7922,31.3875,0.1028,0.1635,3.4727,0.0057,0.0057,0.0000,32530
22,40,square_waypoints,0.01,0.003,0.0,0.12,left_gain_loss,null_probe,g0.60_1.00_s0.02,0.0200,0.3926,0.8802,21.4250,0.0953,0.1407,3.0986,0.1069,0.1476,0.0407,33531
22,40,square_waypoints,0.01,0.003,0.0,0.12,left_gain_loss,unpaired_null,g0.60_1.00_s0.10,0.1000,1.3232,0.4475,21.4250,0.1436,0.2231,5.3867,0.0175,0.1432,0.1257,33532
22,40,square_waypoints,0.01,0.003,0.0,0.12,left_gain_loss,random_probe,g0.60_1.00_s0.02,0.0200,1.2464,0.4493,11.2451,0.2015,0.2856,5.5387,0.0177,0.0797,0.0620,33533
22,40,square_waypoints,0.01,0.003,0.0,0.12,left_gain_loss,task_greedy,g0.60_0.90_s0.02,0.1200,1.5454,0.3931,21.4625,2.1838,2.1813,44.4267,0.0687,0.1422,0.0734,33534
22,40,square_waypoints,0.01,0.003,0.0,0.12,left_gain_loss,fisher_grid,g0.60_1.00_s0.02,0.0200,0.9456,0.6614,27.5400,0.5451,0.5357,10.3863,0.0799,0.0884,0.0085,33535
22,40,square_waypoints,0.01,0.003,0.0,0.12,left_gain_loss,constrained_fisher,g0.60_1.00_s0.02,0.0200,0.5106,0.7939,25.3125,0.1193,0.1216,3.4963,0.0992,0.0312,-0.0680,33536
22,40,square_waypoints,0.01,0.003,0.0,0.12,right_gain_loss,null_probe,g1.00_0.60_s0.10,0.1000,1.0262,0.5899,21.4250,0.0805,0.1258,2.5221,0.0681,0.0067,-0.0614,33537
22,40,square_waypoints,0.01,0.003,0.0,0.12,right_gain_loss,unpaired_null,g1.00_0.60_s0.02,0.0200,0.4759,0.8403,21.4250,0.0694,0.3016,6.6075,0.0395,0.0411,0.0016,33538
22,40,square_waypoints,0.01,0.003,0.0,0.12,right_gain_loss,random_probe,g0.90_0.60_s0.02,0.1200,1.2420,0.4557,12.6053,0.3873,0.4820,10.3866,0.0084,0.0514,0.0430,33539
22,40,square_waypoints,0.01,0.003,0.0,0.12,right_gain_loss,task_greedy,g1.00_0.60_s0.02,0.0200,1.3412,0.5095,22.0057,2.1966,2.2093,43.8906,0.0323,0.2079,0.1756,33540
22,40,square_waypoints,0.01,0.003,0.0,0.12,right_gain_loss,fisher_grid,g1.00_0.60_s0.02,0.0200,0.2600,0.9293,27.5400,0.5463,0.5239,9.7402,0.0522,0.0219,-0.0303,33541
22,40,square_waypoints,0.01,0.003,0.0,0.12,right_gain_loss,constrained_fisher,g1.00_0.60_s0.02,0.0200,0.8473,0.5979,15.3900,0.1264,0.1335,4.2870,0.0293,0.1049,0.0756,33542
22,40,square_waypoints,0.01,0.003,0.0,0.12,symmetric_low_power,null_probe,g0.75_0.75_s0.02,0.0600,0.7199,0.6495,21.4250,0.0449,0.1125,2.5748,0.0354,0.0830,0.0476,33543
22,40,square_waypoints,0.01,0.003,0.0,0.12,symmetric_low_power,unpaired_null,g0.75_0.75_s0.02,0.0600,0.5204,0.8048,21.4250,0.0307,0.2121,4.3131,0.0209,0.1011,0.0802,33544
22,40,square_waypoints,0.01,0.003,0.0,0.12,symmetric_low_power,random_probe,g0.75_0.75_s0.10,0.1400,1.7533,0.3872,10.7763,0.4429,0.4782,12.2464,0.0511,0.0549,0.0038,33545
22,40,square_waypoints,0.01,0.003,0.0,0.12,symmetric_low_power,task_greedy,g0.75_0.75_s0.20,0.2400,1.1849,0.3365,19.6395,2.0518,2.0426,41.4171,0.0393,0.0667,0.0274,33546
22,40,square_waypoints,0.01,0.003,0.0,0.12,symmetric_low_power,fisher_grid,g0.75_0.75_s0.02,0.0600,0.7253,0.5002,27.5400,0.3710,0.3871,7.5995,0.0402,0.0519,0.0117,33547
22,40,square_waypoints,0.01,0.003,0.0,0.12,symmetric_low_power,constrained_fisher,g0.75_0.75_s0.02,0.0600,0.1272,0.9762,32.4000,0.0252,0.0951,2.0581,0.0191,0.0301,0.0109,33548
22,40,square_waypoints,0.01,0.003,0.0,0.12,high_slip,null_probe,g1.00_1.00_s0.20,0.0000,0.4767,0.8871,21.4250,0.0675,0.1491,2.4263,0.0573,0.0573,0.0000,33549
22,40,square_waypoints,0.01,0.003,0.0,0.12,high_slip,unpaired_null,g1.00_1.00_s0.10,0.1000,0.8682,0.7431,21.4250,0.0862,0.3170,6.6212,0.1106,0.1106,0.0000,33550
22,40,square_waypoints,0.01,0.003,0.0,0.12,high_slip,random_probe,g1.00_1.00_s0.10,0.1000,1.9977,0.3698,9.6794,0.3458,0.4150,8.1320,0.0371,0.0371,0.0000,33551
22,40,square_waypoints,0.01,0.003,0.0,0.12,high_slip,task_greedy,g1.00_1.00_s0.20,0.0000,0.4534,0.8700,21.9447,2.7193,2.6639,56.7586,0.1642,0.1642,0.0000,33552
22,40,square_waypoints,0.01,0.003,0.0,0.12,high_slip,fisher_grid,g1.00_1.00_s0.20,0.0000,0.2770,0.9362,27.5400,0.5788,0.5530,9.6981,0.2203,0.2203,0.0000,33553
22,40,square_waypoints,0.01,0.003,0.0,0.12,high_slip,constrained_fisher,g1.00_1.00_s0.20,0.0000,0.6929,0.6811,12.9600,0.1830,0.1726,5.6906,0.1527,0.1527,0.0000,33554
23,40,square_waypoints,0.01,0.003,0.0,0.12,left_gain_loss,null_probe,g0.60_1.00_s0.02,0.0200,0.6078,0.7955,21.4250,0.0900,0.1152,2.5751,0.0282,0.0154,-0.0128,34555
23,40,square_waypoints,0.01,0.003,0.0,0.12,left_gain_loss,unpaired_null,g0.60_1.00_s0.02,0.0200,0.4751,0.8433,21.4250,0.1033,0.1810,4.4523,0.0935,0.0345,-0.0590,34556
23,40,square_waypoints,0.01,0.003,0.0,0.12,left_gain_loss,random_probe,g0.60_1.00_s0.02,0.0200,0.8588,0.7629,11.3864,0.2708,0.3061,7.7548,0.0842,0.0178,-0.0663,34557
23,40,square_waypoints,0.01,0.003,0.0,0.12,left_gain_loss,task_greedy,g0.60_1.00_s0.10,0.1000,1.6860,0.3371,21.8429,2.2394,2.2551,45.3135,0.0100,0.0141,0.0041,34558
23,40,square_waypoints,0.01,0.003,0.0,0.12,left_gain_loss,fisher_grid,g0.60_1.00_s0.02,0.0200,0.1974,0.9604,27.5400,0.5101,0.5133,9.7132,0.0322,0.1371,0.1049,34559
23,40,square_waypoints,0.01,0.003,0.0,0.12,left_gain_loss,constrained_fisher,g0.60_1.00_s0.02,0.0200,0.0780,0.9870,27.8438,0.0936,0.1264,3.5081,0.0842,0.0555,-0.0287,34560
23,40,square_waypoints,0.01,0.003,0.0,0.12,right_gain_loss,null_probe,g1.00_0.60_s0.02,0.0200,0.5767,0.8050,21.4250,0.0379,0.1081,2.3669,0.0160,0.0345,0.0184,34561
23,40,square_waypoints,0.01,0.003,0.0,0.12,right_gain_loss,unpaired_null,g1.00_0.60_s0.02,0.0200,0.6929,0.7456,21.4250,0.0622,0.3098,6.4971,0.0566,0.0209,-0.0357,34562
23,40,square_waypoints,0.01,0.003,0.0,0.12,right_gain_loss,random_probe,g1.00_0.60_s0.02,0.0200,1.3066,0.5879,7.5046,0.0820,0.2094,4.1768,0.0715,0.0816,0.0101,34563
23,40,square_waypoints,0.01,0.003,0.0,0.12,right_gain_loss,task_greedy,g1.00_0.60_s0.10,0.1000,1.3416,0.4379,21.6967,2.2611,2.2521,45.5934,0.0967,0.0149,-0.0818,34564
23,40,square_waypoints,0.01,0.003,0.0,0.12,right_gain_loss,fisher_grid,g1.00_0.60_s0.02,0.0200,0.1906,0.9590,27.5400,0.5222,0.5361,9.6364,0.0484,0.0165,-0.0319,34565
23,40,square_waypoints,0.01,0.003,0.0,0.12,right_gain_loss,constrained_fisher,g1.00_0.60_s0.02,0.0200,0.1390,0.9742,21.0600,0.1209,0.1226,3.7572,0.0892,0.1944,0.1053,34566
23,40,square_waypoints,0.01,0.003,0.0,0.12,symmetric_low_power,null_probe,g0.75_0.75_s0.10,0.1400,1.4403,0.4394,21.4250,0.0326,0.0813,1.6922,0.0623,0.0231,-0.0392,34567
23,40,square_waypoints,0.01,0.003,0.0,0.12,symmetric_low_power,unpaired_null,g0.75_0.75_s0.02,0.0600,0.4634,0.8857,21.4250,0.0480,0.2140,4.3593,0.0474,0.0870,0.0396,34568
23,40,square_waypoints,0.01,0.003,0.0,0.12,symmetric_low_power,random_probe,g0.75_0.75_s0.10,0.1400,1.3343,0.5725,10.9679,0.2890,0.3042,6.9796,0.0457,0.0340,-0.0117,34569
23,40,square_waypoints,0.01,0.003,0.0,0.12,symmetric_low_power,task_greedy,g0.75_0.75_s0.20,0.2400,1.0982,0.3874,20.2481,2.0888,2.1042,41.7066,0.0415,0.0245,-0.0171,34570
23,40,square_waypoints,0.01,0.003,0.0,0.12,symmetric_low_power,fisher_grid,g0.75_0.75_s0.02,0.0600,0.6082,0.8292,27.5400,0.3561,0.3821,7.6180,0.0286,0.0720,0.0434,34571
23,40,square_waypoints,0.01,0.003,0.0,0.12,symmetric_low_power,constrained_fisher,g0.60_0.75_s0.02,0.1500,0.7482,0.6016,32.0962,0.0656,0.0995,2.3516,0.0174,0.0358,0.0184,34572
23,40,square_waypoints,0.01,0.003,0.0,0.12,high_slip,null_probe,g1.00_1.00_s0.20,0.0000,0.2179,0.9567,21.4250,0.0969,0.1920,3.2921,0.0944,0.0944,0.0000,34573
23,40,square_waypoints,0.01,0.003,0.0,0.12,high_slip,unpaired_null,g1.00_1.00_s0.20,0.0000,0.6455,0.8237,21.4250,0.1025,0.3140,7.0921,0.0572,0.0572,0.0000,34574
23,40,square_waypoints,0.01,0.003,0.0,0.12,high_slip,random_probe,g1.00_1.00_s0.20,0.0000,0.9285,0.7327,9.7581,0.7415,0.7463,14.5352,0.0794,0.0794,0.0000,34575
23,40,square_waypoints,0.01,0.003,0.0,0.12,high_slip,task_greedy,g1.00_1.00_s0.20,0.0000,0.1232,0.9792,22.3709,2.8636,2.7443,57.7748,0.0210,0.0210,0.0000,34576
23,40,square_waypoints,0.01,0.003,0.0,0.12,high_slip,fisher_grid,g0.90_1.00_s0.20,0.1000,0.8757,0.5007,27.5400,0.6377,0.6510,12.8359,0.0379,0.0380,0.0000,34577
23,40,square_waypoints,0.01,0.003,0.0,0.12,high_slip,constrained_fisher,g1.00_1.00_s0.20,0.0000,0.1486,0.9723,20.6550,0.1474,0.1601,4.1324,0.0351,0.0351,0.0000,34578
24,40,square_waypoints,0.01,0.003,0.0,0.12,left_gain_loss,null_probe,g0.60_1.00_s0.02,0.0200,0.7770,0.7360,21.4250,0.0973,0.1472,2.6496,0.0308,0.0181,-0.0127,35579
24,40,square_waypoints,0.01,0.003,0.0,0.12,left_gain_loss,unpaired_null,g0.60_1.00_s0.02,0.0200,0.4469,0.8432,21.4250,0.0970,0.2077,4.9475,0.0216,0.0282,0.0067,35580
24,40,square_waypoints,0.01,0.003,0.0,0.12,left_gain_loss,random_probe,g0.60_1.00_s0.02,0.0200,0.5889,0.8425,10.7096,0.2455,0.2909,7.2050,0.0248,0.0204,-0.0043,35581
24,40,square_waypoints,0.01,0.003,0.0,0.12,left_gain_loss,task_greedy,g0.60_1.00_s0.02,0.0200,0.9004,0.6683,22.1383,2.2535,2.2558,44.8241,0.0241,0.0625,0.0384,35582
24,40,square_waypoints,0.01,0.003,0.0,0.12,left_gain_loss,fisher_grid,g0.60_1.00_s0.02,0.0200,0.2256,0.9456,27.5400,0.5366,0.5359,10.7352,0.0242,0.0518,0.0275,35583
24,40,square_waypoints,0.01,0.003,0.0,0.12,left_gain_loss,constrained_fisher,g0.60_1.00_s0.02,0.0200,0.0474,0.9928,30.4762,0.1126,0.1163,3.0875,0.0588,0.0183,-0.0405,35584
24,40,square_waypoints,0.01,0.003,0.0,0.12,right_gain_loss,null_probe,g1.00_0.60_s0.02,0.0200,0.4225,0.8832,21.4250,0.0560,0.0992,2.2506,0.0279,0.0246,-0.0032,35585
24,40,square_waypoints,0.01,0.003,0.0,0.12,right_gain_loss,unpaired_null,g1.00_0.60_s0.02,0.0200,0.8426,0.5075,21.4250,0.0844,0.2828,6.1067,0.0498,0.0448,-0.0050,35586
24,40,square_waypoints,0.01,0.003,0.0,0.12,right_gain_loss,random_probe,g1.00_0.60_s0.02,0.0200,1.1596,0.5148,10.7545,0.5734,0.6864,15.9061,0.0138,0.0216,0.0078,35587
24,40,square_waypoints,0.01,0.003,0.0,0.12,right_gain_loss,task_greedy,g1.00_0.60_s0.02,0.0200,1.2051,0.5528,21.2879,2.1693,2.1578,44.0914,0.0407,0.0434,0.0027,35588
24,40,square_waypoints,0.01,0.003,0.0,0.12,right_gain_loss,fisher_grid,g1.00_0.60_s0.02,0.0200,0.0401,0.9939,27.5400,0.5289,0.5408,9.4072,0.0385,0.0808,0.0422,35589
24,40,square_waypoints,0.01,0.003,0.0,0.12,right_gain_loss,constrained_fisher,g1.00_0.60_s0.02,0.0200,0.2825,0.9365,23.3888,0.1356,0.1356,3.8262,0.0196,0.0240,0.0045,35590
24,40,square_waypoints,0.01,0.003,0.0,0.12,symmetric_low_power,null_probe,g0.75_0.75_s0.10,0.1400,0.8289,0.5480,21.4250,0.0399,0.0939,1.7442,0.0213,0.0679,0.0466,35591
24,40,square_waypoints,0.01,0.003,0.0,0.12,symmetric_low_power,unpaired_null,g0.75_0.75_s0.02,0.0600,0.7958,0.5588,21.4250,0.0709,0.2425,5.1334,0.0306,0.0744,0.0438,35592
24,40,square_waypoints,0.01,0.003,0.0,0.12,symmetric_low_power,random_probe,g0.75_0.75_s0.02,0.0600,0.7299,0.7707,12.8307,0.2747,0.3244,6.4233,0.0291,0.0601,0.0310,35593
24,40,square_waypoints,0.01,0.003,0.0,0.12,symmetric_low_power,task_greedy,g0.75_0.75_s0.02,0.0600,1.2298,0.3448,19.8446,2.0557,2.0699,41.9521,0.0416,0.0452,0.0035,35594
24,40,square_waypoints,0.01,0.003,0.0,0.12,symmetric_low_power,fisher_grid,g0.75_0.75_s0.02,0.0600,0.6697,0.6299,27.5400,0.3843,0.3987,7.8919,0.0187,0.0475,0.0288,35595
24,40,square_waypoints,0.01,0.003,0.0,0.12,symmetric_low_power,constrained_fisher,g0.75_0.75_s0.02,0.0600,0.2855,0.9208,31.7925,0.1136,0.0972,2.4440,0.0647,0.0464,-0.0183,35596
24,40,square_waypoints,0.01,0.003,0.0,0.12,high_slip,null_probe,g1.00_1.00_s0.20,0.0000,0.3003,0.9328,21.4250,0.0451,0.1198,2.7449,0.2222,0.2222,0.0000,35597
24,40,square_waypoints,0.01,0.003,0.0,0.12,high_slip,unpaired_null,g1.00_1.00_s0.20,0.0000,0.4084,0.8888,21.4250,0.1040,0.2958,5.8391,0.0827,0.0827,0.0000,35598
24,40,square_waypoints,0.01,0.003,0.0,0.12,high_slip,random_probe,g1.00_1.00_s0.20,0.0000,1.1133,0.5507,10.0960,0.4493,0.4671,9.4271,0.1120,0.1120,0.0000,35599
24,40,square_waypoints,0.01,0.003,0.0,0.12,high_slip,task_greedy,g1.00_1.00_s0.20,0.0000,0.5323,0.8659,22.8492,2.7746,2.7468,58.1134,0.0227,0.0227,0.0000,35600
24,40,square_waypoints,0.01,0.003,0.0,0.12,high_slip,fisher_grid,g1.00_1.00_s0.20,0.0000,0.2637,0.9266,27.5400,0.5685,0.5687,12.6829,0.1300,0.1300,0.0000,35601
24,40,square_waypoints,0.01,0.003,0.0,0.12,high_slip,constrained_fisher,g1.00_1.00_s0.20,0.0000,0.0737,0.9871,20.0475,0.1277,0.1865,4.3947,0.1407,0.1407,0.0000,35602
25,40,square_waypoints,0.01,0.003,0.0,0.12,left_gain_loss,null_probe,g0.60_1.00_s0.02,0.0200,0.7301,0.6281,21.4250,0.0763,0.1333,2.9349,0.0323,0.1967,0.1644,36603
25,40,square_waypoints,0.01,0.003,0.0,0.12,left_gain_loss,unpaired_null,g0.60_1.00_s0.02,0.0200,1.0185,0.6145,21.4250,0.0925,0.1721,4.1411,0.0397,0.0306,-0.0091,36604
25,40,square_waypoints,0.01,0.003,0.0,0.12,left_gain_loss,random_probe,g0.60_1.00_s0.02,0.0200,0.6255,0.8358,9.9962,0.1393,0.2559,5.3995,0.0270,0.0272,0.0002,36605
25,40,square_waypoints,0.01,0.003,0.0,0.12,left_gain_loss,task_greedy,g0.60_0.90_s0.10,0.2000,1.7549,0.2558,22.0687,2.2052,2.2101,43.9546,0.0463,0.1114,0.0651,36606
25,40,square_waypoints,0.01,0.003,0.0,0.12,left_gain_loss,fisher_grid,g0.60_1.00_s0.02,0.0200,0.5765,0.7664,27.5400,0.5625,0.5497,11.0824,0.0235,0.0509,0.0274,36607
25,40,square_waypoints,0.01,0.003,0.0,0.12,left_gain_loss,constrained_fisher,g0.60_1.00_s0.02,0.0200,0.0360,0.9949,28.3500,0.1121,0.1108,3.0315,0.0535,0.1392,0.0857,36608
25,40,square_waypoints,0.01,0.003,0.0,0.12,right_gain_loss,null_probe,g1.00_0.60_s0.02,0.0200,1.1291,0.5729,21.4250,0.0474,0.1307,2.6162,0.0507,0.1479,0.0972,36609
25,40,square_waypoints,0.01,0.003,0.0,0.12,right_gain_loss,unpaired_null,g1.00_0.60_s0.02,0.0200,0.7342,0.6811,21.4250,0.0460,0.2904,6.0394,0.0783,0.0355,-0.0428,36610
25,40,square_waypoints,0.01,0.003,0.0,0.12,right_gain_loss,random_probe,g1.00_0.60_s0.02,0.0200,0.7885,0.7666,9.8877,0.3175,0.4204,10.0032,0.0478,0.0566,0.0087,36611
25,40,square_waypoints,0.01,0.003,0.0,0.12,right_gain_loss,task_greedy,g1.00_0.60_s0.02,0.0200,1.0271,0.5938,21.4802,2.1949,2.1830,44.0266,0.0347,0.0960,0.0613,36612
25,40,square_waypoints,0.01,0.003,0.0,0.12,right_gain_loss,fisher_grid,g1.00_0.60_s0.02,0.0200,0.4739,0.8575,27.5400,0.5090,0.5188,9.2254,0.0064,0.0139,0.0075,36613
25,40,square_waypoints,0.01,0.003,0.0,0.12,right_gain_loss,constrained_fisher,g1.00_0.60_s0.02,0.0200,0.0144,0.9983,26.3250,0.1230,0.1303,3.6348,0.0851,0.0240,-0.0611,36614
25,40,square_waypoints,0.01,0.003,0.0,0.12,symmetric_low_power,null_probe,g0.75_0.75_s0.02,0.0600,0.7788,0.4993,21.4250,0.0405,0.0894,1.7018,0.0524,0.0655,0.0132,36615
25,40,square_waypoints,0.01,0.003,0.0,0.12,symmetric_low_power,unpaired_null,g0.75_0.75_s0.02,0.0600,0.3048,0.9140,21.4250,0.0180,0.2138,4.3855,0.0239,0.0892,0.0653,36616
25,40,square_waypoints,0.01,0.003,0.0,0.12,symmetric_low_power,random_probe,g0.75_0.75_s0.02,0.0600,0.7429,0.7924,10.5647,0.4379,0.4357,10.6826,0.0337,0.0680,0.0343,36617
25,40,square_waypoints,0.01,0.003,0.0,0.12,symmetric_low_power,task_greedy,g0.75_0.75_s0.20,0.2400,1.1209,0.4056,19.7994,2.0635,2.0644,41.5592,0.0230,0.0940,0.0710,36618
25,40,square_waypoints,0.01,0.003,0.0,0.12,symmetric_low_power,fisher_grid,g0.75_0.75_s0.02,0.0600,0.2710,0.9237,27.5400,0.4193,0.4071,7.7821,0.0606,0.0679,0.0073,36619
25,40,square_waypoints,0.01,0.003,0.0,0.12,symmetric_low_power,constrained_fisher,g0.75_0.75_s0.02,0.0600,0.2089,0.9474,32.4000,0.0306,0.0922,2.2136,0.0290,0.0733,0.0444,36620
25,40,square_waypoints,0.01,0.003,0.0,0.12,high_slip,null_probe,g1.00_1.00_s0.20,0.0000,1.4346,0.5288,21.4250,0.1278,0.1872,2.9687,0.1277,0.1277,0.0000,36621
25,40,square_waypoints,0.01,0.003,0.0,0.12,high_slip,unpaired_null,g1.00_1.00_s0.20,0.0000,0.2920,0.9314,21.4250,0.2772,0.3750,7.0876,0.1618,0.1618,0.0000,36622
25,40,square_waypoints,0.01,0.003,0.0,0.12,high_slip,random_probe,g1.00_1.00_s0.20,0.0000,1.0407,0.4651,10.5294,0.4542,0.4408,8.1408,0.1876,0.1876,0.0000,36623
25,40,square_waypoints,0.01,0.003,0.0,0.12,high_slip,task_greedy,g1.00_1.00_s0.20,0.0000,0.1349,0.9770,22.9206,2.8078,2.8257,58.4623,0.0431,0.0431,0.0000,36624
25,40,square_waypoints,0.01,0.003,0.0,0.12,high_slip,fisher_grid,g1.00_1.00_s0.20,0.0000,0.1788,0.9630,27.5400,0.5997,0.5893,11.8038,0.0870,0.0870,0.0000,36625
25,40,square_waypoints,0.01,0.003,0.0,0.12,high_slip,constrained_fisher,g1.00_1.00_s0.20,0.0000,0.1152,0.9791,20.2500,0.1081,0.1413,4.2685,0.0363,0.0363,0.0000,36626
26,40,square_waypoints,0.01,0.003,0.0,0.12,left_gain_loss,null_probe,g0.60_1.00_s0.02,0.0200,0.2208,0.9507,21.4250,0.1120,0.1517,2.9742,0.0247,0.1597,0.1350,37627
26,40,square_waypoints,0.01,0.003,0.0,0.12,left_gain_loss,unpaired_null,g0.60_1.00_s0.10,0.1000,1.0996,0.6187,21.4250,0.0898,0.1922,4.4163,0.0126,0.1055,0.0929,37628
26,40,square_waypoints,0.01,0.003,0.0,0.12,left_gain_loss,random_probe,g0.60_1.00_s0.02,0.0200,0.7643,0.7961,10.9971,0.6210,0.7438,19.8239,0.0349,0.0308,-0.0041,37629
26,40,square_waypoints,0.01,0.003,0.0,0.12,left_gain_loss,task_greedy,g0.60_1.00_s0.02,0.0200,1.3820,0.3864,21.8814,2.2287,2.2336,44.7537,0.0735,0.1027,0.0292,37630
26,40,square_waypoints,0.01,0.003,0.0,0.12,left_gain_loss,fisher_grid,g0.60_1.00_s0.02,0.0200,0.0698,0.9894,27.5400,0.5520,0.5560,10.7932,0.0748,0.0125,-0.0622,37631
26,40,square_waypoints,0.01,0.003,0.0,0.12,left_gain_loss,constrained_fisher,g0.60_1.00_s0.02,0.0200,0.0953,0.9819,18.9338,0.1397,0.1563,3.9551,0.0127,0.1644,0.1518,37632
26,40,square_waypoints,0.01,0.003,0.0,0.12,right_gain_loss,null_probe,g1.00_0.60_s0.02,0.0200,0.6431,0.8192,21.4250,0.0686,0.1233,2.8419,0.0340,0.0173,-0.0167,37633
26,40,square_waypoints,0.01,0.003,0.0,0.12,right_gain_loss,unpaired_null,g1.00_0.60_s0.02,0.0200,0.6476,0.7267,21.4250,0.0763,0.3035,6.2221,0.0537,0.1343,0.0806,37634
26,40,square_waypoints,0.01,0.003,0.0,0.12,right_gain_loss,random_probe,g1.00_0.60_s0.02,0.0200,1.1825,0.5866,10.6859,0.2041,0.2193,4.7281,0.0283,0.1610,0.1327,37635
26,40,square_waypoints,0.01,0.003,0.0,0.12,right_gain_loss,task_greedy,g1.00_0.60_s0.02,0.0200,1.5278,0.4073,21.6396,2.1817,2.2073,44.0118,0.1071,0.0156,-0.0914,37636
26,40,square_waypoints,0.01,0.003,0.0,0.12,right_gain_loss,fisher_grid,g1.00_0.60_s0.02,0.0200,0.1624,0.9647,27.5400,0.5642,0.5386,10.0700,0.0503,0.0585,0.0082,37637
26,40,square_waypoints,0.01,0.003,0.0,0.12,right_gain_loss,constrained_fisher,g1.00_0.60_s0.02,0.0200,0.0850,0.9834,28.2488,0.1206,0.1197,3.0707,0.0186,0.1138,0.0952,37638
26,40,square_waypoints,0.01,0.003,0.0,0.12,symmetric_low_power,null_probe,g0.75_0.75_s0.02,0.0600,0.6066,0.8008,21.4250,0.0268,0.0755,1.6115,0.0462,0.0509,0.0047,37639
26,40,square_waypoints,0.01,0.003,0.0,0.12,symmetric_low_power,unpaired_null,g0.75_0.75_s0.10,0.1400,0.8614,0.5368,21.4250,0.0150,0.2121,4.2493,0.0252,0.0497,0.0245,37640
26,40,square_waypoints,0.01,0.003,0.0,0.12,symmetric_low_power,random_probe,g0.75_0.75_s0.02,0.0600,1.8607,0.2847,11.3896,0.4596,0.4542,11.0576,0.0440,0.0719,0.0279,37641
26,40,square_waypoints,0.01,0.003,0.0,0.12,symmetric_low_power,task_greedy,g0.75_0.75_s0.02,0.0600,1.0976,0.3702,19.8187,2.1021,2.0876,42.3273,0.0330,0.0880,0.0551,37642
26,40,square_waypoints,0.01,0.003,0.0,0.12,symmetric_low_power,fisher_grid,g0.75_0.75_s0.02,0.0600,0.2190,0.9448,27.5400,0.3687,0.3792,7.4575,0.0527,0.0826,0.0299,37643
26,40,square_waypoints,0.01,0.003,0.0,0.12,symmetric_low_power,constrained_fisher,g0.75_0.75_s0.02,0.0600,0.0606,0.9902,32.4000,0.0290,0.0787,1.7026,0.0406,0.0533,0.0127,37644
26,40,square_waypoints,0.01,0.003,0.0,0.12,high_slip,null_probe,g1.00_1.00_s0.20,0.0000,0.5305,0.8400,21.4250,0.0338,0.1383,2.6254,0.0396,0.0396,0.0000,37645
26,40,square_waypoints,0.01,0.003,0.0,0.12,high_slip,unpaired_null,g1.00_1.00_s0.20,0.0000,1.1843,0.5897,21.4250,0.1418,0.2642,5.1096,0.0278,0.0278,0.0000,37646
26,40,square_waypoints,0.01,0.003,0.0,0.12,high_slip,random_probe,g1.00_1.00_s0.20,0.0000,0.4236,0.9047,10.9158,0.2677,0.2763,5.8058,0.1926,0.1926,0.0000,37647
26,40,square_waypoints,0.01,0.003,0.0,0.12,high_slip,task_greedy,g1.00_1.00_s0.20,0.0000,0.6616,0.7849,23.1680,2.6950,2.7384,58.7993,0.1204,0.1204,0.0000,37648
26,40,square_waypoints,0.01,0.003,0.0,0.12,high_slip,fisher_grid,g1.00_1.00_s0.20,0.0000,0.1463,0.9674,27.5400,0.5548,0.5878,12.5331,0.1181,0.1181,0.0000,37649
26,40,square_waypoints,0.01,0.003,0.0,0.12,high_slip,constrained_fisher,g1.00_1.00_s0.20,0.0000,0.7770,0.7499,32.4000,0.0945,0.1082,3.8960,0.1041,0.1041,0.0000,37650
27,40,square_waypoints,0.01,0.003,0.0,0.12,left_gain_loss,null_probe,g0.60_1.00_s0.02,0.0200,0.5039,0.8716,21.4250,0.0482,0.1163,2.0543,0.0207,0.0533,0.0326,38651
27,40,square_waypoints,0.01,0.003,0.0,0.12,left_gain_loss,unpaired_null,g0.60_1.00_s0.02,0.0200,0.4062,0.9010,21.4250,0.0828,0.1819,4.0483,0.0739,0.0142,-0.0596,38652
27,40,square_waypoints,0.01,0.003,0.0,0.12,left_gain_loss,random_probe,g0.60_1.00_s0.02,0.0200,1.9583,0.2669,9.9845,0.4526,0.4584,8.3349,0.0696,0.0692,-0.0004,38653
27,40,square_waypoints,0.01,0.003,0.0,0.12,left_gain_loss,task_greedy,g0.60_1.00_s0.02,0.0200,1.2479,0.4650,21.5595,2.1538,2.1793,43.8915,0.0029,0.1694,0.1665,38654
27,40,square_waypoints,0.01,0.003,0.0,0.12,left_gain_loss,fisher_grid,g0.60_1.00_s0.10,0.1000,0.3874,0.9061,27.5400,0.5196,0.5491,10.8419,0.0099,0.0920,0.0821,38655
27,40,square_waypoints,0.01,0.003,0.0,0.12,left_gain_loss,constrained_fisher,g0.60_1.00_s0.02,0.0200,0.4158,0.9137,25.1100,0.1406,0.1197,3.5385,0.0864,0.0923,0.0059,38656
27,40,square_waypoints,0.01,0.003,0.0,0.12,right_gain_loss,null_probe,g1.00_0.60_s0.02,0.0200,0.8390,0.7432,21.4250,0.0903,0.1323,2.6655,0.0625,0.0136,-0.0489,38657
27,40,square_waypoints,0.01,0.003,0.0,0.12,right_gain_loss,unpaired_null,g1.00_0.60_s0.10,0.1000,0.7577,0.5517,21.4250,0.1015,0.2892,6.1249,0.0347,0.0076,-0.0272,38658
27,40,square_waypoints,0.01,0.003,0.0,0.12,right_gain_loss,random_probe,g1.00_0.60_s0.02,0.0200,0.4273,0.8978,10.2022,0.5389,0.5639,7.6565,0.1113,0.0258,-0.0855,38659
27,40,square_waypoints,0.01,0.003,0.0,0.12,right_gain_loss,task_greedy,g1.00_0.60_s0.10,0.1000,1.4095,0.3925,21.7093,2.2096,2.2244,44.6000,0.0183,0.0744,0.0561,38660
27,40,square_waypoints,0.01,0.003,0.0,0.12,right_gain_loss,fisher_grid,g1.00_0.60_s0.02,0.0200,0.1362,0.9763,27.5400,0.5551,0.5307,9.0439,0.0135,0.0122,-0.0012,38661
27,40,square_waypoints,0.01,0.003,0.0,0.12,right_gain_loss,constrained_fisher,g1.00_0.60_s0.02,0.0200,0.4578,0.8918,30.1725,0.1020,0.1165,3.0146,0.0894,0.1393,0.0499,38662
27,40,square_waypoints,0.01,0.003,0.0,0.12,symmetric_low_power,null_probe,g0.75_0.75_s0.02,0.0600,0.5339,0.7947,21.4250,0.0651,0.0876,1.7397,0.0392,0.0365,-0.0028,38663
27,40,square_waypoints,0.01,0.003,0.0,0.12,symmetric_low_power,unpaired_null,g0.75_0.75_s0.02,0.0600,0.6744,0.6818,21.4250,0.0589,0.2002,3.5979,0.0378,0.0464,0.0086,38664
27,40,square_waypoints,0.01,0.003,0.0,0.12,symmetric_low_power,random_probe,g0.75_0.75_s0.02,0.0600,1.0905,0.5636,11.5720,0.4658,0.4310,9.2498,0.0664,0.0326,-0.0339,38665
27,40,square_waypoints,0.01,0.003,0.0,0.12,symmetric_low_power,task_greedy,g0.75_0.75_s0.20,0.2400,1.4152,0.3461,19.7946,2.0579,2.0622,41.5473,0.0419,0.0843,0.0424,38666
27,40,square_waypoints,0.01,0.003,0.0,0.12,symmetric_low_power,fisher_grid,g0.75_0.75_s0.02,0.0600,0.0848,0.9837,27.5400,0.3937,0.4230,8.3058,0.0612,0.0666,0.0055,38667
27,40,square_waypoints,0.01,0.003,0.0,0.12,symmetric_low_power,constrained_fisher,g0.75_0.75_s0.02,0.0600,0.2127,0.9539,31.7925,0.1016,0.1038,2.3754,0.0858,0.0850,-0.0009,38668
27,40,square_waypoints,0.01,0.003,0.0,0.12,high_slip,null_probe,g1.00_1.00_s0.20,0.0000,0.7443,0.5913,21.4250,0.1015,0.1287,2.9299,0.0096,0.0096,0.0000,38669
27,40,square_waypoints,0.01,0.003,0.0,0.12,high_slip,unpaired_null,g1.00_1.00_s0.20,0.0000,0.2373,0.9490,21.4250,0.0417,0.2970,5.9432,0.0781,0.0781,0.0000,38670
27,40,square_waypoints,0.01,0.003,0.0,0.12,high_slip,random_probe,g1.00_1.00_s0.20,0.0000,0.9165,0.6554,9.8313,0.1722,0.3219,5.8005,0.1316,0.1316,0.0000,38671
27,40,square_waypoints,0.01,0.003,0.0,0.12,high_slip,task_greedy,g1.00_1.00_s0.20,0.0000,0.2905,0.9412,21.9442,2.6746,2.5082,56.1300,0.0601,0.0601,0.0000,38672
27,40,square_waypoints,0.01,0.003,0.0,0.12,high_slip,fisher_grid,g1.00_1.00_s0.20,0.0000,0.5190,0.8217,27.5400,0.4935,0.5225,10.3207,0.0610,0.0610,0.0000,38673
27,40,square_waypoints,0.01,0.003,0.0,0.12,high_slip,constrained_fisher,g1.00_1.00_s0.20,0.0000,0.6673,0.7195,23.4900,0.1049,0.1324,4.4607,0.0516,0.0516,0.0000,38674
28,40,square_waypoints,0.01,0.003,0.0,0.12,left_gain_loss,null_probe,g0.60_1.00_s0.02,0.0200,0.8406,0.6735,21.4250,0.0569,0.1213,2.3448,0.0805,0.0155,-0.0650,39675
28,40,square_waypoints,0.01,0.003,0.0,0.12,left_gain_loss,unpaired_null,g0.60_0.90_s0.10,0.2000,1.4349,0.4000,21.4250,0.0382,0.1969,4.1561,0.0682,0.0662,-0.0020,39676
28,40,square_waypoints,0.01,0.003,0.0,0.12,left_gain_loss,random_probe,g0.60_1.00_s0.02,0.0200,1.3940,0.4467,10.8392,0.0539,0.1666,2.6833,0.0207,0.0263,0.0056,39677
28,40,square_waypoints,0.01,0.003,0.0,0.12,left_gain_loss,task_greedy,g0.60_1.00_s0.02,0.0200,1.3079,0.4581,21.9066,2.1915,2.2135,43.6272,0.0182,0.0333,0.0150,39678
28,40,square_waypoints,0.01,0.003,0.0,0.12,left_gain_loss,fisher_grid,g0.60_1.00_s0.02,0.0200,0.4762,0.8220,27.5400,0.5084,0.5369,10.4820,0.0643,0.1273,0.0630,39679
28,40,square_waypoints,0.01,0.003,0.0,0.12,left_gain_loss,constrained_fisher,g0.60_1.00_s0.02,0.0200,0.0593,0.9897,26.3250,0.1298,0.1218,3.3941,0.0829,0.0333,-0.0496,39680
28,40,square_waypoints,0.01,0.003,0.0,0.12,right_gain_loss,null_probe,g1.00_0.60_s0.10,0.1000,0.7555,0.5117,21.4250,0.0890,0.1143,2.2916,0.0478,0.0207,-0.0271,39681
28,40,square_waypoints,0.01,0.003,0.0,0.12,right_gain_loss,unpaired_null,g1.00_0.60_s0.02,0.0200,0.6835,0.8020,21.4250,0.0663,0.2908,6.1955,0.0182,0.0214,0.0032,39682
28,40,square_waypoints,0.01,0.003,0.0,0.12,right_gain_loss,random_probe,g1.00_0.60_s0.02,0.0200,0.8121,0.7188,9.2189,0.1406,0.2889,6.4892,0.0335,0.0134,-0.0201,39683
28,40,square_waypoints,0.01,0.003,0.0,0.12,right_gain_loss,task_greedy,g1.00_0.60_s0.02,0.0200,1.5052,0.4127,22.1796,2.2118,2.2229,44.2487,0.0523,0.0164,-0.0359,39684
28,40,square_waypoints,0.01,0.003,0.0,0.12,right_gain_loss,fisher_grid,g1.00_0.60_s0.02,0.0200,0.3737,0.9067,27.5400,0.5274,0.5417,9.3831,0.0207,0.0468,0.0260,39685
28,40,square_waypoints,0.01,0.003,0.0,0.12,right_gain_loss,constrained_fisher,g1.00_0.60_s0.02,0.0200,0.0043,0.9995,29.6662,0.0989,0.1074,3.2486,0.0445,0.0501,0.0055,39686
28,40,square_waypoints,0.01,0.003,0.0,0.12,symmetric_low_power,null_probe,g0.75_0.75_s0.02,0.0600,0.8838,0.5321,21.4250,0.0604,0.0906,1.9055,0.0430,0.0752,0.0322,39687
28,40,square_waypoints,0.01,0.003,0.0,0.12,symmetric_low_power,unpaired_null,g0.75_0.75_s0.02,0.0600,0.8452,0.4959,21.4250,0.0238,0.2293,4.5057,0.0381,0.0655,0.0274,39688
28,40,square_waypoints,0.01,0.003,0.0,0.12,symmetric_low_power,random_probe,g0.75_0.75_s0.02,0.0600,0.6975,0.8186,11.5800,0.5115,0.5235,8.3531,0.0587,0.0352,-0.0235,39689
28,40,square_waypoints,0.01,0.003,0.0,0.12,symmetric_low_power,task_greedy,g0.60_0.60_s0.02,0.2400,1.9130,0.1987,19.6256,2.0163,2.0262,41.5934,0.0788,0.0518,-0.0269,39690
28,40,square_waypoints,0.01,0.003,0.0,0.12,symmetric_low_power,fisher_grid,g0.75_0.75_s0.02,0.0600,0.3155,0.9145,27.5400,0.3641,0.3842,7.3466,0.0345,0.0918,0.0573,39691
28,40,square_waypoints,0.01,0.003,0.0,0.12,symmetric_low_power,constrained_fisher,g0.75_0.75_s0.02,0.0600,1.0639,0.5923,32.4000,0.0398,0.0785,1.6459,0.0373,0.0521,0.0147,39692
28,40,square_waypoints,0.01,0.003,0.0,0.12,high_slip,null_probe,g1.00_1.00_s0.20,0.0000,0.2559,0.9478,21.4250,0.1101,0.1454,2.7797,0.1067,0.1067,0.0000,39693
28,40,square_waypoints,0.01,0.003,0.0,0.12,high_slip,unpaired_null,g1.00_1.00_s0.20,0.0000,0.7701,0.5989,21.4250,0.0720,0.3375,7.2294,0.1606,0.1606,0.0000,39694
28,40,square_waypoints,0.01,0.003,0.0,0.12,high_slip,random_probe,g1.00_1.00_s0.20,0.0000,0.3576,0.9142,11.0793,0.7606,0.7564,17.4461,0.2138,0.2138,0.0000,39695
28,40,square_waypoints,0.01,0.003,0.0,0.12,high_slip,task_greedy,g1.00_1.00_s0.20,0.0000,0.4781,0.8348,22.4110,2.7993,2.7214,57.6766,0.1134,0.1134,0.0000,39696
28,40,square_waypoints,0.01,0.003,0.0,0.12,high_slip,fisher_grid,g1.00_1.00_s0.20,0.0000,0.5756,0.7576,27.5400,0.5551,0.5842,12.0774,0.0991,0.0991,0.0000,39697
28,40,square_waypoints,0.01,0.003,0.0,0.12,high_slip,constrained_fisher,g1.00_1.00_s0.20,0.0000,0.0705,0.9893,22.0725,0.1251,0.1569,4.6684,0.1333,0.1333,0.0000,39698
29,40,square_waypoints,0.01,0.003,0.0,0.12,left_gain_loss,null_probe,g0.60_1.00_s0.02,0.0200,0.6937,0.7719,21.4250,0.1431,0.1567,3.4325,0.0466,0.0142,-0.0324,40699
29,40,square_waypoints,0.01,0.003,0.0,0.12,left_gain_loss,unpaired_null,g0.60_1.00_s0.02,0.0200,0.8355,0.7344,21.4250,0.0431,0.1796,4.2257,0.0843,0.0164,-0.0679,40700
29,40,square_waypoints,0.01,0.003,0.0,0.12,left_gain_loss,random_probe,g0.60_1.00_s0.02,0.0200,1.0188,0.6535,11.3235,0.1616,0.2080,2.8592,0.0201,0.1445,0.1244,40701
29,40,square_waypoints,0.01,0.003,0.0,0.12,left_gain_loss,task_greedy,g0.60_1.00_s0.02,0.0200,1.2548,0.5589,22.0898,2.2681,2.2617,45.0036,0.0407,0.0192,-0.0215,40702
29,40,square_waypoints,0.01,0.003,0.0,0.12,left_gain_loss,fisher_grid,g0.60_1.00_s0.02,0.0200,0.0513,0.9918,27.5400,0.5498,0.5698,11.5199,0.0244,0.0871,0.0628,40703
29,40,square_waypoints,0.01,0.003,0.0,0.12,left_gain_loss,constrained_fisher,g0.60_1.00_s0.02,0.0200,0.0522,0.9919,27.7425,0.0693,0.1127,3.0193,0.0974,0.0340,-0.0634,40704
29,40,square_waypoints,0.01,0.003,0.0,0.12,right_gain_loss,null_probe,g1.00_0.60_s0.02,0.0200,0.7982,0.7029,21.4250,0.0922,0.1338,2.2804,0.0352,0.0246,-0.0106,40705
29,40,square_waypoints,0.01,0.003,0.0,0.12,right_gain_loss,unpaired_null,g1.00_0.60_s0.02,0.0200,0.6401,0.8096,21.4250,0.0727,0.3118,6.5457,0.0187,0.0197,0.0010,40706
29,40,square_waypoints,0.01,0.003,0.0,0.12,right_gain_loss,random_probe,g1.00_0.60_s0.02,0.0200,1.1813,0.5126,11.1350,0.6020,0.5943,13.1260,0.1043,0.0682,-0.0361,40707
29,40,square_waypoints,0.01,0.003,0.0,0.12,right_gain_loss,task_greedy,g1.00_0.60_s0.02,0.0200,1.2359,0.4627,22.0971,2.2440,2.2237,44.0530,0.0402,0.0887,0.0485,40708
29,40,square_waypoints,0.01,0.003,0.0,0.12,right_gain_loss,fisher_grid,g1.00_0.60_s0.02,0.0200,0.3226,0.9148,27.5400,0.5609,0.5410,9.5077,0.0550,0.0153,-0.0397,40709
29,40,square_waypoints,0.01,0.003,0.0,0.12,right_gain_loss,constrained_fisher,g1.00_0.60_s0.02,0.0200,0.7524,0.7748,25.7175,0.1321,0.1276,3.3864,0.0149,0.0511,0.0363,40710
29,40,square_waypoints,0.01,0.003,0.0,0.12,symmetric_low_power,null_probe,g0.75_0.75_s0.02,0.0600,0.6317,0.7167,21.4250,0.0369,0.0755,1.4374,0.0341,0.0359,0.0018,40711
29,40,square_waypoints,0.01,0.003,0.0,0.12,symmetric_low_power,unpaired_null,g0.75_0.75_s0.02,0.0600,0.4299,0.8560,21.4250,0.0135,0.2109,4.0275,0.0584,0.0424,-0.0159,40712
29,40,square_waypoints,0.01,0.003,0.0,0.12,symmetric_low_power,random_probe,g0.75_0.75_s0.02,0.0600,1.3046,0.5222,11.1001,0.5705,0.5789,11.0273,0.0386,0.0546,0.0159,40713
29,40,square_waypoints,0.01,0.003,0.0,0.12,symmetric_low_power,task_greedy,g0.75_0.75_s0.02,0.0600,1.2016,0.3335,19.6200,2.0112,2.0133,41.2587,0.0477,0.0300,-0.0177,40714
29,40,square_waypoints,0.01,0.003,0.0,0.12,symmetric_low_power,fisher_grid,g0.75_0.75_s0.10,0.1400,0.7210,0.6413,27.5400,0.3771,0.3647,6.9372,0.0130,0.0727,0.0597,40715
29,40,square_waypoints,0.01,0.003,0.0,0.12,symmetric_low_power,constrained_fisher,g0.75_0.75_s0.02,0.0600,0.2987,0.9226,32.4000,0.0344,0.0808,1.7449,0.0392,0.0393,0.0001,40716
29,40,square_waypoints,0.01,0.003,0.0,0.12,high_slip,null_probe,g1.00_1.00_s0.20,0.0000,0.2174,0.9556,21.4250,0.1510,0.2133,4.3909,0.1385,0.1385,0.0000,40717
29,40,square_waypoints,0.01,0.003,0.0,0.12,high_slip,unpaired_null,g1.00_1.00_s0.20,0.0000,0.1349,0.9749,21.4250,0.1949,0.3507,7.9263,0.0983,0.0983,0.0000,40718
29,40,square_waypoints,0.01,0.003,0.0,0.12,high_slip,random_probe,g1.00_1.00_s0.20,0.0000,0.8208,0.6812,9.8460,0.4911,0.5317,9.3488,0.0634,0.0634,0.0000,40719
29,40,square_waypoints,0.01,0.003,0.0,0.12,high_slip,task_greedy,g1.00_1.00_s0.20,0.0000,0.9256,0.5944,21.9663,2.6935,2.5353,56.3955,0.1102,0.1102,0.0000,40720
29,40,square_waypoints,0.01,0.003,0.0,0.12,high_slip,fisher_grid,g1.00_1.00_s0.20,0.0000,0.0181,0.9974,27.5400,0.5391,0.5508,12.6961,0.2056,0.2056,0.0000,40721
29,40,square_waypoints,0.01,0.003,0.0,0.12,high_slip,constrained_fisher,g1.00_1.00_s0.20,0.0000,1.6854,0.3510,11.1375,0.1282,0.1533,5.5546,0.1873,0.1873,0.0000,40722
30,40,square_waypoints,0.01,0.003,0.0,0.12,left_gain_loss,null_probe,g0.60_1.00_s0.02,0.0200,0.5400,0.8561,21.4250,0.0543,0.1123,2.4023,0.0739,0.0923,0.0183,41723
30,40,square_waypoints,0.01,0.003,0.0,0.12,left_gain_loss,unpaired_null,g0.60_1.00_s0.02,0.0200,0.5085,0.8409,21.4250,0.0848,0.2079,5.3774,0.0239,0.0141,-0.0098,41724
30,40,square_waypoints,0.01,0.003,0.0,0.12,left_gain_loss,random_probe,g0.60_1.00_s0.02,0.0200,0.7688,0.7919,12.0161,0.3885,0.5794,14.3362,0.0646,0.0258,-0.0388,41725
30,40,square_waypoints,0.01,0.003,0.0,0.12,left_gain_loss,task_greedy,g0.60_1.00_s0.02,0.0200,1.2720,0.5387,21.5836,2.2437,2.2385,44.9295,0.0509,0.0080,-0.0429,41726
30,40,square_waypoints,0.01,0.003,0.0,0.12,left_gain_loss,fisher_grid,g0.60_1.00_s0.02,0.0200,0.6321,0.6907,27.5400,0.5230,0.5262,10.4780,0.0113,0.1600,0.1487,41727
30,40,square_waypoints,0.01,0.003,0.0,0.12,left_gain_loss,constrained_fisher,g0.60_1.00_s0.02,0.0200,0.1625,0.9688,28.0463,0.0977,0.1197,3.1847,0.0503,0.0110,-0.0393,41728
30,40,square_waypoints,0.01,0.003,0.0,0.12,right_gain_loss,null_probe,g1.00_0.60_s0.02,0.0200,0.6003,0.8399,21.4250,0.1118,0.1458,2.8006,0.0284,0.0059,-0.0224,41729
30,40,square_waypoints,0.01,0.003,0.0,0.12,right_gain_loss,unpaired_null,g1.00_0.60_s0.02,0.0200,0.6684,0.7950,21.4250,0.0559,0.3017,6.4251,0.0311,0.1198,0.0887,41730
30,40,square_waypoints,0.01,0.003,0.0,0.12,right_gain_loss,random_probe,g1.00_0.60_s0.10,0.1000,1.5151,0.5025,12.8757,0.2774,0.4157,10.5081,0.0115,0.0455,0.0340,41731
30,40,square_waypoints,0.01,0.003,0.0,0.12,right_gain_loss,task_greedy,g1.00_0.60_s0.02,0.0200,1.2784,0.5163,21.9834,2.2267,2.2019,44.0424,0.0221,0.1600,0.1379,41732
30,40,square_waypoints,0.01,0.003,0.0,0.12,right_gain_loss,fisher_grid,g1.00_0.60_s0.02,0.0200,0.2139,0.9453,27.5400,0.5308,0.5174,9.3398,0.0856,0.0201,-0.0655,41733
30,40,square_waypoints,0.01,0.003,0.0,0.12,right_gain_loss,constrained_fisher,g1.00_0.60_s0.02,0.0200,0.1159,0.9790,27.7425,0.1012,0.1149,3.3477,0.0261,0.0365,0.0104,41734
30,40,square_waypoints,0.01,0.003,0.0,0.12,symmetric_low_power,null_probe,g0.60_0.75_s0.10,0.2300,1.7981,0.2911,21.4250,0.0119,0.0667,1.3680,0.0164,0.0550,0.0386,41735
30,40,square_waypoints,0.01,0.003,0.0,0.12,symmetric_low_power,unpaired_null,g0.75_0.75_s0.02,0.0600,0.7535,0.7158,21.4250,0.0753,0.2385,4.9076,0.0434,0.0483,0.0049,41736
30,40,square_waypoints,0.01,0.003,0.0,0.12,symmetric_low_power,random_probe,g0.60_0.75_s0.02,0.1500,1.3146,0.5306,10.0171,0.3199,0.3115,6.0454,0.0378,0.0676,0.0297,41737
30,40,square_waypoints,0.01,0.003,0.0,0.12,symmetric_low_power,task_greedy,g0.75_0.75_s0.02,0.0600,1.7188,0.2651,19.6162,2.0133,2.0141,41.0016,0.0418,0.0665,0.0246,41738
30,40,square_waypoints,0.01,0.003,0.0,0.12,symmetric_low_power,fisher_grid,g0.75_0.75_s0.02,0.0600,0.6821,0.6891,27.5400,0.4070,0.4051,8.1928,0.0449,0.0677,0.0228,41739
30,40,square_waypoints,0.01,0.003,0.0,0.12,symmetric_low_power,constrained_fisher,g0.75_0.75_s0.02,0.0600,0.3700,0.8983,32.0962,0.0466,0.0940,1.9444,0.0301,0.0549,0.0248,41740
30,40,square_waypoints,0.01,0.003,0.0,0.12,high_slip,null_probe,g1.00_1.00_s0.20,0.0000,0.0471,0.9933,21.4250,0.2263,0.3004,7.2653,0.1334,0.1334,0.0000,41741
30,40,square_waypoints,0.01,0.003,0.0,0.12,high_slip,unpaired_null,g0.90_1.00_s0.20,0.1000,1.5717,0.4292,21.4250,0.0413,0.3105,6.1894,0.1165,0.1472,0.0307,41742
30,40,square_waypoints,0.01,0.003,0.0,0.12,high_slip,random_probe,g1.00_1.00_s0.20,0.0000,0.8604,0.7050,12.7149,0.3458,0.5663,13.8244,0.2054,0.2054,0.0000,41743
30,40,square_waypoints,0.01,0.003,0.0,0.12,high_slip,task_greedy,g1.00_1.00_s0.20,0.0000,0.4617,0.8634,22.9544,2.8063,2.7617,58.9522,0.0382,0.0382,0.0000,41744
30,40,square_waypoints,0.01,0.003,0.0,0.12,high_slip,fisher_grid,g1.00_1.00_s0.20,0.0000,0.1313,0.9765,27.5400,0.5059,0.5092,10.3024,0.2087,0.2087,0.0000,41745
30,40,square_waypoints,0.01,0.003,0.0,0.12,high_slip,constrained_fisher,g1.00_1.00_s0.20,0.0000,0.6813,0.8061,10.5300,0.1601,0.1824,5.1109,0.1482,0.1482,0.0000,41746
31,40,square_waypoints,0.01,0.003,0.0,0.12,left_gain_loss,null_probe,g0.60_1.00_s0.02,0.0200,0.7014,0.6740,21.4250,0.0959,0.1342,3.0152,0.0355,0.0450,0.0095,42747
31,40,square_waypoints,0.01,0.003,0.0,0.12,left_gain_loss,unpaired_null,g0.60_1.00_s0.02,0.0200,0.9785,0.4908,21.4250,0.0994,0.2106,5.2719,0.0221,0.1026,0.0804,42748
31,40,square_waypoints,0.01,0.003,0.0,0.12,left_gain_loss,random_probe,g0.60_1.00_s0.02,0.0200,0.7921,0.7919,11.6628,0.2271,0.2628,6.1667,0.0187,0.0318,0.0131,42749
31,40,square_waypoints,0.01,0.003,0.0,0.12,left_gain_loss,task_greedy,g0.60_1.00_s0.02,0.0200,1.1290,0.6119,21.9043,2.2298,2.2323,44.8035,0.0212,0.0667,0.0455,42750
31,40,square_waypoints,0.01,0.003,0.0,0.12,left_gain_loss,fisher_grid,g0.60_1.00_s0.02,0.0200,1.0162,0.6017,27.5400,0.5046,0.5186,10.5964,0.0269,0.1324,0.1055,42751
31,40,square_waypoints,0.01,0.003,0.0,0.12,left_gain_loss,constrained_fisher,g0.60_1.00_s0.02,0.0200,0.0353,0.9951,24.0975,0.1134,0.1227,3.6928,0.0311,0.0996,0.0685,42752
31,40,square_waypoints,0.01,0.003,0.0,0.12,right_gain_loss,null_probe,g1.00_0.60_s0.10,0.1000,0.7584,0.5291,21.4250,0.0162,0.1031,2.0313,0.0319,0.1452,0.1133,42753
31,40,square_waypoints,0.01,0.003,0.0,0.12,right_gain_loss,unpaired_null,g1.00_0.60_s0.02,0.0200,1.3070,0.4455,21.4250,0.0344,0.2881,5.9042,0.0175,0.0086,-0.0089,42754
31,40,square_waypoints,0.01,0.003,0.0,0.12,right_gain_loss,random_probe,g1.00_0.60_s0.02,0.0200,0.2858,0.9426,11.1623,0.2130,0.2057,4.9924,0.0411,0.0263,-0.0149,42755
31,40,square_waypoints,0.01,0.003,0.0,0.12,right_gain_loss,task_greedy,g1.00_0.60_s0.02,0.0200,1.5458,0.3893,22.1289,2.2242,2.2296,44.1761,0.0308,0.0835,0.0527,42756
31,40,square_waypoints,0.01,0.003,0.0,0.12,right_gain_loss,fisher_grid,g1.00_0.60_s0.02,0.0200,0.3395,0.9214,27.5400,0.5437,0.5654,9.7660,0.0779,0.0978,0.0199,42757
31,40,square_waypoints,0.01,0.003,0.0,0.12,right_gain_loss,constrained_fisher,g1.00_0.60_s0.02,0.0200,0.0945,0.9853,25.8188,0.1197,0.1337,3.5019,0.0557,0.0994,0.0438,42758
31,40,square_waypoints,0.01,0.003,0.0,0.12,symmetric_low_power,null_probe,g0.75_0.75_s0.02,0.0600,0.7626,0.6597,21.4250,0.0383,0.0891,1.6010,0.0399,0.0554,0.0155,42759
31,40,square_waypoints,0.01,0.003,0.0,0.12,symmetric_low_power,unpaired_null,g0.75_0.75_s0.02,0.0600,0.6052,0.7603,21.4250,0.0269,0.2005,3.9152,0.0274,0.0689,0.0415,42760
31,40,square_waypoints,0.01,0.003,0.0,0.12,symmetric_low_power,random_probe,g0.75_0.75_s0.02,0.0600,0.6341,0.8351,12.6328,0.1475,0.3304,6.7405,0.0288,0.1016,0.0728,42761
31,40,square_waypoints,0.01,0.003,0.0,0.12,symmetric_low_power,task_greedy,g0.75_0.75_s0.20,0.2400,1.1184,0.3391,19.6224,2.0197,2.0418,41.6352,0.0438,0.0531,0.0093,42762
31,40,square_waypoints,0.01,0.003,0.0,0.12,symmetric_low_power,fisher_grid,g0.75_0.75_s0.02,0.0600,0.1794,0.9607,27.5400,0.4006,0.3976,7.8853,0.0315,0.0589,0.0275,42763
31,40,square_waypoints,0.01,0.003,0.0,0.12,symmetric_low_power,constrained_fisher,g0.75_0.75_s0.02,0.0600,0.6883,0.6429,32.4000,0.0360,0.0913,1.9782,0.0537,0.0582,0.0045,42764
31,40,square_waypoints,0.01,0.003,0.0,0.12,high_slip,null_probe,g1.00_1.00_s0.20,0.0000,0.2431,0.9500,21.4250,0.0893,0.2466,4.6816,0.0592,0.0592,0.0000,42765
31,40,square_waypoints,0.01,0.003,0.0,0.12,high_slip,unpaired_null,g1.00_1.00_s0.20,0.0000,0.2406,0.9376,21.4250,0.0500,0.3293,7.2580,0.1424,0.1424,0.0000,42766
31,40,square_waypoints,0.01,0.003,0.0,0.12,high_slip,random_probe,g1.00_1.00_s0.20,0.0000,0.6201,0.8088,10.7592,0.3963,0.3735,6.3158,0.2342,0.2342,0.0000,42767
31,40,square_waypoints,0.01,0.003,0.0,0.12,high_slip,task_greedy,g1.00_1.00_s0.20,0.0000,0.1262,0.9738,22.4138,2.6167,2.6524,58.2466,0.0650,0.0650,0.0000,42768
31,40,square_waypoints,0.01,0.003,0.0,0.12,high_slip,fisher_grid,g1.00_1.00_s0.20,0.0000,0.1698,0.9618,27.5400,0.5581,0.5469,10.6435,0.1208,0.1208,0.0000,42769
31,40,square_waypoints,0.01,0.003,0.0,0.12,high_slip,constrained_fisher,g1.00_1.00_s0.20,0.0000,0.5757,0.7717,20.2500,0.0965,0.1282,4.3985,0.1800,0.1800,0.0000,42770
32,40,square_waypoints,0.01,0.003,0.0,0.12,left_gain_loss,null_probe,g0.60_1.00_s0.02,0.0200,0.3983,0.8926,21.4250,0.1182,0.1661,3.8206,0.0896,0.0102,-0.0794,43771
32,40,square_waypoints,0.01,0.003,0.0,0.12,left_gain_loss,unpaired_null,g0.60_1.00_s0.02,0.0200,0.8099,0.5586,21.4250,0.1044,0.2017,5.0634,0.0603,0.0067,-0.0536,43772
32,40,square_waypoints,0.01,0.003,0.0,0.12,left_gain_loss,random_probe,g0.60_1.00_s0.02,0.0200,0.9168,0.5499,10.7905,0.3011,0.4600,8.2659,0.0570,0.0269,-0.0300,43773
32,40,square_waypoints,0.01,0.003,0.0,0.12,left_gain_loss,task_greedy,g0.60_1.00_s0.02,0.0200,1.6933,0.2790,21.4415,2.1955,2.1753,44.0244,0.0156,0.0176,0.0020,43774
32,40,square_waypoints,0.01,0.003,0.0,0.12,left_gain_loss,fisher_grid,g0.60_1.00_s0.02,0.0200,0.5381,0.7910,27.5400,0.5152,0.5365,10.3877,0.0453,0.0279,-0.0174,43775
32,40,square_waypoints,0.01,0.003,0.0,0.12,left_gain_loss,constrained_fisher,g0.60_1.00_s0.02,0.0200,0.0109,0.9987,27.2363,0.1056,0.1255,3.6199,0.0113,0.0248,0.0135,43776
32,40,square_waypoints,0.01,0.003,0.0,0.12,right_gain_loss,null_probe,g1.00_0.60_s0.02,0.0200,0.4171,0.8820,21.4250,0.0575,0.1356,2.6534,0.0174,0.0088,-0.0086,43777
32,40,square_waypoints,0.01,0.003,0.0,0.12,right_gain_loss,unpaired_null,g1.00_0.60_s0.02,0.0200,0.5890,0.8417,21.4250,0.0479,0.3096,6.5150,0.0913,0.0428,-0.0485,43778
32,40,square_waypoints,0.01,0.003,0.0,0.12,right_gain_loss,random_probe,g1.00_0.60_s0.02,0.0200,1.3337,0.4960,9.5259,0.2070,0.2908,7.8740,0.0452,0.0620,0.0168,43779
32,40,square_waypoints,0.01,0.003,0.0,0.12,right_gain_loss,task_greedy,g0.90_0.60_s0.10,0.2000,1.7485,0.2273,21.4250,2.1731,2.1697,43.6413,0.0363,0.0336,-0.0026,43780
32,40,square_waypoints,0.01,0.003,0.0,0.12,right_gain_loss,fisher_grid,g1.00_0.60_s0.02,0.0200,0.3032,0.9233,27.5400,0.5671,0.5608,10.1457,0.0816,0.1176,0.0360,43781
32,40,square_waypoints,0.01,0.003,0.0,0.12,right_gain_loss,constrained_fisher,g1.00_0.60_s0.02,0.0200,0.1706,0.9666,27.5400,0.0923,0.1249,3.4108,0.0219,0.0181,-0.0038,43782
32,40,square_waypoints,0.01,0.003,0.0,0.12,symmetric_low_power,null_probe,g0.75_0.75_s0.02,0.0600,0.3823,0.8839,21.4250,0.0355,0.0728,1.4237,0.0456,0.0893,0.0437,43783
32,40,square_waypoints,0.01,0.003,0.0,0.12,symmetric_low_power,unpaired_null,g0.75_0.75_s0.02,0.0600,0.9122,0.6608,21.4250,0.0300,0.2029,3.8474,0.0483,0.0414,-0.0069,43784
32,40,square_waypoints,0.01,0.003,0.0,0.12,symmetric_low_power,random_probe,g0.75_0.75_s0.02,0.0600,1.3067,0.5695,11.3693,0.0890,0.2176,5.0529,0.0633,0.0620,-0.0013,43785
32,40,square_waypoints,0.01,0.003,0.0,0.12,symmetric_low_power,task_greedy,g0.75_0.75_s0.02,0.0600,1.1502,0.3546,19.6681,2.0687,2.0522,41.4927,0.0214,0.0787,0.0573,43786
32,40,square_waypoints,0.01,0.003,0.0,0.12,symmetric_low_power,fisher_grid,g0.75_0.75_s0.02,0.0600,0.4203,0.8998,27.5400,0.3937,0.3867,7.6752,0.0322,0.0423,0.0101,43787
32,40,square_waypoints,0.01,0.003,0.0,0.12,symmetric_low_power,constrained_fisher,g0.75_0.75_s0.02,0.0600,0.2051,0.9483,32.0962,0.0512,0.1012,2.3317,0.0283,0.0684,0.0402,43788
32,40,square_waypoints,0.01,0.003,0.0,0.12,high_slip,null_probe,g1.00_1.00_s0.20,0.0000,0.0191,0.9974,21.4250,0.1369,0.3022,6.9372,0.1831,0.1831,0.0000,43789
32,40,square_waypoints,0.01,0.003,0.0,0.12,high_slip,unpaired_null,g1.00_1.00_s0.20,0.0000,0.2834,0.9275,21.4250,0.0577,0.2767,6.0578,0.0156,0.0156,0.0000,43790
32,40,square_waypoints,0.01,0.003,0.0,0.12,high_slip,random_probe,g0.90_0.90_s0.20,0.2000,1.4887,0.4079,9.2529,0.3825,0.3793,6.0456,0.2670,0.1957,-0.0713,43791
32,40,square_waypoints,0.01,0.003,0.0,0.12,high_slip,task_greedy,g1.00_1.00_s0.20,0.0000,0.4043,0.9078,21.9909,2.8150,2.6237,57.2903,0.0450,0.0450,0.0000,43792
32,40,square_waypoints,0.01,0.003,0.0,0.12,high_slip,fisher_grid,g1.00_1.00_s0.20,0.0000,0.5647,0.7597,27.5400,0.6030,0.5936,12.4646,0.1200,0.1200,0.0000,43793
32,40,square_waypoints,0.01,0.003,0.0,0.12,high_slip,constrained_fisher,g1.00_1.00_s0.20,0.0000,0.0578,0.9897,28.9575,0.1128,0.1774,4.1570,0.1327,0.1327,0.0000,43794
33,40,square_waypoints,0.01,0.003,0.0,0.12,left_gain_loss,null_probe,g0.60_1.00_s0.02,0.0200,0.3418,0.9188,21.4250,0.1006,0.1478,3.3138,0.0138,0.0215,0.0076,44795
33,40,square_waypoints,0.01,0.003,0.0,0.12,left_gain_loss,unpaired_null,g0.60_1.00_s0.02,0.0200,1.2205,0.5131,21.4250,0.1325,0.2085,4.8584,0.0422,0.0230,-0.0192,44796
33,40,square_waypoints,0.01,0.003,0.0,0.12,left_gain_loss,random_probe,g0.75_1.00_s0.02,0.1300,1.3520,0.5498,10.8275,0.4118,0.4417,10.5730,0.0134,0.0685,0.0552,44797
33,40,square_waypoints,0.01,0.003,0.0,0.12,left_gain_loss,task_greedy,g0.60_1.00_s0.10,0.1000,1.1987,0.4455,21.4418,2.1756,2.1902,44.4162,0.0122,0.0278,0.0156,44798
33,40,square_waypoints,0.01,0.003,0.0,0.12,left_gain_loss,fisher_grid,g0.60_1.00_s0.02,0.0200,0.7108,0.5044,27.5400,0.5206,0.5357,10.7424,0.0566,0.1310,0.0744,44799
33,40,square_waypoints,0.01,0.003,0.0,0.12,left_gain_loss,constrained_fisher,g0.60_1.00_s0.02,0.0200,0.0190,0.9975,30.4762,0.0955,0.1118,3.4016,0.0130,0.1542,0.1412,44800
33,40,square_waypoints,0.01,0.003,0.0,0.12,right_gain_loss,null_probe,g1.00_0.60_s0.10,0.1000,0.8218,0.5893,21.4250,0.0951,0.1286,2.6736,0.0811,0.0318,-0.0493,44801
33,40,square_waypoints,0.01,0.003,0.0,0.12,right_gain_loss,unpaired_null,g1.00_0.60_s0.02,0.0200,0.6663,0.8096,21.4250,0.1185,0.3100,6.9435,0.0635,0.0104,-0.0530,44802
33,40,square_waypoints,0.01,0.003,0.0,0.12,right_gain_loss,random_probe,g1.00_0.60_s0.02,0.0200,1.4826,0.3182,10.6381,0.5358,0.6097,12.3902,0.0297,0.0498,0.0201,44803
33,40,square_waypoints,0.01,0.003,0.0,0.12,right_gain_loss,task_greedy,g1.00_0.60_s0.10,0.1000,1.5582,0.2973,21.8897,2.2045,2.2029,44.0510,0.0602,0.0193,-0.0409,44804
33,40,square_waypoints,0.01,0.003,0.0,0.12,right_gain_loss,fisher_grid,g1.00_0.60_s0.02,0.0200,0.5173,0.8606,27.5400,0.5680,0.5257,9.4741,0.0138,0.0110,-0.0028,44805
33,40,square_waypoints,0.01,0.003,0.0,0.12,right_gain_loss,constrained_fisher,g1.00_0.60_s0.02,0.0200,0.5755,0.8491,28.1475,0.1198,0.1227,3.2063,0.0216,0.1679,0.1462,44806
33,40,square_waypoints,0.01,0.003,0.0,0.12,symmetric_low_power,null_probe,g0.75_0.75_s0.02,0.0600,0.8877,0.6301,21.4250,0.0155,0.0786,1.5697,0.0659,0.0960,0.0301,44807
33,40,square_waypoints,0.01,0.003,0.0,0.12,symmetric_low_power,unpaired_null,g0.75_0.75_s0.02,0.0600,0.6584,0.7233,21.4250,0.0323,0.2222,4.5206,0.0579,0.0586,0.0006,44808
33,40,square_waypoints,0.01,0.003,0.0,0.12,symmetric_low_power,random_probe,g0.75_0.75_s0.02,0.0600,1.5093,0.4935,10.4152,0.1348,0.1684,4.3876,0.0412,0.0772,0.0360,44809
33,40,square_waypoints,0.01,0.003,0.0,0.12,symmetric_low_power,task_greedy,g0.75_0.75_s0.02,0.0600,1.1507,0.3312,19.6238,1.9998,2.0036,41.1732,0.0319,0.0917,0.0598,44810
33,40,square_waypoints,0.01,0.003,0.0,0.12,symmetric_low_power,fisher_grid,g0.75_0.75_s0.02,0.0600,0.0695,0.9880,27.5400,0.3757,0.3950,7.6081,0.0336,0.0682,0.0346,44811
33,40,square_waypoints,0.01,0.003,0.0,0.12,symmetric_low_power,constrained_fisher,g0.75_0.75_s0.02,0.0600,0.0106,0.9986,32.4000,0.0249,0.0864,1.7723,0.0560,0.0838,0.0278,44812
33,40,square_waypoints,0.01,0.003,0.0,0.12,high_slip,null_probe,g1.00_1.00_s0.20,0.0000,0.1630,0.9695,21.4250,0.1205,0.1654,3.0644,0.1192,0.1192,0.0000,44813
33,40,square_waypoints,0.01,0.003,0.0,0.12,high_slip,unpaired_null,g1.00_1.00_s0.20,0.0000,0.1725,0.9642,21.4250,0.1165,0.3199,6.4138,0.1925,0.1925,0.0000,44814
33,40,square_waypoints,0.01,0.003,0.0,0.12,high_slip,random_probe,g1.00_0.90_s0.20,0.1000,0.9982,0.4608,10.5026,0.4543,0.4576,7.8034,0.1077,0.0981,-0.0096,44815
33,40,square_waypoints,0.01,0.003,0.0,0.12,high_slip,task_greedy,g1.00_1.00_s0.20,0.0000,0.0628,0.9900,22.1075,2.7219,2.5910,56.7304,0.0485,0.0485,0.0000,44816
33,40,square_waypoints,0.01,0.003,0.0,0.12,high_slip,fisher_grid,g1.00_1.00_s0.20,0.0000,0.0154,0.9980,27.5400,0.5271,0.5509,11.3696,0.1034,0.1034,0.0000,44817
33,40,square_waypoints,0.01,0.003,0.0,0.12,high_slip,constrained_fisher,g0.90_0.90_s0.20,0.2000,1.9168,0.2071,19.6425,0.1465,0.1372,4.7354,0.1610,0.1701,0.0091,44818
34,40,square_waypoints,0.01,0.003,0.0,0.12,left_gain_loss,null_probe,g0.60_1.00_s0.02,0.0200,0.7989,0.6502,21.4250,0.0285,0.1290,2.4054,0.0103,0.0268,0.0164,45819
34,40,square_waypoints,0.01,0.003,0.0,0.12,left_gain_loss,unpaired_null,g0.60_1.00_s0.02,0.0200,0.3070,0.9175,21.4250,0.0924,0.1922,4.5263,0.0832,0.0637,-0.0194,45820
34,40,square_waypoints,0.01,0.003,0.0,0.12,left_gain_loss,random_probe,g0.60_1.00_s0.10,0.1000,1.1827,0.4775,8.9840,0.5366,0.5372,8.8812,0.0452,0.0298,-0.0154,45821
34,40,square_waypoints,0.01,0.003,0.0,0.12,left_gain_loss,task_greedy,g0.60_1.00_s0.10,0.1000,1.3056,0.4090,21.8051,2.2727,2.2376,45.0916,0.0175,0.0687,0.0512,45822
34,40,square_waypoints,0.01,0.003,0.0,0.12,left_gain_loss,fisher_grid,g0.60_1.00_s0.02,0.0200,0.6696,0.8015,27.5400,0.5801,0.5338,10.6873,0.0319,0.0253,-0.0066,45823
34,40,square_waypoints,0.01,0.003,0.0,0.12,left_gain_loss,constrained_fisher,g0.60_1.00_s0.02,0.0200,0.0797,0.9879,24.6038,0.0845,0.1265,3.7205,0.0171,0.0994,0.0823,45824
34,40,square_waypoints,0.01,0.003,0.0,0.12,right_gain_loss,null_probe,g1.00_0.60_s0.10,0.1000,0.8642,0.5996,21.4250,0.0750,0.1250,2.9204,0.0215,0.1465,0.1250,45825
34,40,square_waypoints,0.01,0.003,0.0,0.12,right_gain_loss,unpaired_null,g1.00_0.60_s0.02,0.0200,0.8017,0.7476,21.4250,0.0574,0.3142,6.5858,0.0193,0.0311,0.0117,45826
34,40,square_waypoints,0.01,0.003,0.0,0.12,right_gain_loss,random_probe,g1.00_0.60_s0.02,0.0200,0.9571,0.7265,12.6949,0.4207,0.4144,6.4173,0.0610,0.0276,-0.0335,45827
34,40,square_waypoints,0.01,0.003,0.0,0.12,right_gain_loss,task_greedy,g1.00_0.60_s0.02,0.0200,1.5181,0.4136,21.5597,2.1932,2.2016,44.0432,0.0906,0.0116,-0.0790,45828
34,40,square_waypoints,0.01,0.003,0.0,0.12,right_gain_loss,fisher_grid,g1.00_0.60_s0.02,0.0200,0.5119,0.7948,27.5400,0.5430,0.5481,9.8585,0.0152,0.0196,0.0044,45829
34,40,square_waypoints,0.01,0.003,0.0,0.12,right_gain_loss,constrained_fisher,g1.00_0.60_s0.02,0.0200,0.7768,0.6291,27.6413,0.1119,0.1218,3.4699,0.0255,0.0024,-0.0232,45830
34,40,square_waypoints,0.01,0.003,0.0,0.12,symmetric_low_power,null_probe,g0.75_0.75_s0.02,0.0600,1.0465,0.5171,21.4250,0.0238,0.0858,1.7724,0.0536,0.0880,0.0344,45831
34,40,square_waypoints,0.01,0.003,0.0,0.12,symmetric_low_power,unpaired_null,g0.75_0.75_s0.02,0.0600,0.5891,0.8283,21.4250,0.0443,0.1933,3.8595,0.0244,0.0382,0.0139,45832
34,40,square_waypoints,0.01,0.003,0.0,0.12,symmetric_low_power,random_probe,g0.75_0.75_s0.02,0.0600,1.1251,0.6191,11.2158,0.1163,0.2594,5.9816,0.0201,0.0757,0.0556,45833
34,40,square_waypoints,0.01,0.003,0.0,0.12,symmetric_low_power,task_greedy,g0.75_0.75_s0.20,0.2400,1.2016,0.4416,19.6656,2.0447,2.0355,41.1099,0.0742,0.0618,-0.0124,45834
34,40,square_waypoints,0.01,0.003,0.0,0.12,symmetric_low_power,fisher_grid,g0.75_0.75_s0.02,0.0600,0.3878,0.8758,27.5400,0.3853,0.4098,7.7730,0.0399,0.0587,0.0188,45835
34,40,square_waypoints,0.01,0.003,0.0,0.12,symmetric_low_power,constrained_fisher,g0.75_0.75_s0.02,0.0600,0.1517,0.9664,32.4000,0.0382,0.0894,1.9681,0.0581,0.0324,-0.0256,45836
34,40,square_waypoints,0.01,0.003,0.0,0.12,high_slip,null_probe,g1.00_1.00_s0.20,0.0000,0.2356,0.9481,21.4250,0.0698,0.1672,3.4997,0.2541,0.2541,0.0000,45837
34,40,square_waypoints,0.01,0.003,0.0,0.12,high_slip,unpaired_null,g1.00_1.00_s0.20,0.0000,0.6028,0.8242,21.4250,0.1596,0.3472,6.5738,0.1420,0.1420,0.0000,45838
34,40,square_waypoints,0.01,0.003,0.0,0.12,high_slip,random_probe,g1.00_1.00_s0.20,0.0000,0.3628,0.9125,10.4121,0.2785,0.3709,9.1158,0.1846,0.1846,0.0000,45839
34,40,square_waypoints,0.01,0.003,0.0,0.12,high_slip,task_greedy,g1.00_1.00_s0.20,0.0000,0.5028,0.8673,22.3464,2.5552,2.6371,57.2687,0.1229,0.1229,0.0000,45840
34,40,square_waypoints,0.01,0.003,0.0,0.12,high_slip,fisher_grid,g1.00_1.00_s0.20,0.0000,0.4834,0.8562,27.5400,0.4774,0.4991,10.5542,0.0448,0.0448,0.0000,45841
34,40,square_waypoints,0.01,0.003,0.0,0.12,high_slip,constrained_fisher,g1.00_1.00_s0.20,0.0000,0.6910,0.7480,11.3400,0.1387,0.1588,4.7297,0.1039,0.1039,0.0000,45842
35,40,square_waypoints,0.01,0.003,0.0,0.12,left_gain_loss,null_probe,g0.60_1.00_s0.02,0.0200,0.6416,0.8125,21.4250,0.1259,0.1442,2.6405,0.0435,0.0109,-0.0326,46843
35,40,square_waypoints,0.01,0.003,0.0,0.12,left_gain_loss,unpaired_null,g0.60_1.00_s0.02,0.0200,0.4404,0.8858,21.4250,0.1050,0.2263,5.0261,0.0233,0.0623,0.0390,46844
35,40,square_waypoints,0.01,0.003,0.0,0.12,left_gain_loss,random_probe,g0.60_1.00_s0.02,0.0200,1.2041,0.5100,13.5633,0.2253,0.3371,8.9500,0.0546,0.0311,-0.0236,46845
35,40,square_waypoints,0.01,0.003,0.0,0.12,left_gain_loss,task_greedy,g0.60_1.00_s0.10,0.1000,1.7009,0.2572,21.8832,2.2269,2.2344,44.9574,0.0391,0.0279,-0.0112,46846
35,40,square_waypoints,0.01,0.003,0.0,0.12,left_gain_loss,fisher_grid,g0.60_1.00_s0.02,0.0200,0.2815,0.9324,27.5400,0.5132,0.5226,10.5459,0.0790,0.1172,0.0382,46847
35,40,square_waypoints,0.01,0.003,0.0,0.12,left_gain_loss,constrained_fisher,g0.60_1.00_s0.02,0.0200,0.4414,0.8962,20.9588,0.1630,0.1463,4.0663,0.0304,0.0273,-0.0031,46848
35,40,square_waypoints,0.01,0.003,0.0,0.12,right_gain_loss,null_probe,g1.00_0.60_s0.02,0.0200,0.9404,0.4950,21.4250,0.1108,0.1402,3.1015,0.0050,0.0177,0.0127,46849
35,40,square_waypoints,0.01,0.003,0.0,0.12,right_gain_loss,unpaired_null,g1.00_0.60_s0.02,0.0200,0.3072,0.9243,21.4250,0.0903,0.3007,6.3347,0.0317,0.0811,0.0495,46850
35,40,square_waypoints,0.01,0.003,0.0,0.12,right_gain_loss,random_probe,g1.00_0.60_s0.02,0.0200,1.0329,0.6345,10.4502,0.2329,0.2443,5.2282,0.0554,0.0188,-0.0365,46851
35,40,square_waypoints,0.01,0.003,0.0,0.12,right_gain_loss,task_greedy,g1.00_0.60_s0.02,0.0200,1.5112,0.3833,21.5442,2.1959,2.1943,44.1638,0.0678,0.0226,-0.0453,46852
35,40,square_waypoints,0.01,0.003,0.0,0.12,right_gain_loss,fisher_grid,g1.00_0.60_s0.02,0.0200,0.1565,0.9716,27.5400,0.5230,0.5284,9.4369,0.0363,0.1342,0.0978,46853
35,40,square_waypoints,0.01,0.003,0.0,0.12,right_gain_loss,constrained_fisher,g1.00_0.60_s0.02,0.0200,0.0495,0.9928,26.9325,0.1190,0.1260,3.2987,0.0245,0.0509,0.0263,46854
35,40,square_waypoints,0.01,0.003,0.0,0.12,symmetric_low_power,null_probe,g0.75_0.75_s0.02,0.0600,0.3743,0.8799,21.4250,0.0387,0.0812,1.7964,0.0294,0.0684,0.0390,46855
35,40,square_waypoints,0.01,0.003,0.0,0.12,symmetric_low_power,unpaired_null,g0.75_0.75_s0.02,0.0600,0.7609,0.5923,21.4250,0.0207,0.2063,4.0595,0.0147,0.0500,0.0352,46856
35,40,square_waypoints,0.01,0.003,0.0,0.12,symmetric_low_power,random_probe,g0.75_0.75_s0.02,0.0600,1.1956,0.5264,11.1897,0.2391,0.3171,6.6364,0.0368,0.0325,-0.0043,46857
35,40,square_waypoints,0.01,0.003,0.0,0.12,symmetric_low_power,task_greedy,g0.75_0.75_s0.10,0.1400,1.2250,0.3268,19.6711,2.0325,2.0308,41.3784,0.0579,0.0597,0.0018,46858
35,40,square_waypoints,0.01,0.003,0.0,0.12,symmetric_low_power,fisher_grid,g0.75_0.75_s0.02,0.0600,0.0557,0.9905,27.5400,0.4000,0.3983,7.6834,0.0016,0.0406,0.0389,46859
35,40,square_waypoints,0.01,0.003,0.0,0.12,symmetric_low_power,constrained_fisher,g0.75_0.75_s0.02,0.0600,0.1907,0.9547,32.0962,0.0593,0.0968,2.1713,0.0552,0.0944,0.0392,46860
35,40,square_waypoints,0.01,0.003,0.0,0.12,high_slip,null_probe,g1.00_1.00_s0.20,0.0000,0.1522,0.9713,21.4250,0.1677,0.2674,5.6597,0.0740,0.0740,0.0000,46861
35,40,square_waypoints,0.01,0.003,0.0,0.12,high_slip,unpaired_null,g1.00_1.00_s0.20,0.0000,0.7565,0.6782,21.4250,0.1316,0.3702,8.2726,0.1025,0.1025,0.0000,46862
35,40,square_waypoints,0.01,0.003,0.0,0.12,high_slip,random_probe,g1.00_1.00_s0.20,0.0000,1.6065,0.3300,10.8295,0.3496,0.4325,10.4120,0.1342,0.1342,0.0000,46863
35,40,square_waypoints,0.01,0.003,0.0,0.12,high_slip,task_greedy,g1.00_1.00_s0.20,0.0000,0.3431,0.9213,22.4091,2.6360,2.5422,57.5922,0.0570,0.0570,0.0000,46864
35,40,square_waypoints,0.01,0.003,0.0,0.12,high_slip,fisher_grid,g1.00_1.00_s0.20,0.0000,0.0562,0.9913,27.5400,0.5844,0.6027,14.4272,0.0981,0.0981,0.0000,46865
35,40,square_waypoints,0.01,0.003,0.0,0.12,high_slip,constrained_fisher,g1.00_1.00_s0.20,0.0000,1.2138,0.4452,20.2500,0.1278,0.1377,4.5034,0.0754,0.0754,0.0000,46866
36,40,square_waypoints,0.01,0.003,0.0,0.12,left_gain_loss,null_probe,g0.60_1.00_s0.02,0.0200,0.5881,0.8386,21.4250,0.0843,0.1464,2.9362,0.0419,0.1588,0.1169,47867
36,40,square_waypoints,0.01,0.003,0.0,0.12,left_gain_loss,unpaired_null,g0.60_1.00_s0.10,0.1000,1.5692,0.3697,21.4250,0.1307,0.1869,4.5086,0.1018,0.1114,0.0096,47868
36,40,square_waypoints,0.01,0.003,0.0,0.12,left_gain_loss,random_probe,g0.60_1.00_s0.02,0.0200,1.2834,0.4230,9.8474,0.0716,0.3605,7.6620,0.0749,0.0445,-0.0304,47869
36,40,square_waypoints,0.01,0.003,0.0,0.12,left_gain_loss,task_greedy,g0.60_1.00_s0.02,0.0200,1.2613,0.5491,22.1587,2.2716,2.2657,45.1744,0.0120,0.0255,0.0135,47870
36,40,square_waypoints,0.01,0.003,0.0,0.12,left_gain_loss,fisher_grid,g0.60_1.00_s0.02,0.0200,0.1121,0.9774,27.5400,0.5367,0.5279,9.9911,0.0223,0.1721,0.1498,47871
36,40,square_waypoints,0.01,0.003,0.0,0.12,left_gain_loss,constrained_fisher,g0.60_1.00_s0.02,0.0200,0.1829,0.9645,28.8563,0.0915,0.1169,3.1857,0.0331,0.0191,-0.0140,47872
36,40,square_waypoints,0.01,0.003,0.0,0.12,right_gain_loss,null_probe,g1.00_0.60_s0.02,0.0200,0.4006,0.9074,21.4250,0.0859,0.1189,2.8068,0.0371,0.0301,-0.0069,47873
36,40,square_waypoints,0.01,0.003,0.0,0.12,right_gain_loss,unpaired_null,g1.00_0.60_s0.02,0.0200,0.6034,0.8171,21.4250,0.0543,0.2810,5.9114,0.0813,0.0149,-0.0664,47874
36,40,square_waypoints,0.01,0.003,0.0,0.12,right_gain_loss,random_probe,g1.00_0.60_s0.02,0.0200,1.4545,0.4787,10.9658,0.1791,0.2936,7.0988,0.0104,0.1587,0.1483,47875
36,40,square_waypoints,0.01,0.003,0.0,0.12,right_gain_loss,task_greedy,g1.00_0.60_s0.10,0.1000,1.7439,0.2785,21.8390,2.2231,2.2325,44.7290,0.0256,0.0627,0.0371,47876
36,40,square_waypoints,0.01,0.003,0.0,0.12,right_gain_loss,fisher_grid,g1.00_0.60_s0.02,0.0200,0.0871,0.9830,27.5400,0.4858,0.5208,9.3768,0.0391,0.1701,0.1311,47877
36,40,square_waypoints,0.01,0.003,0.0,0.12,right_gain_loss,constrained_fisher,g1.00_0.60_s0.02,0.0200,0.0088,0.9989,27.8438,0.0816,0.1188,3.1969,0.0594,0.1219,0.0626,47878
36,40,square_waypoints,0.01,0.003,0.0,0.12,symmetric_low_power,null_probe,g0.75_0.75_s0.10,0.1400,0.8324,0.4830,21.4250,0.0191,0.0718,1.4370,0.0435,0.0436,0.0000,47879
36,40,square_waypoints,0.01,0.003,0.0,0.12,symmetric_low_power,unpaired_null,g0.75_0.75_s0.02,0.0600,0.6591,0.7338,21.4250,0.0292,0.2156,4.3365,0.0508,0.0886,0.0378,47880
36,40,square_waypoints,0.01,0.003,0.0,0.12,symmetric_low_power,random_probe,g0.75_0.75_s0.02,0.0600,1.0637,0.6166,11.3966,0.3618,0.3662,5.6691,0.0248,0.0376,0.0129,47881
36,40,square_waypoints,0.01,0.003,0.0,0.12,symmetric_low_power,task_greedy,g0.75_0.75_s0.02,0.0600,1.1093,0.3788,19.8795,2.0727,2.0751,41.5005,0.0599,0.0905,0.0307,47882
36,40,square_waypoints,0.01,0.003,0.0,0.12,symmetric_low_power,fisher_grid,g0.75_0.75_s0.02,0.0600,0.1985,0.9576,27.5400,0.3507,0.3648,6.9558,0.0565,0.0701,0.0136,47883
36,40,square_waypoints,0.01,0.003,0.0,0.12,symmetric_low_power,constrained_fisher,g0.60_0.75_s0.02,0.1500,0.6959,0.6584,32.4000,0.0228,0.0952,2.0345,0.0125,0.0762,0.0637,47884
36,40,square_waypoints,0.01,0.003,0.0,0.12,high_slip,null_probe,g1.00_1.00_s0.20,0.0000,0.1500,0.9705,21.4250,0.1599,0.2755,6.1503,0.1061,0.1061,0.0000,47885
36,40,square_waypoints,0.01,0.003,0.0,0.12,high_slip,unpaired_null,g1.00_1.00_s0.10,0.1000,1.0036,0.4934,21.4250,0.2148,0.3504,7.2120,0.1727,0.1727,0.0000,47886
36,40,square_waypoints,0.01,0.003,0.0,0.12,high_slip,random_probe,g1.00_1.00_s0.20,0.0000,0.9647,0.5038,10.0287,0.6930,0.6941,17.4096,0.1455,0.1455,0.0000,47887
36,40,square_waypoints,0.01,0.003,0.0,0.12,high_slip,task_greedy,g1.00_1.00_s0.20,0.0000,0.3408,0.9189,22.8042,2.8053,2.6779,57.3697,0.1465,0.1465,0.0000,47888
36,40,square_waypoints,0.01,0.003,0.0,0.12,high_slip,fisher_grid,g1.00_1.00_s0.20,0.0000,0.1145,0.9760,27.5400,0.5306,0.5283,9.7812,0.0838,0.0838,0.0000,47889
36,40,square_waypoints,0.01,0.003,0.0,0.12,high_slip,constrained_fisher,g1.00_1.00_s0.10,0.1000,0.6616,0.6513,28.5525,0.0809,0.1531,3.9562,0.1411,0.1411,0.0000,47890
37,40,square_waypoints,0.01,0.003,0.0,0.12,left_gain_loss,null_probe,g0.60_1.00_s0.02,0.0200,0.5515,0.8360,21.4250,0.1081,0.1573,3.4974,0.0105,0.0209,0.0104,48891
37,40,square_waypoints,0.01,0.003,0.0,0.12,left_gain_loss,unpaired_null,g0.60_1.00_s0.02,0.0200,0.4727,0.8319,21.4250,0.1139,0.2168,5.3738,0.0562,0.0264,-0.0298,48892
37,40,square_waypoints,0.01,0.003,0.0,0.12,left_gain_loss,random_probe,g0.75_1.00_s0.02,0.1300,0.7640,0.7635,11.3583,0.1529,0.2162,4.2505,0.0694,0.1280,0.0586,48893
37,40,square_waypoints,0.01,0.003,0.0,0.12,left_gain_loss,task_greedy,g0.60_1.00_s0.02,0.0200,1.6305,0.3320,21.5269,2.1548,2.1867,44.1462,0.0174,0.0239,0.0065,48894
37,40,square_waypoints,0.01,0.003,0.0,0.12,left_gain_loss,fisher_grid,g0.60_1.00_s0.02,0.0200,0.4147,0.8852,27.5400,0.5328,0.5265,10.0050,0.0560,0.1502,0.0942,48895
37,40,square_waypoints,0.01,0.003,0.0,0.12,left_gain_loss,constrained_fisher,g0.60_1.00_s0.02,0.0200,0.0106,0.9987,22.9838,0.1435,0.1250,3.7847,0.0519,0.1636,0.1117,48896
37,40,square_waypoints,0.01,0.003,0.0,0.12,right_gain_loss,null_probe,g1.00_0.60_s0.02,0.0200,0.4688,0.8864,21.4250,0.0831,0.1256,2.7664,0.0166,0.0307,0.0141,48897
37,40,square_waypoints,0.01,0.003,0.0,0.12,right_gain_loss,unpaired_null,g1.00_0.60_s0.10,0.1000,1.2207,0.5079,21.4250,0.0475,0.2957,6.0292,0.0899,0.0234,-0.0664,48898
37,40,square_waypoints,0.01,0.003,0.0,0.12,right_gain_loss,random_probe,g1.00_0.60_s0.02,0.0200,1.1147,0.5458,10.6611,0.0607,0.2809,5.6057,0.1510,0.1321,-0.0189,48899
37,40,square_waypoints,0.01,0.003,0.0,0.12,right_gain_loss,task_greedy,g1.00_0.60_s0.02,0.0200,1.1402,0.5611,21.7847,2.2039,2.2262,44.3691,0.0354,0.0101,-0.0253,48900
37,40,square_waypoints,0.01,0.003,0.0,0.12,right_gain_loss,fisher_grid,g1.00_0.60_s0.10,0.1000,0.7750,0.4934,27.5400,0.5035,0.5298,9.9639,0.0707,0.0389,-0.0319,48901
37,40,square_waypoints,0.01,0.003,0.0,0.12,right_gain_loss,constrained_fisher,g1.00_0.60_s0.02,0.0200,0.1964,0.9597,26.6288,0.1300,0.1240,3.4058,0.0694,0.0930,0.0236,48902
37,40,square_waypoints,0.01,0.003,0.0,0.12,symmetric_low_power,null_probe,g0.75_0.75_s0.02,0.0600,0.6861,0.7039,21.4250,0.0591,0.0823,1.6764,0.0479,0.0381,-0.0098,48903
37,40,square_waypoints,0.01,0.003,0.0,0.12,symmetric_low_power,unpaired_null,g0.75_0.75_s0.02,0.0600,0.5493,0.8087,21.4250,0.0118,0.2115,4.1197,0.0331,0.0430,0.0099,48904
37,40,square_waypoints,0.01,0.003,0.0,0.12,symmetric_low_power,random_probe,g0.75_0.75_s0.02,0.0600,1.1445,0.5702,11.1758,0.2379,0.2375,4.1772,0.0238,0.0430,0.0191,48905
37,40,square_waypoints,0.01,0.003,0.0,0.12,symmetric_low_power,task_greedy,g0.75_0.75_s0.02,0.0600,1.5324,0.3306,19.7158,2.0456,2.0463,41.4230,0.0406,0.0446,0.0040,48906
37,40,square_waypoints,0.01,0.003,0.0,0.12,symmetric_low_power,fisher_grid,g0.75_0.75_s0.02,0.0600,0.4335,0.8609,27.5400,0.3870,0.3762,7.0511,0.0334,0.0734,0.0400,48907
37,40,square_waypoints,0.01,0.003,0.0,0.12,symmetric_low_power,constrained_fisher,g0.75_0.75_s0.02,0.0600,0.1057,0.9791,32.0962,0.0342,0.0964,2.1108,0.0550,0.0313,-0.0238,48908
37,40,square_waypoints,0.01,0.003,0.0,0.12,high_slip,null_probe,g1.00_1.00_s0.20,0.0000,0.1756,0.9676,21.4250,0.0217,0.2123,3.8103,0.0426,0.0426,0.0000,48909
37,40,square_waypoints,0.01,0.003,0.0,0.12,high_slip,unpaired_null,g1.00_1.00_s0.20,0.0000,1.0173,0.6807,21.4250,0.1429,0.3086,6.5282,0.0395,0.0395,0.0000,48910
37,40,square_waypoints,0.01,0.003,0.0,0.12,high_slip,random_probe,g1.00_1.00_s0.20,0.0000,0.6796,0.7339,10.4660,0.4253,0.5079,12.3806,0.1212,0.1212,0.0000,48911
37,40,square_waypoints,0.01,0.003,0.0,0.12,high_slip,task_greedy,g1.00_1.00_s0.20,0.0000,0.6537,0.8301,22.4367,2.7238,2.6868,57.2879,0.0645,0.0645,0.0000,48912
37,40,square_waypoints,0.01,0.003,0.0,0.12,high_slip,fisher_grid,g1.00_1.00_s0.20,0.0000,0.0740,0.9871,27.5400,0.5949,0.5929,12.3583,0.1914,0.1914,0.0000,48913
37,40,square_waypoints,0.01,0.003,0.0,0.12,high_slip,constrained_fisher,g1.00_1.00_s0.20,0.0000,0.3945,0.9098,25.9200,0.1125,0.1543,3.9592,0.0505,0.0505,0.0000,48914
38,40,square_waypoints,0.01,0.003,0.0,0.12,left_gain_loss,null_probe,g0.60_1.00_s0.02,0.0200,0.5960,0.7503,21.4250,0.0881,0.1431,3.2417,0.0187,0.0459,0.0272,49915
38,40,square_waypoints,0.01,0.003,0.0,0.12,left_gain_loss,unpaired_null,g0.60_1.00_s0.02,0.0200,0.7342,0.6175,21.4250,0.0958,0.1932,4.5645,0.0596,0.0532,-0.0064,49916
38,40,square_waypoints,0.01,0.003,0.0,0.12,left_gain_loss,random_probe,g0.60_1.00_s0.02,0.0200,1.3401,0.5124,9.0262,0.6470,0.6620,11.2580,0.0738,0.0410,-0.0328,49917
38,40,square_waypoints,0.01,0.003,0.0,0.12,left_gain_loss,task_greedy,g0.60_1.00_s0.02,0.0200,1.5146,0.4106,21.5427,2.2121,2.2056,44.7132,0.0122,0.0155,0.0034,49918
38,40,square_waypoints,0.01,0.003,0.0,0.12,left_gain_loss,fisher_grid,g0.60_1.00_s0.02,0.0200,0.5819,0.7560,27.5400,0.5648,0.5525,10.9212,0.1242,0.0399,-0.0843,49919
38,40,square_waypoints,0.01,0.003,0.0,0.12,left_gain_loss,constrained_fisher,g0.60_1.00_s0.02,0.0200,0.0588,0.9897,26.9325,0.1005,0.1174,3.4681,0.0168,0.0151,-0.0017,49920
38,40,square_waypoints,0.01,0.003,0.0,0.12,right_gain_loss,null_probe,g1.00_0.60_s0.02,0.0200,1.1531,0.5308,21.4250,0.0795,0.1318,2.8299,0.0880,0.0184,-0.0696,49921
38,40,square_waypoints,0.01,0.003,0.0,0.12,right_gain_loss,unpaired_null,g1.00_0.60_s0.02,0.0200,0.6868,0.6705,21.4250,0.0808,0.3147,7.1394,0.0648,0.0209,-0.0439,49922
38,40,square_waypoints,0.01,0.003,0.0,0.12,right_gain_loss,random_probe,g1.00_0.60_s0.02,0.0200,1.3824,0.3964,11.0235,0.3388,0.3361,9.2412,0.0299,0.0471,0.0172,49923
38,40,square_waypoints,0.01,0.003,0.0,0.12,right_gain_loss,task_greedy,g1.00_0.60_s0.10,0.1000,1.5705,0.3547,22.0274,2.2332,2.2410,44.9009,0.0182,0.1632,0.1450,49924
38,40,square_waypoints,0.01,0.003,0.0,0.12,right_gain_loss,fisher_grid,g1.00_0.60_s0.02,0.0200,0.4969,0.8659,27.5400,0.5221,0.5200,9.2241,0.0376,0.0326,-0.0051,49925
38,40,square_waypoints,0.01,0.003,0.0,0.12,right_gain_loss,constrained_fisher,g1.00_0.60_s0.02,0.0200,0.2820,0.9256,28.5525,0.1156,0.1264,3.5458,0.0954,0.0272,-0.0681,49926
38,40,square_waypoints,0.01,0.003,0.0,0.12,symmetric_low_power,null_probe,g0.75_0.75_s0.02,0.0600,0.2853,0.9205,21.4250,0.0326,0.0804,1.7549,0.0410,0.0691,0.0281,49927
38,40,square_waypoints,0.01,0.003,0.0,0.12,symmetric_low_power,unpaired_null,g0.75_0.75_s0.02,0.0600,0.8293,0.5405,21.4250,0.0442,0.1946,3.6405,0.0365,0.0396,0.0031,49928
38,40,square_waypoints,0.01,0.003,0.0,0.12,symmetric_low_power,random_probe,g0.75_0.75_s0.02,0.0600,1.1505,0.5262,11.6230,0.5414,0.5777,12.4991,0.0279,0.0471,0.0192,49929
38,40,square_waypoints,0.01,0.003,0.0,0.12,symmetric_low_power,task_greedy,g0.75_0.75_s0.20,0.2400,1.4504,0.3059,19.6032,2.0097,2.0026,40.7831,0.0304,0.0729,0.0425,49930
38,40,square_waypoints,0.01,0.003,0.0,0.12,symmetric_low_power,fisher_grid,g0.75_0.75_s0.02,0.0600,0.0924,0.9819,27.5400,0.3798,0.3744,7.3069,0.0179,0.0709,0.0530,49931
38,40,square_waypoints,0.01,0.003,0.0,0.12,symmetric_low_power,constrained_fisher,g0.75_0.75_s0.02,0.0600,0.4652,0.8432,30.8812,0.0995,0.0984,2.6003,0.0447,0.0316,-0.0130,49932
38,40,square_waypoints,0.01,0.003,0.0,0.12,high_slip,null_probe,g1.00_1.00_s0.20,0.0000,0.1266,0.9776,21.4250,0.2363,0.2778,4.2337,0.0784,0.0784,0.0000,49933
38,40,square_waypoints,0.01,0.003,0.0,0.12,high_slip,unpaired_null,g1.00_1.00_s0.20,0.0000,0.3667,0.9045,21.4250,0.1418,0.2961,6.7422,0.1523,0.1523,0.0000,49934
38,40,square_waypoints,0.01,0.003,0.0,0.12,high_slip,random_probe,g1.00_1.00_s0.20,0.0000,0.7113,0.7732,12.2455,0.1770,0.3466,7.1988,0.0697,0.0697,0.0000,49935
38,40,square_waypoints,0.01,0.003,0.0,0.12,high_slip,task_greedy,g1.00_1.00_s0.20,0.0000,0.3873,0.8878,22.8116,2.8645,2.7577,58.1605,0.2188,0.2188,0.0000,49936
38,40,square_waypoints,0.01,0.003,0.0,0.12,high_slip,fisher_grid,g1.00_1.00_s0.20,0.0000,0.5239,0.8669,27.5400,0.5574,0.5625,11.0756,0.0370,0.0370,0.0000,49937
38,40,square_waypoints,0.01,0.003,0.0,0.12,high_slip,constrained_fisher,g1.00_1.00_s0.20,0.0000,0.4313,0.8941,10.1250,0.1533,0.1720,5.8605,0.1331,0.1331,0.0000,49938
39,40,square_waypoints,0.01,0.003,0.0,0.12,left_gain_loss,null_probe,g0.60_1.00_s0.02,0.0200,0.8890,0.6845,21.4250,0.0782,0.1337,2.5144,0.0093,0.0267,0.0174,50939
39,40,square_waypoints,0.01,0.003,0.0,0.12,left_gain_loss,unpaired_null,g0.60_1.00_s0.02,0.0200,0.6515,0.7070,21.4250,0.0978,0.2360,5.6333,0.0847,0.0160,-0.0687,50940
39,40,square_waypoints,0.01,0.003,0.0,0.12,left_gain_loss,random_probe,g0.60_1.00_s0.02,0.0200,0.8753,0.7046,13.6885,0.3836,0.4326,11.2659,0.0138,0.0790,0.0652,50941
39,40,square_waypoints,0.01,0.003,0.0,0.12,left_gain_loss,task_greedy,g0.60_1.00_s0.02,0.0200,1.2453,0.4484,21.6919,2.2086,2.2112,44.7313,0.0470,0.0313,-0.0157,50942
39,40,square_waypoints,0.01,0.003,0.0,0.12,left_gain_loss,fisher_grid,g0.60_1.00_s0.02,0.0200,0.0714,0.9890,27.5400,0.5522,0.5492,10.8863,0.0154,0.0214,0.0059,50943
39,40,square_waypoints,0.01,0.003,0.0,0.12,left_gain_loss,constrained_fisher,g0.60_1.00_s0.02,0.0200,0.2725,0.9271,27.3375,0.0957,0.1269,3.4123,0.1118,0.0044,-0.1074,50944
39,40,square_waypoints,0.01,0.003,0.0,0.12,right_gain_loss,null_probe,g1.00_0.60_s0.02,0.0200,0.5154,0.8152,21.4250,0.1070,0.1667,3.5358,0.0805,0.0163,-0.0643,50945
39,40,square_waypoints,0.01,0.003,0.0,0.12,right_gain_loss,unpaired_null,g1.00_0.60_s0.02,0.0200,0.6287,0.7908,21.4250,0.0903,0.3070,6.3764,0.0579,0.0307,-0.0272,50946
39,40,square_waypoints,0.01,0.003,0.0,0.12,right_gain_loss,random_probe,g1.00_0.60_s0.02,0.0200,1.0181,0.5792,11.0644,0.4111,0.4205,9.1571,0.0847,0.1531,0.0684,50947
39,40,square_waypoints,0.01,0.003,0.0,0.12,right_gain_loss,task_greedy,g1.00_0.60_s0.02,0.0200,1.6288,0.3350,21.6613,2.1959,2.2048,44.5674,0.0079,0.0146,0.0067,50948
39,40,square_waypoints,0.01,0.003,0.0,0.12,right_gain_loss,fisher_grid,g1.00_0.60_s0.02,0.0200,0.0266,0.9964,27.5400,0.5535,0.5209,9.6817,0.1129,0.1480,0.0351,50949
39,40,square_waypoints,0.01,0.003,0.0,0.12,right_gain_loss,constrained_fisher,g1.00_0.60_s0.02,0.0200,0.4024,0.8860,25.2113,0.1370,0.1263,3.7303,0.0186,0.0382,0.0196,50950
39,40,square_waypoints,0.01,0.003,0.0,0.12,symmetric_low_power,null_probe,g0.75_0.75_s0.02,0.0600,0.3580,0.8905,21.4250,0.0637,0.1114,2.4325,0.0497,0.0959,0.0462,50951
39,40,square_waypoints,0.01,0.003,0.0,0.12,symmetric_low_power,unpaired_null,g0.75_0.75_s0.02,0.0600,0.6991,0.7568,21.4250,0.0466,0.2116,4.4656,0.0408,0.0551,0.0144,50952
39,40,square_waypoints,0.01,0.003,0.0,0.12,symmetric_low_power,random_probe,g0.75_0.75_s0.02,0.0600,1.2663,0.5340,10.4771,0.1948,0.4401,9.6522,0.0431,0.0853,0.0422,50953
39,40,square_waypoints,0.01,0.003,0.0,0.12,symmetric_low_power,task_greedy,g0.75_0.75_s0.20,0.2400,1.3088,0.3215,19.6315,2.0527,2.0336,41.5873,0.0469,0.0296,-0.0172,50954
39,40,square_waypoints,0.01,0.003,0.0,0.12,symmetric_low_power,fisher_grid,g0.75_0.75_s0.02,0.0600,0.0462,0.9927,27.5400,0.4035,0.3947,7.5560,0.0411,0.0424,0.0012,50955
39,40,square_waypoints,0.01,0.003,0.0,0.12,symmetric_low_power,constrained_fisher,g0.75_0.75_s0.02,0.0600,0.1970,0.9541,32.0962,0.0514,0.1013,2.3150,0.0255,0.0779,0.0524,50956
39,40,square_waypoints,0.01,0.003,0.0,0.12,high_slip,null_probe,g1.00_1.00_s0.20,0.0000,0.4983,0.8348,21.4250,0.0189,0.1565,3.2289,0.1118,0.1118,0.0000,50957
39,40,square_waypoints,0.01,0.003,0.0,0.12,high_slip,unpaired_null,g1.00_1.00_s0.20,0.0000,0.2363,0.9460,21.4250,0.0980,0.3156,6.6656,0.2231,0.2231,0.0000,50958
39,40,square_waypoints,0.01,0.003,0.0,0.12,high_slip,random_probe,g1.00_1.00_s0.20,0.0000,0.8458,0.5466,11.3747,0.4283,0.4764,9.6097,0.0117,0.0117,0.0000,50959
39,40,square_waypoints,0.01,0.003,0.0,0.12,high_slip,task_greedy,g1.00_1.00_s0.20,0.0000,0.1589,0.9670,22.0369,2.4646,2.8013,58.9744,0.0932,0.0932,0.0000,50960
39,40,square_waypoints,0.01,0.003,0.0,0.12,high_slip,fisher_grid,g1.00_1.00_s0.20,0.0000,0.0227,0.9970,27.5400,0.4918,0.4858,9.6893,0.1770,0.1770,0.0000,50961
39,40,square_waypoints,0.01,0.003,0.0,0.12,high_slip,constrained_fisher,g1.00_1.00_s0.20,0.0000,1.2055,0.6492,19.6425,0.1112,0.1627,4.3831,0.1293,0.1293,0.0000,50962
40,40,square_waypoints,0.01,0.003,0.0,0.12,left_gain_loss,null_probe,g0.60_1.00_s0.02,0.0200,0.6692,0.7310,21.4250,0.0598,0.1187,2.9132,0.0605,0.0400,-0.0205,51963
40,40,square_waypoints,0.01,0.003,0.0,0.12,left_gain_loss,unpaired_null,g0.60_1.00_s0.02,0.0200,0.6378,0.6925,21.4250,0.1777,0.2051,5.7109,0.0198,0.1370,0.1172,51964
40,40,square_waypoints,0.01,0.003,0.0,0.12,left_gain_loss,random_probe,g0.75_1.00_s0.10,0.2100,1.7341,0.4253,9.5722,0.3574,0.3791,8.4679,0.0922,0.0127,-0.0795,51965
40,40,square_waypoints,0.01,0.003,0.0,0.12,left_gain_loss,task_greedy,g0.60_1.00_s0.02,0.0200,1.4701,0.4448,21.3851,2.1943,2.2006,44.5230,0.0359,0.0167,-0.0192,51966
40,40,square_waypoints,0.01,0.003,0.0,0.12,left_gain_loss,fisher_grid,g0.60_1.00_s0.02,0.0200,0.2934,0.9144,27.5400,0.5377,0.5286,10.0380,0.0065,0.0063,-0.0002,51967
40,40,square_waypoints,0.01,0.003,0.0,0.12,left_gain_loss,constrained_fisher,g0.60_1.00_s0.02,0.0200,0.0422,0.9937,30.2737,0.0976,0.1096,3.1500,0.0308,0.0187,-0.0121,51968
40,40,square_waypoints,0.01,0.003,0.0,0.12,right_gain_loss,null_probe,g1.00_0.60_s0.10,0.1000,0.5943,0.8262,21.4250,0.0966,0.1217,2.8850,0.0108,0.1913,0.1805,51969
40,40,square_waypoints,0.01,0.003,0.0,0.12,right_gain_loss,unpaired_null,g1.00_0.60_s0.02,0.0200,0.9294,0.6741,21.4250,0.1100,0.2947,6.6883,0.0422,0.1753,0.1331,51970
40,40,square_waypoints,0.01,0.003,0.0,0.12,right_gain_loss,random_probe,g1.00_0.60_s0.02,0.0200,1.2565,0.5490,9.9953,0.0471,0.1642,3.1023,0.0251,0.0241,-0.0010,51971
40,40,square_waypoints,0.01,0.003,0.0,0.12,right_gain_loss,task_greedy,g1.00_0.60_s0.02,0.0200,1.5978,0.3331,21.8207,2.2213,2.2261,44.9317,0.0152,0.0193,0.0041,51972
40,40,square_waypoints,0.01,0.003,0.0,0.12,right_gain_loss,fisher_grid,g1.00_0.60_s0.02,0.0200,0.5358,0.8634,27.5400,0.5580,0.5520,10.1057,0.0590,0.0586,-0.0004,51973
40,40,square_waypoints,0.01,0.003,0.0,0.12,right_gain_loss,constrained_fisher,g1.00_0.60_s0.02,0.0200,0.0242,0.9968,30.0712,0.0892,0.1066,3.0479,0.0641,0.1085,0.0444,51974
40,40,square_waypoints,0.01,0.003,0.0,0.12,symmetric_low_power,null_probe,g0.75_0.75_s0.02,0.0600,0.9335,0.6178,21.4250,0.0188,0.0649,1.3315,0.0405,0.0819,0.0414,51975
40,40,square_waypoints,0.01,0.003,0.0,0.12,symmetric_low_power,unpaired_null,g0.75_0.75_s0.02,0.0600,1.0599,0.6799,21.4250,0.0349,0.2096,4.0673,0.0530,0.0195,-0.0335,51976
40,40,square_waypoints,0.01,0.003,0.0,0.12,symmetric_low_power,random_probe,g0.60_0.75_s0.10,0.2300,1.6376,0.4074,9.5296,0.3294,0.3493,9.3479,0.0074,0.0632,0.0558,51977
40,40,square_waypoints,0.01,0.003,0.0,0.12,symmetric_low_power,task_greedy,g0.75_0.75_s0.20,0.2400,1.1298,0.3633,19.6749,2.0539,2.0544,41.8936,0.0317,0.0382,0.0065,51978
40,40,square_waypoints,0.01,0.003,0.0,0.12,symmetric_low_power,fisher_grid,g0.75_0.75_s0.02,0.0600,0.2563,0.9306,27.5400,0.4170,0.4039,7.9067,0.0321,0.0566,0.0246,51979
40,40,square_waypoints,0.01,0.003,0.0,0.12,symmetric_low_power,constrained_fisher,g0.75_0.75_s0.02,0.0600,0.3650,0.9146,32.4000,0.0164,0.0873,1.9696,0.0385,0.0550,0.0165,51980
40,40,square_waypoints,0.01,0.003,0.0,0.12,high_slip,null_probe,g1.00_1.00_s0.20,0.0000,0.3067,0.9331,21.4250,0.0614,0.2694,5.7909,0.0428,0.0428,0.0000,51981
40,40,square_waypoints,0.01,0.003,0.0,0.12,high_slip,unpaired_null,g1.00_1.00_s0.20,0.0000,0.2020,0.9583,21.4250,0.1302,0.2848,6.3543,0.0648,0.0648,0.0000,51982
40,40,square_waypoints,0.01,0.003,0.0,0.12,high_slip,random_probe,g1.00_1.00_s0.20,0.0000,0.3511,0.9236,11.7035,0.3463,0.3463,9.2709,0.2571,0.2571,0.0000,51983
40,40,square_waypoints,0.01,0.003,0.0,0.12,high_slip,task_greedy,g1.00_1.00_s0.20,0.0000,0.6891,0.6180,22.7991,2.7838,2.6567,56.9353,0.1058,0.1058,0.0000,51984
40,40,square_waypoints,0.01,0.003,0.0,0.12,high_slip,fisher_grid,g1.00_1.00_s0.20,0.0000,0.3005,0.9233,27.5400,0.6254,0.5978,12.9918,0.1465,0.1465,0.0000,51985
40,40,square_waypoints,0.01,0.003,0.0,0.12,high_slip,constrained_fisher,g1.00_1.00_s0.20,0.0000,1.2671,0.6169,9.3150,0.1750,0.1658,5.9214,0.0879,0.0879,0.0000,51986
41,40,square_waypoints,0.01,0.003,0.0,0.12,left_gain_loss,null_probe,g0.60_0.90_s0.02,0.1200,1.2546,0.4671,21.4250,0.0638,0.1129,2.6474,0.0566,0.0237,-0.0330,52987
41,40,square_waypoints,0.01,0.003,0.0,0.12,left_gain_loss,unpaired_null,g0.60_1.00_s0.02,0.0200,0.5717,0.7624,21.4250,0.1216,0.1972,4.8000,0.0198,0.1745,0.1547,52988
41,40,square_waypoints,0.01,0.003,0.0,0.12,left_gain_loss,random_probe,g0.60_1.00_s0.02,0.0200,0.8063,0.7308,9.7148,0.1615,0.2521,5.1873,0.0649,0.1161,0.0513,52989
41,40,square_waypoints,0.01,0.003,0.0,0.12,left_gain_loss,task_greedy,g0.60_1.00_s0.02,0.0200,1.4008,0.4671,22.0194,2.2614,2.2482,44.9516,0.0727,0.0826,0.0099,52990
41,40,square_waypoints,0.01,0.003,0.0,0.12,left_gain_loss,fisher_grid,g0.60_1.00_s0.02,0.0200,0.3814,0.8849,27.5400,0.5288,0.5212,10.2821,0.0578,0.0126,-0.0452,52991
41,40,square_waypoints,0.01,0.003,0.0,0.12,left_gain_loss,constrained_fisher,g0.60_1.00_s0.02,0.0200,0.5288,0.8629,20.8575,0.0901,0.1239,3.8865,0.0324,0.0275,-0.0049,52992
41,40,square_waypoints,0.01,0.003,0.0,0.12,right_gain_loss,null_probe,g1.00_0.60_s0.02,0.0200,0.2094,0.9579,21.4250,0.1194,0.1244,2.6975,0.0132,0.0176,0.0045,52993
41,40,square_waypoints,0.01,0.003,0.0,0.12,right_gain_loss,unpaired_null,g1.00_0.60_s0.10,0.1000,0.9483,0.5808,21.4250,0.0708,0.2854,5.8227,0.0926,0.0982,0.0057,52994
41,40,square_waypoints,0.01,0.003,0.0,0.12,right_gain_loss,random_probe,g1.00_0.60_s0.02,0.0200,2.0396,0.2337,10.6552,0.3656,0.4056,9.4326,0.0762,0.0151,-0.0611,52995
41,40,square_waypoints,0.01,0.003,0.0,0.12,right_gain_loss,task_greedy,g1.00_0.60_s0.02,0.0200,1.3738,0.4826,21.4468,2.2084,2.2054,44.7450,0.0180,0.0305,0.0125,52996
41,40,square_waypoints,0.01,0.003,0.0,0.12,right_gain_loss,fisher_grid,g1.00_0.60_s0.02,0.0200,0.5535,0.8449,27.5400,0.5191,0.5419,9.7207,0.0206,0.0187,-0.0019,52997
41,40,square_waypoints,0.01,0.003,0.0,0.12,right_gain_loss,constrained_fisher,g1.00_0.60_s0.02,0.0200,0.6370,0.7002,24.3000,0.0848,0.1242,3.7123,0.0800,0.0100,-0.0700,52998
41,40,square_waypoints,0.01,0.003,0.0,0.12,symmetric_low_power,null_probe,g0.75_0.75_s0.02,0.0600,0.4958,0.8548,21.4250,0.0493,0.0840,1.6714,0.0393,0.1149,0.0756,52999
41,40,square_waypoints,0.01,0.003,0.0,0.12,symmetric_low_power,unpaired_null,g0.75_0.75_s0.10,0.1400,1.0655,0.6846,21.4250,0.0634,0.2276,4.9422,0.0295,0.0479,0.0184,53000
41,40,square_waypoints,0.01,0.003,0.0,0.12,symmetric_low_power,random_probe,g0.75_0.75_s0.02,0.0600,1.6586,0.3577,12.0438,0.2116,0.3214,7.0806,0.0288,0.0345,0.0057,53001
41,40,square_waypoints,0.01,0.003,0.0,0.12,symmetric_low_power,task_greedy,g0.60_0.60_s0.20,0.4200,1.9220,0.2008,19.6076,1.9690,1.9747,40.7484,0.0289,0.0489,0.0201,53002
41,40,square_waypoints,0.01,0.003,0.0,0.12,symmetric_low_power,fisher_grid,g0.75_0.75_s0.02,0.0600,0.1548,0.9697,27.5400,0.4113,0.4124,8.3970,0.0445,0.0726,0.0281,53003
41,40,square_waypoints,0.01,0.003,0.0,0.12,symmetric_low_power,constrained_fisher,g0.75_0.75_s0.02,0.0600,0.0722,0.9869,32.0962,0.0250,0.0945,2.2987,0.0437,0.0392,-0.0046,53004
41,40,square_waypoints,0.01,0.003,0.0,0.12,high_slip,null_probe,g1.00_1.00_s0.20,0.0000,0.0112,0.9986,21.4250,0.1718,0.2403,4.9102,0.2122,0.2122,0.0000,53005
41,40,square_waypoints,0.01,0.003,0.0,0.12,high_slip,unpaired_null,g1.00_1.00_s0.20,0.0000,0.5929,0.7488,21.4250,0.0260,0.2997,5.7797,0.2052,0.2052,0.0000,53006
41,40,square_waypoints,0.01,0.003,0.0,0.12,high_slip,random_probe,g1.00_1.00_s0.20,0.0000,0.9201,0.7248,9.5770,0.5046,0.4815,11.2595,0.0246,0.0246,0.0000,53007
41,40,square_waypoints,0.01,0.003,0.0,0.12,high_slip,task_greedy,g1.00_1.00_s0.20,0.0000,0.6144,0.8033,21.9603,2.7817,2.6354,57.1283,0.0267,0.0267,0.0000,53008
41,40,square_waypoints,0.01,0.003,0.0,0.12,high_slip,fisher_grid,g1.00_1.00_s0.20,0.0000,0.2821,0.9208,27.5400,0.5708,0.6029,11.8208,0.1314,0.1314,0.0000,53009
41,40,square_waypoints,0.01,0.003,0.0,0.12,high_slip,constrained_fisher,g1.00_1.00_s0.20,0.0000,0.3299,0.9214,24.7050,0.1027,0.1715,3.9980,0.0876,0.0876,0.0000,53010
42,40,square_waypoints,0.01,0.003,0.0,0.12,left_gain_loss,null_probe,g0.60_1.00_s0.02,0.0200,1.0866,0.5939,21.4250,0.0910,0.1030,2.4003,0.0607,0.0807,0.0201,54011
42,40,square_waypoints,0.01,0.003,0.0,0.12,left_gain_loss,unpaired_null,g0.60_1.00_s0.02,0.0200,0.6807,0.7955,21.4250,0.1189,0.1960,4.8399,0.0437,0.1408,0.0971,54012
42,40,square_waypoints,0.01,0.003,0.0,0.12,left_gain_loss,random_probe,g0.60_1.00_s0.02,0.0200,0.9265,0.7217,10.5471,0.2104,0.2528,4.3075,0.0793,0.1379,0.0586,54013
42,40,square_waypoints,0.01,0.003,0.0,0.12,left_gain_loss,task_greedy,g0.60_1.00_s0.02,0.0200,1.7654,0.2018,21.5714,2.1991,2.2000,44.3688,0.0743,0.0058,-0.0685,54014
42,40,square_waypoints,0.01,0.003,0.0,0.12,left_gain_loss,fisher_grid,g0.60_1.00_s0.02,0.0200,0.5684,0.7810,27.5400,0.5399,0.5382,10.5203,0.0173,0.1132,0.0959,54015
42,40,square_waypoints,0.01,0.003,0.0,0.12,left_gain_loss,constrained_fisher,g0.60_1.00_s0.02,0.0200,0.1370,0.9732,29.4638,0.1069,0.1198,3.2877,0.0243,0.1790,0.1547,54016
42,40,square_waypoints,0.01,0.003,0.0,0.12,right_gain_loss,null_probe,g1.00_0.60_s0.10,0.1000,0.7898,0.5255,21.4250,0.0455,0.1099,2.3185,0.0643,0.0242,-0.0401,54017
42,40,square_waypoints,0.01,0.003,0.0,0.12,right_gain_loss,unpaired_null,g1.00_0.60_s0.02,0.0200,0.4495,0.8876,21.4250,0.0888,0.2835,5.9749,0.0290,0.0086,-0.0204,54018
42,40,square_waypoints,0.01,0.003,0.0,0.12,right_gain_loss,random_probe,g1.00_0.60_s0.02,0.0200,1.5420,0.3721,11.7677,0.2869,0.3357,8.5391,0.0186,0.0256,0.0070,54019
42,40,square_waypoints,0.01,0.003,0.0,0.12,right_gain_loss,task_greedy,g1.00_0.60_s0.02,0.0200,1.4258,0.4192,21.5118,2.2299,2.2107,44.9106,0.0283,0.0956,0.0673,54020
42,40,square_waypoints,0.01,0.003,0.0,0.12,right_gain_loss,fisher_grid,g1.00_0.60_s0.02,0.0200,0.0506,0.9920,27.5400,0.5224,0.5312,9.6514,0.0601,0.1148,0.0546,54021
42,40,square_waypoints,0.01,0.003,0.0,0.12,right_gain_loss,constrained_fisher,g1.00_0.60_s0.02,0.0200,0.2658,0.9375,31.7925,0.1091,0.1034,2.8683,0.1046,0.0276,-0.0769,54022
42,40,square_waypoints,0.01,0.003,0.0,0.12,symmetric_low_power,null_probe,g0.75_0.75_s0.02,0.0600,0.5760,0.8242,21.4250,0.0305,0.0755,1.5228,0.0524,0.0704,0.0180,54023
42,40,square_waypoints,0.01,0.003,0.0,0.12,symmetric_low_power,unpaired_null,g0.75_0.75_s0.02,0.0600,0.9283,0.5097,21.4250,0.0545,0.2282,4.8795,0.0213,0.0320,0.0107,54024
42,40,square_waypoints,0.01,0.003,0.0,0.12,symmetric_low_power,random_probe,g0.75_0.75_s0.02,0.0600,1.5942,0.4499,10.1129,0.4586,0.5045,11.8847,0.0569,0.0298,-0.0271,54025
42,40,square_waypoints,0.01,0.003,0.0,0.12,symmetric_low_power,task_greedy,g0.75_0.75_s0.02,0.0600,1.1118,0.3471,19.6446,2.0109,2.0155,40.8131,0.0195,0.0445,0.0250,54026
42,40,square_waypoints,0.01,0.003,0.0,0.12,symmetric_low_power,fisher_grid,g0.75_0.75_s0.02,0.0600,0.2337,0.9523,27.5400,0.4020,0.4045,7.8250,0.0269,0.0400,0.0131,54027
42,40,square_waypoints,0.01,0.003,0.0,0.12,symmetric_low_power,constrained_fisher,g0.75_0.75_s0.02,0.0600,0.2450,0.9348,32.4000,0.0144,0.0818,1.7545,0.0429,0.0631,0.0203,54028
42,40,square_waypoints,0.01,0.003,0.0,0.12,high_slip,null_probe,g1.00_1.00_s0.20,0.0000,0.6503,0.7449,21.4250,0.2443,0.2829,5.3286,0.0760,0.0760,0.0000,54029
42,40,square_waypoints,0.01,0.003,0.0,0.12,high_slip,unpaired_null,g1.00_1.00_s0.20,0.0000,0.0392,0.9945,21.4250,0.1872,0.3311,7.1585,0.0576,0.0576,0.0000,54030
42,40,square_waypoints,0.01,0.003,0.0,0.12,high_slip,random_probe,g1.00_1.00_s0.20,0.0000,1.0416,0.5715,9.7291,0.4585,0.5085,14.1407,0.1940,0.1940,0.0000,54031
42,40,square_waypoints,0.01,0.003,0.0,0.12,high_slip,task_greedy,g1.00_1.00_s0.20,0.0000,0.6410,0.7635,22.5442,2.6662,2.6253,56.9599,0.0935,0.0935,0.0000,54032
42,40,square_waypoints,0.01,0.003,0.0,0.12,high_slip,fisher_grid,g1.00_1.00_s0.20,0.0000,0.0287,0.9961,27.5400,0.6178,0.6160,13.3578,0.0937,0.0937,0.0000,54033
42,40,square_waypoints,0.01,0.003,0.0,0.12,high_slip,constrained_fisher,g1.00_1.00_s0.10,0.1000,0.9159,0.5604,27.7425,0.0920,0.1500,4.1145,0.1544,0.1544,0.0000,54034
43,40,square_waypoints,0.01,0.003,0.0,0.12,left_gain_loss,null_probe,g0.60_1.00_s0.10,0.1000,1.2053,0.5422,21.4250,0.1125,0.1436,3.1422,0.0115,0.0182,0.0068,55035
43,40,square_waypoints,0.01,0.003,0.0,0.12,left_gain_loss,unpaired_null,g0.60_1.00_s0.02,0.0200,0.4033,0.8851,21.4250,0.0650,0.1950,4.4382,0.0519,0.0528,0.0010,55036
43,40,square_waypoints,0.01,0.003,0.0,0.12,left_gain_loss,random_probe,g0.75_1.00_s0.02,0.1300,1.7396,0.3435,8.4870,0.2328,0.3063,4.8618,0.0337,0.0668,0.0331,55037
43,40,square_waypoints,0.01,0.003,0.0,0.12,left_gain_loss,task_greedy,g0.60_1.00_s0.02,0.0200,1.4063,0.3914,21.7318,2.2232,2.2322,44.7841,0.0278,0.0221,-0.0057,55038
43,40,square_waypoints,0.01,0.003,0.0,0.12,left_gain_loss,fisher_grid,g0.60_1.00_s0.10,0.1000,0.7253,0.5840,27.5400,0.5367,0.5446,10.7942,0.0342,0.1251,0.0909,55039
43,40,square_waypoints,0.01,0.003,0.0,0.12,left_gain_loss,constrained_fisher,g0.60_1.00_s0.02,0.0200,0.2154,0.9523,26.7300,0.1351,0.1277,3.4889,0.0421,0.1306,0.0886,55040
43,40,square_waypoints,0.01,0.003,0.0,0.12,right_gain_loss,null_probe,g1.00_0.60_s0.02,0.0200,0.7783,0.7482,21.4250,0.0981,0.1163,2.3693,0.0217,0.2131,0.1913,55041
43,40,square_waypoints,0.01,0.003,0.0,0.12,right_gain_loss,unpaired_null,g1.00_0.60_s0.10,0.1000,1.0411,0.5402,21.4250,0.0651,0.2791,5.8389,0.0187,0.0246,0.0059,55042
43,40,square_waypoints,0.01,0.003,0.0,0.12,right_gain_loss,random_probe,g1.00_0.60_s0.02,0.0200,0.5398,0.8381,10.6349,0.1182,0.2598,4.3384,0.0264,0.0326,0.0062,55043
43,40,square_waypoints,0.01,0.003,0.0,0.12,right_gain_loss,task_greedy,g1.00_0.60_s0.02,0.0200,1.5062,0.3811,21.8080,2.2970,2.2658,45.5866,0.0292,0.0870,0.0578,55044
43,40,square_waypoints,0.01,0.003,0.0,0.12,right_gain_loss,fisher_grid,g1.00_0.60_s0.02,0.0200,0.1637,0.9641,27.5400,0.5559,0.5401,9.9246,0.0260,0.0175,-0.0085,55045
43,40,square_waypoints,0.01,0.003,0.0,0.12,right_gain_loss,constrained_fisher,g1.00_0.60_s0.02,0.0200,0.6955,0.6776,26.1225,0.1662,0.1283,3.1984,0.0298,0.0090,-0.0208,55046
43,40,square_waypoints,0.01,0.003,0.0,0.12,symmetric_low_power,null_probe,g0.75_0.75_s0.02,0.0600,0.6975,0.6897,21.4250,0.0183,0.0846,1.7125,0.0254,0.0653,0.0399,55047
43,40,square_waypoints,0.01,0.003,0.0,0.12,symmetric_low_power,unpaired_null,g0.75_0.75_s0.02,0.0600,0.8639,0.5281,21.4250,0.0186,0.2108,4.1878,0.0401,0.0207,-0.0194,55048
43,40,square_waypoints,0.01,0.003,0.0,0.12,symmetric_low_power,random_probe,g0.75_0.75_s0.02,0.0600,0.7266,0.8257,9.3620,0.2365,0.3451,7.5114,0.0383,0.0500,0.0117,55049
43,40,square_waypoints,0.01,0.003,0.0,0.12,symmetric_low_power,task_greedy,g0.75_0.75_s0.02,0.0600,1.0718,0.4516,20.2494,2.0966,2.1043,41.8645,0.0480,0.0260,-0.0219,55050
43,40,square_waypoints,0.01,0.003,0.0,0.12,symmetric_low_power,fisher_grid,g0.75_0.75_s0.02,0.0600,0.7045,0.5429,27.5400,0.4079,0.4126,8.3401,0.0566,0.0829,0.0264,55051
43,40,square_waypoints,0.01,0.003,0.0,0.12,symmetric_low_power,constrained_fisher,g0.75_0.75_s0.02,0.0600,0.0433,0.9935,32.4000,0.0458,0.0861,1.6969,0.0254,0.0338,0.0083,55052
43,40,square_waypoints,0.01,0.003,0.0,0.12,high_slip,null_probe,g1.00_1.00_s0.20,0.0000,0.0827,0.9872,21.4250,0.1688,0.2146,4.0842,0.2630,0.2630,0.0000,55053
43,40,square_waypoints,0.01,0.003,0.0,0.12,high_slip,unpaired_null,g1.00_1.00_s0.20,0.0000,0.7890,0.7427,21.4250,0.2295,0.3823,8.9135,0.1605,0.1605,0.0000,55054
43,40,square_waypoints,0.01,0.003,0.0,0.12,high_slip,random_probe,g1.00_1.00_s0.20,0.0000,1.2491,0.5986,11.5017,0.2967,0.4352,8.5911,0.0129,0.0129,0.0000,55055
43,40,square_waypoints,0.01,0.003,0.0,0.12,high_slip,task_greedy,g1.00_1.00_s0.20,0.0000,0.8639,0.6966,21.9428,2.7714,2.6036,56.6607,0.1982,0.1982,0.0000,55056
43,40,square_waypoints,0.01,0.003,0.0,0.12,high_slip,fisher_grid,g1.00_1.00_s0.20,0.0000,0.1872,0.9585,27.5400,0.6787,0.6873,14.9007,0.2406,0.2406,0.0000,55057
43,40,square_waypoints,0.01,0.003,0.0,0.12,high_slip,constrained_fisher,g0.90_0.90_s0.20,0.2000,1.7950,0.2826,14.1750,0.1169,0.1382,4.7594,0.2037,0.0742,-0.1295,55058
44,40,square_waypoints,0.01,0.003,0.0,0.12,left_gain_loss,null_probe,g0.60_1.00_s0.02,0.0200,0.9286,0.6741,21.4250,0.0576,0.1447,2.7688,0.0723,0.0427,-0.0295,56059
44,40,square_waypoints,0.01,0.003,0.0,0.12,left_gain_loss,unpaired_null,g0.60_1.00_s0.02,0.0200,0.4929,0.8620,21.4250,0.0799,0.1737,3.8279,0.0540,0.0278,-0.0262,56060
44,40,square_waypoints,0.01,0.003,0.0,0.12,left_gain_loss,random_probe,g0.60_1.00_s0.02,0.0200,1.3440,0.4494,9.4815,0.4156,0.5562,9.6680,0.0626,0.1870,0.1244,56061
44,40,square_waypoints,0.01,0.003,0.0,0.12,left_gain_loss,task_greedy,g0.60_1.00_s0.02,0.0200,1.4099,0.3839,22.0561,2.2534,2.2587,45.2753,0.0931,0.0236,-0.0695,56062
44,40,square_waypoints,0.01,0.003,0.0,0.12,left_gain_loss,fisher_grid,g0.60_1.00_s0.02,0.0200,0.1827,0.9593,27.5400,0.5377,0.5398,10.8351,0.0580,0.0413,-0.0167,56063
44,40,square_waypoints,0.01,0.003,0.0,0.12,left_gain_loss,constrained_fisher,g0.60_1.00_s0.02,0.0200,0.1221,0.9794,31.7925,0.1268,0.1085,2.5497,0.0755,0.0893,0.0137,56064
44,40,square_waypoints,0.01,0.003,0.0,0.12,right_gain_loss,null_probe,g1.00_0.60_s0.02,0.0200,0.7238,0.8053,21.4250,0.0520,0.1125,2.1391,0.0888,0.1501,0.0614,56065
44,40,square_waypoints,0.01,0.003,0.0,0.12,right_gain_loss,unpaired_null,g1.00_0.60_s0.02,0.0200,0.4521,0.8816,21.4250,0.0842,0.2974,6.2523,0.0267,0.0321,0.0054,56066
44,40,square_waypoints,0.01,0.003,0.0,0.12,right_gain_loss,random_probe,g1.00_0.60_s0.10,0.1000,1.7510,0.2896,11.3633,0.2380,0.2358,6.7609,0.0119,0.0369,0.0249,56067
44,40,square_waypoints,0.01,0.003,0.0,0.12,right_gain_loss,task_greedy,g1.00_0.60_s0.02,0.0200,1.1323,0.5982,21.9933,2.2264,2.2391,44.8396,0.0214,0.0505,0.0291,56068
44,40,square_waypoints,0.01,0.003,0.0,0.12,right_gain_loss,fisher_grid,g1.00_0.60_s0.02,0.0200,0.2244,0.9543,27.5400,0.5653,0.5495,9.6975,0.0460,0.0481,0.0020,56069
44,40,square_waypoints,0.01,0.003,0.0,0.12,right_gain_loss,constrained_fisher,g1.00_0.60_s0.02,0.0200,0.5648,0.8044,28.1475,0.1433,0.1269,3.3209,0.0214,0.0339,0.0125,56070
44,40,square_waypoints,0.01,0.003,0.0,0.12,symmetric_low_power,null_probe,g0.75_0.75_s0.02,0.0600,0.2701,0.9312,21.4250,0.0283,0.0887,1.9683,0.0505,0.0398,-0.0107,56071
44,40,square_waypoints,0.01,0.003,0.0,0.12,symmetric_low_power,unpaired_null,g0.75_0.75_s0.02,0.0600,0.4757,0.8691,21.4250,0.0364,0.2011,3.7182,0.0445,0.0511,0.0066,56072
44,40,square_waypoints,0.01,0.003,0.0,0.12,symmetric_low_power,random_probe,g0.60_0.75_s0.02,0.1500,1.5126,0.2799,11.9059,0.4963,0.5497,11.9097,0.0663,0.0972,0.0309,56073
44,40,square_waypoints,0.01,0.003,0.0,0.12,symmetric_low_power,task_greedy,g0.75_0.75_s0.02,0.0600,1.6068,0.2990,19.6586,2.0431,2.0379,41.4881,0.0503,0.0366,-0.0137,56074
44,40,square_waypoints,0.01,0.003,0.0,0.12,symmetric_low_power,fisher_grid,g0.75_0.75_s0.10,0.1400,0.9166,0.5605,27.5400,0.3643,0.3724,7.4039,0.0299,0.0759,0.0460,56075
44,40,square_waypoints,0.01,0.003,0.0,0.12,symmetric_low_power,constrained_fisher,g0.75_0.75_s0.02,0.0600,0.0288,0.9962,32.4000,0.0132,0.0858,1.7886,0.0347,0.0766,0.0419,56076
44,40,square_waypoints,0.01,0.003,0.0,0.12,high_slip,null_probe,g1.00_1.00_s0.20,0.0000,0.2133,0.9574,21.4250,0.1560,0.2236,4.8151,0.0367,0.0367,0.0000,56077
44,40,square_waypoints,0.01,0.003,0.0,0.12,high_slip,unpaired_null,g1.00_1.00_s0.20,0.0000,0.0890,0.9855,21.4250,0.1003,0.3696,7.7520,0.2663,0.2663,0.0000,56078
44,40,square_waypoints,0.01,0.003,0.0,0.12,high_slip,random_probe,g1.00_1.00_s0.20,0.0000,0.6551,0.8232,11.2261,0.3745,0.4561,10.5613,0.2681,0.2681,0.0000,56079
44,40,square_waypoints,0.01,0.003,0.0,0.12,high_slip,task_greedy,g1.00_1.00_s0.20,0.0000,0.0360,0.9944,22.2687,2.7310,2.5079,57.3270,0.2156,0.2156,0.0000,56080
44,40,square_waypoints,0.01,0.003,0.0,0.12,high_slip,fisher_grid,g1.00_1.00_s0.20,0.0000,0.0362,0.9948,27.5400,0.6173,0.5886,11.7448,0.1017,0.1017,0.0000,56081
44,40,square_waypoints,0.01,0.003,0.0,0.12,high_slip,constrained_fisher,g1.00_1.00_s0.20,0.0000,0.6695,0.7911,11.7450,0.1280,0.2000,5.4980,0.1616,0.1616,0.0000,56082
45,40,square_waypoints,0.01,0.003,0.0,0.12,left_gain_loss,null_probe,g0.60_1.00_s0.02,0.0200,0.8226,0.7604,21.4250,0.1080,0.1317,2.9442,0.0077,0.2160,0.2083,57083
45,40,square_waypoints,0.01,0.003,0.0,0.12,left_gain_loss,unpaired_null,g0.60_1.00_s0.10,0.1000,0.9870,0.5063,21.4250,0.0747,0.1889,4.7642,0.0724,0.0270,-0.0454,57084
45,40,square_waypoints,0.01,0.003,0.0,0.12,left_gain_loss,random_probe,g0.60_1.00_s0.02,0.0200,0.8038,0.7670,8.4144,0.3697,0.3911,7.8221,0.0275,0.0146,-0.0129,57085
45,40,square_waypoints,0.01,0.003,0.0,0.12,left_gain_loss,task_greedy,g0.60_1.00_s0.02,0.0200,1.4866,0.3481,21.7436,2.2170,2.2165,44.4910,0.0332,0.0337,0.0005,57086
45,40,square_waypoints,0.01,0.003,0.0,0.12,left_gain_loss,fisher_grid,g0.60_1.00_s0.02,0.0200,0.3114,0.9084,27.5400,0.5316,0.5422,10.6762,0.0518,0.1465,0.0947,57087
45,40,square_waypoints,0.01,0.003,0.0,0.12,left_gain_loss,constrained_fisher,g0.60_1.00_s0.02,0.0200,0.2039,0.9538,24.9075,0.1213,0.1237,3.3610,0.0702,0.0255,-0.0447,57088
45,40,square_waypoints,0.01,0.003,0.0,0.12,right_gain_loss,null_probe,g1.00_0.60_s0.02,0.0200,0.6876,0.7703,21.4250,0.0872,0.1189,2.5034,0.0796,0.1563,0.0767,57089
45,40,square_waypoints,0.01,0.003,0.0,0.12,right_gain_loss,unpaired_null,g1.00_0.60_s0.10,0.1000,0.8761,0.5298,21.4250,0.0987,0.2815,6.1396,0.0126,0.0237,0.0111,57090
45,40,square_waypoints,0.01,0.003,0.0,0.12,right_gain_loss,random_probe,g1.00_0.60_s0.10,0.1000,1.4236,0.5408,10.8328,0.0977,0.3080,6.4902,0.0169,0.0140,-0.0029,57091
45,40,square_waypoints,0.01,0.003,0.0,0.12,right_gain_loss,task_greedy,g1.00_0.60_s0.10,0.1000,1.5647,0.3130,21.5120,2.2062,2.1917,44.5965,0.0147,0.0271,0.0124,57092
45,40,square_waypoints,0.01,0.003,0.0,0.12,right_gain_loss,fisher_grid,g1.00_0.60_s0.02,0.0200,0.5491,0.7743,27.5400,0.5670,0.5584,10.2308,0.0651,0.0479,-0.0172,57093
45,40,square_waypoints,0.01,0.003,0.0,0.12,right_gain_loss,constrained_fisher,g1.00_0.60_s0.02,0.0200,0.0089,0.9990,30.1725,0.1060,0.1237,2.8466,0.0878,0.1008,0.0129,57094
45,40,square_waypoints,0.01,0.003,0.0,0.12,symmetric_low_power,null_probe,g0.75_0.75_s0.02,0.0600,0.4975,0.8246,21.4250,0.0152,0.0654,1.4650,0.0195,0.0977,0.0782,57095
45,40,square_waypoints,0.01,0.003,0.0,0.12,symmetric_low_power,unpaired_null,g0.75_0.75_s0.02,0.0600,1.1283,0.6531,21.4250,0.0384,0.2200,4.6620,0.0196,0.0336,0.0140,57096
45,40,square_waypoints,0.01,0.003,0.0,0.12,symmetric_low_power,random_probe,g0.75_0.75_s0.02,0.0600,0.7956,0.7801,10.5763,0.2302,0.2478,4.1493,0.0389,0.0379,-0.0010,57097
45,40,square_waypoints,0.01,0.003,0.0,0.12,symmetric_low_power,task_greedy,g0.75_0.75_s0.20,0.2400,1.1198,0.3654,19.6164,2.0290,2.0121,41.6348,0.0191,0.0644,0.0453,57098
45,40,square_waypoints,0.01,0.003,0.0,0.12,symmetric_low_power,fisher_grid,g0.75_0.75_s0.02,0.0600,0.7862,0.7224,27.5400,0.4356,0.4326,8.8453,0.0360,0.0748,0.0388,57099
45,40,square_waypoints,0.01,0.003,0.0,0.12,symmetric_low_power,constrained_fisher,g0.75_0.75_s0.02,0.0600,0.0547,0.9916,31.7925,0.0811,0.0979,2.6123,0.0311,0.0231,-0.0080,57100
45,40,square_waypoints,0.01,0.003,0.0,0.12,high_slip,null_probe,g1.00_1.00_s0.20,0.0000,0.2155,0.9579,21.4250,0.1193,0.2698,6.2238,0.1541,0.1541,0.0000,57101
45,40,square_waypoints,0.01,0.003,0.0,0.12,high_slip,unpaired_null,g1.00_1.00_s0.20,0.0000,0.6623,0.7612,21.4250,0.1373,0.2913,6.0868,0.0120,0.0120,0.0000,57102
45,40,square_waypoints,0.01,0.003,0.0,0.12,high_slip,random_probe,g1.00_1.00_s0.20,0.0000,0.8693,0.5653,8.7504,0.3372,0.3497,6.5226,0.1970,0.1970,0.0000,57103
45,40,square_waypoints,0.01,0.003,0.0,0.12,high_slip,task_greedy,g1.00_1.00_s0.20,0.0000,0.2363,0.9450,21.9456,2.6906,2.5919,56.5076,0.0735,0.0735,0.0000,57104
45,40,square_waypoints,0.01,0.003,0.0,0.12,high_slip,fisher_grid,g1.00_1.00_s0.20,0.0000,0.1151,0.9786,27.5400,0.5351,0.5683,12.0513,0.1704,0.1704,0.0000,57105
45,40,square_waypoints,0.01,0.003,0.0,0.12,high_slip,constrained_fisher,g1.00_1.00_s0.20,0.0000,0.4035,0.9154,24.5025,0.1276,0.1633,4.5568,0.1384,0.1384,0.0000,57106
46,40,square_waypoints,0.01,0.003,0.0,0.12,left_gain_loss,null_probe,g0.60_1.00_s0.02,0.0200,0.5451,0.8525,21.4250,0.0854,0.1276,2.7500,0.0169,0.0187,0.0017,58107
46,40,square_waypoints,0.01,0.003,0.0,0.12,left_gain_loss,unpaired_null,g0.60_1.00_s0.02,0.0200,1.0806,0.5759,21.4250,0.0699,0.1745,4.1262,0.0321,0.1714,0.1394,58108
46,40,square_waypoints,0.01,0.003,0.0,0.12,left_gain_loss,random_probe,g0.60_1.00_s0.02,0.0200,0.7827,0.7408,10.7571,0.2971,0.3006,4.8426,0.0361,0.0260,-0.0100,58109
46,40,square_waypoints,0.01,0.003,0.0,0.12,left_gain_loss,task_greedy,g0.60_1.00_s0.20,0.2000,1.2877,0.4257,21.7701,2.2185,2.2223,44.4944,0.0116,0.1794,0.1677,58110
46,40,square_waypoints,0.01,0.003,0.0,0.12,left_gain_loss,fisher_grid,g0.60_1.00_s0.10,0.1000,0.6593,0.6731,27.5400,0.5641,0.5522,10.8498,0.0849,0.0676,-0.0173,58111
46,40,square_waypoints,0.01,0.003,0.0,0.12,left_gain_loss,constrained_fisher,g0.60_1.00_s0.02,0.0200,0.0172,0.9978,29.8687,0.1124,0.1139,2.8512,0.0421,0.1424,0.1003,58112
46,40,square_waypoints,0.01,0.003,0.0,0.12,right_gain_loss,null_probe,g1.00_0.60_s0.02,0.0200,0.4496,0.8820,21.4250,0.1229,0.1466,3.2971,0.0396,0.1005,0.0609,58113
46,40,square_waypoints,0.01,0.003,0.0,0.12,right_gain_loss,unpaired_null,g1.00_0.60_s0.02,0.0200,0.8796,0.7060,21.4250,0.1043,0.2984,6.4314,0.0958,0.0183,-0.0775,58114
46,40,square_waypoints,0.01,0.003,0.0,0.12,right_gain_loss,random_probe,g1.00_0.60_s0.02,0.0200,0.9990,0.6766,8.4979,0.1847,0.2828,7.2697,0.0680,0.0228,-0.0452,58115
46,40,square_waypoints,0.01,0.003,0.0,0.12,right_gain_loss,task_greedy,g1.00_0.60_s0.02,0.0200,1.2223,0.5001,21.4179,2.1866,2.1816,44.3005,0.0849,0.0259,-0.0590,58116
46,40,square_waypoints,0.01,0.003,0.0,0.12,right_gain_loss,fisher_grid,g1.00_0.60_s0.02,0.0200,0.5683,0.8397,27.5400,0.5315,0.5517,9.9190,0.0952,0.1144,0.0192,58117
46,40,square_waypoints,0.01,0.003,0.0,0.12,right_gain_loss,constrained_fisher,g1.00_0.60_s0.02,0.0200,0.5477,0.8549,20.6550,0.1175,0.1287,3.9909,0.0176,0.0385,0.0209,58118
46,40,square_waypoints,0.01,0.003,0.0,0.12,symmetric_low_power,null_probe,g0.75_0.75_s0.02,0.0600,0.2947,0.9195,21.4250,0.0473,0.0872,1.5696,0.0378,0.0464,0.0085,58119
46,40,square_waypoints,0.01,0.003,0.0,0.12,symmetric_low_power,unpaired_null,g0.75_0.75_s0.10,0.1400,0.8395,0.5649,21.4250,0.0819,0.1933,3.8360,0.0273,0.0484,0.0211,58120
46,40,square_waypoints,0.01,0.003,0.0,0.12,symmetric_low_power,random_probe,g0.75_0.75_s0.10,0.1400,1.6333,0.4769,9.9098,0.3011,0.3082,6.4332,0.0579,0.0830,0.0251,58121
46,40,square_waypoints,0.01,0.003,0.0,0.12,symmetric_low_power,task_greedy,g0.75_0.75_s0.02,0.0600,1.1517,0.3355,19.6145,2.0399,2.0443,42.3229,0.0515,0.0699,0.0184,58122
46,40,square_waypoints,0.01,0.003,0.0,0.12,symmetric_low_power,fisher_grid,g0.75_0.75_s0.02,0.0600,0.6022,0.8026,27.5400,0.4347,0.4314,8.2361,0.0405,0.0675,0.0270,58123
46,40,square_waypoints,0.01,0.003,0.0,0.12,symmetric_low_power,constrained_fisher,g0.75_0.75_s0.02,0.0600,0.4260,0.8712,32.4000,0.0283,0.0822,1.7595,0.0434,0.0491,0.0056,58124
46,40,square_waypoints,0.01,0.003,0.0,0.12,high_slip,null_probe,g1.00_1.00_s0.20,0.0000,0.1904,0.9629,21.4250,0.0246,0.1303,2.4609,0.1404,0.1404,0.0000,58125
46,40,square_waypoints,0.01,0.003,0.0,0.12,high_slip,unpaired_null,g1.00_1.00_s0.20,0.0000,0.6830,0.8086,21.4250,0.0644,0.2716,5.2840,0.1099,0.1099,0.0000,58126
46,40,square_waypoints,0.01,0.003,0.0,0.12,high_slip,random_probe,g0.90_1.00_s0.20,0.1000,0.5694,0.8589,11.7677,0.2974,0.5974,12.8567,0.1725,0.0730,-0.0995,58127
46,40,square_waypoints,0.01,0.003,0.0,0.12,high_slip,task_greedy,g1.00_1.00_s0.20,0.0000,0.8858,0.7591,21.9456,2.8267,2.6278,57.0639,0.0953,0.0953,0.0000,58128
46,40,square_waypoints,0.01,0.003,0.0,0.12,high_slip,fisher_grid,g1.00_1.00_s0.20,0.0000,0.0353,0.9950,27.5400,0.5926,0.5968,13.5595,0.1833,0.1833,0.0000,58129
46,40,square_waypoints,0.01,0.003,0.0,0.12,high_slip,constrained_fisher,g1.00_1.00_s0.20,0.0000,0.2392,0.9482,30.9825,0.1130,0.1562,3.7542,0.0726,0.0726,0.0000,58130
47,40,square_waypoints,0.01,0.003,0.0,0.12,left_gain_loss,null_probe,g0.60_1.00_s0.02,0.0200,0.8514,0.5602,21.4250,0.0515,0.1104,2.2497,0.0799,0.0453,-0.0346,59131
47,40,square_waypoints,0.01,0.003,0.0,0.12,left_gain_loss,unpaired_null,g0.60_1.00_s0.10,0.1000,0.7997,0.5590,21.4250,0.0919,0.1901,4.6221,0.0315,0.0196,-0.0120,59132
47,40,square_waypoints,0.01,0.003,0.0,0.12,left_gain_loss,random_probe,g0.60_1.00_s0.02,0.0200,0.9106,0.7486,9.6661,0.7230,0.7665,18.2707,0.0152,0.1021,0.0869,59133
47,40,square_waypoints,0.01,0.003,0.0,0.12,left_gain_loss,task_greedy,g0.60_1.00_s0.02,0.0200,1.0228,0.6481,22.1205,2.2567,2.2557,45.2310,0.0446,0.0097,-0.0349,59134
47,40,square_waypoints,0.01,0.003,0.0,0.12,left_gain_loss,fisher_grid,g0.60_1.00_s0.02,0.0200,0.4836,0.8394,27.5400,0.5606,0.5563,11.2658,0.0111,0.0124,0.0013,59135
47,40,square_waypoints,0.01,0.003,0.0,0.12,left_gain_loss,constrained_fisher,g0.60_1.00_s0.02,0.0200,0.1968,0.9507,28.6538,0.1247,0.1211,3.3274,0.0757,0.0133,-0.0624,59136
47,40,square_waypoints,0.01,0.003,0.0,0.12,right_gain_loss,null_probe,g1.00_0.60_s0.10,0.1000,0.9284,0.4989,21.4250,0.0930,0.1414,2.5923,0.0222,0.0363,0.0142,59137
47,40,square_waypoints,0.01,0.003,0.0,0.12,right_gain_loss,unpaired_null,g1.00_0.60_s0.02,0.0200,0.7544,0.6329,21.4250,0.1301,0.3267,7.1366,0.0337,0.1751,0.1414,59138
47,40,square_waypoints,0.01,0.003,0.0,0.12,right_gain_loss,random_probe,g1.00_0.60_s0.02,0.0200,0.8474,0.6724,9.4809,0.4109,0.4137,7.5627,0.0214,0.0614,0.0400,59139
47,40,square_waypoints,0.01,0.003,0.0,0.12,right_gain_loss,task_greedy,g0.90_0.60_s0.20,0.3000,1.5028,0.3885,22.0172,2.1695,2.2073,43.9269,0.0668,0.1531,0.0863,59140
47,40,square_waypoints,0.01,0.003,0.0,0.12,right_gain_loss,fisher_grid,g1.00_0.60_s0.02,0.0200,1.2235,0.4211,27.5400,0.5394,0.5377,9.7951,0.0622,0.1514,0.0892,59141
47,40,square_waypoints,0.01,0.003,0.0,0.12,right_gain_loss,constrained_fisher,g1.00_0.60_s0.02,0.0200,0.3406,0.8974,29.5650,0.1105,0.1136,2.8378,0.1032,0.1607,0.0575,59142
47,40,square_waypoints,0.01,0.003,0.0,0.12,symmetric_low_power,null_probe,g0.75_0.75_s0.02,0.0600,0.4785,0.8382,21.4250,0.0119,0.0755,1.5143,0.0560,0.0587,0.0027,59143
47,40,square_waypoints,0.01,0.003,0.0,0.12,symmetric_low_power,unpaired_null,g0.75_0.75_s0.02,0.0600,0.3211,0.9059,21.4250,0.0353,0.2100,4.0588,0.0178,0.0696,0.0518,59144
47,40,square_waypoints,0.01,0.003,0.0,0.12,symmetric_low_power,random_probe,g0.75_0.75_s0.02,0.0600,0.8241,0.7603,11.1876,0.1492,0.3627,6.9806,0.0305,0.0846,0.0541,59145
47,40,square_waypoints,0.01,0.003,0.0,0.12,symmetric_low_power,task_greedy,g0.90_0.90_s0.02,0.3600,1.8447,0.2372,19.6209,2.0110,2.0296,41.4541,0.0587,0.0502,-0.0085,59146
47,40,square_waypoints,0.01,0.003,0.0,0.12,symmetric_low_power,fisher_grid,g0.75_0.75_s0.10,0.1400,0.8497,0.5289,27.5400,0.4153,0.4178,8.3811,0.0218,0.0793,0.0574,59147
47,40,square_waypoints,0.01,0.003,0.0,0.12,symmetric_low_power,constrained_fisher,g0.75_0.75_s0.02,0.0600,0.6700,0.6491,30.8812,0.0615,0.1016,2.5783,0.0372,0.0390,0.0019,59148
47,40,square_waypoints,0.01,0.003,0.0,0.12,high_slip,null_probe,g1.00_1.00_s0.20,0.0000,1.2398,0.4908,21.4250,0.0271,0.2201,4.1787,0.1522,0.1522,0.0000,59149
47,40,square_waypoints,0.01,0.003,0.0,0.12,high_slip,unpaired_null,g1.00_1.00_s0.20,0.0000,0.7628,0.7136,21.4250,0.3180,0.4290,9.6464,0.1006,0.1006,0.0000,59150
47,40,square_waypoints,0.01,0.003,0.0,0.12,high_slip,random_probe,g1.00_1.00_s0.20,0.0000,0.7149,0.7365,9.6938,0.4830,0.4892,12.0792,0.0671,0.0671,0.0000,59151
47,40,square_waypoints,0.01,0.003,0.0,0.12,high_slip,task_greedy,g1.00_1.00_s0.20,0.0000,0.2202,0.9515,21.9435,2.7662,2.6941,57.0344,0.1185,0.1185,0.0000,59152
47,40,square_waypoints,0.01,0.003,0.0,0.12,high_slip,fisher_grid,g1.00_1.00_s0.20,0.0000,0.0600,0.9896,27.5400,0.5638,0.5745,11.5951,0.0847,0.0847,0.0000,59153
47,40,square_waypoints,0.01,0.003,0.0,0.12,high_slip,constrained_fisher,g1.00_1.00_s0.20,0.0000,0.4864,0.8118,32.4000,0.0854,0.1026,3.6846,0.1688,0.1688,0.0000,59154
48,40,square_waypoints,0.01,0.003,0.0,0.12,left_gain_loss,null_probe,g0.60_1.00_s0.02,0.0200,0.7693,0.7251,21.4250,0.0466,0.1170,2.2852,0.0349,0.0299,-0.0050,60155
48,40,square_waypoints,0.01,0.003,0.0,0.12,left_gain_loss,unpaired_null,g0.60_1.00_s0.02,0.0200,1.3911,0.3605,21.4250,0.0623,0.1949,4.8202,0.0414,0.0151,-0.0263,60156
48,40,square_waypoints,0.01,0.003,0.0,0.12,left_gain_loss,random_probe,g0.60_1.00_s0.02,0.0200,1.5806,0.3589,8.8650,0.2581,0.2930,7.2427,0.0637,0.1560,0.0923,60157
48,40,square_waypoints,0.01,0.003,0.0,0.12,left_gain_loss,task_greedy,g0.60_1.00_s0.02,0.0200,0.9852,0.6193,21.9940,2.2455,2.2374,44.7651,0.0295,0.1300,0.1005,60158
48,40,square_waypoints,0.01,0.003,0.0,0.12,left_gain_loss,fisher_grid,g0.60_1.00_s0.02,0.0200,0.0740,0.9879,27.5400,0.5099,0.5088,9.9756,0.0872,0.0782,-0.0091,60159
48,40,square_waypoints,0.01,0.003,0.0,0.12,left_gain_loss,constrained_fisher,g0.60_1.00_s0.02,0.0200,0.5019,0.8034,28.6538,0.1146,0.1156,3.2636,0.0154,0.0501,0.0347,60160
48,40,square_waypoints,0.01,0.003,0.0,0.12,right_gain_loss,null_probe,g1.00_0.60_s0.02,0.0200,1.0356,0.4780,21.4250,0.0482,0.1262,2.4835,0.0305,0.0571,0.0266,60161
48,40,square_waypoints,0.01,0.003,0.0,0.12,right_gain_loss,unpaired_null,g1.00_0.60_s0.02,0.0200,0.5870,0.8157,21.4250,0.0730,0.2984,6.2398,0.0236,0.0266,0.0030,60162
48,40,square_waypoints,0.01,0.003,0.0,0.12,right_gain_loss,random_probe,g1.00_0.60_s0.10,0.1000,1.7534,0.3280,9.7077,0.3135,0.3244,7.1636,0.0191,0.0116,-0.0075,60163
48,40,square_waypoints,0.01,0.003,0.0,0.12,right_gain_loss,task_greedy,g1.00_0.60_s0.02,0.0200,1.4422,0.4412,21.9162,2.2002,2.2174,44.7306,0.0285,0.0727,0.0442,60164
48,40,square_waypoints,0.01,0.003,0.0,0.12,right_gain_loss,fisher_grid,g1.00_0.60_s0.02,0.0200,0.3270,0.9258,27.5400,0.5156,0.5195,9.2783,0.0387,0.0406,0.0019,60165
48,40,square_waypoints,0.01,0.003,0.0,0.12,right_gain_loss,constrained_fisher,g1.00_0.60_s0.02,0.0200,0.1711,0.9666,28.9575,0.0869,0.1198,3.2624,0.0221,0.0196,-0.0025,60166
48,40,square_waypoints,0.01,0.003,0.0,0.12,symmetric_low_power,null_probe,g0.75_0.75_s0.02,0.0600,0.7921,0.6369,21.4250,0.0418,0.0767,1.6158,0.0203,0.0747,0.0544,60167
48,40,square_waypoints,0.01,0.003,0.0,0.12,symmetric_low_power,unpaired_null,g0.75_0.75_s0.02,0.0600,0.7611,0.6198,21.4250,0.0227,0.2238,4.6062,0.0491,0.0534,0.0042,60168
48,40,square_waypoints,0.01,0.003,0.0,0.12,symmetric_low_power,random_probe,g0.75_0.75_s0.02,0.0600,1.1571,0.6182,11.1225,0.2591,0.4149,6.5784,0.0445,0.0543,0.0098,60169
48,40,square_waypoints,0.01,0.003,0.0,0.12,symmetric_low_power,task_greedy,g0.75_0.75_s0.20,0.2400,1.1038,0.3811,19.6513,2.0305,2.0335,41.0079,0.0350,0.0559,0.0210,60170
48,40,square_waypoints,0.01,0.003,0.0,0.12,symmetric_low_power,fisher_grid,g0.75_0.75_s0.02,0.0600,0.1354,0.9725,27.5400,0.3728,0.3868,7.4757,0.0298,0.0604,0.0307,60171
48,40,square_waypoints,0.01,0.003,0.0,0.12,symmetric_low_power,constrained_fisher,g0.75_0.60_s0.02,0.1500,0.4869,0.8153,32.4000,0.0622,0.0886,1.9625,0.0572,0.0768,0.0196,60172
48,40,square_waypoints,0.01,0.003,0.0,0.12,high_slip,null_probe,g1.00_1.00_s0.20,0.0000,0.6125,0.8455,21.4250,0.0516,0.1652,3.1326,0.0611,0.0611,0.0000,60173
48,40,square_waypoints,0.01,0.003,0.0,0.12,high_slip,unpaired_null,g1.00_1.00_s0.20,0.0000,0.1572,0.9713,21.4250,0.0162,0.3107,6.6095,0.0951,0.0951,0.0000,60174
48,40,square_waypoints,0.01,0.003,0.0,0.12,high_slip,random_probe,g0.90_1.00_s0.20,0.1000,1.5477,0.3477,11.5663,0.2882,0.4397,11.8441,0.0959,0.0590,-0.0369,60175
48,40,square_waypoints,0.01,0.003,0.0,0.12,high_slip,task_greedy,g1.00_1.00_s0.10,0.1000,0.9297,0.5163,22.7189,2.7334,2.7425,57.2056,0.1951,0.1951,0.0000,60176
48,40,square_waypoints,0.01,0.003,0.0,0.12,high_slip,fisher_grid,g1.00_1.00_s0.20,0.0000,0.0512,0.9920,27.5400,0.5985,0.6065,13.6384,0.1004,0.1004,0.0000,60177
48,40,square_waypoints,0.01,0.003,0.0,0.12,high_slip,constrained_fisher,g0.90_1.00_s0.20,0.1000,1.3913,0.4097,13.1625,0.1910,0.1718,5.9083,0.0773,0.1142,0.0369,60178
49,40,square_waypoints,0.01,0.003,0.0,0.12,left_gain_loss,null_probe,g0.60_1.00_s0.02,0.0200,0.7978,0.5834,21.4250,0.1228,0.1558,3.2647,0.0349,0.0213,-0.0136,61179
49,40,square_waypoints,0.01,0.003,0.0,0.12,left_gain_loss,unpaired_null,g0.60_1.00_s0.02,0.0200,0.6464,0.7066,21.4250,0.1088,0.1977,4.6853,0.0077,0.0102,0.0025,61180
49,40,square_waypoints,0.01,0.003,0.0,0.12,left_gain_loss,random_probe,g0.60_1.00_s0.02,0.0200,0.7898,0.7982,10.9616,0.6996,0.7794,14.6903,0.0334,0.1104,0.0770,61181
49,40,square_waypoints,0.01,0.003,0.0,0.12,left_gain_loss,task_greedy,g0.60_1.00_s0.20,0.2000,1.4899,0.3764,22.3978,2.2410,2.2362,44.5301,0.0866,0.1656,0.0790,61182
49,40,square_waypoints,0.01,0.003,0.0,0.12,left_gain_loss,fisher_grid,g0.60_1.00_s0.02,0.0200,0.0420,0.9930,27.5400,0.5316,0.5439,10.6458,0.1109,0.0380,-0.0729,61183
49,40,square_waypoints,0.01,0.003,0.0,0.12,left_gain_loss,constrained_fisher,g0.60_1.00_s0.02,0.0200,0.6235,0.8514,21.6675,0.1131,0.1287,3.7192,0.0215,0.1135,0.0920,61184
49,40,square_waypoints,0.01,0.003,0.0,0.12,right_gain_loss,null_probe,g1.00_0.60_s0.02,0.0200,1.0254,0.6308,21.4250,0.1300,0.1645,3.4739,0.0676,0.0173,-0.0502,61185
49,40,square_waypoints,0.01,0.003,0.0,0.12,right_gain_loss,unpaired_null,g0.90_0.60_s0.02,0.1200,0.9900,0.6043,21.4250,0.0523,0.2791,5.6654,0.0185,0.1599,0.1414,61186
49,40,square_waypoints,0.01,0.003,0.0,0.12,right_gain_loss,random_probe,g1.00_0.60_s0.02,0.0200,0.9133,0.5981,11.2888,0.5829,0.5717,8.7294,0.0090,0.0995,0.0905,61187
49,40,square_waypoints,0.01,0.003,0.0,0.12,right_gain_loss,task_greedy,g1.00_0.60_s0.02,0.0200,1.0567,0.5712,21.5066,2.2031,2.2060,44.3380,0.0292,0.0157,-0.0136,61188
49,40,square_waypoints,0.01,0.003,0.0,0.12,right_gain_loss,fisher_grid,g1.00_0.60_s0.02,0.0200,0.0633,0.9893,27.5400,0.5436,0.5268,9.1848,0.0793,0.0206,-0.0588,61189
49,40,square_waypoints,0.01,0.003,0.0,0.12,right_gain_loss,constrained_fisher,g1.00_0.60_s0.02,0.0200,0.0711,0.9882,27.8438,0.1003,0.1095,3.2591,0.0171,0.1528,0.1357,61190
49,40,square_waypoints,0.01,0.003,0.0,0.12,symmetric_low_power,null_probe,g0.75_0.75_s0.10,0.1400,0.7931,0.7229,21.4250,0.0198,0.0736,1.4200,0.0133,0.0778,0.0645,61191
49,40,square_waypoints,0.01,0.003,0.0,0.12,symmetric_low_power,unpaired_null,g0.75_0.75_s0.02,0.0600,0.4117,0.8631,21.4250,0.0424,0.2131,4.2587,0.0424,0.0524,0.0101,61192
49,40,square_waypoints,0.01,0.003,0.0,0.12,symmetric_low_power,random_probe,g0.75_0.75_s0.02,0.0600,1.2779,0.5559,9.6043,0.2433,0.3633,7.8749,0.0191,0.0850,0.0659,61193
49,40,square_waypoints,0.01,0.003,0.0,0.12,symmetric_low_power,task_greedy,g0.75_0.75_s0.10,0.1400,1.1140,0.3505,19.8836,2.0809,2.0755,42.2136,0.0413,0.0784,0.0370,61194
49,40,square_waypoints,0.01,0.003,0.0,0.12,symmetric_low_power,fisher_grid,g0.75_0.75_s0.02,0.0600,0.4142,0.8777,27.5400,0.3588,0.3776,7.4682,0.0432,0.0861,0.0429,61195
49,40,square_waypoints,0.01,0.003,0.0,0.12,symmetric_low_power,constrained_fisher,g0.75_0.60_s0.02,0.1500,0.6531,0.6441,32.4000,0.0247,0.0865,1.8754,0.0133,0.0684,0.0551,61196
49,40,square_waypoints,0.01,0.003,0.0,0.12,high_slip,null_probe,g1.00_1.00_s0.20,0.0000,0.2939,0.9343,21.4250,0.0431,0.1971,5.0348,0.0855,0.0855,0.0000,61197
49,40,square_waypoints,0.01,0.003,0.0,0.12,high_slip,unpaired_null,g1.00_1.00_s0.20,0.0000,0.5517,0.7791,21.4250,0.0567,0.2957,6.2464,0.1898,0.1898,0.0000,61198
49,40,square_waypoints,0.01,0.003,0.0,0.12,high_slip,random_probe,g1.00_1.00_s0.20,0.0000,1.4563,0.3314,11.0144,0.7527,0.8015,12.3315,0.1666,0.1666,0.0000,61199
49,40,square_waypoints,0.01,0.003,0.0,0.12,high_slip,task_greedy,g1.00_1.00_s0.20,0.0000,1.0461,0.5784,21.9521,2.3752,2.4230,55.4414,0.1031,0.1031,0.0000,61200
49,40,square_waypoints,0.01,0.003,0.0,0.12,high_slip,fisher_grid,g1.00_1.00_s0.20,0.0000,0.0989,0.9815,27.5400,0.5388,0.5684,10.7603,0.1052,0.1052,0.0000,61201
49,40,square_waypoints,0.01,0.003,0.0,0.12,high_slip,constrained_fisher,g1.00_1.00_s0.20,0.0000,0.3761,0.9001,30.5775,0.0825,0.1711,3.4966,0.1245,0.1245,0.0000,61202
50,40,square_waypoints,0.01,0.003,0.0,0.12,left_gain_loss,null_probe,g0.60_1.00_s0.10,0.1000,0.8982,0.6583,21.4250,0.0787,0.1327,2.6769,0.0887,0.0773,-0.0114,62203
50,40,square_waypoints,0.01,0.003,0.0,0.12,left_gain_loss,unpaired_null,g0.60_1.00_s0.10,0.1000,0.9367,0.5016,21.4250,0.1117,0.2202,5.4746,0.0409,0.0334,-0.0074,62204
50,40,square_waypoints,0.01,0.003,0.0,0.12,left_gain_loss,random_probe,g0.60_1.00_s0.02,0.0200,1.0917,0.6145,10.4374,0.2428,0.2422,4.3015,0.0092,0.0176,0.0084,62205
50,40,square_waypoints,0.01,0.003,0.0,0.12,left_gain_loss,task_greedy,g0.60_0.90_s0.02,0.1200,1.6638,0.3249,21.5382,2.1849,2.1951,44.2938,0.0771,0.1110,0.0340,62206
50,40,square_waypoints,0.01,0.003,0.0,0.12,left_gain_loss,fisher_grid,g0.60_1.00_s0.02,0.0200,0.1917,0.9566,27.5400,0.5395,0.5541,11.1747,0.0227,0.2068,0.1841,62207
50,40,square_waypoints,0.01,0.003,0.0,0.12,left_gain_loss,constrained_fisher,g0.60_1.00_s0.02,0.0200,0.0253,0.9964,32.0962,0.0613,0.1169,2.5508,0.0386,0.0957,0.0572,62208
50,40,square_waypoints,0.01,0.003,0.0,0.12,right_gain_loss,null_probe,g1.00_0.60_s0.02,0.0200,1.0172,0.5994,21.4250,0.1025,0.1514,3.1734,0.0440,0.0474,0.0034,62209
50,40,square_waypoints,0.01,0.003,0.0,0.12,right_gain_loss,unpaired_null,g1.00_0.60_s0.02,0.0200,0.6763,0.7307,21.4250,0.1090,0.2848,6.5141,0.0788,0.0156,-0.0632,62210
50,40,square_waypoints,0.01,0.003,0.0,0.12,right_gain_loss,random_probe,g1.00_0.60_s0.02,0.0200,0.8851,0.5551,12.2503,0.4419,0.4516,10.2935,0.0541,0.0450,-0.0091,62211
50,40,square_waypoints,0.01,0.003,0.0,0.12,right_gain_loss,task_greedy,g1.00_0.60_s0.02,0.0200,1.3683,0.4886,21.5050,2.1888,2.1938,44.2966,0.0577,0.0480,-0.0098,62212
50,40,square_waypoints,0.01,0.003,0.0,0.12,right_gain_loss,fisher_grid,g1.00_0.60_s0.02,0.0200,0.7704,0.6855,27.5400,0.5483,0.5580,9.9383,0.0573,0.0793,0.0220,62213
50,40,square_waypoints,0.01,0.003,0.0,0.12,right_gain_loss,constrained_fisher,g1.00_0.60_s0.02,0.0200,0.2839,0.9278,24.9075,0.0953,0.1250,3.3196,0.0268,0.1458,0.1190,62214
50,40,square_waypoints,0.01,0.003,0.0,0.12,symmetric_low_power,null_probe,g0.75_0.75_s0.02,0.0600,1.4044,0.5667,21.4250,0.0076,0.0893,1.9270,0.0427,0.0382,-0.0045,62215
50,40,square_waypoints,0.01,0.003,0.0,0.12,symmetric_low_power,unpaired_null,g0.75_0.75_s0.02,0.0600,0.7447,0.6683,21.4250,0.0496,0.2145,4.2409,0.0281,0.0409,0.0127,62216
50,40,square_waypoints,0.01,0.003,0.0,0.12,symmetric_low_power,random_probe,g0.75_0.75_s0.10,0.1400,1.6830,0.4256,11.9337,0.4396,0.4922,9.7560,0.0423,0.0293,-0.0130,62217
50,40,square_waypoints,0.01,0.003,0.0,0.12,symmetric_low_power,task_greedy,g0.75_0.75_s0.02,0.0600,1.1926,0.3338,19.6160,1.9743,2.0009,41.2047,0.0123,0.0657,0.0534,62218
50,40,square_waypoints,0.01,0.003,0.0,0.12,symmetric_low_power,fisher_grid,g0.75_0.75_s0.02,0.0600,0.4374,0.8474,27.5400,0.3753,0.3786,7.4900,0.0607,0.0962,0.0355,62219
50,40,square_waypoints,0.01,0.003,0.0,0.12,symmetric_low_power,constrained_fisher,g0.75_0.75_s0.02,0.0600,0.0646,0.9888,32.4000,0.0332,0.0873,1.7736,0.0438,0.0569,0.0131,62220
50,40,square_waypoints,0.01,0.003,0.0,0.12,high_slip,null_probe,g1.00_1.00_s0.20,0.0000,0.8051,0.6307,21.4250,0.0850,0.1652,3.3325,0.0286,0.0286,0.0000,62221
50,40,square_waypoints,0.01,0.003,0.0,0.12,high_slip,unpaired_null,g1.00_1.00_s0.20,0.0000,0.7663,0.7011,21.4250,0.0337,0.3725,7.6474,0.0378,0.0378,0.0000,62222
50,40,square_waypoints,0.01,0.003,0.0,0.12,high_slip,random_probe,g1.00_1.00_s0.20,0.0000,1.2268,0.5993,13.8253,0.5973,0.7192,15.6696,0.1502,0.1502,0.0000,62223
50,40,square_waypoints,0.01,0.003,0.0,0.12,high_slip,task_greedy,g1.00_1.00_s0.20,0.0000,0.7372,0.7334,22.0489,2.5542,2.5158,55.9050,0.0747,0.0747,0.0000,62224
50,40,square_waypoints,0.01,0.003,0.0,0.12,high_slip,fisher_grid,g1.00_1.00_s0.20,0.0000,0.3814,0.9076,27.5400,0.5259,0.5208,10.9704,0.1243,0.1243,0.0000,62225
50,40,square_waypoints,0.01,0.003,0.0,0.12,high_slip,constrained_fisher,g1.00_1.00_s0.20,0.0000,0.5515,0.8120,23.2875,0.1011,0.1420,4.6617,0.1505,0.1505,0.0000,62226
51,40,square_waypoints,0.01,0.003,0.0,0.12,left_gain_loss,null_probe,g0.60_1.00_s0.02,0.0200,0.6060,0.8235,21.4250,0.0821,0.1172,2.3458,0.0616,0.0160,-0.0457,63227
51,40,square_waypoints,0.01,0.003,0.0,0.12,left_gain_loss,unpaired_null,g0.60_1.00_s0.02,0.0200,0.6831,0.6781,21.4250,0.1159,0.2095,4.7577,0.0158,0.0168,0.0010,63228
51,40,square_waypoints,0.01,0.003,0.0,0.12,left_gain_loss,random_probe,g0.60_1.00_s0.02,0.0200,0.9223,0.6946,10.5087,0.2263,0.4067,8.0174,0.0408,0.1442,0.1034,63229
51,40,square_waypoints,0.01,0.003,0.0,0.12,left_gain_loss,task_greedy,g0.60_1.00_s0.02,0.0200,1.1183,0.5991,21.5305,2.1879,2.1853,44.5908,0.0305,0.0363,0.0058,63230
51,40,square_waypoints,0.01,0.003,0.0,0.12,left_gain_loss,fisher_grid,g0.60_1.00_s0.02,0.0200,0.8130,0.5455,27.5400,0.5048,0.5117,10.1097,0.0266,0.0335,0.0069,63231
51,40,square_waypoints,0.01,0.003,0.0,0.12,left_gain_loss,constrained_fisher,g0.60_1.00_s0.02,0.0200,0.1632,0.9688,25.2113,0.1137,0.1250,3.4766,0.0192,0.1809,0.1618,63232
51,40,square_waypoints,0.01,0.003,0.0,0.12,right_gain_loss,null_probe,g1.00_0.60_s0.02,0.0200,0.5426,0.8291,21.4250,0.0820,0.1104,2.5991,0.0523,0.0462,-0.0060,63233
51,40,square_waypoints,0.01,0.003,0.0,0.12,right_gain_loss,unpaired_null,g1.00_0.60_s0.10,0.1000,0.7516,0.6144,21.4250,0.0932,0.2947,6.4356,0.0233,0.0186,-0.0047,63234
51,40,square_waypoints,0.01,0.003,0.0,0.12,right_gain_loss,random_probe,g1.00_0.60_s0.10,0.1000,1.0332,0.5521,11.2157,0.4287,0.4239,6.6216,0.0802,0.1600,0.0798,63235
51,40,square_waypoints,0.01,0.003,0.0,0.12,right_gain_loss,task_greedy,g1.00_0.60_s0.02,0.0200,1.2516,0.4925,21.5656,2.2258,2.2043,44.6918,0.0297,0.0187,-0.0110,63236
51,40,square_waypoints,0.01,0.003,0.0,0.12,right_gain_loss,fisher_grid,g1.00_0.60_s0.02,0.0200,0.4340,0.8641,27.5400,0.5307,0.5406,9.6331,0.0748,0.1785,0.1038,63237
51,40,square_waypoints,0.01,0.003,0.0,0.12,right_gain_loss,constrained_fisher,g1.00_0.60_s0.02,0.0200,0.1987,0.9563,24.0975,0.1401,0.1307,3.7725,0.0340,0.1548,0.1209,63238
51,40,square_waypoints,0.01,0.003,0.0,0.12,symmetric_low_power,null_probe,g0.75_0.75_s0.02,0.0600,1.2100,0.5558,21.4250,0.0520,0.1136,2.0319,0.0333,0.0430,0.0097,63239
51,40,square_waypoints,0.01,0.003,0.0,0.12,symmetric_low_power,unpaired_null,g0.75_0.75_s0.10,0.1400,0.8502,0.4849,21.4250,0.0467,0.2146,4.2637,0.0519,0.0850,0.0331,63240
51,40,square_waypoints,0.01,0.003,0.0,0.12,symmetric_low_power,random_probe,g0.75_0.75_s0.10,0.1400,1.7708,0.4308,9.0358,0.2096,0.2346,4.9190,0.0431,0.0487,0.0057,63241
51,40,square_waypoints,0.01,0.003,0.0,0.12,symmetric_low_power,task_greedy,g0.75_0.75_s0.10,0.1400,1.2339,0.3256,19.6529,2.0169,2.0230,40.9406,0.0307,0.0760,0.0453,63242
51,40,square_waypoints,0.01,0.003,0.0,0.12,symmetric_low_power,fisher_grid,g0.75_0.75_s0.02,0.0600,0.5288,0.7884,27.5400,0.3892,0.3833,7.6866,0.0198,0.0207,0.0010,63243
51,40,square_waypoints,0.01,0.003,0.0,0.12,symmetric_low_power,constrained_fisher,g0.75_0.75_s0.02,0.0600,0.3712,0.8842,32.4000,0.0400,0.0910,1.9893,0.0228,0.0520,0.0291,63244
51,40,square_waypoints,0.01,0.003,0.0,0.12,high_slip,null_probe,g1.00_1.00_s0.20,0.0000,0.1634,0.9702,21.4250,0.1042,0.1601,3.0326,0.1179,0.1179,0.0000,63245
51,40,square_waypoints,0.01,0.003,0.0,0.12,high_slip,unpaired_null,g1.00_1.00_s0.20,0.0000,0.2042,0.9610,21.4250,0.0821,0.3298,8.4118,0.0406,0.0406,0.0000,63246
51,40,square_waypoints,0.01,0.003,0.0,0.12,high_slip,random_probe,g1.00_1.00_s0.20,0.0000,0.4335,0.8983,10.1052,0.1955,0.2693,5.6321,0.1401,0.1401,0.0000,63247
51,40,square_waypoints,0.01,0.003,0.0,0.12,high_slip,task_greedy,g1.00_1.00_s0.20,0.0000,0.1058,0.9812,21.9470,2.5253,2.5268,55.6826,0.0335,0.0335,0.0000,63248
51,40,square_waypoints,0.01,0.003,0.0,0.12,high_slip,fisher_grid,g1.00_1.00_s0.20,0.0000,0.0643,0.9903,27.5400,0.5353,0.6074,12.2825,0.0204,0.0204,0.0000,63249
51,40,square_waypoints,0.01,0.003,0.0,0.12,high_slip,constrained_fisher,g1.00_1.00_s0.20,0.0000,0.3568,0.9149,16.8075,0.1174,0.1738,4.1610,0.0598,0.0598,0.0000,63250
52,40,square_waypoints,0.01,0.003,0.0,0.12,left_gain_loss,null_probe,g0.60_1.00_s0.02,0.0200,0.5473,0.8607,21.4250,0.0290,0.1038,2.0631,0.0050,0.0722,0.0672,64251
52,40,square_waypoints,0.01,0.003,0.0,0.12,left_gain_loss,unpaired_null,g0.60_1.00_s0.10,0.1000,1.3221,0.3840,21.4250,0.0732,0.1723,3.9786,0.0866,0.0202,-0.0664,64252
52,40,square_waypoints,0.01,0.003,0.0,0.12,left_gain_loss,random_probe,g0.60_1.00_s0.02,0.0200,0.4559,0.8497,13.0904,0.1916,0.3939,9.5679,0.0521,0.0436,-0.0086,64253
52,40,square_waypoints,0.01,0.003,0.0,0.12,left_gain_loss,task_greedy,g0.60_1.00_s0.10,0.1000,1.7526,0.2553,21.6348,2.1848,2.2101,44.3394,0.0190,0.1239,0.1049,64254
52,40,square_waypoints,0.01,0.003,0.0,0.12,left_gain_loss,fisher_grid,g0.60_1.00_s0.02,0.0200,0.4165,0.8789,27.5400,0.5534,0.5692,11.5579,0.0724,0.2311,0.1587,64255
52,40,square_waypoints,0.01,0.003,0.0,0.12,left_gain_loss,constrained_fisher,g0.60_1.00_s0.10,0.1000,0.9551,0.5815,26.3250,0.1099,0.1216,3.6691,0.0249,0.0309,0.0060,64256
52,40,square_waypoints,0.01,0.003,0.0,0.12,right_gain_loss,null_probe,g1.00_0.60_s0.02,0.0200,0.3852,0.8787,21.4250,0.1362,0.1691,3.4815,0.0297,0.0446,0.0149,64257
52,40,square_waypoints,0.01,0.003,0.0,0.12,right_gain_loss,unpaired_null,g1.00_0.60_s0.02,0.0200,0.3238,0.9091,21.4250,0.0971,0.2870,6.0896,0.1005,0.0339,-0.0666,64258
52,40,square_waypoints,0.01,0.003,0.0,0.12,right_gain_loss,random_probe,g1.00_0.60_s0.10,0.1000,2.1372,0.2656,9.0420,0.5920,0.5982,13.4209,0.0123,0.0115,-0.0009,64259
52,40,square_waypoints,0.01,0.003,0.0,0.12,right_gain_loss,task_greedy,g1.00_0.60_s0.10,0.1000,1.3478,0.4183,21.7839,2.2210,2.2178,44.5200,0.0084,0.1086,0.1002,64260
52,40,square_waypoints,0.01,0.003,0.0,0.12,right_gain_loss,fisher_grid,g1.00_0.60_s0.10,0.1000,0.5575,0.8479,27.5400,0.5562,0.5632,10.4707,0.0236,0.0517,0.0281,64261
52,40,square_waypoints,0.01,0.003,0.0,0.12,right_gain_loss,constrained_fisher,g1.00_0.60_s0.02,0.0200,0.1149,0.9762,26.9325,0.1157,0.1174,3.6862,0.0164,0.0710,0.0546,64262
52,40,square_waypoints,0.01,0.003,0.0,0.12,symmetric_low_power,null_probe,g0.75_0.75_s0.02,0.0600,0.1832,0.9564,21.4250,0.0155,0.0892,1.6937,0.0522,0.0374,-0.0148,64263
52,40,square_waypoints,0.01,0.003,0.0,0.12,symmetric_low_power,unpaired_null,g0.75_0.75_s0.20,0.2400,1.2321,0.4853,21.4250,0.0260,0.2032,4.1320,0.0302,0.0995,0.0693,64264
52,40,square_waypoints,0.01,0.003,0.0,0.12,symmetric_low_power,random_probe,g0.75_0.75_s0.02,0.0600,1.4468,0.4212,11.1413,0.3537,0.3594,6.0935,0.0406,0.0684,0.0278,64265
52,40,square_waypoints,0.01,0.003,0.0,0.12,symmetric_low_power,task_greedy,g0.75_0.75_s0.02,0.0600,1.5166,0.3251,19.6799,2.0434,2.0471,41.3346,0.0341,0.0456,0.0115,64266
52,40,square_waypoints,0.01,0.003,0.0,0.12,symmetric_low_power,fisher_grid,g0.75_0.75_s0.02,0.0600,0.4381,0.8802,27.5400,0.4315,0.4170,8.0824,0.0207,0.0169,-0.0038,64267
52,40,square_waypoints,0.01,0.003,0.0,0.12,symmetric_low_power,constrained_fisher,g0.75_0.75_s0.02,0.0600,0.1980,0.9516,32.4000,0.0223,0.0839,1.8892,0.0315,0.0600,0.0285,64268
52,40,square_waypoints,0.01,0.003,0.0,0.12,high_slip,null_probe,g1.00_1.00_s0.20,0.0000,0.5218,0.8792,21.4250,0.2241,0.3128,5.9616,0.1068,0.1068,0.0000,64269
52,40,square_waypoints,0.01,0.003,0.0,0.12,high_slip,unpaired_null,g1.00_1.00_s0.20,0.0000,1.1040,0.6210,21.4250,0.0784,0.2840,5.5123,0.1580,0.1580,0.0000,64270
52,40,square_waypoints,0.01,0.003,0.0,0.12,high_slip,random_probe,g1.00_1.00_s0.20,0.0000,0.7795,0.7443,11.5918,0.1567,0.3799,8.3645,0.1133,0.1133,0.0000,64271
52,40,square_waypoints,0.01,0.003,0.0,0.12,high_slip,task_greedy,g1.00_1.00_s0.20,0.0000,0.1045,0.9808,22.1721,2.5023,2.5022,56.4896,0.2167,0.2167,0.0000,64272
52,40,square_waypoints,0.01,0.003,0.0,0.12,high_slip,fisher_grid,g1.00_1.00_s0.20,0.0000,0.0282,0.9959,27.5400,0.4911,0.5265,9.5181,0.0923,0.0923,0.0000,64273
52,40,square_waypoints,0.01,0.003,0.0,0.12,high_slip,constrained_fisher,g1.00_1.00_s0.20,0.0000,0.3758,0.8871,32.4000,0.0765,0.1044,3.5472,0.1519,0.1519,0.0000,64274
53,40,square_waypoints,0.01,0.003,0.0,0.12,left_gain_loss,null_probe,g0.60_1.00_s0.02,0.0200,1.1240,0.4845,21.4250,0.1030,0.1429,3.3345,0.0311,0.0608,0.0297,65275
53,40,square_waypoints,0.01,0.003,0.0,0.12,left_gain_loss,unpaired_null,g0.60_1.00_s0.10,0.1000,0.5420,0.8495,21.4250,0.1191,0.2081,4.9388,0.0402,0.0238,-0.0164,65276
53,40,square_waypoints,0.01,0.003,0.0,0.12,left_gain_loss,random_probe,g0.60_1.00_s0.02,0.0200,1.0148,0.6761,9.5227,0.4359,0.4887,9.0663,0.0598,0.1481,0.0883,65277
53,40,square_waypoints,0.01,0.003,0.0,0.12,left_gain_loss,task_greedy,g0.60_1.00_s0.02,0.0200,1.4625,0.4523,21.6528,2.2078,2.1944,44.1728,0.0278,0.0424,0.0146,65278
53,40,square_waypoints,0.01,0.003,0.0,0.12,left_gain_loss,fisher_grid,g0.60_1.00_s0.02,0.0200,0.0780,0.9872,27.5400,0.6023,0.5939,11.4296,0.0149,0.0432,0.0283,65279
53,40,square_waypoints,0.01,0.003,0.0,0.12,left_gain_loss,constrained_fisher,g0.60_1.00_s0.02,0.0200,0.0413,0.9935,29.1600,0.1018,0.1242,3.3192,0.0306,0.0345,0.0039,65280
53,40,square_waypoints,0.01,0.003,0.0,0.12,right_gain_loss,null_probe,g1.00_0.60_s0.02,0.0200,0.4334,0.8951,21.4250,0.0876,0.1169,2.3285,0.0400,0.0266,-0.0134,65281
53,40,square_waypoints,0.01,0.003,0.0,0.12,right_gain_loss,unpaired_null,g1.00_0.60_s0.02,0.0200,0.4032,0.9063,21.4250,0.0477,0.3140,6.4390,0.0469,0.0127,-0.0342,65282
53,40,square_waypoints,0.01,0.003,0.0,0.12,right_gain_loss,random_probe,g1.00_0.60_s0.02,0.0200,0.9291,0.6678,8.9051,0.0771,0.3795,6.7590,0.0273,0.1026,0.0753,65283
53,40,square_waypoints,0.01,0.003,0.0,0.12,right_gain_loss,task_greedy,g1.00_0.60_s0.02,0.0200,1.4773,0.4491,21.6644,2.2449,2.2345,44.9439,0.0736,0.0251,-0.0485,65284
53,40,square_waypoints,0.01,0.003,0.0,0.12,right_gain_loss,fisher_grid,g1.00_0.60_s0.02,0.0200,0.3127,0.9078,27.5400,0.5164,0.5356,9.3522,0.0402,0.0122,-0.0279,65285
53,40,square_waypoints,0.01,0.003,0.0,0.12,right_gain_loss,constrained_fisher,g1.00_0.60_s0.02,0.0200,0.0888,0.9828,25.2113,0.1232,0.1192,3.4606,0.0625,0.0348,-0.0276,65286
53,40,square_waypoints,0.01,0.003,0.0,0.12,symmetric_low_power,null_probe,g0.75_0.75_s0.02,0.0600,0.7106,0.6826,21.4250,0.0571,0.0933,2.0027,0.0391,0.0657,0.0266,65287
53,40,square_waypoints,0.01,0.003,0.0,0.12,symmetric_low_power,unpaired_null,g0.75_0.75_s0.02,0.0600,0.5453,0.8240,21.4250,0.0355,0.2023,4.0548,0.0341,0.0821,0.0480,65288
53,40,square_waypoints,0.01,0.003,0.0,0.12,symmetric_low_power,random_probe,g0.75_0.75_s0.02,0.0600,1.0970,0.5687,10.2829,0.3413,0.4192,9.5704,0.0285,0.0247,-0.0038,65289
53,40,square_waypoints,0.01,0.003,0.0,0.12,symmetric_low_power,task_greedy,g0.75_0.75_s0.02,0.0600,1.2652,0.3375,19.6420,2.0237,2.0162,41.2977,0.0338,0.0896,0.0558,65290
53,40,square_waypoints,0.01,0.003,0.0,0.12,symmetric_low_power,fisher_grid,g0.60_0.75_s0.02,0.1500,1.0960,0.5014,27.5400,0.3604,0.3968,7.9646,0.0286,0.0507,0.0221,65291
53,40,square_waypoints,0.01,0.003,0.0,0.12,symmetric_low_power,constrained_fisher,g0.75_0.75_s0.02,0.0600,0.1280,0.9759,32.0962,0.0586,0.1016,2.0588,0.0508,0.0140,-0.0368,65292
53,40,square_waypoints,0.01,0.003,0.0,0.12,high_slip,null_probe,g1.00_1.00_s0.20,0.0000,0.1281,0.9751,21.4250,0.1186,0.2092,3.7164,0.0997,0.0997,0.0000,65293
53,40,square_waypoints,0.01,0.003,0.0,0.12,high_slip,unpaired_null,g1.00_1.00_s0.20,0.0000,0.3500,0.9231,21.4250,0.0454,0.2941,6.1709,0.0453,0.0453,0.0000,65294
53,40,square_waypoints,0.01,0.003,0.0,0.12,high_slip,random_probe,g1.00_1.00_s0.20,0.0000,1.2160,0.5589,9.7438,0.2233,0.2338,5.3203,0.1803,0.1803,0.0000,65295
53,40,square_waypoints,0.01,0.003,0.0,0.12,high_slip,task_greedy,g1.00_1.00_s0.20,0.0000,0.6746,0.7740,21.9931,2.7447,2.6316,56.8425,0.1069,0.1069,0.0000,65296
53,40,square_waypoints,0.01,0.003,0.0,0.12,high_slip,fisher_grid,g1.00_1.00_s0.20,0.0000,0.1115,0.9802,27.5400,0.7486,0.7399,14.3803,0.0289,0.0289,0.0000,65297
53,40,square_waypoints,0.01,0.003,0.0,0.12,high_slip,constrained_fisher,g1.00_1.00_s0.20,0.0000,0.5064,0.8773,11.7450,0.1060,0.1274,4.6304,0.0139,0.0139,0.0000,65298
54,40,square_waypoints,0.01,0.003,0.0,0.12,left_gain_loss,null_probe,g0.60_1.00_s0.02,0.0200,1.1872,0.5466,21.4250,0.0933,0.1388,2.6430,0.0507,0.0749,0.0242,66299
54,40,square_waypoints,0.01,0.003,0.0,0.12,left_gain_loss,unpaired_null,g0.60_1.00_s0.02,0.0200,0.7252,0.7260,21.4250,0.1259,0.1874,4.7615,0.0425,0.0714,0.0290,66300
54,40,square_waypoints,0.01,0.003,0.0,0.12,left_gain_loss,random_probe,g0.60_1.00_s0.02,0.0200,0.9674,0.6782,12.0809,0.1199,0.3363,6.0890,0.0163,0.0472,0.0309,66301
54,40,square_waypoints,0.01,0.003,0.0,0.12,left_gain_loss,task_greedy,g0.60_1.00_s0.10,0.1000,1.5549,0.3318,21.3889,2.1713,2.1705,43.9047,0.0267,0.0287,0.0019,66302
54,40,square_waypoints,0.01,0.003,0.0,0.12,left_gain_loss,fisher_grid,g0.60_1.00_s0.02,0.0200,0.0649,0.9890,27.5400,0.5446,0.5195,9.8677,0.0232,0.0152,-0.0080,66303
54,40,square_waypoints,0.01,0.003,0.0,0.12,left_gain_loss,constrained_fisher,g0.60_1.00_s0.02,0.0200,0.3730,0.8866,30.5775,0.0956,0.1123,3.2687,0.0419,0.1612,0.1193,66304
54,40,square_waypoints,0.01,0.003,0.0,0.12,right_gain_loss,null_probe,g1.00_0.60_s0.10,0.1000,0.9628,0.7099,21.4250,0.0776,0.1210,2.4846,0.0564,0.0181,-0.0382,66305
54,40,square_waypoints,0.01,0.003,0.0,0.12,right_gain_loss,unpaired_null,g1.00_0.60_s0.02,0.0200,0.3284,0.9215,21.4250,0.1003,0.3215,7.0465,0.0614,0.0876,0.0263,66306
54,40,square_waypoints,0.01,0.003,0.0,0.12,right_gain_loss,random_probe,g1.00_0.60_s0.02,0.0200,1.1604,0.5330,10.0744,0.3277,0.3374,8.3858,0.0251,0.1195,0.0944,66307
54,40,square_waypoints,0.01,0.003,0.0,0.12,right_gain_loss,task_greedy,g1.00_0.60_s0.02,0.0200,0.9824,0.6598,22.1985,2.2482,2.2601,45.0891,0.0537,0.0554,0.0017,66308
54,40,square_waypoints,0.01,0.003,0.0,0.12,right_gain_loss,fisher_grid,g1.00_0.60_s0.02,0.0200,0.4490,0.8747,27.5400,0.4754,0.4957,8.6803,0.0221,0.0062,-0.0159,66309
54,40,square_waypoints,0.01,0.003,0.0,0.12,right_gain_loss,constrained_fisher,g1.00_0.60_s0.02,0.0200,0.0238,0.9966,28.9575,0.1026,0.1119,3.3306,0.0170,0.0171,0.0001,66310
54,40,square_waypoints,0.01,0.003,0.0,0.12,symmetric_low_power,null_probe,g0.75_0.75_s0.02,0.0600,0.7150,0.6519,21.4250,0.0233,0.0807,1.7312,0.0256,0.0544,0.0288,66311
54,40,square_waypoints,0.01,0.003,0.0,0.12,symmetric_low_power,unpaired_null,g0.75_0.75_s0.02,0.0600,0.6313,0.7533,21.4250,0.0426,0.2057,4.2884,0.0489,0.0906,0.0417,66312
54,40,square_waypoints,0.01,0.003,0.0,0.12,symmetric_low_power,random_probe,g0.75_0.60_s0.02,0.1500,1.4093,0.4635,10.3405,0.1784,0.2481,6.0747,0.0339,0.0536,0.0197,66313
54,40,square_waypoints,0.01,0.003,0.0,0.12,symmetric_low_power,task_greedy,g0.75_0.75_s0.02,0.0600,1.0534,0.4686,19.8568,2.0959,2.0634,42.3472,0.0682,0.0295,-0.0387,66314
54,40,square_waypoints,0.01,0.003,0.0,0.12,symmetric_low_power,fisher_grid,g0.75_0.75_s0.02,0.0600,0.0394,0.9943,27.5400,0.4111,0.3902,7.5568,0.0412,0.0765,0.0352,66315
54,40,square_waypoints,0.01,0.003,0.0,0.12,symmetric_low_power,constrained_fisher,g0.75_0.75_s0.02,0.0600,0.1168,0.9755,32.4000,0.0490,0.0885,1.7439,0.0535,0.0603,0.0069,66316
54,40,square_waypoints,0.01,0.003,0.0,0.12,high_slip,null_probe,g1.00_1.00_s0.20,0.0000,0.0893,0.9850,21.4250,0.3100,0.3272,5.7757,0.1192,0.1192,0.0000,66317
54,40,square_waypoints,0.01,0.003,0.0,0.12,high_slip,unpaired_null,g1.00_1.00_s0.20,0.0000,0.0737,0.9887,21.4250,0.2197,0.3740,9.7107,0.0505,0.0505,0.0000,66318
54,40,square_waypoints,0.01,0.003,0.0,0.12,high_slip,random_probe,g1.00_1.00_s0.20,0.0000,0.8921,0.7116,10.5759,0.7084,0.7149,13.4740,0.0648,0.0648,0.0000,66319
54,40,square_waypoints,0.01,0.003,0.0,0.12,high_slip,task_greedy,g1.00_1.00_s0.20,0.0000,0.5191,0.8440,22.4368,2.7125,2.6882,58.0609,0.0460,0.0460,0.0000,66320
54,40,square_waypoints,0.01,0.003,0.0,0.12,high_slip,fisher_grid,g1.00_1.00_s0.20,0.0000,0.2422,0.9482,27.5400,0.6768,0.6525,15.5516,0.1998,0.1998,0.0000,66321
54,40,square_waypoints,0.01,0.003,0.0,0.12,high_slip,constrained_fisher,g1.00_1.00_s0.20,0.0000,0.4380,0.8974,13.7700,0.1952,0.1653,5.3608,0.0465,0.0465,0.0000,66322
55,40,square_waypoints,0.01,0.003,0.0,0.12,left_gain_loss,null_probe,g0.60_1.00_s0.10,0.1000,0.7961,0.5176,21.4250,0.0581,0.1134,2.7191,0.0515,0.0226,-0.0289,67323
55,40,square_waypoints,0.01,0.003,0.0,0.12,left_gain_loss,unpaired_null,g0.60_1.00_s0.02,0.0200,0.5574,0.7876,21.4250,0.1410,0.2325,5.4123,0.0270,0.0182,-0.0088,67324
55,40,square_waypoints,0.01,0.003,0.0,0.12,left_gain_loss,random_probe,g0.60_1.00_s0.02,0.0200,0.9607,0.6846,9.0634,0.4251,0.4240,5.8494,0.0740,0.0158,-0.0583,67325
55,40,square_waypoints,0.01,0.003,0.0,0.12,left_gain_loss,task_greedy,g0.60_1.00_s0.02,0.0200,1.5759,0.3790,21.6587,2.1975,2.2090,44.5933,0.0233,0.0222,-0.0011,67326
55,40,square_waypoints,0.01,0.003,0.0,0.12,left_gain_loss,fisher_grid,g0.60_1.00_s0.02,0.0200,0.0832,0.9862,27.5400,0.5748,0.5788,11.8452,0.0091,0.0568,0.0476,67327
55,40,square_waypoints,0.01,0.003,0.0,0.12,left_gain_loss,constrained_fisher,g0.60_1.00_s0.02,0.0200,0.0925,0.9846,25.3125,0.1130,0.1227,3.7882,0.0844,0.0198,-0.0646,67328
55,40,square_waypoints,0.01,0.003,0.0,0.12,right_gain_loss,null_probe,g1.00_0.60_s0.02,0.0200,0.6564,0.8176,21.4250,0.1057,0.1428,2.9396,0.0394,0.0181,-0.0213,67329
55,40,square_waypoints,0.01,0.003,0.0,0.12,right_gain_loss,unpaired_null,g1.00_0.60_s0.10,0.1000,0.8623,0.5235,21.4250,0.0711,0.2719,5.8092,0.0081,0.1123,0.1041,67330
55,40,square_waypoints,0.01,0.003,0.0,0.12,right_gain_loss,random_probe,g1.00_0.60_s0.02,0.0200,1.1253,0.4662,10.3635,0.2611,0.4033,7.3373,0.0538,0.0172,-0.0366,67331
55,40,square_waypoints,0.01,0.003,0.0,0.12,right_gain_loss,task_greedy,g1.00_0.60_s0.02,0.0200,1.6664,0.3025,22.3591,2.2501,2.2490,44.4430,0.0478,0.0271,-0.0207,67332
55,40,square_waypoints,0.01,0.003,0.0,0.12,right_gain_loss,fisher_grid,g1.00_0.60_s0.02,0.0200,0.4547,0.8518,27.5400,0.5177,0.5133,9.0248,0.0549,0.1414,0.0865,67333
55,40,square_waypoints,0.01,0.003,0.0,0.12,right_gain_loss,constrained_fisher,g1.00_0.60_s0.02,0.0200,0.6275,0.8086,30.2737,0.1100,0.1051,3.0874,0.0315,0.1086,0.0771,67334
55,40,square_waypoints,0.01,0.003,0.0,0.12,symmetric_low_power,null_probe,g0.75_0.75_s0.02,0.0600,0.8319,0.5272,21.4250,0.0279,0.0692,1.3808,0.0131,0.0383,0.0253,67335
55,40,square_waypoints,0.01,0.003,0.0,0.12,symmetric_low_power,unpaired_null,g0.75_0.75_s0.02,0.0600,1.1795,0.5603,21.4250,0.0169,0.2046,3.9212,0.0420,0.0389,-0.0031,67336
55,40,square_waypoints,0.01,0.003,0.0,0.12,symmetric_low_power,random_probe,g0.75_0.75_s0.02,0.0600,1.5728,0.4527,8.4863,0.2938,0.3505,7.0062,0.0564,0.0445,-0.0119,67337
55,40,square_waypoints,0.01,0.003,0.0,0.12,symmetric_low_power,task_greedy,g0.75_0.75_s0.02,0.0600,1.1467,0.3480,19.6758,2.0025,2.0126,40.9602,0.0379,0.0506,0.0127,67338
55,40,square_waypoints,0.01,0.003,0.0,0.12,symmetric_low_power,fisher_grid,g0.75_0.75_s0.02,0.0600,0.4568,0.8687,27.5400,0.3758,0.3679,6.8784,0.0598,0.0418,-0.0180,67339
55,40,square_waypoints,0.01,0.003,0.0,0.12,symmetric_low_power,constrained_fisher,g0.75_0.75_s0.02,0.0600,1.2281,0.5554,32.0962,0.0360,0.0967,2.1788,0.0543,0.0904,0.0361,67340
55,40,square_waypoints,0.01,0.003,0.0,0.12,high_slip,null_probe,g1.00_1.00_s0.20,0.0000,0.1505,0.9678,21.4250,0.1253,0.2940,6.4335,0.0426,0.0426,0.0000,67341
55,40,square_waypoints,0.01,0.003,0.0,0.12,high_slip,unpaired_null,g1.00_1.00_s0.20,0.0000,0.3747,0.9123,21.4250,0.0163,0.3072,5.8833,0.0676,0.0676,0.0000,67342
55,40,square_waypoints,0.01,0.003,0.0,0.12,high_slip,random_probe,g1.00_1.00_s0.20,0.0000,1.2398,0.4254,12.7510,1.1257,1.0832,18.7456,0.0802,0.0802,0.0000,67343
55,40,square_waypoints,0.01,0.003,0.0,0.12,high_slip,task_greedy,g1.00_1.00_s0.20,0.0000,0.0775,0.9864,21.9440,2.7302,2.6852,57.1984,0.1280,0.1280,0.0000,67344
55,40,square_waypoints,0.01,0.003,0.0,0.12,high_slip,fisher_grid,g1.00_1.00_s0.20,0.0000,0.0745,0.9879,27.5400,0.6485,0.6738,14.5185,0.0333,0.0333,0.0000,67345
55,40,square_waypoints,0.01,0.003,0.0,0.12,high_slip,constrained_fisher,g1.00_1.00_s0.10,0.1000,0.8493,0.4947,31.7925,0.1168,0.1289,4.2235,0.0320,0.0320,0.0000,67346
56,40,square_waypoints,0.01,0.003,0.0,0.12,left_gain_loss,null_probe,g0.60_1.00_s0.02,0.0200,1.3036,0.4172,21.4250,0.1022,0.1537,3.4905,0.0238,0.0270,0.0032,68347
56,40,square_waypoints,0.01,0.003,0.0,0.12,left_gain_loss,unpaired_null,g0.60_1.00_s0.02,0.0200,0.5441,0.8384,21.4250,0.0946,0.2106,4.8656,0.0222,0.0226,0.0004,68348
56,40,square_waypoints,0.01,0.003,0.0,0.12,left_gain_loss,random_probe,g0.60_1.00_s0.10,0.1000,1.0057,0.6953,11.9972,0.3131,0.3048,6.3339,0.0284,0.0723,0.0439,68349
56,40,square_waypoints,0.01,0.003,0.0,0.12,left_gain_loss,task_greedy,g0.60_0.90_s0.02,0.1200,1.4736,0.4497,21.5170,2.2129,2.1926,44.6155,0.0981,0.1630,0.0648,68350
56,40,square_waypoints,0.01,0.003,0.0,0.12,left_gain_loss,fisher_grid,g0.60_1.00_s0.02,0.0200,0.0699,0.9890,27.5400,0.5667,0.5522,10.6167,0.0357,0.0988,0.0631,68351
56,40,square_waypoints,0.01,0.003,0.0,0.12,left_gain_loss,constrained_fisher,g0.60_1.00_s0.02,0.0200,0.0126,0.9984,27.4388,0.0792,0.1127,3.4678,0.0132,0.0252,0.0120,68352
56,40,square_waypoints,0.01,0.003,0.0,0.12,right_gain_loss,null_probe,g1.00_0.60_s0.02,0.0200,0.5796,0.8222,21.4250,0.0748,0.1289,2.7404,0.0406,0.0167,-0.0239,68353
56,40,square_waypoints,0.01,0.003,0.0,0.12,right_gain_loss,unpaired_null,g1.00_0.60_s0.02,0.0200,0.7797,0.5555,21.4250,0.0812,0.2946,6.3509,0.0990,0.0688,-0.0303,68354
56,40,square_waypoints,0.01,0.003,0.0,0.12,right_gain_loss,random_probe,g1.00_0.60_s0.02,0.0200,1.0556,0.6303,11.6153,0.3071,0.3341,6.9062,0.0413,0.1001,0.0588,68355
56,40,square_waypoints,0.01,0.003,0.0,0.12,right_gain_loss,task_greedy,g1.00_0.60_s0.10,0.1000,1.6968,0.2809,21.4766,2.2114,2.2214,44.3543,0.0885,0.1759,0.0874,68356
56,40,square_waypoints,0.01,0.003,0.0,0.12,right_gain_loss,fisher_grid,g1.00_0.60_s0.02,0.0200,0.5716,0.7518,27.5400,0.5381,0.5417,9.7897,0.0217,0.1161,0.0944,68357
56,40,square_waypoints,0.01,0.003,0.0,0.12,right_gain_loss,constrained_fisher,g1.00_0.60_s0.02,0.0200,0.1192,0.9780,31.7925,0.1055,0.1097,2.4713,0.0150,0.0267,0.0117,68358
56,40,square_waypoints,0.01,0.003,0.0,0.12,symmetric_low_power,null_probe,g0.75_0.75_s0.02,0.0600,0.9079,0.5330,21.4250,0.0252,0.0691,1.3483,0.0785,0.0514,-0.0271,68359
56,40,square_waypoints,0.01,0.003,0.0,0.12,symmetric_low_power,unpaired_null,g0.75_0.75_s0.02,0.0600,1.1975,0.5452,21.4250,0.0283,0.2116,4.2652,0.0217,0.0582,0.0365,68360
56,40,square_waypoints,0.01,0.003,0.0,0.12,symmetric_low_power,random_probe,g0.75_0.75_s0.02,0.0600,1.5754,0.4945,9.9106,0.3648,0.4123,8.7127,0.0300,0.0958,0.0658,68361
56,40,square_waypoints,0.01,0.003,0.0,0.12,symmetric_low_power,task_greedy,g0.90_0.90_s0.02,0.3600,1.9747,0.2469,19.6975,2.0470,2.0498,41.6723,0.0880,0.0306,-0.0574,68362
56,40,square_waypoints,0.01,0.003,0.0,0.12,symmetric_low_power,fisher_grid,g0.75_0.75_s0.02,0.0600,0.4988,0.8269,27.5400,0.3965,0.3944,7.8178,0.0379,0.0599,0.0221,68363
56,40,square_waypoints,0.01,0.003,0.0,0.12,symmetric_low_power,constrained_fisher,g0.75_0.75_s0.02,0.0600,0.2249,0.9461,32.4000,0.0405,0.0925,1.8867,0.0542,0.0300,-0.0242,68364
56,40,square_waypoints,0.01,0.003,0.0,0.12,high_slip,null_probe,g1.00_1.00_s0.20,0.0000,0.0842,0.9858,21.4250,0.3199,0.4072,7.9793,0.2535,0.2535,0.0000,68365
56,40,square_waypoints,0.01,0.003,0.0,0.12,high_slip,unpaired_null,g1.00_1.00_s0.20,0.0000,0.1548,0.9713,21.4250,0.0997,0.3161,7.0413,0.1043,0.1043,0.0000,68366
56,40,square_waypoints,0.01,0.003,0.0,0.12,high_slip,random_probe,g1.00_1.00_s0.20,0.0000,0.4578,0.8820,10.7463,0.4746,0.4755,9.8781,0.0757,0.0757,0.0000,68367
56,40,square_waypoints,0.01,0.003,0.0,0.12,high_slip,task_greedy,g1.00_1.00_s0.20,0.0000,0.7853,0.5550,22.5881,2.6810,2.6806,55.9106,0.1604,0.1604,0.0000,68368
56,40,square_waypoints,0.01,0.003,0.0,0.12,high_slip,fisher_grid,g1.00_1.00_s0.20,0.0000,0.0232,0.9969,27.5400,0.5597,0.5640,11.2202,0.0522,0.0522,0.0000,68369
56,40,square_waypoints,0.01,0.003,0.0,0.12,high_slip,constrained_fisher,g1.00_1.00_s0.20,0.0000,1.2622,0.5162,20.8575,0.0903,0.1266,4.3793,0.1179,0.1179,0.0000,68370
57,40,square_waypoints,0.01,0.003,0.0,0.12,left_gain_loss,null_probe,g0.60_1.00_s0.02,0.0200,0.5457,0.8075,21.4250,0.0716,0.1245,2.3809,0.0440,0.1248,0.0808,69371
57,40,square_waypoints,0.01,0.003,0.0,0.12,left_gain_loss,unpaired_null,g0.60_1.00_s0.02,0.0200,1.0283,0.5729,21.4250,0.0793,0.1782,4.0345,0.0818,0.0492,-0.0327,69372
57,40,square_waypoints,0.01,0.003,0.0,0.12,left_gain_loss,random_probe,g0.60_1.00_s0.02,0.0200,1.1248,0.5781,8.7754,0.0543,0.1982,4.8307,0.0228,0.0093,-0.0135,69373
57,40,square_waypoints,0.01,0.003,0.0,0.12,left_gain_loss,task_greedy,g0.60_1.00_s0.02,0.0200,1.3329,0.3945,21.7305,2.2151,2.2240,44.6678,0.0774,0.0189,-0.0585,69374
57,40,square_waypoints,0.01,0.003,0.0,0.12,left_gain_loss,fisher_grid,g0.60_1.00_s0.02,0.0200,0.5201,0.7882,27.5400,0.5462,0.5567,11.1257,0.0902,0.0902,0.0001,69375
57,40,square_waypoints,0.01,0.003,0.0,0.12,left_gain_loss,constrained_fisher,g0.60_1.00_s0.02,0.0200,0.9170,0.6441,28.9575,0.0896,0.1180,3.1578,0.0639,0.1112,0.0473,69376
57,40,square_waypoints,0.01,0.003,0.0,0.12,right_gain_loss,null_probe,g1.00_0.75_s0.02,0.1300,0.6891,0.7676,21.4250,0.0860,0.1300,2.6731,0.0443,0.0249,-0.0194,69377
57,40,square_waypoints,0.01,0.003,0.0,0.12,right_gain_loss,unpaired_null,g1.00_0.60_s0.02,0.0200,0.3733,0.9162,21.4250,0.0866,0.2993,6.3550,0.0696,0.0246,-0.0450,69378
57,40,square_waypoints,0.01,0.003,0.0,0.12,right_gain_loss,random_probe,g1.00_0.60_s0.02,0.0200,1.1098,0.6189,10.2069,0.1604,0.3061,6.3276,0.0128,0.0710,0.0582,69379
57,40,square_waypoints,0.01,0.003,0.0,0.12,right_gain_loss,task_greedy,g1.00_0.60_s0.02,0.0200,1.2032,0.5584,21.4179,2.1737,2.1711,44.0340,0.0648,0.0841,0.0193,69380
57,40,square_waypoints,0.01,0.003,0.0,0.12,right_gain_loss,fisher_grid,g1.00_0.60_s0.02,0.0200,0.3221,0.9194,27.5400,0.5908,0.5577,10.1369,0.0232,0.2173,0.1941,69381
57,40,square_waypoints,0.01,0.003,0.0,0.12,right_gain_loss,constrained_fisher,g1.00_0.60_s0.02,0.0200,0.0691,0.9890,23.4900,0.1436,0.1281,3.6225,0.0177,0.0147,-0.0030,69382
57,40,square_waypoints,0.01,0.003,0.0,0.12,symmetric_low_power,null_probe,g0.75_0.75_s0.02,0.0600,0.5582,0.7847,21.4250,0.0230,0.0909,1.8972,0.0442,0.0413,-0.0028,69383
57,40,square_waypoints,0.01,0.003,0.0,0.12,symmetric_low_power,unpaired_null,g0.75_0.75_s0.02,0.0600,0.4846,0.8343,21.4250,0.0215,0.2178,4.2936,0.0299,0.0657,0.0358,69384
57,40,square_waypoints,0.01,0.003,0.0,0.12,symmetric_low_power,random_probe,g0.75_0.75_s0.02,0.0600,1.3679,0.4758,11.2522,0.4251,0.4054,8.7336,0.0616,0.0619,0.0002,69385
57,40,square_waypoints,0.01,0.003,0.0,0.12,symmetric_low_power,task_greedy,g0.75_0.75_s0.02,0.0600,1.1069,0.3340,19.6093,2.0283,2.0194,41.1237,0.0458,0.0809,0.0351,69386
57,40,square_waypoints,0.01,0.003,0.0,0.12,symmetric_low_power,fisher_grid,g0.75_0.75_s0.02,0.0600,0.5969,0.8465,27.5400,0.4192,0.4114,8.2918,0.0152,0.0532,0.0381,69387
57,40,square_waypoints,0.01,0.003,0.0,0.12,symmetric_low_power,constrained_fisher,g0.75_0.75_s0.02,0.0600,0.0874,0.9863,32.4000,0.0159,0.0824,1.7089,0.0155,0.0793,0.0638,69388
57,40,square_waypoints,0.01,0.003,0.0,0.12,high_slip,null_probe,g1.00_1.00_s0.20,0.0000,0.2193,0.9550,21.4250,0.0719,0.1613,3.3455,0.1276,0.1276,0.0000,69389
57,40,square_waypoints,0.01,0.003,0.0,0.12,high_slip,unpaired_null,g1.00_1.00_s0.20,0.0000,0.3712,0.9009,21.4250,0.1535,0.2792,5.7571,0.0908,0.0908,0.0000,69390
57,40,square_waypoints,0.01,0.003,0.0,0.12,high_slip,random_probe,g1.00_1.00_s0.20,0.0000,0.3217,0.9306,10.8617,0.8883,0.8862,16.2864,0.1440,0.1440,0.0000,69391
57,40,square_waypoints,0.01,0.003,0.0,0.12,high_slip,task_greedy,g1.00_1.00_s0.20,0.0000,0.4583,0.8775,22.2127,2.7890,2.7823,58.1279,0.0456,0.0456,0.0000,69392
57,40,square_waypoints,0.01,0.003,0.0,0.12,high_slip,fisher_grid,g1.00_1.00_s0.20,0.0000,0.1051,0.9815,27.5400,0.5433,0.5648,13.6344,0.1588,0.1588,0.0000,69393
57,40,square_waypoints,0.01,0.003,0.0,0.12,high_slip,constrained_fisher,g1.00_1.00_s0.20,0.0000,1.3788,0.5225,11.7450,0.1043,0.1526,4.7227,0.0988,0.0988,0.0000,69394
58,40,square_waypoints,0.01,0.003,0.0,0.12,left_gain_loss,null_probe,g0.60_1.00_s0.10,0.1000,0.8844,0.5474,21.4250,0.0591,0.1426,2.8374,0.0766,0.0138,-0.0628,70395
58,40,square_waypoints,0.01,0.003,0.0,0.12,left_gain_loss,unpaired_null,g0.60_1.00_s0.02,0.0200,1.0102,0.6793,21.4250,0.0906,0.2080,4.7556,0.0200,0.0211,0.0011,70396
58,40,square_waypoints,0.01,0.003,0.0,0.12,left_gain_loss,random_probe,g0.60_1.00_s0.02,0.0200,1.1306,0.6215,10.9549,0.1430,0.2437,4.5660,0.0405,0.1198,0.0793,70397
58,40,square_waypoints,0.01,0.003,0.0,0.12,left_gain_loss,task_greedy,g0.60_1.00_s0.02,0.0200,1.1340,0.4133,21.9419,2.2055,2.2261,44.6802,0.0774,0.0171,-0.0603,70398
58,40,square_waypoints,0.01,0.003,0.0,0.12,left_gain_loss,fisher_grid,g0.60_1.00_s0.02,0.0200,0.3603,0.8872,27.5400,0.5287,0.5281,10.5810,0.0934,0.0747,-0.0186,70399
58,40,square_waypoints,0.01,0.003,0.0,0.12,left_gain_loss,constrained_fisher,g0.60_1.00_s0.02,0.0200,0.2412,0.9483,30.5775,0.1131,0.1182,3.0297,0.0542,0.0135,-0.0407,70400
58,40,square_waypoints,0.01,0.003,0.0,0.12,right_gain_loss,null_probe,g1.00_0.60_s0.02,0.0200,0.9460,0.6819,21.4250,0.0890,0.1518,3.4844,0.0794,0.1470,0.0675,70401
58,40,square_waypoints,0.01,0.003,0.0,0.12,right_gain_loss,unpaired_null,g1.00_0.60_s0.02,0.0200,0.7739,0.6800,21.4250,0.0653,0.3142,6.9450,0.0272,0.0241,-0.0031,70402
58,40,square_waypoints,0.01,0.003,0.0,0.12,right_gain_loss,random_probe,g0.90_0.60_s0.02,0.1200,1.6289,0.3804,9.9457,0.1503,0.1933,3.3268,0.0526,0.1300,0.0774,70403
58,40,square_waypoints,0.01,0.003,0.0,0.12,right_gain_loss,task_greedy,g1.00_0.60_s0.02,0.0200,1.5793,0.3017,21.6065,2.1819,2.1910,44.1619,0.0417,0.0265,-0.0152,70404
58,40,square_waypoints,0.01,0.003,0.0,0.12,right_gain_loss,fisher_grid,g1.00_0.60_s0.02,0.0200,0.1175,0.9752,27.5400,0.5345,0.5350,9.4465,0.0626,0.1298,0.0671,70405
58,40,square_waypoints,0.01,0.003,0.0,0.12,right_gain_loss,constrained_fisher,g1.00_0.60_s0.02,0.0200,0.0995,0.9831,21.5663,0.1361,0.1317,3.6969,0.0212,0.0237,0.0026,70406
58,40,square_waypoints,0.01,0.003,0.0,0.12,symmetric_low_power,null_probe,g0.75_0.75_s0.02,0.0600,0.6208,0.7317,21.4250,0.0253,0.0881,1.9757,0.0516,0.0830,0.0315,70407
58,40,square_waypoints,0.01,0.003,0.0,0.12,symmetric_low_power,unpaired_null,g0.75_0.75_s0.02,0.0600,0.3835,0.8785,21.4250,0.0547,0.1997,4.0626,0.0596,0.0979,0.0383,70408
58,40,square_waypoints,0.01,0.003,0.0,0.12,symmetric_low_power,random_probe,g0.75_0.75_s0.02,0.0600,2.1666,0.2267,7.6568,0.3660,0.3597,6.5733,0.0296,0.0909,0.0613,70409
58,40,square_waypoints,0.01,0.003,0.0,0.12,symmetric_low_power,task_greedy,g0.75_0.75_s0.02,0.0600,1.0972,0.4072,19.8280,2.0679,2.0710,41.8994,0.0580,0.0475,-0.0104,70410
58,40,square_waypoints,0.01,0.003,0.0,0.12,symmetric_low_power,fisher_grid,g0.75_0.75_s0.02,0.0600,0.6553,0.6581,27.5400,0.3756,0.4078,8.1340,0.0174,0.0285,0.0110,70411
58,40,square_waypoints,0.01,0.003,0.0,0.12,symmetric_low_power,constrained_fisher,g0.75_0.75_s0.02,0.0600,1.2765,0.5387,32.4000,0.0495,0.0881,1.9181,0.0236,0.0155,-0.0080,70412
58,40,square_waypoints,0.01,0.003,0.0,0.12,high_slip,null_probe,g1.00_1.00_s0.20,0.0000,0.0217,0.9971,21.4250,0.1444,0.1954,4.6941,0.1034,0.1034,0.0000,70413
58,40,square_waypoints,0.01,0.003,0.0,0.12,high_slip,unpaired_null,g1.00_1.00_s0.20,0.0000,0.4019,0.9111,21.4250,0.3177,0.4162,10.5606,0.2009,0.2009,0.0000,70414
58,40,square_waypoints,0.01,0.003,0.0,0.12,high_slip,random_probe,g1.00_1.00_s0.20,0.0000,0.4026,0.8893,11.9019,0.3218,0.3704,8.0920,0.1257,0.1257,0.0000,70415
58,40,square_waypoints,0.01,0.003,0.0,0.12,high_slip,task_greedy,g1.00_1.00_s0.20,0.0000,0.2350,0.9522,22.3279,2.7175,2.5974,57.0662,0.1207,0.1207,0.0000,70416
58,40,square_waypoints,0.01,0.003,0.0,0.12,high_slip,fisher_grid,g1.00_1.00_s0.20,0.0000,0.0305,0.9958,27.5400,0.5501,0.5724,11.9088,0.1005,0.1005,0.0000,70417
58,40,square_waypoints,0.01,0.003,0.0,0.12,high_slip,constrained_fisher,g1.00_1.00_s0.20,0.0000,0.8855,0.7554,10.5300,0.1362,0.1742,5.2525,0.1069,0.1069,0.0000,70418
59,40,square_waypoints,0.01,0.003,0.0,0.12,left_gain_loss,null_probe,g0.60_1.00_s0.02,0.0200,0.6101,0.7469,21.4250,0.0943,0.1146,2.3153,0.0717,0.1447,0.0730,71419
59,40,square_waypoints,0.01,0.003,0.0,0.12,left_gain_loss,unpaired_null,g0.60_1.00_s0.02,0.0200,0.5585,0.7808,21.4250,0.1557,0.2237,5.4459,0.0248,0.0287,0.0039,71420
59,40,square_waypoints,0.01,0.003,0.0,0.12,left_gain_loss,random_probe,g0.60_1.00_s0.10,0.1000,1.1578,0.5810,8.1475,0.1886,0.2071,2.7161,0.0638,0.2313,0.1675,71421
59,40,square_waypoints,0.01,0.003,0.0,0.12,left_gain_loss,task_greedy,g0.60_1.00_s0.20,0.2000,1.4255,0.3926,21.9831,2.2004,2.1931,43.7627,0.0221,0.0732,0.0511,71422
59,40,square_waypoints,0.01,0.003,0.0,0.12,left_gain_loss,fisher_grid,g0.60_1.00_s0.02,0.0200,0.3882,0.9072,27.5400,0.5162,0.5249,10.5394,0.0577,0.0228,-0.0349,71423
59,40,square_waypoints,0.01,0.003,0.0,0.12,left_gain_loss,constrained_fisher,g0.60_1.00_s0.02,0.0200,0.3843,0.8760,29.0588,0.0928,0.1149,3.2483,0.0968,0.0168,-0.0800,71424
59,40,square_waypoints,0.01,0.003,0.0,0.12,right_gain_loss,null_probe,g1.00_0.60_s0.02,0.0200,0.9669,0.6278,21.4250,0.1077,0.1287,2.7658,0.0163,0.0404,0.0241,71425
59,40,square_waypoints,0.01,0.003,0.0,0.12,right_gain_loss,unpaired_null,g1.00_0.60_s0.10,0.1000,1.1033,0.5682,21.4250,0.1113,0.3100,6.7224,0.0293,0.1509,0.1216,71426
59,40,square_waypoints,0.01,0.003,0.0,0.12,right_gain_loss,random_probe,g1.00_0.60_s0.02,0.0200,0.5058,0.8659,11.0885,0.2251,0.3019,4.8175,0.0158,0.1399,0.1241,71427
59,40,square_waypoints,0.01,0.003,0.0,0.12,right_gain_loss,task_greedy,g1.00_0.60_s0.02,0.0200,1.4588,0.4208,22.0568,2.2556,2.2571,45.2718,0.0612,0.1644,0.1032,71428
59,40,square_waypoints,0.01,0.003,0.0,0.12,right_gain_loss,fisher_grid,g1.00_0.60_s0.02,0.0200,0.2058,0.9504,27.5400,0.5344,0.5249,9.5767,0.0795,0.0218,-0.0577,71429
59,40,square_waypoints,0.01,0.003,0.0,0.12,right_gain_loss,constrained_fisher,g1.00_0.60_s0.02,0.0200,0.0644,0.9894,20.9588,0.1373,0.1312,3.9417,0.0822,0.0184,-0.0639,71430
59,40,square_waypoints,0.01,0.003,0.0,0.12,symmetric_low_power,null_probe,g0.75_0.75_s0.10,0.1400,1.4058,0.5101,21.4250,0.0288,0.0861,1.8101,0.0143,0.0638,0.0495,71431
59,40,square_waypoints,0.01,0.003,0.0,0.12,symmetric_low_power,unpaired_null,g0.75_0.75_s0.02,0.0600,0.4913,0.8638,21.4250,0.0639,0.2233,4.6823,0.0383,0.0792,0.0409,71432
59,40,square_waypoints,0.01,0.003,0.0,0.12,symmetric_low_power,random_probe,g0.75_0.75_s0.02,0.0600,1.0043,0.6877,10.3532,0.1400,0.1991,4.1845,0.0332,0.0448,0.0116,71433
59,40,square_waypoints,0.01,0.003,0.0,0.12,symmetric_low_power,task_greedy,g0.75_0.75_s0.20,0.2400,1.1453,0.3381,19.6236,2.0252,2.0331,41.9168,0.0376,0.0550,0.0174,71434
59,40,square_waypoints,0.01,0.003,0.0,0.12,symmetric_low_power,fisher_grid,g0.75_0.75_s0.02,0.0600,0.1842,0.9635,27.5400,0.4125,0.4103,8.1465,0.0457,0.0588,0.0131,71435
59,40,square_waypoints,0.01,0.003,0.0,0.12,symmetric_low_power,constrained_fisher,g0.75_0.75_s0.02,0.0600,0.3919,0.8781,32.0962,0.0258,0.0954,1.9142,0.0672,0.0582,-0.0090,71436
59,40,square_waypoints,0.01,0.003,0.0,0.12,high_slip,null_probe,g1.00_1.00_s0.20,0.0000,0.9833,0.6522,21.4250,0.1055,0.1791,4.1946,0.1698,0.1698,0.0000,71437
59,40,square_waypoints,0.01,0.003,0.0,0.12,high_slip,unpaired_null,g1.00_1.00_s0.20,0.0000,0.0621,0.9901,21.4250,0.0357,0.2890,6.0783,0.0288,0.0288,0.0000,71438
59,40,square_waypoints,0.01,0.003,0.0,0.12,high_slip,random_probe,g1.00_1.00_s0.10,0.1000,1.3317,0.4535,10.7296,0.3192,0.3531,7.8149,0.1123,0.1123,0.0000,71439
59,40,square_waypoints,0.01,0.003,0.0,0.12,high_slip,task_greedy,g1.00_1.00_s0.20,0.0000,0.3566,0.9140,22.1994,2.6947,2.6070,57.3696,0.0333,0.0333,0.0000,71440
59,40,square_waypoints,0.01,0.003,0.0,0.12,high_slip,fisher_grid,g1.00_1.00_s0.20,0.0000,0.1234,0.9756,27.5400,0.5340,0.5698,10.6955,0.1006,0.1006,0.0000,71441
59,40,square_waypoints,0.01,0.003,0.0,0.12,high_slip,constrained_fisher,g1.00_1.00_s0.20,0.0000,0.5558,0.8526,14.9850,0.1574,0.1638,5.2072,0.0730,0.0730,0.0000,71442
